combo_id,events,n_events,n_rows,train_exit_code,selected_model,selected_mae,passed_train,early_stopped,rel_mae_focus,rel_mae_overall,n_eval_rows,model_dir,search_mode,round_k
b8d651510465,2010_russia_wheat_ban,1,23,1,,,False,False,,,0,/Users/nataliewang/Projects/supplychain-OSINT/src/shocks/combo_search_runs/combo_b8d651510465/model,beam,1
fcaad9ab0d0c,2011_japan_earthquake,1,51,1,,,False,False,,,0,/Users/nataliewang/Projects/supplychain-OSINT/src/shocks/combo_search_runs/combo_fcaad9ab0d0c/model,beam,1
eb288712cfc5,2011_queensland_floods,1,30,1,,,False,False,,,0,/Users/nataliewang/Projects/supplychain-OSINT/src/shocks/combo_search_runs/combo_eb288712cfc5/model,beam,1
1ab6980df89e,2011_thailand_floods,1,53,1,,,False,False,,,0,/Users/nataliewang/Projects/supplychain-OSINT/src/shocks/combo_search_runs/combo_1ab6980df89e/model,beam,1
d09b43043e91,2012_us_droughts,1,18,1,,,False,False,,,0,/Users/nataliewang/Projects/supplychain-OSINT/src/shocks/combo_search_runs/combo_d09b43043e91/model,beam,1
b299c7276084,2014_indonesia_mineral_export_ban,1,7,1,,,False,False,,,0,/Users/nataliewang/Projects/supplychain-OSINT/src/shocks/combo_search_runs/combo_b299c7276084/model,beam,1
5a26d99828ec,2014_russia_crimea_sanctions,1,14,1,,,False,False,,,0,/Users/nataliewang/Projects/supplychain-OSINT/src/shocks/combo_search_runs/combo_5a26d99828ec/model,beam,1
c62f8ab9575d,2015_samarco_dam_collapse,1,41,1,,,False,False,,,0,/Users/nataliewang/Projects/supplychain-OSINT/src/shocks/combo_search_runs/combo_c62f8ab9575d/model,beam,1
297fede77c93,2015_tianjin_explosion,1,54,1,,,False,False,,,0,/Users/nataliewang/Projects/supplychain-OSINT/src/shocks/combo_search_runs/combo_297fede77c93/model,beam,1
70ce52f10479,2017_british_columbia_wildfires,1,12,1,,,False,False,,,0,/Users/nataliewang/Projects/supplychain-OSINT/src/shocks/combo_search_runs/combo_70ce52f10479/model,beam,1
470437f64e97,2017_hurricane_maria,1,30,1,,,False,False,,,0,/Users/nataliewang/Projects/supplychain-OSINT/src/shocks/combo_search_runs/combo_470437f64e97/model,beam,1
095660c07941,2018_sweden_wildfires,1,66,1,,,False,False,,,0,/Users/nataliewang/Projects/supplychain-OSINT/src/shocks/combo_search_runs/combo_095660c07941/model,beam,1
87391568ecb0,2018_us_china_tariffs,1,29,1,,,False,False,,,0,/Users/nataliewang/Projects/supplychain-OSINT/src/shocks/combo_search_runs/combo_87391568ecb0/model,beam,1
5dd6303720c6,2019_amazon_forest_fires,1,48,1,,,False,False,,,0,/Users/nataliewang/Projects/supplychain-OSINT/src/shocks/combo_search_runs/combo_5dd6303720c6/model,beam,1
94c198dc5460,2019_brumadinho_dam_collapse,1,9,1,,,False,False,,,0,/Users/nataliewang/Projects/supplychain-OSINT/src/shocks/combo_search_runs/combo_94c198dc5460/model,beam,1
88a04e343e8b,2019_saudi_aramco_attack,1,34,1,,,False,False,,,0,/Users/nataliewang/Projects/supplychain-OSINT/src/shocks/combo_search_runs/combo_88a04e343e8b/model,beam,1
10afead3c93d,2020_china_covid,1,15,1,,,False,False,,,0,/Users/nataliewang/Projects/supplychain-OSINT/src/shocks/combo_search_runs/combo_10afead3c93d/model,beam,1
f10a47c8aade,2010_russia_wheat_ban|2011_japan_earthquake,2,74,0,rf,0.1816299537129879,True,False,,,0,/Users/nataliewang/Projects/supplychain-OSINT/src/shocks/combo_search_runs/combo_f10a47c8aade/model,beam,2
c16adcda7f3f,2010_russia_wheat_ban|2011_thailand_floods,2,76,0,catboost,0.2406959449175998,True,False,,,0,/Users/nataliewang/Projects/supplychain-OSINT/src/shocks/combo_search_runs/combo_c16adcda7f3f/model,beam,2
3483d06a691a,2010_russia_wheat_ban|2015_tianjin_explosion,2,77,0,catboost,0.2009544286328343,True,False,,,0,/Users/nataliewang/Projects/supplychain-OSINT/src/shocks/combo_search_runs/combo_3483d06a691a/model,beam,2
15b3c99f4934,2010_russia_wheat_ban|2018_sweden_wildfires,2,89,0,gbrt,0.2269216685387607,True,False,,,0,/Users/nataliewang/Projects/supplychain-OSINT/src/shocks/combo_search_runs/combo_15b3c99f4934/model,beam,2
c04680bcbd48,2010_russia_wheat_ban|2019_amazon_forest_fires,2,71,0,xgboost,0.22119318753374068,True,False,,,0,/Users/nataliewang/Projects/supplychain-OSINT/src/shocks/combo_search_runs/combo_c04680bcbd48/model,beam,2
e019f8ab5b44,2011_japan_earthquake|2011_queensland_floods,2,81,0,ridge,0.5344219644308912,False,False,,,0,/Users/nataliewang/Projects/supplychain-OSINT/src/shocks/combo_search_runs/combo_e019f8ab5b44/model,beam,2
dbcf1c5a3e2b,2011_japan_earthquake|2011_thailand_floods,2,104,0,catboost,0.14011306849214136,True,False,,,0,/Users/nataliewang/Projects/supplychain-OSINT/src/shocks/combo_search_runs/combo_dbcf1c5a3e2b/model,beam,2
3dbcac334824,2011_japan_earthquake|2012_us_droughts,2,69,0,gbrt,0.06255227096321109,True,False,,,0,/Users/nataliewang/Projects/supplychain-OSINT/src/shocks/combo_search_runs/combo_3dbcac334824/model,beam,2
4352333ca544,2011_japan_earthquake|2014_indonesia_mineral_export_ban,2,58,0,rf,0.08408568193145918,True,False,,,0,/Users/nataliewang/Projects/supplychain-OSINT/src/shocks/combo_search_runs/combo_4352333ca544/model,beam,2
12bbebef6de4,2011_japan_earthquake|2014_russia_crimea_sanctions,2,65,0,rf,0.11167855235192703,True,False,,,0,/Users/nataliewang/Projects/supplychain-OSINT/src/shocks/combo_search_runs/combo_12bbebef6de4/model,beam,2
6536a1e8e52b,2011_japan_earthquake|2015_samarco_dam_collapse,2,92,0,catboost,0.13245351078965614,True,False,,,0,/Users/nataliewang/Projects/supplychain-OSINT/src/shocks/combo_search_runs/combo_6536a1e8e52b/model,beam,2
4a9cc89523aa,2011_japan_earthquake|2015_tianjin_explosion,2,105,0,catboost,0.14228699474396073,True,False,,,0,/Users/nataliewang/Projects/supplychain-OSINT/src/shocks/combo_search_runs/combo_4a9cc89523aa/model,beam,2
3ecc690701a7,2011_japan_earthquake|2017_british_columbia_wildfires,2,63,0,rf,0.05940022015450182,True,False,,,0,/Users/nataliewang/Projects/supplychain-OSINT/src/shocks/combo_search_runs/combo_3ecc690701a7/model,beam,2
b22b83daa94a,2011_japan_earthquake|2017_hurricane_maria,2,81,0,catboost,0.10048625461856364,True,False,,,0,/Users/nataliewang/Projects/supplychain-OSINT/src/shocks/combo_search_runs/combo_b22b83daa94a/model,beam,2
3ec1e04cebed,2011_japan_earthquake|2018_sweden_wildfires,2,117,0,gbrt,0.11738346846537515,True,False,,,0,/Users/nataliewang/Projects/supplychain-OSINT/src/shocks/combo_search_runs/combo_3ec1e04cebed/model,beam,2
d105a912b181,2011_japan_earthquake|2018_us_china_tariffs,2,80,0,gbrt,0.0874055115257607,True,False,,,0,/Users/nataliewang/Projects/supplychain-OSINT/src/shocks/combo_search_runs/combo_d105a912b181/model,beam,2
17aeaa3a3017,2011_japan_earthquake|2019_amazon_forest_fires,2,99,0,catboost,0.1265099759640944,True,False,,,0,/Users/nataliewang/Projects/supplychain-OSINT/src/shocks/combo_search_runs/combo_17aeaa3a3017/model,beam,2
50a9387e4774,2011_japan_earthquake|2019_brumadinho_dam_collapse,2,60,0,rf,0.1427704166003746,True,False,,,0,/Users/nataliewang/Projects/supplychain-OSINT/src/shocks/combo_search_runs/combo_50a9387e4774/model,beam,2
edee9f9bbaf2,2011_japan_earthquake|2019_saudi_aramco_attack,2,85,0,catboost,0.3663173647600647,False,False,,,0,/Users/nataliewang/Projects/supplychain-OSINT/src/shocks/combo_search_runs/combo_edee9f9bbaf2/model,beam,2
85152b012866,2011_japan_earthquake|2020_china_covid,2,66,0,gbrt,0.09792639809957979,True,False,,,0,/Users/nataliewang/Projects/supplychain-OSINT/src/shocks/combo_search_runs/combo_85152b012866/model,beam,2
829e5ae965fd,2011_queensland_floods|2011_thailand_floods,2,83,0,ridge,0.42844318857193997,False,False,,,0,/Users/nataliewang/Projects/supplychain-OSINT/src/shocks/combo_search_runs/combo_829e5ae965fd/model,beam,2
a5bac8f34f1d,2011_queensland_floods|2015_tianjin_explosion,2,84,0,rf,0.5039633040859673,False,False,,,0,/Users/nataliewang/Projects/supplychain-OSINT/src/shocks/combo_search_runs/combo_a5bac8f34f1d/model,beam,2
a448a637c96f,2011_queensland_floods|2018_sweden_wildfires,2,96,0,catboost,0.41880965069681075,False,False,,,0,/Users/nataliewang/Projects/supplychain-OSINT/src/shocks/combo_search_runs/combo_a448a637c96f/model,beam,2
580655156d89,2011_queensland_floods|2019_amazon_forest_fires,2,78,0,xgboost,0.45698688143320726,False,False,,,0,/Users/nataliewang/Projects/supplychain-OSINT/src/shocks/combo_search_runs/combo_580655156d89/model,beam,2
21e41b337f79,2011_thailand_floods|2012_us_droughts,2,71,0,catboost,0.11852569726052771,True,False,,,0,/Users/nataliewang/Projects/supplychain-OSINT/src/shocks/combo_search_runs/combo_21e41b337f79/model,beam,2
4c6aec37a55e,2011_thailand_floods|2014_indonesia_mineral_export_ban,2,60,0,ridge,0.18260888615254528,True,False,,,0,/Users/nataliewang/Projects/supplychain-OSINT/src/shocks/combo_search_runs/combo_4c6aec37a55e/model,beam,2
9ceede68e396,2011_thailand_floods|2014_russia_crimea_sanctions,2,67,0,catboost,0.09974892531485952,True,False,,,0,/Users/nataliewang/Projects/supplychain-OSINT/src/shocks/combo_search_runs/combo_9ceede68e396/model,beam,2
1803259ca9ae,2011_thailand_floods|2015_samarco_dam_collapse,2,94,0,catboost,0.25367576395223357,True,False,,,0,/Users/nataliewang/Projects/supplychain-OSINT/src/shocks/combo_search_runs/combo_1803259ca9ae/model,beam,2
75474fb0941c,2011_thailand_floods|2015_tianjin_explosion,2,107,0,catboost,0.1515671009939109,True,False,,,0,/Users/nataliewang/Projects/supplychain-OSINT/src/shocks/combo_search_runs/combo_75474fb0941c/model,beam,2
407be17a20be,2011_thailand_floods|2017_british_columbia_wildfires,2,65,0,ridge,0.11869079024986154,True,False,,,0,/Users/nataliewang/Projects/supplychain-OSINT/src/shocks/combo_search_runs/combo_407be17a20be/model,beam,2
48acc69d3f42,2011_thailand_floods|2017_hurricane_maria,2,83,0,catboost,0.17688424130447783,True,False,,,0,/Users/nataliewang/Projects/supplychain-OSINT/src/shocks/combo_search_runs/combo_48acc69d3f42/model,beam,2
8c12755e29f4,2011_thailand_floods|2018_sweden_wildfires,2,119,0,catboost,0.06029200864147993,True,False,,,0,/Users/nataliewang/Projects/supplychain-OSINT/src/shocks/combo_search_runs/combo_8c12755e29f4/model,beam,2
21f6cfa5a3b3,2011_thailand_floods|2018_us_china_tariffs,2,82,0,xgboost,0.05860931760237566,True,False,,,0,/Users/nataliewang/Projects/supplychain-OSINT/src/shocks/combo_search_runs/combo_21f6cfa5a3b3/model,beam,2
66be023a62a0,2011_thailand_floods|2019_amazon_forest_fires,2,101,0,rf,0.10881180292373047,True,False,,,0,/Users/nataliewang/Projects/supplychain-OSINT/src/shocks/combo_search_runs/combo_66be023a62a0/model,beam,2
33475fc25e0c,2011_thailand_floods|2019_brumadinho_dam_collapse,2,62,0,catboost,0.12939445845850214,True,False,,,0,/Users/nataliewang/Projects/supplychain-OSINT/src/shocks/combo_search_runs/combo_33475fc25e0c/model,beam,2
392ce5357b8a,2011_thailand_floods|2019_saudi_aramco_attack,2,87,0,catboost,0.31857504160422667,False,False,,,0,/Users/nataliewang/Projects/supplychain-OSINT/src/shocks/combo_search_runs/combo_392ce5357b8a/model,beam,2
d1248f1b157a,2011_thailand_floods|2020_china_covid,2,68,0,gbrt,0.14026178614526882,True,False,,,0,/Users/nataliewang/Projects/supplychain-OSINT/src/shocks/combo_search_runs/combo_d1248f1b157a/model,beam,2
a8bfb2bd87f4,2012_us_droughts|2015_tianjin_explosion,2,72,0,gbrt,0.12739826826888248,True,False,,,0,/Users/nataliewang/Projects/supplychain-OSINT/src/shocks/combo_search_runs/combo_a8bfb2bd87f4/model,beam,2
3e7cad09b4d2,2012_us_droughts|2018_sweden_wildfires,2,84,0,rf,0.09031816116764321,True,False,,,0,/Users/nataliewang/Projects/supplychain-OSINT/src/shocks/combo_search_runs/combo_3e7cad09b4d2/model,beam,2
fb0e4fc7cdbb,2012_us_droughts|2019_amazon_forest_fires,2,66,0,catboost,0.1141955212716009,True,False,,,0,/Users/nataliewang/Projects/supplychain-OSINT/src/shocks/combo_search_runs/combo_fb0e4fc7cdbb/model,beam,2
7c138cede5c6,2014_indonesia_mineral_export_ban|2015_tianjin_explosion,2,61,0,catboost,0.16604084900466604,True,False,,,0,/Users/nataliewang/Projects/supplychain-OSINT/src/shocks/combo_search_runs/combo_7c138cede5c6/model,beam,2
1590167695a2,2014_indonesia_mineral_export_ban|2018_sweden_wildfires,2,73,0,rf,0.1775451109921593,True,False,,,0,/Users/nataliewang/Projects/supplychain-OSINT/src/shocks/combo_search_runs/combo_1590167695a2/model,beam,2
078a8ef70c65,2014_indonesia_mineral_export_ban|2019_amazon_forest_fires,2,55,0,catboost,0.16626174872841243,True,False,,,0,/Users/nataliewang/Projects/supplychain-OSINT/src/shocks/combo_search_runs/combo_078a8ef70c65/model,beam,2
bbda5cd8d62f,2014_russia_crimea_sanctions|2015_tianjin_explosion,2,68,0,rf,0.14332614812124078,True,False,,,0,/Users/nataliewang/Projects/supplychain-OSINT/src/shocks/combo_search_runs/combo_bbda5cd8d62f/model,beam,2
1cf05561161a,2014_russia_crimea_sanctions|2018_sweden_wildfires,2,80,0,rf,0.0794857982522938,True,False,,,0,/Users/nataliewang/Projects/supplychain-OSINT/src/shocks/combo_search_runs/combo_1cf05561161a/model,beam,2
985cb8e19ef7,2014_russia_crimea_sanctions|2019_amazon_forest_fires,2,62,0,catboost,0.09742356023092794,True,False,,,0,/Users/nataliewang/Projects/supplychain-OSINT/src/shocks/combo_search_runs/combo_985cb8e19ef7/model,beam,2
8e0c06798c49,2015_samarco_dam_collapse|2015_tianjin_explosion,2,95,0,catboost,0.1887585256195175,True,False,,,0,/Users/nataliewang/Projects/supplychain-OSINT/src/shocks/combo_search_runs/combo_8e0c06798c49/model,beam,2
775c284a3a9d,2015_samarco_dam_collapse|2018_sweden_wildfires,2,107,0,rf,0.19204510931198593,True,False,,,0,/Users/nataliewang/Projects/supplychain-OSINT/src/shocks/combo_search_runs/combo_775c284a3a9d/model,beam,2
b70e1e3ce3be,2015_samarco_dam_collapse|2019_amazon_forest_fires,2,89,0,catboost,0.19123354205825627,True,False,,,0,/Users/nataliewang/Projects/supplychain-OSINT/src/shocks/combo_search_runs/combo_b70e1e3ce3be/model,beam,2
087dae48ee64,2015_tianjin_explosion|2017_british_columbia_wildfires,2,66,0,catboost,0.10735340882687869,True,False,,,0,/Users/nataliewang/Projects/supplychain-OSINT/src/shocks/combo_search_runs/combo_087dae48ee64/model,beam,2
5c65a1d18d68,2015_tianjin_explosion|2017_hurricane_maria,2,84,0,catboost,0.16645330226512664,True,False,,,0,/Users/nataliewang/Projects/supplychain-OSINT/src/shocks/combo_search_runs/combo_5c65a1d18d68/model,beam,2
20e2d597b10b,2015_tianjin_explosion|2018_sweden_wildfires,2,120,0,catboost,0.14967462871157872,True,False,,,0,/Users/nataliewang/Projects/supplychain-OSINT/src/shocks/combo_search_runs/combo_20e2d597b10b/model,beam,2
b19181ef5173,2015_tianjin_explosion|2018_us_china_tariffs,2,83,0,gbrt,0.11639009458833041,True,False,,,0,/Users/nataliewang/Projects/supplychain-OSINT/src/shocks/combo_search_runs/combo_b19181ef5173/model,beam,2
5405757c6383,2015_tianjin_explosion|2019_amazon_forest_fires,2,102,0,catboost,0.16191215097226924,True,False,,,0,/Users/nataliewang/Projects/supplychain-OSINT/src/shocks/combo_search_runs/combo_5405757c6383/model,beam,2
63c4f0ec4360,2015_tianjin_explosion|2019_brumadinho_dam_collapse,2,63,0,catboost,0.18327214989459675,True,False,,,0,/Users/nataliewang/Projects/supplychain-OSINT/src/shocks/combo_search_runs/combo_63c4f0ec4360/model,beam,2
e193d21af29e,2015_tianjin_explosion|2019_saudi_aramco_attack,2,88,0,catboost,0.25848945449670996,True,False,,,0,/Users/nataliewang/Projects/supplychain-OSINT/src/shocks/combo_search_runs/combo_e193d21af29e/model,beam,2
64de2d22e315,2015_tianjin_explosion|2020_china_covid,2,69,0,catboost,0.17162140391694575,True,False,,,0,/Users/nataliewang/Projects/supplychain-OSINT/src/shocks/combo_search_runs/combo_64de2d22e315/model,beam,2
1a10b983aeb7,2017_british_columbia_wildfires|2018_sweden_wildfires,2,78,0,rf,0.08956515694301495,True,False,,,0,/Users/nataliewang/Projects/supplychain-OSINT/src/shocks/combo_search_runs/combo_1a10b983aeb7/model,beam,2
14ae9a03b1e0,2017_british_columbia_wildfires|2019_amazon_forest_fires,2,60,0,rf,0.08593237938003113,True,False,,,0,/Users/nataliewang/Projects/supplychain-OSINT/src/shocks/combo_search_runs/combo_14ae9a03b1e0/model,beam,2
499d9983f940,2017_hurricane_maria|2018_sweden_wildfires,2,96,0,rf,0.1733473418156707,True,False,,,0,/Users/nataliewang/Projects/supplychain-OSINT/src/shocks/combo_search_runs/combo_499d9983f940/model,beam,2
511621bf6cdf,2017_hurricane_maria|2019_amazon_forest_fires,2,78,0,catboost,0.1577265187250111,True,False,,,0,/Users/nataliewang/Projects/supplychain-OSINT/src/shocks/combo_search_runs/combo_511621bf6cdf/model,beam,2
ce0580b113c9,2018_sweden_wildfires|2018_us_china_tariffs,2,95,0,rf,0.048781432376231164,True,False,,,0,/Users/nataliewang/Projects/supplychain-OSINT/src/shocks/combo_search_runs/combo_ce0580b113c9/model,beam,2
d802d560697d,2018_sweden_wildfires|2019_amazon_forest_fires,2,114,0,rf,0.08417013518775568,True,False,,,0,/Users/nataliewang/Projects/supplychain-OSINT/src/shocks/combo_search_runs/combo_d802d560697d/model,beam,2
bd66f41056cb,2018_sweden_wildfires|2019_brumadinho_dam_collapse,2,75,0,xgboost,0.11765842984077374,True,False,,,0,/Users/nataliewang/Projects/supplychain-OSINT/src/shocks/combo_search_runs/combo_bd66f41056cb/model,beam,2
8286d92c4e68,2018_sweden_wildfires|2019_saudi_aramco_attack,2,100,0,rf,0.24575132409379016,True,False,,,0,/Users/nataliewang/Projects/supplychain-OSINT/src/shocks/combo_search_runs/combo_8286d92c4e68/model,beam,2
a8c7742a10f4,2018_sweden_wildfires|2020_china_covid,2,81,0,gbrt,0.12619222559787593,True,False,,,0,/Users/nataliewang/Projects/supplychain-OSINT/src/shocks/combo_search_runs/combo_a8c7742a10f4/model,beam,2
c41bd54760ec,2018_us_china_tariffs|2019_amazon_forest_fires,2,77,0,catboost,0.08848614020047908,True,False,,,0,/Users/nataliewang/Projects/supplychain-OSINT/src/shocks/combo_search_runs/combo_c41bd54760ec/model,beam,2
8bbfa1381f3b,2019_amazon_forest_fires|2019_brumadinho_dam_collapse,2,57,0,rf,0.1486934421976231,True,False,,,0,/Users/nataliewang/Projects/supplychain-OSINT/src/shocks/combo_search_runs/combo_8bbfa1381f3b/model,beam,2
26e7ebcdb53f,2019_amazon_forest_fires|2019_saudi_aramco_attack,2,82,0,xgboost,0.25897228617795937,True,False,,,0,/Users/nataliewang/Projects/supplychain-OSINT/src/shocks/combo_search_runs/combo_26e7ebcdb53f/model,beam,2
219d348c9776,2019_amazon_forest_fires|2020_china_covid,2,63,0,gbrt,0.11930933027088778,True,False,,,0,/Users/nataliewang/Projects/supplychain-OSINT/src/shocks/combo_search_runs/combo_219d348c9776/model,beam,2
a3bb165b0928,2010_russia_wheat_ban|2011_japan_earthquake|2012_us_droughts,3,92,0,rf,0.13894400516785899,True,False,,,0,/Users/nataliewang/Projects/supplychain-OSINT/src/shocks/combo_search_runs/combo_a3bb165b0928/model,beam,3
928a77ef4772,2010_russia_wheat_ban|2011_japan_earthquake|2017_british_columbia_wildfires,3,86,0,catboost,0.13600118983789583,True,False,,,0,/Users/nataliewang/Projects/supplychain-OSINT/src/shocks/combo_search_runs/combo_928a77ef4772/model,beam,3
12460992de81,2010_russia_wheat_ban|2011_thailand_floods|2018_sweden_wildfires,3,142,0,rf,0.1534414699949996,True,False,,,0,/Users/nataliewang/Projects/supplychain-OSINT/src/shocks/combo_search_runs/combo_12460992de81/model,beam,3
8886363e97a0,2010_russia_wheat_ban|2011_thailand_floods|2018_us_china_tariffs,3,105,0,rf,0.16227905027151218,True,False,,,0,/Users/nataliewang/Projects/supplychain-OSINT/src/shocks/combo_search_runs/combo_8886363e97a0/model,beam,3
36e8f0c59d43,2010_russia_wheat_ban|2018_sweden_wildfires|2018_us_china_tariffs,3,118,0,rf,0.14927975053268427,True,False,,,0,/Users/nataliewang/Projects/supplychain-OSINT/src/shocks/combo_search_runs/combo_36e8f0c59d43/model,beam,3
a3262d20ccaa,2011_japan_earthquake|2011_queensland_floods|2012_us_droughts,3,99,0,catboost,0.30811946017179054,False,False,,,0,/Users/nataliewang/Projects/supplychain-OSINT/src/shocks/combo_search_runs/combo_a3262d20ccaa/model,beam,3
960b54f7447a,2011_japan_earthquake|2011_queensland_floods|2017_british_columbia_wildfires,3,93,0,catboost,0.28771158582020007,True,False,,,0,/Users/nataliewang/Projects/supplychain-OSINT/src/shocks/combo_search_runs/combo_960b54f7447a/model,beam,3
0eb2b8160c12,2011_japan_earthquake|2011_thailand_floods|2012_us_droughts,3,122,0,ridge,0.09861658669427838,True,False,,,0,/Users/nataliewang/Projects/supplychain-OSINT/src/shocks/combo_search_runs/combo_0eb2b8160c12/model,beam,3
d18c221e9948,2011_japan_earthquake|2011_thailand_floods|2017_british_columbia_wildfires,3,116,0,ridge,0.07487721168313317,True,False,,,0,/Users/nataliewang/Projects/supplychain-OSINT/src/shocks/combo_search_runs/combo_d18c221e9948/model,beam,3
2025bde304d6,2011_japan_earthquake|2011_thailand_floods|2018_sweden_wildfires,3,170,0,ridge,0.0911199115652236,True,False,,,0,/Users/nataliewang/Projects/supplychain-OSINT/src/shocks/combo_search_runs/combo_2025bde304d6/model,beam,3
eb4c75b1229b,2011_japan_earthquake|2011_thailand_floods|2018_us_china_tariffs,3,133,0,ridge,0.07773066106741629,True,False,,,0,/Users/nataliewang/Projects/supplychain-OSINT/src/shocks/combo_search_runs/combo_eb4c75b1229b/model,beam,3
1c9c6fcb421b,2011_japan_earthquake|2012_us_droughts|2014_indonesia_mineral_export_ban,3,76,0,gbrt,0.054671077107995236,True,False,,,0,/Users/nataliewang/Projects/supplychain-OSINT/src/shocks/combo_search_runs/combo_1c9c6fcb421b/model,beam,3
43b3289dea0c,2011_japan_earthquake|2012_us_droughts|2014_russia_crimea_sanctions,3,83,0,catboost,0.08610122529339286,True,False,,,0,/Users/nataliewang/Projects/supplychain-OSINT/src/shocks/combo_search_runs/combo_43b3289dea0c/model,beam,3
174566525419,2011_japan_earthquake|2012_us_droughts|2015_samarco_dam_collapse,3,110,0,gbrt,0.09485338579422727,True,False,,,0,/Users/nataliewang/Projects/supplychain-OSINT/src/shocks/combo_search_runs/combo_174566525419/model,beam,3
666d1f11bfdf,2011_japan_earthquake|2012_us_droughts|2015_tianjin_explosion,3,123,0,catboost,0.11353907023608689,True,False,,,0,/Users/nataliewang/Projects/supplychain-OSINT/src/shocks/combo_search_runs/combo_666d1f11bfdf/model,beam,3
8a2eaa8ede84,2011_japan_earthquake|2012_us_droughts|2017_british_columbia_wildfires,3,81,0,rf,0.0643163786702536,True,False,,,0,/Users/nataliewang/Projects/supplychain-OSINT/src/shocks/combo_search_runs/combo_8a2eaa8ede84/model,beam,3
f866d80c339d,2011_japan_earthquake|2012_us_droughts|2017_hurricane_maria,3,99,0,rf,0.0844485582111031,True,False,,,0,/Users/nataliewang/Projects/supplychain-OSINT/src/shocks/combo_search_runs/combo_f866d80c339d/model,beam,3
8b8f9a77760a,2011_japan_earthquake|2012_us_droughts|2018_sweden_wildfires,3,135,0,catboost,0.09525007820522942,True,False,,,0,/Users/nataliewang/Projects/supplychain-OSINT/src/shocks/combo_search_runs/combo_8b8f9a77760a/model,beam,3
e446d05dd6c2,2011_japan_earthquake|2012_us_droughts|2018_us_china_tariffs,3,98,0,rf,0.0692493551717991,True,False,,,0,/Users/nataliewang/Projects/supplychain-OSINT/src/shocks/combo_search_runs/combo_e446d05dd6c2/model,beam,3
0204c4b51725,2011_japan_earthquake|2012_us_droughts|2019_amazon_forest_fires,3,117,0,catboost,0.09010811723537815,True,False,,,0,/Users/nataliewang/Projects/supplychain-OSINT/src/shocks/combo_search_runs/combo_0204c4b51725/model,beam,3
98f719e4258e,2011_japan_earthquake|2012_us_droughts|2019_brumadinho_dam_collapse,3,78,0,rf,0.11601024627979246,True,False,,,0,/Users/nataliewang/Projects/supplychain-OSINT/src/shocks/combo_search_runs/combo_98f719e4258e/model,beam,3
359cc188f8a5,2011_japan_earthquake|2012_us_droughts|2019_saudi_aramco_attack,3,103,0,gbrt,0.22573578295656826,True,False,,,0,/Users/nataliewang/Projects/supplychain-OSINT/src/shocks/combo_search_runs/combo_359cc188f8a5/model,beam,3
0f52aca2b5a3,2011_japan_earthquake|2012_us_droughts|2020_china_covid,3,84,0,gbrt,0.08057264346904648,True,False,,,0,/Users/nataliewang/Projects/supplychain-OSINT/src/shocks/combo_search_runs/combo_0f52aca2b5a3/model,beam,3
362e1b8b673d,2011_japan_earthquake|2014_indonesia_mineral_export_ban|2017_british_columbia_wildfires,3,70,0,rf,0.07260257604669924,True,False,,,0,/Users/nataliewang/Projects/supplychain-OSINT/src/shocks/combo_search_runs/combo_362e1b8b673d/model,beam,3
64124880909c,2011_japan_earthquake|2014_russia_crimea_sanctions|2017_british_columbia_wildfires,3,77,0,rf,0.0846300377134193,True,False,,,0,/Users/nataliewang/Projects/supplychain-OSINT/src/shocks/combo_search_runs/combo_64124880909c/model,beam,3
ca5b2f5dc7d0,2011_japan_earthquake|2015_samarco_dam_collapse|2017_british_columbia_wildfires,3,104,0,catboost,0.10647275877983327,True,False,,,0,/Users/nataliewang/Projects/supplychain-OSINT/src/shocks/combo_search_runs/combo_ca5b2f5dc7d0/model,beam,3
33715a5492ec,2011_japan_earthquake|2015_tianjin_explosion|2017_british_columbia_wildfires,3,117,0,gbrt,0.09550803432571242,True,False,,,0,/Users/nataliewang/Projects/supplychain-OSINT/src/shocks/combo_search_runs/combo_33715a5492ec/model,beam,3
bd4bed9fb91b,2011_japan_earthquake|2017_british_columbia_wildfires|2017_hurricane_maria,3,93,0,catboost,0.09199397597617749,True,False,,,0,/Users/nataliewang/Projects/supplychain-OSINT/src/shocks/combo_search_runs/combo_bd4bed9fb91b/model,beam,3
09b38945f395,2011_japan_earthquake|2017_british_columbia_wildfires|2018_sweden_wildfires,3,129,0,catboost,0.09216697264830252,True,False,,,0,/Users/nataliewang/Projects/supplychain-OSINT/src/shocks/combo_search_runs/combo_09b38945f395/model,beam,3
d4ee27557b5c,2011_japan_earthquake|2017_british_columbia_wildfires|2018_us_china_tariffs,3,92,0,ridge,0.060388214690878184,True,False,,,0,/Users/nataliewang/Projects/supplychain-OSINT/src/shocks/combo_search_runs/combo_d4ee27557b5c/model,beam,3
cb7602b6160f,2011_japan_earthquake|2017_british_columbia_wildfires|2019_amazon_forest_fires,3,111,0,catboost,0.09275839226871567,True,False,,,0,/Users/nataliewang/Projects/supplychain-OSINT/src/shocks/combo_search_runs/combo_cb7602b6160f/model,beam,3
866d549be4f9,2011_japan_earthquake|2017_british_columbia_wildfires|2019_brumadinho_dam_collapse,3,72,0,rf,0.10534170800011844,True,False,,,0,/Users/nataliewang/Projects/supplychain-OSINT/src/shocks/combo_search_runs/combo_866d549be4f9/model,beam,3
b6b36bbeab79,2011_japan_earthquake|2017_british_columbia_wildfires|2019_saudi_aramco_attack,3,97,0,catboost,0.25706724071920184,True,False,,,0,/Users/nataliewang/Projects/supplychain-OSINT/src/shocks/combo_search_runs/combo_b6b36bbeab79/model,beam,3
40617c6230f4,2011_japan_earthquake|2017_british_columbia_wildfires|2020_china_covid,3,78,0,catboost,0.0888025301395115,True,False,,,0,/Users/nataliewang/Projects/supplychain-OSINT/src/shocks/combo_search_runs/combo_40617c6230f4/model,beam,3
7751ff10adea,2011_japan_earthquake|2018_sweden_wildfires|2018_us_china_tariffs,3,146,0,ridge,0.06002599497111142,True,False,,,0,/Users/nataliewang/Projects/supplychain-OSINT/src/shocks/combo_search_runs/combo_7751ff10adea/model,beam,3
4862603dbb12,2011_queensland_floods|2011_thailand_floods|2018_sweden_wildfires,3,149,0,catboost,0.27943204259293536,True,False,,,0,/Users/nataliewang/Projects/supplychain-OSINT/src/shocks/combo_search_runs/combo_4862603dbb12/model,beam,3
32158804eca4,2011_queensland_floods|2011_thailand_floods|2018_us_china_tariffs,3,112,0,catboost,0.31993563130823044,False,False,,,0,/Users/nataliewang/Projects/supplychain-OSINT/src/shocks/combo_search_runs/combo_32158804eca4/model,beam,3
2a247c10226c,2011_queensland_floods|2018_sweden_wildfires|2018_us_china_tariffs,3,125,0,catboost,0.33708656391053937,False,False,,,0,/Users/nataliewang/Projects/supplychain-OSINT/src/shocks/combo_search_runs/combo_2a247c10226c/model,beam,3
ca5cc85d87e5,2011_thailand_floods|2012_us_droughts|2018_sweden_wildfires,3,137,0,gbrt,0.07390189893848319,True,False,,,0,/Users/nataliewang/Projects/supplychain-OSINT/src/shocks/combo_search_runs/combo_ca5cc85d87e5/model,beam,3
5756bb4a4dd9,2011_thailand_floods|2012_us_droughts|2018_us_china_tariffs,3,100,0,ridge,0.08041577006127763,True,False,,,0,/Users/nataliewang/Projects/supplychain-OSINT/src/shocks/combo_search_runs/combo_5756bb4a4dd9/model,beam,3
d00ae038d729,2011_thailand_floods|2014_indonesia_mineral_export_ban|2018_sweden_wildfires,3,126,0,ridge,0.09987465879823047,True,False,,,0,/Users/nataliewang/Projects/supplychain-OSINT/src/shocks/combo_search_runs/combo_d00ae038d729/model,beam,3
dec4f9faa20a,2011_thailand_floods|2014_indonesia_mineral_export_ban|2018_us_china_tariffs,3,89,0,ridge,0.10156894018344075,True,False,,,0,/Users/nataliewang/Projects/supplychain-OSINT/src/shocks/combo_search_runs/combo_dec4f9faa20a/model,beam,3
c1be5a60aebd,2011_thailand_floods|2014_russia_crimea_sanctions|2018_sweden_wildfires,3,133,0,rf,0.07654949012915532,True,False,,,0,/Users/nataliewang/Projects/supplychain-OSINT/src/shocks/combo_search_runs/combo_c1be5a60aebd/model,beam,3
0a72b7a42860,2011_thailand_floods|2014_russia_crimea_sanctions|2018_us_china_tariffs,3,96,0,xgboost,0.08278810604594657,True,False,,,0,/Users/nataliewang/Projects/supplychain-OSINT/src/shocks/combo_search_runs/combo_0a72b7a42860/model,beam,3
2f20700c9e28,2011_thailand_floods|2015_samarco_dam_collapse|2018_sweden_wildfires,3,160,0,catboost,0.16131774357676001,True,False,,,0,/Users/nataliewang/Projects/supplychain-OSINT/src/shocks/combo_search_runs/combo_2f20700c9e28/model,beam,3
e06baa9b13c9,2011_thailand_floods|2015_samarco_dam_collapse|2018_us_china_tariffs,3,123,0,rf,0.14731314729052444,True,False,,,0,/Users/nataliewang/Projects/supplychain-OSINT/src/shocks/combo_search_runs/combo_e06baa9b13c9/model,beam,3
b1f8841d496e,2011_thailand_floods|2015_tianjin_explosion|2018_sweden_wildfires,3,173,0,catboost,0.11738709648745345,True,False,,,0,/Users/nataliewang/Projects/supplychain-OSINT/src/shocks/combo_search_runs/combo_b1f8841d496e/model,beam,3
a204f3b2d778,2011_thailand_floods|2015_tianjin_explosion|2018_us_china_tariffs,3,136,0,gbrt,0.11698319415885582,True,False,,,0,/Users/nataliewang/Projects/supplychain-OSINT/src/shocks/combo_search_runs/combo_a204f3b2d778/model,beam,3
0726a90b0170,2011_thailand_floods|2017_british_columbia_wildfires|2018_sweden_wildfires,3,131,0,rf,0.06479063558833277,True,False,,,0,/Users/nataliewang/Projects/supplychain-OSINT/src/shocks/combo_search_runs/combo_0726a90b0170/model,beam,3
212da90fb6bf,2011_thailand_floods|2017_british_columbia_wildfires|2018_us_china_tariffs,3,94,0,rf,0.08468331882295431,True,False,,,0,/Users/nataliewang/Projects/supplychain-OSINT/src/shocks/combo_search_runs/combo_212da90fb6bf/model,beam,3
680e5ef1de74,2011_thailand_floods|2017_hurricane_maria|2018_sweden_wildfires,3,149,0,rf,0.12604219365262834,True,False,,,0,/Users/nataliewang/Projects/supplychain-OSINT/src/shocks/combo_search_runs/combo_680e5ef1de74/model,beam,3
a36e163968f5,2011_thailand_floods|2017_hurricane_maria|2018_us_china_tariffs,3,112,0,rf,0.12017114384707228,True,False,,,0,/Users/nataliewang/Projects/supplychain-OSINT/src/shocks/combo_search_runs/combo_a36e163968f5/model,beam,3
37c768d5420d,2011_thailand_floods|2018_sweden_wildfires|2018_us_china_tariffs,3,148,0,rf,0.054011305530280586,True,False,,,0,/Users/nataliewang/Projects/supplychain-OSINT/src/shocks/combo_search_runs/combo_37c768d5420d/model,beam,3
fbdbb87a8d8f,2011_thailand_floods|2018_sweden_wildfires|2019_amazon_forest_fires,3,167,0,xgboost,0.0733327758276001,True,False,,,0,/Users/nataliewang/Projects/supplychain-OSINT/src/shocks/combo_search_runs/combo_fbdbb87a8d8f/model,beam,3
0f28bdaf7025,2011_thailand_floods|2018_sweden_wildfires|2019_brumadinho_dam_collapse,3,128,0,rf,0.09429413305196077,True,False,,,0,/Users/nataliewang/Projects/supplychain-OSINT/src/shocks/combo_search_runs/combo_0f28bdaf7025/model,beam,3
fa3057f9b94a,2011_thailand_floods|2018_sweden_wildfires|2019_saudi_aramco_attack,3,153,0,catboost,0.2166547088868326,True,False,,,0,/Users/nataliewang/Projects/supplychain-OSINT/src/shocks/combo_search_runs/combo_fa3057f9b94a/model,beam,3
9eba5b63b978,2011_thailand_floods|2018_sweden_wildfires|2020_china_covid,3,134,0,rf,0.10224831203753526,True,False,,,0,/Users/nataliewang/Projects/supplychain-OSINT/src/shocks/combo_search_runs/combo_9eba5b63b978/model,beam,3
b6e51bf0154a,2011_thailand_floods|2018_us_china_tariffs|2019_amazon_forest_fires,3,130,0,catboost,0.08768457930811842,True,False,,,0,/Users/nataliewang/Projects/supplychain-OSINT/src/shocks/combo_search_runs/combo_b6e51bf0154a/model,beam,3
8496b194f40e,2011_thailand_floods|2018_us_china_tariffs|2019_brumadinho_dam_collapse,3,91,0,rf,0.09413275580911275,True,False,,,0,/Users/nataliewang/Projects/supplychain-OSINT/src/shocks/combo_search_runs/combo_8496b194f40e/model,beam,3
f4169c32daab,2011_thailand_floods|2018_us_china_tariffs|2019_saudi_aramco_attack,3,116,0,catboost,0.20750848359836063,True,False,,,0,/Users/nataliewang/Projects/supplychain-OSINT/src/shocks/combo_search_runs/combo_f4169c32daab/model,beam,3
11c2ce1c04a3,2011_thailand_floods|2018_us_china_tariffs|2020_china_covid,3,97,0,ridge,0.08882237301702899,True,False,,,0,/Users/nataliewang/Projects/supplychain-OSINT/src/shocks/combo_search_runs/combo_11c2ce1c04a3/model,beam,3
9fa0aefa4931,2012_us_droughts|2018_sweden_wildfires|2018_us_china_tariffs,3,113,0,rf,0.06801125733051937,True,False,,,0,/Users/nataliewang/Projects/supplychain-OSINT/src/shocks/combo_search_runs/combo_9fa0aefa4931/model,beam,3
1260fc24c0f5,2014_indonesia_mineral_export_ban|2018_sweden_wildfires|2018_us_china_tariffs,3,102,0,rf,0.10601759707103904,True,False,,,0,/Users/nataliewang/Projects/supplychain-OSINT/src/shocks/combo_search_runs/combo_1260fc24c0f5/model,beam,3
2d033c888b62,2014_russia_crimea_sanctions|2018_sweden_wildfires|2018_us_china_tariffs,3,109,0,rf,0.05962942682914451,True,False,,,0,/Users/nataliewang/Projects/supplychain-OSINT/src/shocks/combo_search_runs/combo_2d033c888b62/model,beam,3
879c38278120,2015_samarco_dam_collapse|2018_sweden_wildfires|2018_us_china_tariffs,3,136,0,catboost,0.1448684810502785,True,False,,,0,/Users/nataliewang/Projects/supplychain-OSINT/src/shocks/combo_search_runs/combo_879c38278120/model,beam,3
ba71130e617d,2015_tianjin_explosion|2018_sweden_wildfires|2018_us_china_tariffs,3,149,0,catboost,0.1086060340717792,True,False,,,0,/Users/nataliewang/Projects/supplychain-OSINT/src/shocks/combo_search_runs/combo_ba71130e617d/model,beam,3
d7824905a690,2017_british_columbia_wildfires|2018_sweden_wildfires|2018_us_china_tariffs,3,107,0,rf,0.0584866293603406,True,False,,,0,/Users/nataliewang/Projects/supplychain-OSINT/src/shocks/combo_search_runs/combo_d7824905a690/model,beam,3
8b610df2d55f,2017_hurricane_maria|2018_sweden_wildfires|2018_us_china_tariffs,3,125,0,xgboost,0.1361262459210524,True,False,,,0,/Users/nataliewang/Projects/supplychain-OSINT/src/shocks/combo_search_runs/combo_8b610df2d55f/model,beam,3
a11c453f61bc,2018_sweden_wildfires|2018_us_china_tariffs|2019_amazon_forest_fires,3,143,0,rf,0.07345535794979713,True,False,,,0,/Users/nataliewang/Projects/supplychain-OSINT/src/shocks/combo_search_runs/combo_a11c453f61bc/model,beam,3
1fed9302ce4f,2018_sweden_wildfires|2018_us_china_tariffs|2019_brumadinho_dam_collapse,3,104,0,rf,0.08220865579334269,True,False,,,0,/Users/nataliewang/Projects/supplychain-OSINT/src/shocks/combo_search_runs/combo_1fed9302ce4f/model,beam,3
ca38090266af,2018_sweden_wildfires|2018_us_china_tariffs|2019_saudi_aramco_attack,3,129,0,catboost,0.20894770505264826,True,False,,,0,/Users/nataliewang/Projects/supplychain-OSINT/src/shocks/combo_search_runs/combo_ca38090266af/model,beam,3
4663ef4732a7,2018_sweden_wildfires|2018_us_china_tariffs|2020_china_covid,3,110,0,rf,0.09204434268755536,True,False,,,0,/Users/nataliewang/Projects/supplychain-OSINT/src/shocks/combo_search_runs/combo_4663ef4732a7/model,beam,3
d31d2247203f,2010_russia_wheat_ban|2011_japan_earthquake|2012_us_droughts|2014_indonesia_mineral_export_ban,4,99,0,catboost,0.11381615368500222,True,False,,,0,/Users/nataliewang/Projects/supplychain-OSINT/src/shocks/combo_search_runs/combo_d31d2247203f/model,beam,4
75b4839a9053,2010_russia_wheat_ban|2011_japan_earthquake|2018_sweden_wildfires|2018_us_china_tariffs,4,169,0,xgboost,0.13948089309002695,True,False,,,0,/Users/nataliewang/Projects/supplychain-OSINT/src/shocks/combo_search_runs/combo_75b4839a9053/model,beam,4
52ef0381a8d0,2010_russia_wheat_ban|2011_thailand_floods|2018_sweden_wildfires|2018_us_china_tariffs,4,171,0,catboost,0.12707915912382767,True,False,,,0,/Users/nataliewang/Projects/supplychain-OSINT/src/shocks/combo_search_runs/combo_52ef0381a8d0/model,beam,4
6f902b2f1d8d,2010_russia_wheat_ban|2014_russia_crimea_sanctions|2018_sweden_wildfires|2018_us_china_tariffs,4,132,0,rf,0.15276465498684835,True,False,,,0,/Users/nataliewang/Projects/supplychain-OSINT/src/shocks/combo_search_runs/combo_6f902b2f1d8d/model,beam,4
f747daf90050,2010_russia_wheat_ban|2017_british_columbia_wildfires|2018_sweden_wildfires|2018_us_china_tariffs,4,130,0,rf,0.12412840234650395,True,False,,,0,/Users/nataliewang/Projects/supplychain-OSINT/src/shocks/combo_search_runs/combo_f747daf90050/model,beam,4
86bc4a985754,2011_japan_earthquake|2011_queensland_floods|2012_us_droughts|2014_indonesia_mineral_export_ban,4,106,0,gbrt,0.2600193513920056,True,False,,,0,/Users/nataliewang/Projects/supplychain-OSINT/src/shocks/combo_search_runs/combo_86bc4a985754/model,beam,4
44e878a97929,2011_japan_earthquake|2011_queensland_floods|2018_sweden_wildfires|2018_us_china_tariffs,4,176,0,catboost,0.2397332303789475,True,False,,,0,/Users/nataliewang/Projects/supplychain-OSINT/src/shocks/combo_search_runs/combo_44e878a97929/model,beam,4
34543599795b,2011_japan_earthquake|2011_thailand_floods|2012_us_droughts|2014_indonesia_mineral_export_ban,4,129,0,rf,0.0901122846208352,True,False,,,0,/Users/nataliewang/Projects/supplychain-OSINT/src/shocks/combo_search_runs/combo_34543599795b/model,beam,4
3edc78da9833,2011_japan_earthquake|2011_thailand_floods|2018_sweden_wildfires|2018_us_china_tariffs,4,199,0,ridge,0.0655787044344026,True,False,,,0,/Users/nataliewang/Projects/supplychain-OSINT/src/shocks/combo_search_runs/combo_3edc78da9833/model,beam,4
eb01123ee47c,2011_japan_earthquake|2012_us_droughts|2014_indonesia_mineral_export_ban|2014_russia_crimea_sanctions,4,90,0,gbrt,0.07903370944715264,True,False,,,0,/Users/nataliewang/Projects/supplychain-OSINT/src/shocks/combo_search_runs/combo_eb01123ee47c/model,beam,4
515eb802ba1b,2011_japan_earthquake|2012_us_droughts|2014_indonesia_mineral_export_ban|2015_samarco_dam_collapse,4,117,0,catboost,0.08158819088250979,True,False,,,0,/Users/nataliewang/Projects/supplychain-OSINT/src/shocks/combo_search_runs/combo_515eb802ba1b/model,beam,4
4a331fd5c793,2011_japan_earthquake|2012_us_droughts|2014_indonesia_mineral_export_ban|2015_tianjin_explosion,4,130,0,catboost,0.11948393422176415,True,False,,,0,/Users/nataliewang/Projects/supplychain-OSINT/src/shocks/combo_search_runs/combo_4a331fd5c793/model,beam,4
c980ffe8ba39,2011_japan_earthquake|2012_us_droughts|2014_indonesia_mineral_export_ban|2017_british_columbia_wildfires,4,88,0,catboost,0.06939595512372397,True,False,,,0,/Users/nataliewang/Projects/supplychain-OSINT/src/shocks/combo_search_runs/combo_c980ffe8ba39/model,beam,4
4fe3690f99ee,2011_japan_earthquake|2012_us_droughts|2014_indonesia_mineral_export_ban|2017_hurricane_maria,4,106,0,rf,0.07965368760641,True,False,,,0,/Users/nataliewang/Projects/supplychain-OSINT/src/shocks/combo_search_runs/combo_4fe3690f99ee/model,beam,4
e43061d30402,2011_japan_earthquake|2012_us_droughts|2014_indonesia_mineral_export_ban|2018_sweden_wildfires,4,142,0,ridge,0.09226534685891703,True,False,,,0,/Users/nataliewang/Projects/supplychain-OSINT/src/shocks/combo_search_runs/combo_e43061d30402/model,beam,4
ef8c7026aa10,2011_japan_earthquake|2012_us_droughts|2014_indonesia_mineral_export_ban|2018_us_china_tariffs,4,105,0,rf,0.06766817778931787,True,False,,,0,/Users/nataliewang/Projects/supplychain-OSINT/src/shocks/combo_search_runs/combo_ef8c7026aa10/model,beam,4
836947f5be5a,2011_japan_earthquake|2012_us_droughts|2014_indonesia_mineral_export_ban|2019_amazon_forest_fires,4,124,0,catboost,0.09064007331416879,True,False,,,0,/Users/nataliewang/Projects/supplychain-OSINT/src/shocks/combo_search_runs/combo_836947f5be5a/model,beam,4
792359ce4700,2011_japan_earthquake|2012_us_droughts|2014_indonesia_mineral_export_ban|2019_brumadinho_dam_collapse,4,85,0,rf,0.10281684119465198,True,False,,,0,/Users/nataliewang/Projects/supplychain-OSINT/src/shocks/combo_search_runs/combo_792359ce4700/model,beam,4
adad448fead1,2011_japan_earthquake|2012_us_droughts|2014_indonesia_mineral_export_ban|2019_saudi_aramco_attack,4,110,0,xgboost,0.17435442543860433,True,False,,,0,/Users/nataliewang/Projects/supplychain-OSINT/src/shocks/combo_search_runs/combo_adad448fead1/model,beam,4
a58a278ebe04,2011_japan_earthquake|2012_us_droughts|2014_indonesia_mineral_export_ban|2020_china_covid,4,91,0,xgboost,0.06956409342010007,True,False,,,0,/Users/nataliewang/Projects/supplychain-OSINT/src/shocks/combo_search_runs/combo_a58a278ebe04/model,beam,4
fdd41d3343c2,2011_japan_earthquake|2012_us_droughts|2018_sweden_wildfires|2018_us_china_tariffs,4,164,0,ridge,0.07390805636015568,True,False,,,0,/Users/nataliewang/Projects/supplychain-OSINT/src/shocks/combo_search_runs/combo_fdd41d3343c2/model,beam,4
abaf676fd494,2011_japan_earthquake|2014_indonesia_mineral_export_ban|2018_sweden_wildfires|2018_us_china_tariffs,4,153,0,ridge,0.06082306088618592,True,False,,,0,/Users/nataliewang/Projects/supplychain-OSINT/src/shocks/combo_search_runs/combo_abaf676fd494/model,beam,4
2f27f15fee96,2011_japan_earthquake|2014_russia_crimea_sanctions|2018_sweden_wildfires|2018_us_china_tariffs,4,160,0,ridge,0.08487409643491856,True,False,,,0,/Users/nataliewang/Projects/supplychain-OSINT/src/shocks/combo_search_runs/combo_2f27f15fee96/model,beam,4
541f382944dc,2011_japan_earthquake|2015_samarco_dam_collapse|2018_sweden_wildfires|2018_us_china_tariffs,4,187,0,rf,0.1334180642962188,True,False,,,0,/Users/nataliewang/Projects/supplychain-OSINT/src/shocks/combo_search_runs/combo_541f382944dc/model,beam,4
85216bd3a9f2,2011_japan_earthquake|2015_tianjin_explosion|2018_sweden_wildfires|2018_us_china_tariffs,4,200,0,xgboost,0.1138208426817002,True,False,,,0,/Users/nataliewang/Projects/supplychain-OSINT/src/shocks/combo_search_runs/combo_85216bd3a9f2/model,beam,4
18a4c7ab2f3f,2011_japan_earthquake|2017_british_columbia_wildfires|2018_sweden_wildfires|2018_us_china_tariffs,4,158,0,ridge,0.05633250928213778,True,False,,,0,/Users/nataliewang/Projects/supplychain-OSINT/src/shocks/combo_search_runs/combo_18a4c7ab2f3f/model,beam,4
e9a2c146e2f1,2011_japan_earthquake|2017_hurricane_maria|2018_sweden_wildfires|2018_us_china_tariffs,4,176,0,rf,0.12347114787213806,True,False,,,0,/Users/nataliewang/Projects/supplychain-OSINT/src/shocks/combo_search_runs/combo_e9a2c146e2f1/model,beam,4
adf82dee85db,2011_japan_earthquake|2018_sweden_wildfires|2018_us_china_tariffs|2019_amazon_forest_fires,4,194,0,catboost,0.09631392754651143,True,False,,,0,/Users/nataliewang/Projects/supplychain-OSINT/src/shocks/combo_search_runs/combo_adf82dee85db/model,beam,4
069d1a298e00,2011_japan_earthquake|2018_sweden_wildfires|2018_us_china_tariffs|2019_brumadinho_dam_collapse,4,155,0,catboost,0.11103253734633928,True,False,,,0,/Users/nataliewang/Projects/supplychain-OSINT/src/shocks/combo_search_runs/combo_069d1a298e00/model,beam,4
ead2e0635ce1,2011_japan_earthquake|2018_sweden_wildfires|2018_us_china_tariffs|2019_saudi_aramco_attack,4,180,0,catboost,0.2057761251901115,True,False,,,0,/Users/nataliewang/Projects/supplychain-OSINT/src/shocks/combo_search_runs/combo_ead2e0635ce1/model,beam,4
4454becfe4eb,2011_japan_earthquake|2018_sweden_wildfires|2018_us_china_tariffs|2020_china_covid,4,161,0,ridge,0.08557082624377635,True,False,,,0,/Users/nataliewang/Projects/supplychain-OSINT/src/shocks/combo_search_runs/combo_4454becfe4eb/model,beam,4
e058d83fac0e,2011_queensland_floods|2011_thailand_floods|2018_sweden_wildfires|2018_us_china_tariffs,4,178,0,catboost,0.2577170452044363,True,False,,,0,/Users/nataliewang/Projects/supplychain-OSINT/src/shocks/combo_search_runs/combo_e058d83fac0e/model,beam,4
2db4cdf4a598,2011_queensland_floods|2014_russia_crimea_sanctions|2018_sweden_wildfires|2018_us_china_tariffs,4,139,0,catboost,0.2621418296276357,True,False,,,0,/Users/nataliewang/Projects/supplychain-OSINT/src/shocks/combo_search_runs/combo_2db4cdf4a598/model,beam,4
c39cafc15393,2011_queensland_floods|2017_british_columbia_wildfires|2018_sweden_wildfires|2018_us_china_tariffs,4,137,0,catboost,0.24496893703191372,True,False,,,0,/Users/nataliewang/Projects/supplychain-OSINT/src/shocks/combo_search_runs/combo_c39cafc15393/model,beam,4
1ee67162cd48,2011_thailand_floods|2012_us_droughts|2018_sweden_wildfires|2018_us_china_tariffs,4,166,0,rf,0.058511160993078765,True,False,,,0,/Users/nataliewang/Projects/supplychain-OSINT/src/shocks/combo_search_runs/combo_1ee67162cd48/model,beam,4
90c35ee88137,2011_thailand_floods|2014_indonesia_mineral_export_ban|2018_sweden_wildfires|2018_us_china_tariffs,4,155,0,rf,0.08330315102182517,True,False,,,0,/Users/nataliewang/Projects/supplychain-OSINT/src/shocks/combo_search_runs/combo_90c35ee88137/model,beam,4
18d8a8c64553,2011_thailand_floods|2014_russia_crimea_sanctions|2018_sweden_wildfires|2018_us_china_tariffs,4,162,0,rf,0.06449780339730088,True,False,,,0,/Users/nataliewang/Projects/supplychain-OSINT/src/shocks/combo_search_runs/combo_18d8a8c64553/model,beam,4
97126d347f00,2011_thailand_floods|2015_samarco_dam_collapse|2018_sweden_wildfires|2018_us_china_tariffs,4,189,0,catboost,0.1178643466496903,True,False,,,0,/Users/nataliewang/Projects/supplychain-OSINT/src/shocks/combo_search_runs/combo_97126d347f00/model,beam,4
59678b5e7826,2011_thailand_floods|2015_tianjin_explosion|2018_sweden_wildfires|2018_us_china_tariffs,4,202,0,catboost,0.09150262081705614,True,False,,,0,/Users/nataliewang/Projects/supplychain-OSINT/src/shocks/combo_search_runs/combo_59678b5e7826/model,beam,4
33af0891d2af,2011_thailand_floods|2017_british_columbia_wildfires|2018_sweden_wildfires|2018_us_china_tariffs,4,160,0,rf,0.05848026219452446,True,False,,,0,/Users/nataliewang/Projects/supplychain-OSINT/src/shocks/combo_search_runs/combo_33af0891d2af/model,beam,4
a293c61a968d,2011_thailand_floods|2017_hurricane_maria|2018_sweden_wildfires|2018_us_china_tariffs,4,178,0,rf,0.0898897691508624,True,False,,,0,/Users/nataliewang/Projects/supplychain-OSINT/src/shocks/combo_search_runs/combo_a293c61a968d/model,beam,4
900c13d4c3dd,2011_thailand_floods|2018_sweden_wildfires|2018_us_china_tariffs|2019_amazon_forest_fires,4,196,0,rf,0.06868775487510205,True,False,,,0,/Users/nataliewang/Projects/supplychain-OSINT/src/shocks/combo_search_runs/combo_900c13d4c3dd/model,beam,4
13d5efc8ce14,2011_thailand_floods|2018_sweden_wildfires|2018_us_china_tariffs|2019_brumadinho_dam_collapse,4,157,0,rf,0.08313508121416757,True,False,,,0,/Users/nataliewang/Projects/supplychain-OSINT/src/shocks/combo_search_runs/combo_13d5efc8ce14/model,beam,4
11d37e16dd58,2011_thailand_floods|2018_sweden_wildfires|2018_us_china_tariffs|2019_saudi_aramco_attack,4,182,0,catboost,0.1611628849200918,True,False,,,0,/Users/nataliewang/Projects/supplychain-OSINT/src/shocks/combo_search_runs/combo_11d37e16dd58/model,beam,4
532848b8a681,2011_thailand_floods|2018_sweden_wildfires|2018_us_china_tariffs|2020_china_covid,4,163,0,rf,0.08018048327559248,True,False,,,0,/Users/nataliewang/Projects/supplychain-OSINT/src/shocks/combo_search_runs/combo_532848b8a681/model,beam,4
d22af082a2e5,2012_us_droughts|2014_russia_crimea_sanctions|2018_sweden_wildfires|2018_us_china_tariffs,4,127,0,xgboost,0.06772455513241779,True,False,,,0,/Users/nataliewang/Projects/supplychain-OSINT/src/shocks/combo_search_runs/combo_d22af082a2e5/model,beam,4
4a11e1f28cb5,2012_us_droughts|2017_british_columbia_wildfires|2018_sweden_wildfires|2018_us_china_tariffs,4,125,0,gbrt,0.06191351091875202,True,False,,,0,/Users/nataliewang/Projects/supplychain-OSINT/src/shocks/combo_search_runs/combo_4a11e1f28cb5/model,beam,4
4590f0834549,2014_indonesia_mineral_export_ban|2014_russia_crimea_sanctions|2018_sweden_wildfires|2018_us_china_tariffs,4,116,0,rf,0.10330025083156422,True,False,,,0,/Users/nataliewang/Projects/supplychain-OSINT/src/shocks/combo_search_runs/combo_4590f0834549/model,beam,4
07203af6a08c,2014_indonesia_mineral_export_ban|2017_british_columbia_wildfires|2018_sweden_wildfires|2018_us_china_tariffs,4,114,0,xgboost,0.09342984907204391,True,False,,,0,/Users/nataliewang/Projects/supplychain-OSINT/src/shocks/combo_search_runs/combo_07203af6a08c/model,beam,4
06823bd004c0,2014_russia_crimea_sanctions|2015_samarco_dam_collapse|2018_sweden_wildfires|2018_us_china_tariffs,4,150,0,catboost,0.13551788940716622,True,False,,,0,/Users/nataliewang/Projects/supplychain-OSINT/src/shocks/combo_search_runs/combo_06823bd004c0/model,beam,4
c73cd400097b,2014_russia_crimea_sanctions|2015_tianjin_explosion|2018_sweden_wildfires|2018_us_china_tariffs,4,163,0,catboost,0.1071730279280013,True,False,,,0,/Users/nataliewang/Projects/supplychain-OSINT/src/shocks/combo_search_runs/combo_c73cd400097b/model,beam,4
193f6ccfae74,2014_russia_crimea_sanctions|2017_british_columbia_wildfires|2018_sweden_wildfires|2018_us_china_tariffs,4,121,0,rf,0.0636350158061613,True,False,,,0,/Users/nataliewang/Projects/supplychain-OSINT/src/shocks/combo_search_runs/combo_193f6ccfae74/model,beam,4
fefcaa779e47,2014_russia_crimea_sanctions|2017_hurricane_maria|2018_sweden_wildfires|2018_us_china_tariffs,4,139,0,xgboost,0.10408878275940694,True,False,,,0,/Users/nataliewang/Projects/supplychain-OSINT/src/shocks/combo_search_runs/combo_fefcaa779e47/model,beam,4
d62563631615,2014_russia_crimea_sanctions|2018_sweden_wildfires|2018_us_china_tariffs|2019_amazon_forest_fires,4,157,0,rf,0.08012981045960683,True,False,,,0,/Users/nataliewang/Projects/supplychain-OSINT/src/shocks/combo_search_runs/combo_d62563631615/model,beam,4
a922ee770893,2014_russia_crimea_sanctions|2018_sweden_wildfires|2018_us_china_tariffs|2019_brumadinho_dam_collapse,4,118,0,rf,0.08769885577462162,True,False,,,0,/Users/nataliewang/Projects/supplychain-OSINT/src/shocks/combo_search_runs/combo_a922ee770893/model,beam,4
428b51b5c10a,2014_russia_crimea_sanctions|2018_sweden_wildfires|2018_us_china_tariffs|2019_saudi_aramco_attack,4,143,0,catboost,0.19542312020454486,True,False,,,0,/Users/nataliewang/Projects/supplychain-OSINT/src/shocks/combo_search_runs/combo_428b51b5c10a/model,beam,4
da21f01bcc41,2014_russia_crimea_sanctions|2018_sweden_wildfires|2018_us_china_tariffs|2020_china_covid,4,124,0,rf,0.09178768720214656,True,False,,,0,/Users/nataliewang/Projects/supplychain-OSINT/src/shocks/combo_search_runs/combo_da21f01bcc41/model,beam,4
0e3ce4b4b6c3,2015_samarco_dam_collapse|2017_british_columbia_wildfires|2018_sweden_wildfires|2018_us_china_tariffs,4,148,0,catboost,0.12354105438901974,True,False,,,0,/Users/nataliewang/Projects/supplychain-OSINT/src/shocks/combo_search_runs/combo_0e3ce4b4b6c3/model,beam,4
ba2585bb84a1,2015_tianjin_explosion|2017_british_columbia_wildfires|2018_sweden_wildfires|2018_us_china_tariffs,4,161,0,gbrt,0.09116392573261493,True,False,,,0,/Users/nataliewang/Projects/supplychain-OSINT/src/shocks/combo_search_runs/combo_ba2585bb84a1/model,beam,4
569e7d4a3c13,2017_british_columbia_wildfires|2017_hurricane_maria|2018_sweden_wildfires|2018_us_china_tariffs,4,137,0,xgboost,0.09449470545923137,True,False,,,0,/Users/nataliewang/Projects/supplychain-OSINT/src/shocks/combo_search_runs/combo_569e7d4a3c13/model,beam,4
ec2f81535eb1,2017_british_columbia_wildfires|2018_sweden_wildfires|2018_us_china_tariffs|2019_amazon_forest_fires,4,155,0,catboost,0.06615973581424754,True,False,,,0,/Users/nataliewang/Projects/supplychain-OSINT/src/shocks/combo_search_runs/combo_ec2f81535eb1/model,beam,4
58e7641940e4,2017_british_columbia_wildfires|2018_sweden_wildfires|2018_us_china_tariffs|2019_brumadinho_dam_collapse,4,116,0,catboost,0.09128488298612501,True,False,,,0,/Users/nataliewang/Projects/supplychain-OSINT/src/shocks/combo_search_runs/combo_58e7641940e4/model,beam,4
bd75c10b2688,2017_british_columbia_wildfires|2018_sweden_wildfires|2018_us_china_tariffs|2019_saudi_aramco_attack,4,141,0,catboost,0.1816201366831449,True,False,,,0,/Users/nataliewang/Projects/supplychain-OSINT/src/shocks/combo_search_runs/combo_bd75c10b2688/model,beam,4
4620aef4e5ef,2017_british_columbia_wildfires|2018_sweden_wildfires|2018_us_china_tariffs|2020_china_covid,4,122,0,rf,0.08386832971773114,True,False,,,0,/Users/nataliewang/Projects/supplychain-OSINT/src/shocks/combo_search_runs/combo_4620aef4e5ef/model,beam,4
ff92e557c3fd,2010_russia_wheat_ban|2011_japan_earthquake|2014_indonesia_mineral_export_ban|2018_sweden_wildfires|2018_us_china_tariffs,5,176,0,gbrt,0.13711572864006527,True,False,0.4490498964370233,0.21195422116963414,6,/Users/nataliewang/Projects/supplychain-OSINT/src/shocks/combo_search_runs/combo_ff92e557c3fd/model,beam,5
c50f0c9cd2d7,2010_russia_wheat_ban|2011_japan_earthquake|2017_british_columbia_wildfires|2018_sweden_wildfires|2018_us_china_tariffs,5,181,0,gbrt,0.12034669493443229,True,False,0.4674202598550471,0.21770916260660297,6,/Users/nataliewang/Projects/supplychain-OSINT/src/shocks/combo_search_runs/combo_c50f0c9cd2d7/model,beam,5
8f6a7e05a02e,2010_russia_wheat_ban|2011_thailand_floods|2012_us_droughts|2018_sweden_wildfires|2018_us_china_tariffs,5,189,0,gbrt,0.10711388452811592,True,False,0.3836029009313,0.20819229271729825,6,/Users/nataliewang/Projects/supplychain-OSINT/src/shocks/combo_search_runs/combo_8f6a7e05a02e/model,beam,5
9fda37ed0a2d,2010_russia_wheat_ban|2011_thailand_floods|2017_british_columbia_wildfires|2018_sweden_wildfires|2018_us_china_tariffs,5,183,0,gbrt,0.11131319796093653,True,False,0.3492917515303203,0.19465772787612098,10,/Users/nataliewang/Projects/supplychain-OSINT/src/shocks/combo_search_runs/combo_9fda37ed0a2d/model,beam,5
ed096f267c5f,2010_russia_wheat_ban|2012_us_droughts|2017_british_columbia_wildfires|2018_sweden_wildfires|2018_us_china_tariffs,5,148,0,ridge,0.10326965991308909,True,False,0.2724082501610595,0.47584942188183366,10,/Users/nataliewang/Projects/supplychain-OSINT/src/shocks/combo_search_runs/combo_ed096f267c5f/model,beam,5
ad8fb4f51a3a,2011_japan_earthquake|2011_queensland_floods|2014_indonesia_mineral_export_ban|2018_sweden_wildfires|2018_us_china_tariffs,5,183,0,gbrt,0.24533183995397329,True,False,0.31761978078870723,0.15720028397962132,10,/Users/nataliewang/Projects/supplychain-OSINT/src/shocks/combo_search_runs/combo_ad8fb4f51a3a/model,beam,5
6e9e455f4acc,2011_japan_earthquake|2011_queensland_floods|2017_british_columbia_wildfires|2018_sweden_wildfires|2018_us_china_tariffs,5,188,0,gbrt,0.20937102310936745,True,False,0.32904287695500095,0.18162696850748086,10,/Users/nataliewang/Projects/supplychain-OSINT/src/shocks/combo_search_runs/combo_6e9e455f4acc/model,beam,5
bf73f341ff07,2011_japan_earthquake|2011_thailand_floods|2012_us_droughts|2018_sweden_wildfires|2018_us_china_tariffs,5,217,0,ridge,0.06451559667726928,True,False,0.2904220478171705,0.17860273332311524,10,/Users/nataliewang/Projects/supplychain-OSINT/src/shocks/combo_search_runs/combo_bf73f341ff07/model,beam,5
f3698fe69f48,2011_japan_earthquake|2011_thailand_floods|2014_indonesia_mineral_export_ban|2018_sweden_wildfires|2018_us_china_tariffs,5,206,0,ridge,0.06238452996142537,True,False,0.270321226720172,0.1842157519738975,10,/Users/nataliewang/Projects/supplychain-OSINT/src/shocks/combo_search_runs/combo_f3698fe69f48/model,beam,5
260105a21406,2011_japan_earthquake|2011_thailand_floods|2017_british_columbia_wildfires|2018_sweden_wildfires|2018_us_china_tariffs,5,211,0,ridge,0.06060252672426978,True,False,0.28850929185099206,0.18640385508974794,10,/Users/nataliewang/Projects/supplychain-OSINT/src/shocks/combo_search_runs/combo_260105a21406/model,beam,5
2fa81fb0e9ef,2011_japan_earthquake|2012_us_droughts|2014_indonesia_mineral_export_ban|2018_sweden_wildfires|2018_us_china_tariffs,5,171,0,ridge,0.06703296246431525,True,False,0.28696743369470235,0.19236671500154282,10,/Users/nataliewang/Projects/supplychain-OSINT/src/shocks/combo_search_runs/combo_2fa81fb0e9ef/model,beam,5
36d4fb2fc33d,2011_japan_earthquake|2012_us_droughts|2017_british_columbia_wildfires|2018_sweden_wildfires|2018_us_china_tariffs,5,176,0,ridge,0.06508038689666555,True,False,0.3203037719054359,0.18007755326788397,10,/Users/nataliewang/Projects/supplychain-OSINT/src/shocks/combo_search_runs/combo_36d4fb2fc33d/model,beam,5
8048ae81b14c,2011_japan_earthquake|2014_indonesia_mineral_export_ban|2014_russia_crimea_sanctions|2018_sweden_wildfires|2018_us_china_tariffs,5,167,0,ridge,0.07693181679968196,True,False,0.2904928078495155,0.1806130533286527,10,/Users/nataliewang/Projects/supplychain-OSINT/src/shocks/combo_search_runs/combo_8048ae81b14c/model,beam,5
38400808c1d0,2011_japan_earthquake|2014_indonesia_mineral_export_ban|2015_samarco_dam_collapse|2018_sweden_wildfires|2018_us_china_tariffs,5,194,0,catboost,0.12306055562229132,True,False,0.3783288599639357,0.1922333088926011,10,/Users/nataliewang/Projects/supplychain-OSINT/src/shocks/combo_search_runs/combo_38400808c1d0/model,beam,5
8b4f7fd09215,2011_japan_earthquake|2014_indonesia_mineral_export_ban|2015_tianjin_explosion|2018_sweden_wildfires|2018_us_china_tariffs,5,207,0,catboost,0.12062463233747359,True,False,0.34853850752759774,0.18755368501813793,10,/Users/nataliewang/Projects/supplychain-OSINT/src/shocks/combo_search_runs/combo_8b4f7fd09215/model,beam,5
31c1ab161b55,2011_japan_earthquake|2014_indonesia_mineral_export_ban|2017_british_columbia_wildfires|2018_sweden_wildfires|2018_us_china_tariffs,5,165,0,ridge,0.06148167757446453,True,False,0.2686371343986683,0.181150392819509,10,/Users/nataliewang/Projects/supplychain-OSINT/src/shocks/combo_search_runs/combo_31c1ab161b55/model,beam,5
b94ed5d33a83,2011_japan_earthquake|2014_indonesia_mineral_export_ban|2017_hurricane_maria|2018_sweden_wildfires|2018_us_china_tariffs,5,183,0,ridge,0.10412079504210976,True,False,0.3219019604201962,0.18803813731928476,10,/Users/nataliewang/Projects/supplychain-OSINT/src/shocks/combo_search_runs/combo_b94ed5d33a83/model,beam,5
78e1f40863ed,2011_japan_earthquake|2014_indonesia_mineral_export_ban|2018_sweden_wildfires|2018_us_china_tariffs|2019_amazon_forest_fires,5,201,0,ridge,0.08757047124077144,True,False,0.3509262592844901,0.21294615532603656,10,/Users/nataliewang/Projects/supplychain-OSINT/src/shocks/combo_search_runs/combo_78e1f40863ed/model,beam,5
ba002470d939,2011_japan_earthquake|2014_indonesia_mineral_export_ban|2018_sweden_wildfires|2018_us_china_tariffs|2019_brumadinho_dam_collapse,5,162,0,ridge,0.1196615205805162,True,False,0.2977717636618187,0.1894255068067555,10,/Users/nataliewang/Projects/supplychain-OSINT/src/shocks/combo_search_runs/combo_ba002470d939/model,beam,5
d0780644c979,2011_japan_earthquake|2014_indonesia_mineral_export_ban|2018_sweden_wildfires|2018_us_china_tariffs|2019_saudi_aramco_attack,5,187,0,xgboost,0.16658947288231,True,False,0.36072287015783494,0.20854095236947973,10,/Users/nataliewang/Projects/supplychain-OSINT/src/shocks/combo_search_runs/combo_d0780644c979/model,beam,5
3693a25da925,2011_japan_earthquake|2014_indonesia_mineral_export_ban|2018_sweden_wildfires|2018_us_china_tariffs|2020_china_covid,5,168,0,ridge,0.08080345986092215,True,False,0.2513458311765514,0.19546632347077514,10,/Users/nataliewang/Projects/supplychain-OSINT/src/shocks/combo_search_runs/combo_3693a25da925/model,beam,5
852f9a3ee083,2011_japan_earthquake|2014_russia_crimea_sanctions|2017_british_columbia_wildfires|2018_sweden_wildfires|2018_us_china_tariffs,5,172,0,ridge,0.07737952475913996,True,False,0.3359330075216907,0.19081284874841023,10,/Users/nataliewang/Projects/supplychain-OSINT/src/shocks/combo_search_runs/combo_852f9a3ee083/model,beam,5
f511a4cef651,2011_japan_earthquake|2015_samarco_dam_collapse|2017_british_columbia_wildfires|2018_sweden_wildfires|2018_us_china_tariffs,5,199,0,rf,0.11068099061316646,True,False,0.36035194166480566,0.18771117866470746,10,/Users/nataliewang/Projects/supplychain-OSINT/src/shocks/combo_search_runs/combo_f511a4cef651/model,beam,5
1ba8cad67da4,2011_japan_earthquake|2015_tianjin_explosion|2017_british_columbia_wildfires|2018_sweden_wildfires|2018_us_china_tariffs,5,212,0,catboost,0.09446510803446898,True,False,0.33369658092877974,0.19912871854195013,10,/Users/nataliewang/Projects/supplychain-OSINT/src/shocks/combo_search_runs/combo_1ba8cad67da4/model,beam,5
97faef8954fb,2011_japan_earthquake|2017_british_columbia_wildfires|2017_hurricane_maria|2018_sweden_wildfires|2018_us_china_tariffs,5,188,0,rf,0.09584898321881115,True,False,0.37730874849490953,0.18817430317975484,6,/Users/nataliewang/Projects/supplychain-OSINT/src/shocks/combo_search_runs/combo_97faef8954fb/model,beam,5
4d43bae5c010,2011_japan_earthquake|2017_british_columbia_wildfires|2018_sweden_wildfires|2018_us_china_tariffs|2019_amazon_forest_fires,5,206,0,rf,0.08354989042920642,True,False,0.3667225762737195,0.17551324324301454,10,/Users/nataliewang/Projects/supplychain-OSINT/src/shocks/combo_search_runs/combo_4d43bae5c010/model,beam,5
77ee52948d87,2011_japan_earthquake|2017_british_columbia_wildfires|2018_sweden_wildfires|2018_us_china_tariffs|2019_brumadinho_dam_collapse,5,167,0,rf,0.10633915533977067,True,False,0.34562024621459647,0.17955705062947885,10,/Users/nataliewang/Projects/supplychain-OSINT/src/shocks/combo_search_runs/combo_77ee52948d87/model,beam,5
ddcad59106ed,2011_japan_earthquake|2017_british_columbia_wildfires|2018_sweden_wildfires|2018_us_china_tariffs|2019_saudi_aramco_attack,5,192,0,gbrt,0.16385141912635298,True,False,0.3250251582450081,0.2834558482776125,10,/Users/nataliewang/Projects/supplychain-OSINT/src/shocks/combo_search_runs/combo_ddcad59106ed/model,beam,5
0a06458dc7ca,2011_japan_earthquake|2017_british_columbia_wildfires|2018_sweden_wildfires|2018_us_china_tariffs|2020_china_covid,5,173,0,ridge,0.07851864196517742,True,False,0.2688632574342923,0.18606871965087163,10,/Users/nataliewang/Projects/supplychain-OSINT/src/shocks/combo_search_runs/combo_0a06458dc7ca/model,beam,5
328b0f311286,2011_queensland_floods|2011_thailand_floods|2012_us_droughts|2018_sweden_wildfires|2018_us_china_tariffs,5,196,0,catboost,0.20329008303414958,True,False,0.2581061839455897,0.18039066537370724,10,/Users/nataliewang/Projects/supplychain-OSINT/src/shocks/combo_search_runs/combo_328b0f311286/model,beam,5
265138844842,2011_queensland_floods|2011_thailand_floods|2017_british_columbia_wildfires|2018_sweden_wildfires|2018_us_china_tariffs,5,190,0,catboost,0.20978953714837437,True,False,0.27539433359916016,0.16045560945105442,10,/Users/nataliewang/Projects/supplychain-OSINT/src/shocks/combo_search_runs/combo_265138844842/model,beam,5
30531f201153,2011_queensland_floods|2012_us_droughts|2017_british_columbia_wildfires|2018_sweden_wildfires|2018_us_china_tariffs,5,155,0,catboost,0.20323149708086358,True,False,0.21877462488879446,0.13984839444417516,10,/Users/nataliewang/Projects/supplychain-OSINT/src/shocks/combo_search_runs/combo_30531f201153/model,beam,5
feb754d7fb55,2011_thailand_floods|2012_us_droughts|2014_indonesia_mineral_export_ban|2018_sweden_wildfires|2018_us_china_tariffs,5,173,0,ridge,0.07017563557821556,True,False,0.2967416848185119,0.18747048970709262,10,/Users/nataliewang/Projects/supplychain-OSINT/src/shocks/combo_search_runs/combo_feb754d7fb55/model,beam,5
77c1853efb6f,2011_thailand_floods|2012_us_droughts|2014_russia_crimea_sanctions|2018_sweden_wildfires|2018_us_china_tariffs,5,180,0,rf,0.06834163947339221,True,False,0.3545944044504427,0.19029327951582387,10,/Users/nataliewang/Projects/supplychain-OSINT/src/shocks/combo_search_runs/combo_77c1853efb6f/model,beam,5
6da29413f8cc,2011_thailand_floods|2012_us_droughts|2015_samarco_dam_collapse|2018_sweden_wildfires|2018_us_china_tariffs,5,207,0,catboost,0.10481544117487376,True,False,0.3469600800105711,0.18467159938513045,10,/Users/nataliewang/Projects/supplychain-OSINT/src/shocks/combo_search_runs/combo_6da29413f8cc/model,beam,5
a3c76977af34,2011_thailand_floods|2012_us_droughts|2015_tianjin_explosion|2018_sweden_wildfires|2018_us_china_tariffs,5,220,0,gbrt,0.09430430030600985,True,False,0.3370084611909894,0.19016062340900663,10,/Users/nataliewang/Projects/supplychain-OSINT/src/shocks/combo_search_runs/combo_a3c76977af34/model,beam,5
fcaf1b359f10,2011_thailand_floods|2012_us_droughts|2017_british_columbia_wildfires|2018_sweden_wildfires|2018_us_china_tariffs,5,178,0,gbrt,0.06252252516879242,True,False,0.32875580020825057,0.1964920549473906,10,/Users/nataliewang/Projects/supplychain-OSINT/src/shocks/combo_search_runs/combo_fcaf1b359f10/model,beam,5
85f1a54dbab7,2011_thailand_floods|2012_us_droughts|2017_hurricane_maria|2018_sweden_wildfires|2018_us_china_tariffs,5,196,0,rf,0.07835989249532466,True,False,0.33459425381871144,0.18446896088759585,10,/Users/nataliewang/Projects/supplychain-OSINT/src/shocks/combo_search_runs/combo_85f1a54dbab7/model,beam,5
5ae5e502ec90,2011_thailand_floods|2012_us_droughts|2018_sweden_wildfires|2018_us_china_tariffs|2019_amazon_forest_fires,5,214,0,xgboost,0.07459271526832255,True,False,0.28875319324481546,0.19888698145909017,10,/Users/nataliewang/Projects/supplychain-OSINT/src/shocks/combo_search_runs/combo_5ae5e502ec90/model,beam,5
5cc56ea7a7d9,2011_thailand_floods|2012_us_droughts|2018_sweden_wildfires|2018_us_china_tariffs|2019_brumadinho_dam_collapse,5,175,0,rf,0.0793831229161079,True,False,0.3588689784688066,0.19657851936395315,10,/Users/nataliewang/Projects/supplychain-OSINT/src/shocks/combo_search_runs/combo_5cc56ea7a7d9/model,beam,5
000b4b9202fb,2011_thailand_floods|2012_us_droughts|2018_sweden_wildfires|2018_us_china_tariffs|2019_saudi_aramco_attack,5,200,0,catboost,0.14855275580574148,True,False,0.3032888148025765,0.205597350918746,10,/Users/nataliewang/Projects/supplychain-OSINT/src/shocks/combo_search_runs/combo_000b4b9202fb/model,beam,5
d5340d9b1af5,2011_thailand_floods|2012_us_droughts|2018_sweden_wildfires|2018_us_china_tariffs|2020_china_covid,5,181,0,rf,0.07973277233948814,True,False,0.38835325962214173,0.20819613839115825,6,/Users/nataliewang/Projects/supplychain-OSINT/src/shocks/combo_search_runs/combo_d5340d9b1af5/model,beam,5
b2b1f0392b39,2011_thailand_floods|2014_indonesia_mineral_export_ban|2017_british_columbia_wildfires|2018_sweden_wildfires|2018_us_china_tariffs,5,167,0,ridge,0.07657744660853949,True,False,0.29202891117357255,0.1918783751786602,10,/Users/nataliewang/Projects/supplychain-OSINT/src/shocks/combo_search_runs/combo_b2b1f0392b39/model,beam,5
72328cd11d7a,2011_thailand_floods|2014_russia_crimea_sanctions|2017_british_columbia_wildfires|2018_sweden_wildfires|2018_us_china_tariffs,5,174,0,gbrt,0.06613900412856291,True,False,0.3476136214147565,0.19030475312562614,10,/Users/nataliewang/Projects/supplychain-OSINT/src/shocks/combo_search_runs/combo_72328cd11d7a/model,beam,5
3ebe046754f7,2011_thailand_floods|2015_samarco_dam_collapse|2017_british_columbia_wildfires|2018_sweden_wildfires|2018_us_china_tariffs,5,201,0,catboost,0.11418697505962519,True,False,0.36471085601025,0.1918364555318371,10,/Users/nataliewang/Projects/supplychain-OSINT/src/shocks/combo_search_runs/combo_3ebe046754f7/model,beam,5
a1ee07fd806e,2011_thailand_floods|2015_tianjin_explosion|2017_british_columbia_wildfires|2018_sweden_wildfires|2018_us_china_tariffs,5,214,0,gbrt,0.09307881376145938,True,False,0.3274750182640622,0.1852532979534247,10,/Users/nataliewang/Projects/supplychain-OSINT/src/shocks/combo_search_runs/combo_a1ee07fd806e/model,beam,5
e72748eb304d,2011_thailand_floods|2017_british_columbia_wildfires|2017_hurricane_maria|2018_sweden_wildfires|2018_us_china_tariffs,5,190,0,rf,0.0880360993033132,True,False,0.339638144131254,0.18321932111733027,10,/Users/nataliewang/Projects/supplychain-OSINT/src/shocks/combo_search_runs/combo_e72748eb304d/model,beam,5
11fa6aad5a17,2011_thailand_floods|2017_british_columbia_wildfires|2018_sweden_wildfires|2018_us_china_tariffs|2019_amazon_forest_fires,5,208,0,catboost,0.06717341036074923,True,False,0.3130007411981151,0.18252762348819979,10,/Users/nataliewang/Projects/supplychain-OSINT/src/shocks/combo_search_runs/combo_11fa6aad5a17/model,beam,5
bd457ac08562,2011_thailand_floods|2017_british_columbia_wildfires|2018_sweden_wildfires|2018_us_china_tariffs|2019_brumadinho_dam_collapse,5,169,0,rf,0.08027741247710737,True,False,0.3387060196125289,0.18257602371880569,10,/Users/nataliewang/Projects/supplychain-OSINT/src/shocks/combo_search_runs/combo_bd457ac08562/model,beam,5
158369ccfd19,2011_thailand_floods|2017_british_columbia_wildfires|2018_sweden_wildfires|2018_us_china_tariffs|2019_saudi_aramco_attack,5,194,0,xgboost,0.15901218854918553,True,False,0.3033049976202072,0.2083006484291686,10,/Users/nataliewang/Projects/supplychain-OSINT/src/shocks/combo_search_runs/combo_158369ccfd19/model,beam,5
202634ef457a,2011_thailand_floods|2017_british_columbia_wildfires|2018_sweden_wildfires|2018_us_china_tariffs|2020_china_covid,5,175,0,rf,0.07382106535404412,True,False,0.37459758817330474,0.1913509825191101,10,/Users/nataliewang/Projects/supplychain-OSINT/src/shocks/combo_search_runs/combo_202634ef457a/model,beam,5
709aabf60d16,2012_us_droughts|2014_indonesia_mineral_export_ban|2017_british_columbia_wildfires|2018_sweden_wildfires|2018_us_china_tariffs,5,132,0,ridge,0.07882085645817881,True,False,0.3090643576912957,0.20439784506122788,10,/Users/nataliewang/Projects/supplychain-OSINT/src/shocks/combo_search_runs/combo_709aabf60d16/model,beam,5
e8ce4dfe07b5,2012_us_droughts|2014_russia_crimea_sanctions|2017_british_columbia_wildfires|2018_sweden_wildfires|2018_us_china_tariffs,5,139,0,rf,0.0620886656277234,True,False,0.3929747387332113,0.18992344189072244,10,/Users/nataliewang/Projects/supplychain-OSINT/src/shocks/combo_search_runs/combo_e8ce4dfe07b5/model,beam,5
cbf1b73eb731,2012_us_droughts|2015_samarco_dam_collapse|2017_british_columbia_wildfires|2018_sweden_wildfires|2018_us_china_tariffs,5,166,0,catboost,0.1051293136156874,True,False,0.39271542607710835,0.19257555253689912,10,/Users/nataliewang/Projects/supplychain-OSINT/src/shocks/combo_search_runs/combo_cbf1b73eb731/model,beam,5
20405214e898,2012_us_droughts|2015_tianjin_explosion|2017_british_columbia_wildfires|2018_sweden_wildfires|2018_us_china_tariffs,5,179,0,catboost,0.09078324558743309,True,False,0.3436276015354745,0.18494814527618467,10,/Users/nataliewang/Projects/supplychain-OSINT/src/shocks/combo_search_runs/combo_20405214e898/model,beam,5
acd915cff47c,2012_us_droughts|2017_british_columbia_wildfires|2017_hurricane_maria|2018_sweden_wildfires|2018_us_china_tariffs,5,155,0,rf,0.08610972354627033,True,False,0.37798550889666105,0.185978336751695,10,/Users/nataliewang/Projects/supplychain-OSINT/src/shocks/combo_search_runs/combo_acd915cff47c/model,beam,5
2d64d8348ce5,2012_us_droughts|2017_british_columbia_wildfires|2018_sweden_wildfires|2018_us_china_tariffs|2019_amazon_forest_fires,5,173,0,rf,0.06728075576895116,True,False,0.3667245729496924,0.1713188363315408,10,/Users/nataliewang/Projects/supplychain-OSINT/src/shocks/combo_search_runs/combo_2d64d8348ce5/model,beam,5
facce2a54342,2012_us_droughts|2017_british_columbia_wildfires|2018_sweden_wildfires|2018_us_china_tariffs|2019_brumadinho_dam_collapse,5,134,0,gbrt,0.09176852076435828,True,False,0.45172710195854426,0.21500351523929181,6,/Users/nataliewang/Projects/supplychain-OSINT/src/shocks/combo_search_runs/combo_facce2a54342/model,beam,5
a684cdc34694,2012_us_droughts|2017_british_columbia_wildfires|2018_sweden_wildfires|2018_us_china_tariffs|2019_saudi_aramco_attack,5,159,0,gbrt,0.14903356882489793,True,False,0.1733950339791196,0.2911328259744903,10,/Users/nataliewang/Projects/supplychain-OSINT/src/shocks/combo_search_runs/combo_a684cdc34694/model,beam,5
906f4b5ae91a,2012_us_droughts|2017_british_columbia_wildfires|2018_sweden_wildfires|2018_us_china_tariffs|2020_china_covid,5,140,0,rf,0.08207903208514838,True,False,0.41786912285707445,0.20133783995113422,6,/Users/nataliewang/Projects/supplychain-OSINT/src/shocks/combo_search_runs/combo_906f4b5ae91a/model,beam,5
c1f30961456a,2010_russia_wheat_ban|2011_japan_earthquake|2011_queensland_floods|2014_indonesia_mineral_export_ban|2018_sweden_wildfires|2018_us_china_tariffs,6,206,0,gbrt,0.23775867706321038,True,True,0.3161201590240578,,0,/Users/nataliewang/Projects/supplychain-OSINT/src/shocks/combo_search_runs/combo_c1f30961456a/model,beam,6
74bddaa4847b,2010_russia_wheat_ban|2011_japan_earthquake|2017_british_columbia_wildfires|2018_sweden_wildfires|2018_us_china_tariffs|2019_amazon_forest_fires,6,229,0,gbrt,0.1105290938365836,True,True,0.448542641803646,,0,/Users/nataliewang/Projects/supplychain-OSINT/src/shocks/combo_search_runs/combo_74bddaa4847b/model,beam,6
c4e042bbbc75,2010_russia_wheat_ban|2011_queensland_floods|2011_thailand_floods|2017_british_columbia_wildfires|2018_sweden_wildfires|2018_us_china_tariffs,6,213,0,catboost,0.2296795892048257,True,True,0.2986528430431851,,0,/Users/nataliewang/Projects/supplychain-OSINT/src/shocks/combo_search_runs/combo_c4e042bbbc75/model,beam,6
ee5688c84e6f,2010_russia_wheat_ban|2011_queensland_floods|2012_us_droughts|2017_british_columbia_wildfires|2018_sweden_wildfires|2018_us_china_tariffs,6,178,0,gbrt,0.21473008645447245,True,True,0.3533219926516404,,0,/Users/nataliewang/Projects/supplychain-OSINT/src/shocks/combo_search_runs/combo_ee5688c84e6f/model,beam,6
6ddfd2990a1d,2010_russia_wheat_ban|2012_us_droughts|2017_british_columbia_wildfires|2018_sweden_wildfires|2018_us_china_tariffs|2019_amazon_forest_fires,6,196,0,gbrt,0.10937078170997068,True,True,0.3895984366827352,,0,/Users/nataliewang/Projects/supplychain-OSINT/src/shocks/combo_search_runs/combo_6ddfd2990a1d/model,beam,6
4f1de7a5a52c,2011_japan_earthquake|2011_queensland_floods|2011_thailand_floods|2014_indonesia_mineral_export_ban|2018_sweden_wildfires|2018_us_china_tariffs,6,236,0,gbrt,0.2113215339051615,True,True,0.2982686412355923,,0,/Users/nataliewang/Projects/supplychain-OSINT/src/shocks/combo_search_runs/combo_4f1de7a5a52c/model,beam,6
71e254127ca4,2011_japan_earthquake|2011_queensland_floods|2011_thailand_floods|2017_british_columbia_wildfires|2018_sweden_wildfires|2018_us_china_tariffs,6,241,0,catboost,0.1976610026147524,True,True,0.2524192465646101,,0,/Users/nataliewang/Projects/supplychain-OSINT/src/shocks/combo_search_runs/combo_71e254127ca4/model,beam,6
6417e4f4c7dc,2011_japan_earthquake|2011_queensland_floods|2012_us_droughts|2014_indonesia_mineral_export_ban|2018_sweden_wildfires|2018_us_china_tariffs,6,201,0,gbrt,0.21163170483933488,True,True,0.30351537232912135,,0,/Users/nataliewang/Projects/supplychain-OSINT/src/shocks/combo_search_runs/combo_6417e4f4c7dc/model,beam,6
88896221510a,2011_japan_earthquake|2011_queensland_floods|2012_us_droughts|2017_british_columbia_wildfires|2018_sweden_wildfires|2018_us_china_tariffs,6,206,0,rf,0.19185880085695214,True,True,0.4118020573792703,,0,/Users/nataliewang/Projects/supplychain-OSINT/src/shocks/combo_search_runs/combo_88896221510a/model,beam,6
d711b5ea2898,2011_japan_earthquake|2011_queensland_floods|2014_indonesia_mineral_export_ban|2014_russia_crimea_sanctions|2018_sweden_wildfires|2018_us_china_tariffs,6,197,0,rf,0.21759513496988506,True,True,0.4136669377273918,,0,/Users/nataliewang/Projects/supplychain-OSINT/src/shocks/combo_search_runs/combo_d711b5ea2898/model,beam,6
b6f50ffe7661,2011_japan_earthquake|2011_queensland_floods|2014_indonesia_mineral_export_ban|2015_samarco_dam_collapse|2018_sweden_wildfires|2018_us_china_tariffs,6,224,0,catboost,0.2243853577585411,True,True,0.2990339180565257,,0,/Users/nataliewang/Projects/supplychain-OSINT/src/shocks/combo_search_runs/combo_b6f50ffe7661/model,beam,6
e8dd43aa32e7,2011_japan_earthquake|2011_queensland_floods|2014_indonesia_mineral_export_ban|2015_tianjin_explosion|2018_sweden_wildfires|2018_us_china_tariffs,6,237,0,catboost,0.2307119322910003,True,True,0.3207808991976779,,0,/Users/nataliewang/Projects/supplychain-OSINT/src/shocks/combo_search_runs/combo_e8dd43aa32e7/model,beam,6
dbbf77037227,2011_japan_earthquake|2011_queensland_floods|2014_indonesia_mineral_export_ban|2017_british_columbia_wildfires|2018_sweden_wildfires|2018_us_china_tariffs,6,195,0,catboost,0.20965465505273762,True,True,0.3000743807496734,,0,/Users/nataliewang/Projects/supplychain-OSINT/src/shocks/combo_search_runs/combo_dbbf77037227/model,beam,6
f5fe0a0a4df3,2011_japan_earthquake|2011_queensland_floods|2014_indonesia_mineral_export_ban|2017_hurricane_maria|2018_sweden_wildfires|2018_us_china_tariffs,6,213,0,gbrt,0.22032423580301227,True,True,0.31885822151918347,,0,/Users/nataliewang/Projects/supplychain-OSINT/src/shocks/combo_search_runs/combo_f5fe0a0a4df3/model,beam,6
be64608b4a27,2011_japan_earthquake|2011_queensland_floods|2014_indonesia_mineral_export_ban|2018_sweden_wildfires|2018_us_china_tariffs|2019_amazon_forest_fires,6,231,0,gbrt,0.20414528717788538,True,True,0.27532526701127813,,0,/Users/nataliewang/Projects/supplychain-OSINT/src/shocks/combo_search_runs/combo_be64608b4a27/model,beam,6
9f7fec403d9e,2011_japan_earthquake|2011_queensland_floods|2014_indonesia_mineral_export_ban|2018_sweden_wildfires|2018_us_china_tariffs|2019_brumadinho_dam_collapse,6,192,0,catboost,0.23278192325546,True,True,0.22161256736914425,,0,/Users/nataliewang/Projects/supplychain-OSINT/src/shocks/combo_search_runs/combo_9f7fec403d9e/model,beam,6
4c42a4e7a9b0,2011_japan_earthquake|2011_queensland_floods|2014_indonesia_mineral_export_ban|2018_sweden_wildfires|2018_us_china_tariffs|2019_saudi_aramco_attack,6,217,0,rf,0.22984217287738887,True,True,0.3633529034179619,,0,/Users/nataliewang/Projects/supplychain-OSINT/src/shocks/combo_search_runs/combo_4c42a4e7a9b0/model,beam,6
25892185a6c6,2011_japan_earthquake|2011_queensland_floods|2014_indonesia_mineral_export_ban|2018_sweden_wildfires|2018_us_china_tariffs|2020_china_covid,6,198,0,gbrt,0.20307594877100596,True,True,0.3291843812944232,,0,/Users/nataliewang/Projects/supplychain-OSINT/src/shocks/combo_search_runs/combo_25892185a6c6/model,beam,6
db8abf4bde28,2011_japan_earthquake|2011_queensland_floods|2017_british_columbia_wildfires|2018_sweden_wildfires|2018_us_china_tariffs|2019_amazon_forest_fires,6,236,0,catboost,0.19240707802978882,True,True,0.27572506714548206,,0,/Users/nataliewang/Projects/supplychain-OSINT/src/shocks/combo_search_runs/combo_db8abf4bde28/model,beam,6
d67419509281,2011_japan_earthquake|2011_thailand_floods|2017_british_columbia_wildfires|2018_sweden_wildfires|2018_us_china_tariffs|2019_amazon_forest_fires,6,259,0,ridge,0.07950680565320595,True,True,0.32624421613315513,,0,/Users/nataliewang/Projects/supplychain-OSINT/src/shocks/combo_search_runs/combo_d67419509281/model,beam,6
eb3325c819a9,2011_japan_earthquake|2012_us_droughts|2017_british_columbia_wildfires|2018_sweden_wildfires|2018_us_china_tariffs|2019_amazon_forest_fires,6,224,0,rf,0.07604800337006383,True,True,0.3712039740211304,,0,/Users/nataliewang/Projects/supplychain-OSINT/src/shocks/combo_search_runs/combo_eb3325c819a9/model,beam,6
0ff6dadd51ed,2011_japan_earthquake|2014_indonesia_mineral_export_ban|2017_british_columbia_wildfires|2018_sweden_wildfires|2018_us_china_tariffs|2019_amazon_forest_fires,6,213,0,ridge,0.07812695881208487,True,True,0.3467817380804674,,0,/Users/nataliewang/Projects/supplychain-OSINT/src/shocks/combo_search_runs/combo_0ff6dadd51ed/model,beam,6
88f531ad2efb,2011_japan_earthquake|2014_russia_crimea_sanctions|2017_british_columbia_wildfires|2018_sweden_wildfires|2018_us_china_tariffs|2019_amazon_forest_fires,6,220,0,rf,0.08334561799985835,True,True,0.3663227991277264,,0,/Users/nataliewang/Projects/supplychain-OSINT/src/shocks/combo_search_runs/combo_88f531ad2efb/model,beam,6
f098bddb3f58,2011_japan_earthquake|2015_samarco_dam_collapse|2017_british_columbia_wildfires|2018_sweden_wildfires|2018_us_china_tariffs|2019_amazon_forest_fires,6,247,0,gbrt,0.1104300469312524,True,True,0.38628503030342204,,0,/Users/nataliewang/Projects/supplychain-OSINT/src/shocks/combo_search_runs/combo_f098bddb3f58/model,beam,6
356566763a47,2011_japan_earthquake|2015_tianjin_explosion|2017_british_columbia_wildfires|2018_sweden_wildfires|2018_us_china_tariffs|2019_amazon_forest_fires,6,260,0,gbrt,0.09429810791875866,True,True,0.3659782113017968,,0,/Users/nataliewang/Projects/supplychain-OSINT/src/shocks/combo_search_runs/combo_356566763a47/model,beam,6
4fcfc94a1257,2011_japan_earthquake|2017_british_columbia_wildfires|2017_hurricane_maria|2018_sweden_wildfires|2018_us_china_tariffs|2019_amazon_forest_fires,6,236,0,rf,0.0970033563184854,True,True,0.3649660661452897,,0,/Users/nataliewang/Projects/supplychain-OSINT/src/shocks/combo_search_runs/combo_4fcfc94a1257/model,beam,6
d190e4bdaace,2011_japan_earthquake|2017_british_columbia_wildfires|2018_sweden_wildfires|2018_us_china_tariffs|2019_amazon_forest_fires|2019_brumadinho_dam_collapse,6,215,0,catboost,0.10131569834059068,True,True,0.3758669929296557,,0,/Users/nataliewang/Projects/supplychain-OSINT/src/shocks/combo_search_runs/combo_d190e4bdaace/model,beam,6
7ce00ecf883e,2011_japan_earthquake|2017_british_columbia_wildfires|2018_sweden_wildfires|2018_us_china_tariffs|2019_amazon_forest_fires|2019_saudi_aramco_attack,6,240,0,gbrt,0.14227086073625786,True,True,0.3588901829493583,,0,/Users/nataliewang/Projects/supplychain-OSINT/src/shocks/combo_search_runs/combo_7ce00ecf883e/model,beam,6
bb2a87dbba7c,2011_japan_earthquake|2017_british_columbia_wildfires|2018_sweden_wildfires|2018_us_china_tariffs|2019_amazon_forest_fires|2020_china_covid,6,221,0,ridge,0.08278710977823033,True,True,0.33556288586331484,,0,/Users/nataliewang/Projects/supplychain-OSINT/src/shocks/combo_search_runs/combo_bb2a87dbba7c/model,beam,6
22e7d3426de8,2011_queensland_floods|2011_thailand_floods|2012_us_droughts|2017_british_columbia_wildfires|2018_sweden_wildfires|2018_us_china_tariffs,6,208,0,catboost,0.1786906166493669,True,True,0.19058972308292002,,0,/Users/nataliewang/Projects/supplychain-OSINT/src/shocks/combo_search_runs/combo_22e7d3426de8/model,beam,6
11f25c965c90,2011_queensland_floods|2011_thailand_floods|2014_indonesia_mineral_export_ban|2017_british_columbia_wildfires|2018_sweden_wildfires|2018_us_china_tariffs,6,197,0,catboost,0.20011177726303986,True,True,0.23447860588912264,,0,/Users/nataliewang/Projects/supplychain-OSINT/src/shocks/combo_search_runs/combo_11f25c965c90/model,beam,6
bb96c35d566c,2011_queensland_floods|2011_thailand_floods|2014_russia_crimea_sanctions|2017_british_columbia_wildfires|2018_sweden_wildfires|2018_us_china_tariffs,6,204,0,catboost,0.194179210141314,True,True,0.19748291958217293,,0,/Users/nataliewang/Projects/supplychain-OSINT/src/shocks/combo_search_runs/combo_bb96c35d566c/model,beam,6
b1ed6d9e16fd,2011_queensland_floods|2011_thailand_floods|2015_samarco_dam_collapse|2017_british_columbia_wildfires|2018_sweden_wildfires|2018_us_china_tariffs,6,231,0,catboost,0.2365952432477334,True,True,0.19399968930632114,,0,/Users/nataliewang/Projects/supplychain-OSINT/src/shocks/combo_search_runs/combo_b1ed6d9e16fd/model,beam,6
a19e32f9fc0d,2011_queensland_floods|2011_thailand_floods|2015_tianjin_explosion|2017_british_columbia_wildfires|2018_sweden_wildfires|2018_us_china_tariffs,6,244,0,catboost,0.1994176744362747,True,True,0.230294207141682,,0,/Users/nataliewang/Projects/supplychain-OSINT/src/shocks/combo_search_runs/combo_a19e32f9fc0d/model,beam,6
8394fff6916a,2011_queensland_floods|2011_thailand_floods|2017_british_columbia_wildfires|2017_hurricane_maria|2018_sweden_wildfires|2018_us_china_tariffs,6,220,0,catboost,0.20491248648096214,True,True,0.2315813763839343,,0,/Users/nataliewang/Projects/supplychain-OSINT/src/shocks/combo_search_runs/combo_8394fff6916a/model,beam,6
b69963d2ad0b,2011_queensland_floods|2011_thailand_floods|2017_british_columbia_wildfires|2018_sweden_wildfires|2018_us_china_tariffs|2019_amazon_forest_fires,6,238,0,catboost,0.19671429382322433,True,False,0.161209396093456,0.14981140343111363,10,/Users/nataliewang/Projects/supplychain-OSINT/src/shocks/combo_search_runs/combo_b69963d2ad0b/model,beam,6
757f0b6b2c27,2011_queensland_floods|2011_thailand_floods|2017_british_columbia_wildfires|2018_sweden_wildfires|2018_us_china_tariffs|2019_brumadinho_dam_collapse,6,199,0,catboost,0.20446343531472852,True,True,0.17561208055122843,,0,/Users/nataliewang/Projects/supplychain-OSINT/src/shocks/combo_search_runs/combo_757f0b6b2c27/model,beam,6
2f4dda166eae,2011_queensland_floods|2011_thailand_floods|2017_british_columbia_wildfires|2018_sweden_wildfires|2018_us_china_tariffs|2019_saudi_aramco_attack,6,224,0,rf,0.2347769034623797,True,True,0.40547146715496996,,0,/Users/nataliewang/Projects/supplychain-OSINT/src/shocks/combo_search_runs/combo_2f4dda166eae/model,beam,6
6d800e1c4573,2011_queensland_floods|2011_thailand_floods|2017_british_columbia_wildfires|2018_sweden_wildfires|2018_us_china_tariffs|2020_china_covid,6,205,0,catboost,0.18968067852585493,True,True,0.2705702074081936,,0,/Users/nataliewang/Projects/supplychain-OSINT/src/shocks/combo_search_runs/combo_6d800e1c4573/model,beam,6
0a43b06bbac2,2011_queensland_floods|2012_us_droughts|2014_indonesia_mineral_export_ban|2017_british_columbia_wildfires|2018_sweden_wildfires|2018_us_china_tariffs,6,162,0,gbrt,0.20799248990549027,True,True,0.2694855591251246,,0,/Users/nataliewang/Projects/supplychain-OSINT/src/shocks/combo_search_runs/combo_0a43b06bbac2/model,beam,6
e469533a6126,2011_queensland_floods|2012_us_droughts|2014_russia_crimea_sanctions|2017_british_columbia_wildfires|2018_sweden_wildfires|2018_us_china_tariffs,6,169,0,catboost,0.19042732997461195,True,True,0.25255285872343725,,0,/Users/nataliewang/Projects/supplychain-OSINT/src/shocks/combo_search_runs/combo_e469533a6126/model,beam,6
2d3b5131ce85,2011_queensland_floods|2012_us_droughts|2015_samarco_dam_collapse|2017_british_columbia_wildfires|2018_sweden_wildfires|2018_us_china_tariffs,6,196,0,catboost,0.20801030628451636,True,True,0.24316068170142707,,0,/Users/nataliewang/Projects/supplychain-OSINT/src/shocks/combo_search_runs/combo_2d3b5131ce85/model,beam,6
efec2c745ec4,2011_queensland_floods|2012_us_droughts|2015_tianjin_explosion|2017_british_columbia_wildfires|2018_sweden_wildfires|2018_us_china_tariffs,6,209,0,catboost,0.2070751030644543,True,True,0.1956599557122276,,0,/Users/nataliewang/Projects/supplychain-OSINT/src/shocks/combo_search_runs/combo_efec2c745ec4/model,beam,6
09279a2e626d,2011_queensland_floods|2012_us_droughts|2017_british_columbia_wildfires|2017_hurricane_maria|2018_sweden_wildfires|2018_us_china_tariffs,6,185,0,catboost,0.2005152605744008,True,True,0.280448663638376,,0,/Users/nataliewang/Projects/supplychain-OSINT/src/shocks/combo_search_runs/combo_09279a2e626d/model,beam,6
e6583f25e44a,2011_queensland_floods|2012_us_droughts|2017_british_columbia_wildfires|2018_sweden_wildfires|2018_us_china_tariffs|2019_amazon_forest_fires,6,203,0,catboost,0.18391823682576172,True,True,0.2388031926868001,,0,/Users/nataliewang/Projects/supplychain-OSINT/src/shocks/combo_search_runs/combo_e6583f25e44a/model,beam,6
93e706a5ba81,2011_queensland_floods|2012_us_droughts|2017_british_columbia_wildfires|2018_sweden_wildfires|2018_us_china_tariffs|2019_brumadinho_dam_collapse,6,164,0,catboost,0.20689172828137722,True,True,0.21431047460185312,,0,/Users/nataliewang/Projects/supplychain-OSINT/src/shocks/combo_search_runs/combo_93e706a5ba81/model,beam,6
ee3d3e19b0b9,2011_queensland_floods|2012_us_droughts|2017_british_columbia_wildfires|2018_sweden_wildfires|2018_us_china_tariffs|2019_saudi_aramco_attack,6,189,0,rf,0.2400528884677807,True,True,0.41358641377038263,,0,/Users/nataliewang/Projects/supplychain-OSINT/src/shocks/combo_search_runs/combo_ee3d3e19b0b9/model,beam,6
5c93250fbed6,2011_queensland_floods|2012_us_droughts|2017_british_columbia_wildfires|2018_sweden_wildfires|2018_us_china_tariffs|2020_china_covid,6,170,0,catboost,0.19743306681384257,True,True,0.2798933991597445,,0,/Users/nataliewang/Projects/supplychain-OSINT/src/shocks/combo_search_runs/combo_5c93250fbed6/model,beam,6
9b73c809399e,2011_thailand_floods|2012_us_droughts|2017_british_columbia_wildfires|2018_sweden_wildfires|2018_us_china_tariffs|2019_amazon_forest_fires,6,226,0,catboost,0.06621393768675736,True,True,0.3209161117120133,,0,/Users/nataliewang/Projects/supplychain-OSINT/src/shocks/combo_search_runs/combo_9b73c809399e/model,beam,6
b6f8ab593cf1,2012_us_droughts|2014_indonesia_mineral_export_ban|2017_british_columbia_wildfires|2018_sweden_wildfires|2018_us_china_tariffs|2019_amazon_forest_fires,6,180,0,rf,0.07708902719925492,True,True,0.3744081448055152,,0,/Users/nataliewang/Projects/supplychain-OSINT/src/shocks/combo_search_runs/combo_b6f8ab593cf1/model,beam,6
31db9e450c06,2012_us_droughts|2014_russia_crimea_sanctions|2017_british_columbia_wildfires|2018_sweden_wildfires|2018_us_china_tariffs|2019_amazon_forest_fires,6,187,0,catboost,0.07295831839814504,True,True,0.372051377161576,,0,/Users/nataliewang/Projects/supplychain-OSINT/src/shocks/combo_search_runs/combo_31db9e450c06/model,beam,6
31b5b73f758f,2012_us_droughts|2015_samarco_dam_collapse|2017_british_columbia_wildfires|2018_sweden_wildfires|2018_us_china_tariffs|2019_amazon_forest_fires,6,214,0,catboost,0.10374092636860356,True,True,0.3579813771818796,,0,/Users/nataliewang/Projects/supplychain-OSINT/src/shocks/combo_search_runs/combo_31b5b73f758f/model,beam,6
ceab20d8fb51,2012_us_droughts|2015_tianjin_explosion|2017_british_columbia_wildfires|2018_sweden_wildfires|2018_us_china_tariffs|2019_amazon_forest_fires,6,227,0,gbrt,0.08786537533580074,True,True,0.3651981156682123,,0,/Users/nataliewang/Projects/supplychain-OSINT/src/shocks/combo_search_runs/combo_ceab20d8fb51/model,beam,6
8838c6b5e254,2012_us_droughts|2017_british_columbia_wildfires|2017_hurricane_maria|2018_sweden_wildfires|2018_us_china_tariffs|2019_amazon_forest_fires,6,203,0,rf,0.08265791934072005,True,True,0.3738050496878892,,0,/Users/nataliewang/Projects/supplychain-OSINT/src/shocks/combo_search_runs/combo_8838c6b5e254/model,beam,6
9822c46d2245,2012_us_droughts|2017_british_columbia_wildfires|2018_sweden_wildfires|2018_us_china_tariffs|2019_amazon_forest_fires|2019_brumadinho_dam_collapse,6,182,0,rf,0.08918828436338844,True,True,0.35757327433813757,,0,/Users/nataliewang/Projects/supplychain-OSINT/src/shocks/combo_search_runs/combo_9822c46d2245/model,beam,6
fb0b042d7cef,2012_us_droughts|2017_british_columbia_wildfires|2018_sweden_wildfires|2018_us_china_tariffs|2019_amazon_forest_fires|2019_saudi_aramco_attack,6,207,0,xgboost,0.1307567726712394,True,True,0.3581182274876855,,0,/Users/nataliewang/Projects/supplychain-OSINT/src/shocks/combo_search_runs/combo_fb0b042d7cef/model,beam,6
543d7915dcaf,2012_us_droughts|2017_british_columbia_wildfires|2018_sweden_wildfires|2018_us_china_tariffs|2019_amazon_forest_fires|2020_china_covid,6,188,0,rf,0.0838083569485989,True,True,0.39248436576831197,,0,/Users/nataliewang/Projects/supplychain-OSINT/src/shocks/combo_search_runs/combo_543d7915dcaf/model,beam,6
ea03bf07a3ee,2010_russia_wheat_ban|2011_japan_earthquake|2011_queensland_floods|2011_thailand_floods|2014_indonesia_mineral_export_ban|2018_sweden_wildfires|2018_us_china_tariffs,7,259,0,gbrt,0.2282767225001201,True,True,0.23749343892866992,,0,/Users/nataliewang/Projects/supplychain-OSINT/src/shocks/combo_search_runs/combo_ea03bf07a3ee/model,beam,7
f409b02d1d23,2010_russia_wheat_ban|2011_japan_earthquake|2011_queensland_floods|2011_thailand_floods|2017_british_columbia_wildfires|2018_sweden_wildfires|2018_us_china_tariffs,7,264,0,catboost,0.2096088693344111,True,True,0.24954320824580065,,0,/Users/nataliewang/Projects/supplychain-OSINT/src/shocks/combo_search_runs/combo_f409b02d1d23/model,beam,7
c1cdfccf7c7b,2010_russia_wheat_ban|2011_japan_earthquake|2011_queensland_floods|2012_us_droughts|2014_indonesia_mineral_export_ban|2018_sweden_wildfires|2018_us_china_tariffs,7,224,0,gbrt,0.20947414561279934,True,True,0.28061435864360323,,0,/Users/nataliewang/Projects/supplychain-OSINT/src/shocks/combo_search_runs/combo_c1cdfccf7c7b/model,beam,7
a03b6cfb2bd4,2010_russia_wheat_ban|2011_japan_earthquake|2011_queensland_floods|2012_us_droughts|2017_british_columbia_wildfires|2018_sweden_wildfires|2018_us_china_tariffs,7,229,0,rf,0.19738912094270794,True,True,0.41722383848198463,,0,/Users/nataliewang/Projects/supplychain-OSINT/src/shocks/combo_search_runs/combo_a03b6cfb2bd4/model,beam,7
0a420efb3543,2010_russia_wheat_ban|2011_japan_earthquake|2011_queensland_floods|2014_indonesia_mineral_export_ban|2014_russia_crimea_sanctions|2018_sweden_wildfires|2018_us_china_tariffs,7,220,0,gbrt,0.21964054898282012,True,True,0.3195456984097784,,0,/Users/nataliewang/Projects/supplychain-OSINT/src/shocks/combo_search_runs/combo_0a420efb3543/model,beam,7
cf2060599dcc,2010_russia_wheat_ban|2011_japan_earthquake|2011_queensland_floods|2014_indonesia_mineral_export_ban|2015_samarco_dam_collapse|2018_sweden_wildfires|2018_us_china_tariffs,7,247,0,catboost,0.23325132789475325,True,True,0.17629242493995806,,0,/Users/nataliewang/Projects/supplychain-OSINT/src/shocks/combo_search_runs/combo_cf2060599dcc/model,beam,7
5f6aba3a6701,2010_russia_wheat_ban|2011_japan_earthquake|2011_queensland_floods|2014_indonesia_mineral_export_ban|2015_tianjin_explosion|2018_sweden_wildfires|2018_us_china_tariffs,7,260,0,catboost,0.22654625167356673,True,True,0.2527489736759207,,0,/Users/nataliewang/Projects/supplychain-OSINT/src/shocks/combo_search_runs/combo_5f6aba3a6701/model,beam,7
d9aa84be0a6d,2010_russia_wheat_ban|2011_japan_earthquake|2011_queensland_floods|2014_indonesia_mineral_export_ban|2017_british_columbia_wildfires|2018_sweden_wildfires|2018_us_china_tariffs,7,218,0,gbrt,0.20595934786236159,True,True,0.2908772869128763,,0,/Users/nataliewang/Projects/supplychain-OSINT/src/shocks/combo_search_runs/combo_d9aa84be0a6d/model,beam,7
9bcd0ffc0468,2010_russia_wheat_ban|2011_japan_earthquake|2011_queensland_floods|2014_indonesia_mineral_export_ban|2017_hurricane_maria|2018_sweden_wildfires|2018_us_china_tariffs,7,236,0,gbrt,0.21489013972393076,True,True,0.3253519647137281,,0,/Users/nataliewang/Projects/supplychain-OSINT/src/shocks/combo_search_runs/combo_9bcd0ffc0468/model,beam,7
ac7a8a11d04e,2010_russia_wheat_ban|2011_japan_earthquake|2011_queensland_floods|2014_indonesia_mineral_export_ban|2018_sweden_wildfires|2018_us_china_tariffs|2019_amazon_forest_fires,7,254,0,catboost,0.21981796218743094,True,True,0.321526703786612,,0,/Users/nataliewang/Projects/supplychain-OSINT/src/shocks/combo_search_runs/combo_ac7a8a11d04e/model,beam,7
6c0166761896,2010_russia_wheat_ban|2011_japan_earthquake|2011_queensland_floods|2014_indonesia_mineral_export_ban|2018_sweden_wildfires|2018_us_china_tariffs|2019_brumadinho_dam_collapse,7,215,0,catboost,0.2460181302616924,True,True,0.25929963970359227,,0,/Users/nataliewang/Projects/supplychain-OSINT/src/shocks/combo_search_runs/combo_6c0166761896/model,beam,7
d68686104b23,2010_russia_wheat_ban|2011_japan_earthquake|2011_queensland_floods|2014_indonesia_mineral_export_ban|2018_sweden_wildfires|2018_us_china_tariffs|2019_saudi_aramco_attack,7,240,0,xgboost,0.22573395719888303,True,True,0.39188855048910376,,0,/Users/nataliewang/Projects/supplychain-OSINT/src/shocks/combo_search_runs/combo_d68686104b23/model,beam,7
a91cd6e0ebbc,2010_russia_wheat_ban|2011_japan_earthquake|2011_queensland_floods|2014_indonesia_mineral_export_ban|2018_sweden_wildfires|2018_us_china_tariffs|2020_china_covid,7,221,0,gbrt,0.2063492914050355,True,True,0.36773092549028286,,0,/Users/nataliewang/Projects/supplychain-OSINT/src/shocks/combo_search_runs/combo_a91cd6e0ebbc/model,beam,7
38a71d615b7a,2010_russia_wheat_ban|2011_japan_earthquake|2011_queensland_floods|2017_british_columbia_wildfires|2018_sweden_wildfires|2018_us_china_tariffs|2019_amazon_forest_fires,7,259,0,gbrt,0.20523544835647725,True,True,0.31917817931664527,,0,/Users/nataliewang/Projects/supplychain-OSINT/src/shocks/combo_search_runs/combo_38a71d615b7a/model,beam,7
f83d80efa915,2010_russia_wheat_ban|2011_japan_earthquake|2011_thailand_floods|2017_british_columbia_wildfires|2018_sweden_wildfires|2018_us_china_tariffs|2019_amazon_forest_fires,7,282,0,gbrt,0.11564615948422939,True,True,0.36829305047432004,,0,/Users/nataliewang/Projects/supplychain-OSINT/src/shocks/combo_search_runs/combo_f83d80efa915/model,beam,7
a26cdc8a9972,2010_russia_wheat_ban|2011_japan_earthquake|2012_us_droughts|2017_british_columbia_wildfires|2018_sweden_wildfires|2018_us_china_tariffs|2019_amazon_forest_fires,7,247,0,gbrt,0.10378013042053569,True,True,0.44003872728028126,,0,/Users/nataliewang/Projects/supplychain-OSINT/src/shocks/combo_search_runs/combo_a26cdc8a9972/model,beam,7
55a81b84a46a,2010_russia_wheat_ban|2011_japan_earthquake|2014_indonesia_mineral_export_ban|2017_british_columbia_wildfires|2018_sweden_wildfires|2018_us_china_tariffs|2019_amazon_forest_fires,7,236,0,gbrt,0.1064680367741259,True,True,0.4424950918016861,,0,/Users/nataliewang/Projects/supplychain-OSINT/src/shocks/combo_search_runs/combo_55a81b84a46a/model,beam,7
af6da5ec363b,2010_russia_wheat_ban|2011_japan_earthquake|2014_russia_crimea_sanctions|2017_british_columbia_wildfires|2018_sweden_wildfires|2018_us_china_tariffs|2019_amazon_forest_fires,7,243,0,rf,0.1124162706079513,True,True,0.44008025793116773,,0,/Users/nataliewang/Projects/supplychain-OSINT/src/shocks/combo_search_runs/combo_af6da5ec363b/model,beam,7
f03b5fd35dd1,2010_russia_wheat_ban|2011_japan_earthquake|2015_samarco_dam_collapse|2017_british_columbia_wildfires|2018_sweden_wildfires|2018_us_china_tariffs|2019_amazon_forest_fires,7,270,0,catboost,0.12910846349525337,True,True,0.3952126033538827,,0,/Users/nataliewang/Projects/supplychain-OSINT/src/shocks/combo_search_runs/combo_f03b5fd35dd1/model,beam,7
bf3f60c48611,2010_russia_wheat_ban|2011_japan_earthquake|2015_tianjin_explosion|2017_british_columbia_wildfires|2018_sweden_wildfires|2018_us_china_tariffs|2019_amazon_forest_fires,7,283,0,gbrt,0.1091589905278824,True,True,0.4478181988160596,,0,/Users/nataliewang/Projects/supplychain-OSINT/src/shocks/combo_search_runs/combo_bf3f60c48611/model,beam,7
2c6223bfefc0,2010_russia_wheat_ban|2011_japan_earthquake|2017_british_columbia_wildfires|2017_hurricane_maria|2018_sweden_wildfires|2018_us_china_tariffs|2019_amazon_forest_fires,7,259,0,gbrt,0.11752633012493859,True,True,0.43698909818570114,,0,/Users/nataliewang/Projects/supplychain-OSINT/src/shocks/combo_search_runs/combo_2c6223bfefc0/model,beam,7
865f24e2df1c,2010_russia_wheat_ban|2011_japan_earthquake|2017_british_columbia_wildfires|2018_sweden_wildfires|2018_us_china_tariffs|2019_amazon_forest_fires|2019_brumadinho_dam_collapse,7,238,0,gbrt,0.1124906904682866,True,True,0.42307332284787574,,0,/Users/nataliewang/Projects/supplychain-OSINT/src/shocks/combo_search_runs/combo_865f24e2df1c/model,beam,7
082ade70159e,2010_russia_wheat_ban|2011_japan_earthquake|2017_british_columbia_wildfires|2018_sweden_wildfires|2018_us_china_tariffs|2019_amazon_forest_fires|2019_saudi_aramco_attack,7,263,0,xgboost,0.1542182771919213,True,True,0.40057531011134445,,0,/Users/nataliewang/Projects/supplychain-OSINT/src/shocks/combo_search_runs/combo_082ade70159e/model,beam,7
a24ebbea55e0,2010_russia_wheat_ban|2011_japan_earthquake|2017_british_columbia_wildfires|2018_sweden_wildfires|2018_us_china_tariffs|2019_amazon_forest_fires|2020_china_covid,7,244,0,xgboost,0.12141457796931883,True,True,0.40513083680984285,,0,/Users/nataliewang/Projects/supplychain-OSINT/src/shocks/combo_search_runs/combo_a24ebbea55e0/model,beam,7
654952368b50,2010_russia_wheat_ban|2011_queensland_floods|2011_thailand_floods|2012_us_droughts|2017_british_columbia_wildfires|2018_sweden_wildfires|2018_us_china_tariffs,7,231,0,catboost,0.19654720080188773,True,True,0.21740511509600333,,0,/Users/nataliewang/Projects/supplychain-OSINT/src/shocks/combo_search_runs/combo_654952368b50/model,beam,7
d287f226f052,2010_russia_wheat_ban|2011_queensland_floods|2011_thailand_floods|2014_indonesia_mineral_export_ban|2017_british_columbia_wildfires|2018_sweden_wildfires|2018_us_china_tariffs,7,220,0,catboost,0.22054702517391697,True,True,0.20156767993381966,,0,/Users/nataliewang/Projects/supplychain-OSINT/src/shocks/combo_search_runs/combo_d287f226f052/model,beam,7
8bb92fcf1343,2010_russia_wheat_ban|2011_queensland_floods|2011_thailand_floods|2014_russia_crimea_sanctions|2017_british_columbia_wildfires|2018_sweden_wildfires|2018_us_china_tariffs,7,227,0,catboost,0.21458377029131226,True,True,0.28049905083359616,,0,/Users/nataliewang/Projects/supplychain-OSINT/src/shocks/combo_search_runs/combo_8bb92fcf1343/model,beam,7
c9f80b6d4d3d,2010_russia_wheat_ban|2011_queensland_floods|2011_thailand_floods|2015_samarco_dam_collapse|2017_british_columbia_wildfires|2018_sweden_wildfires|2018_us_china_tariffs,7,254,0,catboost,0.21707449113787747,True,True,0.17686424399385728,,0,/Users/nataliewang/Projects/supplychain-OSINT/src/shocks/combo_search_runs/combo_c9f80b6d4d3d/model,beam,7
04ee18dba4d8,2010_russia_wheat_ban|2011_queensland_floods|2011_thailand_floods|2015_tianjin_explosion|2017_british_columbia_wildfires|2018_sweden_wildfires|2018_us_china_tariffs,7,267,0,catboost,0.21283179257074178,True,True,0.2553967109727243,,0,/Users/nataliewang/Projects/supplychain-OSINT/src/shocks/combo_search_runs/combo_04ee18dba4d8/model,beam,7
fdbf1d46d7d4,2010_russia_wheat_ban|2011_queensland_floods|2011_thailand_floods|2017_british_columbia_wildfires|2017_hurricane_maria|2018_sweden_wildfires|2018_us_china_tariffs,7,243,0,catboost,0.2118565764582359,True,True,0.2601607404911148,,0,/Users/nataliewang/Projects/supplychain-OSINT/src/shocks/combo_search_runs/combo_fdbf1d46d7d4/model,beam,7
675f8deeb9e8,2010_russia_wheat_ban|2011_queensland_floods|2011_thailand_floods|2017_british_columbia_wildfires|2018_sweden_wildfires|2018_us_china_tariffs|2019_amazon_forest_fires,7,261,0,gbrt,0.21945814658819754,True,True,0.2211342648008363,,0,/Users/nataliewang/Projects/supplychain-OSINT/src/shocks/combo_search_runs/combo_675f8deeb9e8/model,beam,7
db2f8af05104,2010_russia_wheat_ban|2011_queensland_floods|2011_thailand_floods|2017_british_columbia_wildfires|2018_sweden_wildfires|2018_us_china_tariffs|2019_brumadinho_dam_collapse,7,222,0,catboost,0.21370846291869944,True,True,0.26891557176495856,,0,/Users/nataliewang/Projects/supplychain-OSINT/src/shocks/combo_search_runs/combo_db2f8af05104/model,beam,7
bec97123a57c,2010_russia_wheat_ban|2011_queensland_floods|2011_thailand_floods|2017_british_columbia_wildfires|2018_sweden_wildfires|2018_us_china_tariffs|2019_saudi_aramco_attack,7,247,0,rf,0.23649350794322002,True,True,0.4043636395215764,,0,/Users/nataliewang/Projects/supplychain-OSINT/src/shocks/combo_search_runs/combo_bec97123a57c/model,beam,7
04459df1dc7d,2010_russia_wheat_ban|2011_queensland_floods|2011_thailand_floods|2017_british_columbia_wildfires|2018_sweden_wildfires|2018_us_china_tariffs|2020_china_covid,7,228,0,catboost,0.21140583669855856,True,True,0.272060769202043,,0,/Users/nataliewang/Projects/supplychain-OSINT/src/shocks/combo_search_runs/combo_04459df1dc7d/model,beam,7
490db8c841db,2010_russia_wheat_ban|2011_queensland_floods|2012_us_droughts|2014_indonesia_mineral_export_ban|2017_british_columbia_wildfires|2018_sweden_wildfires|2018_us_china_tariffs,7,185,0,catboost,0.21167415936403278,True,True,0.2830531797397868,,0,/Users/nataliewang/Projects/supplychain-OSINT/src/shocks/combo_search_runs/combo_490db8c841db/model,beam,7
12486605d5a1,2010_russia_wheat_ban|2011_queensland_floods|2012_us_droughts|2014_russia_crimea_sanctions|2017_british_columbia_wildfires|2018_sweden_wildfires|2018_us_china_tariffs,7,192,0,rf,0.21482725100101943,True,True,0.4229597464449012,,0,/Users/nataliewang/Projects/supplychain-OSINT/src/shocks/combo_search_runs/combo_12486605d5a1/model,beam,7
f0669a7c4ea3,2010_russia_wheat_ban|2011_queensland_floods|2012_us_droughts|2015_samarco_dam_collapse|2017_british_columbia_wildfires|2018_sweden_wildfires|2018_us_china_tariffs,7,219,0,gbrt,0.21075044922345723,True,True,0.2649731593460173,,0,/Users/nataliewang/Projects/supplychain-OSINT/src/shocks/combo_search_runs/combo_f0669a7c4ea3/model,beam,7
900a36ce7ff9,2010_russia_wheat_ban|2011_queensland_floods|2012_us_droughts|2015_tianjin_explosion|2017_british_columbia_wildfires|2018_sweden_wildfires|2018_us_china_tariffs,7,232,0,gbrt,0.20153917294012222,True,True,0.3488807243068641,,0,/Users/nataliewang/Projects/supplychain-OSINT/src/shocks/combo_search_runs/combo_900a36ce7ff9/model,beam,7
3dfc7637a954,2010_russia_wheat_ban|2011_queensland_floods|2012_us_droughts|2017_british_columbia_wildfires|2017_hurricane_maria|2018_sweden_wildfires|2018_us_china_tariffs,7,208,0,catboost,0.20673220931392247,True,True,0.18320024325753229,,0,/Users/nataliewang/Projects/supplychain-OSINT/src/shocks/combo_search_runs/combo_3dfc7637a954/model,beam,7
ef6cc19d002a,2010_russia_wheat_ban|2011_queensland_floods|2012_us_droughts|2017_british_columbia_wildfires|2018_sweden_wildfires|2018_us_china_tariffs|2019_amazon_forest_fires,7,226,0,gbrt,0.1969170740019425,True,True,0.3685152359829661,,0,/Users/nataliewang/Projects/supplychain-OSINT/src/shocks/combo_search_runs/combo_ef6cc19d002a/model,beam,7
f00dd32a9c0d,2010_russia_wheat_ban|2011_queensland_floods|2012_us_droughts|2017_british_columbia_wildfires|2018_sweden_wildfires|2018_us_china_tariffs|2019_brumadinho_dam_collapse,7,187,0,gbrt,0.21914266503854818,True,True,0.3222463923558335,,0,/Users/nataliewang/Projects/supplychain-OSINT/src/shocks/combo_search_runs/combo_f00dd32a9c0d/model,beam,7
af39480bd110,2010_russia_wheat_ban|2011_queensland_floods|2012_us_droughts|2017_british_columbia_wildfires|2018_sweden_wildfires|2018_us_china_tariffs|2019_saudi_aramco_attack,7,212,0,rf,0.2241948748236637,True,True,0.4534165168815293,,0,/Users/nataliewang/Projects/supplychain-OSINT/src/shocks/combo_search_runs/combo_af39480bd110/model,beam,7
4886d65ad022,2010_russia_wheat_ban|2011_queensland_floods|2012_us_droughts|2017_british_columbia_wildfires|2018_sweden_wildfires|2018_us_china_tariffs|2020_china_covid,7,193,0,rf,0.21661082351963565,True,True,0.4232575867203018,,0,/Users/nataliewang/Projects/supplychain-OSINT/src/shocks/combo_search_runs/combo_4886d65ad022/model,beam,7
1ba6a333054b,2011_japan_earthquake|2011_queensland_floods|2011_thailand_floods|2017_british_columbia_wildfires|2018_sweden_wildfires|2018_us_china_tariffs|2019_amazon_forest_fires,7,289,0,catboost,0.18130497887327793,True,True,0.27021356290427007,,0,/Users/nataliewang/Projects/supplychain-OSINT/src/shocks/combo_search_runs/combo_1ba6a333054b/model,beam,7
232ae226c461,2011_queensland_floods|2011_thailand_floods|2012_us_droughts|2017_british_columbia_wildfires|2018_sweden_wildfires|2018_us_china_tariffs|2019_amazon_forest_fires,7,256,0,catboost,0.17629281489497445,True,True,0.23155715476371808,,0,/Users/nataliewang/Projects/supplychain-OSINT/src/shocks/combo_search_runs/combo_232ae226c461/model,beam,7
d0edfed38d99,2011_queensland_floods|2011_thailand_floods|2014_indonesia_mineral_export_ban|2017_british_columbia_wildfires|2018_sweden_wildfires|2018_us_china_tariffs|2019_amazon_forest_fires,7,245,0,gbrt,0.18992229532430208,True,True,0.2789989289916599,,0,/Users/nataliewang/Projects/supplychain-OSINT/src/shocks/combo_search_runs/combo_d0edfed38d99/model,beam,7
e8b91978a2e5,2011_queensland_floods|2011_thailand_floods|2014_russia_crimea_sanctions|2017_british_columbia_wildfires|2018_sweden_wildfires|2018_us_china_tariffs|2019_amazon_forest_fires,7,252,0,gbrt,0.19607951726292436,True,True,0.2795089586967502,,0,/Users/nataliewang/Projects/supplychain-OSINT/src/shocks/combo_search_runs/combo_e8b91978a2e5/model,beam,7
693c9fb36875,2011_queensland_floods|2011_thailand_floods|2015_samarco_dam_collapse|2017_british_columbia_wildfires|2018_sweden_wildfires|2018_us_china_tariffs|2019_amazon_forest_fires,7,279,0,catboost,0.20217692144861418,True,True,0.20630738549537755,,0,/Users/nataliewang/Projects/supplychain-OSINT/src/shocks/combo_search_runs/combo_693c9fb36875/model,beam,7
94ade5c168fc,2011_queensland_floods|2011_thailand_floods|2015_tianjin_explosion|2017_british_columbia_wildfires|2018_sweden_wildfires|2018_us_china_tariffs|2019_amazon_forest_fires,7,292,0,catboost,0.18744413038264834,True,True,0.2335041165893478,,0,/Users/nataliewang/Projects/supplychain-OSINT/src/shocks/combo_search_runs/combo_94ade5c168fc/model,beam,7
8c4544225add,2011_queensland_floods|2011_thailand_floods|2017_british_columbia_wildfires|2017_hurricane_maria|2018_sweden_wildfires|2018_us_china_tariffs|2019_amazon_forest_fires,7,268,0,catboost,0.19834532319054407,True,True,0.2221648843258402,,0,/Users/nataliewang/Projects/supplychain-OSINT/src/shocks/combo_search_runs/combo_8c4544225add/model,beam,7
6f70dcc70c5c,2011_queensland_floods|2011_thailand_floods|2017_british_columbia_wildfires|2018_sweden_wildfires|2018_us_china_tariffs|2019_amazon_forest_fires|2019_brumadinho_dam_collapse,7,247,0,catboost,0.18628976674776185,True,True,0.299221332154039,,0,/Users/nataliewang/Projects/supplychain-OSINT/src/shocks/combo_search_runs/combo_6f70dcc70c5c/model,beam,7
2839ff6a66c6,2011_queensland_floods|2011_thailand_floods|2017_british_columbia_wildfires|2018_sweden_wildfires|2018_us_china_tariffs|2019_amazon_forest_fires|2019_saudi_aramco_attack,7,272,0,rf,0.20756502658878398,True,True,0.4199421432071271,,0,/Users/nataliewang/Projects/supplychain-OSINT/src/shocks/combo_search_runs/combo_2839ff6a66c6/model,beam,7
918f188022a3,2011_queensland_floods|2011_thailand_floods|2017_british_columbia_wildfires|2018_sweden_wildfires|2018_us_china_tariffs|2019_amazon_forest_fires|2020_china_covid,7,253,0,gbrt,0.19106370178542087,True,True,0.26593541681088195,,0,/Users/nataliewang/Projects/supplychain-OSINT/src/shocks/combo_search_runs/combo_918f188022a3/model,beam,7
57a1d4d476a3,2010_russia_wheat_ban|2011_japan_earthquake|2011_queensland_floods|2011_thailand_floods|2012_us_droughts|2014_indonesia_mineral_export_ban|2018_sweden_wildfires|2018_us_china_tariffs,8,277,0,gbrt,0.1915028460565234,True,True,0.24730585745982203,,0,/Users/nataliewang/Projects/supplychain-OSINT/src/shocks/combo_search_runs/combo_57a1d4d476a3/model,beam,8
bea8e054d227,2010_russia_wheat_ban|2011_japan_earthquake|2011_queensland_floods|2011_thailand_floods|2012_us_droughts|2017_british_columbia_wildfires|2018_sweden_wildfires|2018_us_china_tariffs,8,282,0,catboost,0.18636906857897534,True,True,0.23198969088103727,,0,/Users/nataliewang/Projects/supplychain-OSINT/src/shocks/combo_search_runs/combo_bea8e054d227/model,beam,8
00436fb5a669,2010_russia_wheat_ban|2011_japan_earthquake|2011_queensland_floods|2011_thailand_floods|2014_indonesia_mineral_export_ban|2014_russia_crimea_sanctions|2018_sweden_wildfires|2018_us_china_tariffs,8,273,0,gbrt,0.20691492013942997,True,True,0.2147015438249601,,0,/Users/nataliewang/Projects/supplychain-OSINT/src/shocks/combo_search_runs/combo_00436fb5a669/model,beam,8
ec4eb10008b7,2010_russia_wheat_ban|2011_japan_earthquake|2011_queensland_floods|2011_thailand_floods|2014_indonesia_mineral_export_ban|2015_samarco_dam_collapse|2018_sweden_wildfires|2018_us_china_tariffs,8,300,0,catboost,0.22876605550363488,True,True,0.2759600205951974,,0,/Users/nataliewang/Projects/supplychain-OSINT/src/shocks/combo_search_runs/combo_ec4eb10008b7/model,beam,8
23291aff8f9e,2010_russia_wheat_ban|2011_japan_earthquake|2011_queensland_floods|2011_thailand_floods|2014_indonesia_mineral_export_ban|2015_tianjin_explosion|2018_sweden_wildfires|2018_us_china_tariffs,8,313,0,gbrt,0.21547978140175314,True,True,0.2689829702875744,,0,/Users/nataliewang/Projects/supplychain-OSINT/src/shocks/combo_search_runs/combo_23291aff8f9e/model,beam,8
6dc68c83c4f3,2010_russia_wheat_ban|2011_japan_earthquake|2011_queensland_floods|2011_thailand_floods|2014_indonesia_mineral_export_ban|2017_british_columbia_wildfires|2018_sweden_wildfires|2018_us_china_tariffs,8,271,0,catboost,0.20523172756053265,True,True,0.2653838313394729,,0,/Users/nataliewang/Projects/supplychain-OSINT/src/shocks/combo_search_runs/combo_6dc68c83c4f3/model,beam,8
2aaac56c3528,2010_russia_wheat_ban|2011_japan_earthquake|2011_queensland_floods|2011_thailand_floods|2014_indonesia_mineral_export_ban|2017_hurricane_maria|2018_sweden_wildfires|2018_us_china_tariffs,8,289,0,catboost,0.218519325903631,True,True,0.3082942454842386,,0,/Users/nataliewang/Projects/supplychain-OSINT/src/shocks/combo_search_runs/combo_2aaac56c3528/model,beam,8
fbafa22895e0,2010_russia_wheat_ban|2011_japan_earthquake|2011_queensland_floods|2011_thailand_floods|2014_indonesia_mineral_export_ban|2018_sweden_wildfires|2018_us_china_tariffs|2019_amazon_forest_fires,8,307,0,gbrt,0.21665058893597505,True,True,0.22871988625919454,,0,/Users/nataliewang/Projects/supplychain-OSINT/src/shocks/combo_search_runs/combo_fbafa22895e0/model,beam,8
66b716877219,2010_russia_wheat_ban|2011_japan_earthquake|2011_queensland_floods|2011_thailand_floods|2014_indonesia_mineral_export_ban|2018_sweden_wildfires|2018_us_china_tariffs|2019_brumadinho_dam_collapse,8,268,0,catboost,0.21761306255012042,True,True,0.28995116059476,,0,/Users/nataliewang/Projects/supplychain-OSINT/src/shocks/combo_search_runs/combo_66b716877219/model,beam,8
99f960ca4cef,2010_russia_wheat_ban|2011_japan_earthquake|2011_queensland_floods|2011_thailand_floods|2014_indonesia_mineral_export_ban|2018_sweden_wildfires|2018_us_china_tariffs|2019_saudi_aramco_attack,8,293,0,xgboost,0.21560787436921433,True,True,0.33503149100622076,,0,/Users/nataliewang/Projects/supplychain-OSINT/src/shocks/combo_search_runs/combo_99f960ca4cef/model,beam,8
6f6bd1dd2484,2010_russia_wheat_ban|2011_japan_earthquake|2011_queensland_floods|2011_thailand_floods|2014_indonesia_mineral_export_ban|2018_sweden_wildfires|2018_us_china_tariffs|2020_china_covid,8,274,0,rf,0.19591740388829942,True,True,0.3608371890353534,,0,/Users/nataliewang/Projects/supplychain-OSINT/src/shocks/combo_search_runs/combo_6f6bd1dd2484/model,beam,8
ae97771cf948,2010_russia_wheat_ban|2011_japan_earthquake|2011_queensland_floods|2011_thailand_floods|2014_russia_crimea_sanctions|2017_british_columbia_wildfires|2018_sweden_wildfires|2018_us_china_tariffs,8,278,0,catboost,0.20201681990158613,True,True,0.1758082223544328,,0,/Users/nataliewang/Projects/supplychain-OSINT/src/shocks/combo_search_runs/combo_ae97771cf948/model,beam,8
ae7a56aea0ce,2010_russia_wheat_ban|2011_japan_earthquake|2011_queensland_floods|2011_thailand_floods|2015_samarco_dam_collapse|2017_british_columbia_wildfires|2018_sweden_wildfires|2018_us_china_tariffs,8,305,0,catboost,0.20856680839447492,True,True,0.2547788924600103,,0,/Users/nataliewang/Projects/supplychain-OSINT/src/shocks/combo_search_runs/combo_ae7a56aea0ce/model,beam,8
79a463179096,2010_russia_wheat_ban|2011_japan_earthquake|2011_queensland_floods|2011_thailand_floods|2015_tianjin_explosion|2017_british_columbia_wildfires|2018_sweden_wildfires|2018_us_china_tariffs,8,318,0,gbrt,0.19880389286589814,True,True,0.27223831406001026,,0,/Users/nataliewang/Projects/supplychain-OSINT/src/shocks/combo_search_runs/combo_79a463179096/model,beam,8
4943fc6cf421,2010_russia_wheat_ban|2011_japan_earthquake|2011_queensland_floods|2011_thailand_floods|2017_british_columbia_wildfires|2017_hurricane_maria|2018_sweden_wildfires|2018_us_china_tariffs,8,294,0,catboost,0.19805488537886648,True,True,0.250142353292908,,0,/Users/nataliewang/Projects/supplychain-OSINT/src/shocks/combo_search_runs/combo_4943fc6cf421/model,beam,8
270a2bc7d034,2010_russia_wheat_ban|2011_japan_earthquake|2011_queensland_floods|2011_thailand_floods|2017_british_columbia_wildfires|2018_sweden_wildfires|2018_us_china_tariffs|2019_amazon_forest_fires,8,312,0,catboost,0.1947918596331555,True,True,0.24700276775138486,,0,/Users/nataliewang/Projects/supplychain-OSINT/src/shocks/combo_search_runs/combo_270a2bc7d034/model,beam,8
0715704a1558,2010_russia_wheat_ban|2011_japan_earthquake|2011_queensland_floods|2011_thailand_floods|2017_british_columbia_wildfires|2018_sweden_wildfires|2018_us_china_tariffs|2019_brumadinho_dam_collapse,8,273,0,catboost,0.19629071108451246,True,True,0.20035957244260044,,0,/Users/nataliewang/Projects/supplychain-OSINT/src/shocks/combo_search_runs/combo_0715704a1558/model,beam,8
ad5e60e8bdc8,2010_russia_wheat_ban|2011_japan_earthquake|2011_queensland_floods|2011_thailand_floods|2017_british_columbia_wildfires|2018_sweden_wildfires|2018_us_china_tariffs|2019_saudi_aramco_attack,8,298,0,rf,0.21515877099335345,True,True,0.3750392470329409,,0,/Users/nataliewang/Projects/supplychain-OSINT/src/shocks/combo_search_runs/combo_ad5e60e8bdc8/model,beam,8
627e0984d283,2010_russia_wheat_ban|2011_japan_earthquake|2011_queensland_floods|2011_thailand_floods|2017_british_columbia_wildfires|2018_sweden_wildfires|2018_us_china_tariffs|2020_china_covid,8,279,0,rf,0.19794739574659542,True,True,0.3571442605036489,,0,/Users/nataliewang/Projects/supplychain-OSINT/src/shocks/combo_search_runs/combo_627e0984d283/model,beam,8
4eaffc77c331,2010_russia_wheat_ban|2011_japan_earthquake|2011_queensland_floods|2012_us_droughts|2014_indonesia_mineral_export_ban|2014_russia_crimea_sanctions|2018_sweden_wildfires|2018_us_china_tariffs,8,238,0,gbrt,0.19574019685681365,True,True,0.3318098547771236,,0,/Users/nataliewang/Projects/supplychain-OSINT/src/shocks/combo_search_runs/combo_4eaffc77c331/model,beam,8
896c25edaa23,2010_russia_wheat_ban|2011_japan_earthquake|2011_queensland_floods|2012_us_droughts|2014_indonesia_mineral_export_ban|2015_samarco_dam_collapse|2018_sweden_wildfires|2018_us_china_tariffs,8,265,0,gbrt,0.2014736718090372,True,True,0.2670096775116312,,0,/Users/nataliewang/Projects/supplychain-OSINT/src/shocks/combo_search_runs/combo_896c25edaa23/model,beam,8
ad89f8620729,2010_russia_wheat_ban|2011_japan_earthquake|2011_queensland_floods|2012_us_droughts|2014_indonesia_mineral_export_ban|2015_tianjin_explosion|2018_sweden_wildfires|2018_us_china_tariffs,8,278,0,xgboost,0.2110331908482767,True,True,0.3914532692024628,,0,/Users/nataliewang/Projects/supplychain-OSINT/src/shocks/combo_search_runs/combo_ad89f8620729/model,beam,8
3743d1346c4c,2010_russia_wheat_ban|2011_japan_earthquake|2011_queensland_floods|2012_us_droughts|2014_indonesia_mineral_export_ban|2017_british_columbia_wildfires|2018_sweden_wildfires|2018_us_china_tariffs,8,236,0,gbrt,0.1828808103626843,True,True,0.2950826270694432,,0,/Users/nataliewang/Projects/supplychain-OSINT/src/shocks/combo_search_runs/combo_3743d1346c4c/model,beam,8
682d0f78914b,2010_russia_wheat_ban|2011_japan_earthquake|2011_queensland_floods|2012_us_droughts|2014_indonesia_mineral_export_ban|2017_hurricane_maria|2018_sweden_wildfires|2018_us_china_tariffs,8,254,0,gbrt,0.19324981828232005,True,True,0.31104182151878595,,0,/Users/nataliewang/Projects/supplychain-OSINT/src/shocks/combo_search_runs/combo_682d0f78914b/model,beam,8
5a89f3e6dbba,2010_russia_wheat_ban|2011_japan_earthquake|2011_queensland_floods|2012_us_droughts|2014_indonesia_mineral_export_ban|2018_sweden_wildfires|2018_us_china_tariffs|2019_amazon_forest_fires,8,272,0,rf,0.1930500581742414,True,True,0.4152559574665338,,0,/Users/nataliewang/Projects/supplychain-OSINT/src/shocks/combo_search_runs/combo_5a89f3e6dbba/model,beam,8
be0853cc2fd1,2010_russia_wheat_ban|2011_japan_earthquake|2011_queensland_floods|2012_us_droughts|2014_indonesia_mineral_export_ban|2018_sweden_wildfires|2018_us_china_tariffs|2019_brumadinho_dam_collapse,8,233,0,catboost,0.20895121476872636,True,True,0.2383006663515397,,0,/Users/nataliewang/Projects/supplychain-OSINT/src/shocks/combo_search_runs/combo_be0853cc2fd1/model,beam,8
ea9af36a3e4c,2010_russia_wheat_ban|2011_japan_earthquake|2011_queensland_floods|2012_us_droughts|2014_indonesia_mineral_export_ban|2018_sweden_wildfires|2018_us_china_tariffs|2019_saudi_aramco_attack,8,258,0,xgboost,0.20638156607345884,True,True,0.38952835861914276,,0,/Users/nataliewang/Projects/supplychain-OSINT/src/shocks/combo_search_runs/combo_ea9af36a3e4c/model,beam,8
25697c282b44,2010_russia_wheat_ban|2011_japan_earthquake|2011_queensland_floods|2012_us_droughts|2014_indonesia_mineral_export_ban|2018_sweden_wildfires|2018_us_china_tariffs|2020_china_covid,8,239,0,gbrt,0.19264787289364899,True,True,0.3728721058116195,,0,/Users/nataliewang/Projects/supplychain-OSINT/src/shocks/combo_search_runs/combo_25697c282b44/model,beam,8
8105807a2b5e,2010_russia_wheat_ban|2011_japan_earthquake|2011_queensland_floods|2012_us_droughts|2014_russia_crimea_sanctions|2017_british_columbia_wildfires|2018_sweden_wildfires|2018_us_china_tariffs,8,243,0,rf,0.1861270170742661,True,True,0.4245218600654288,,0,/Users/nataliewang/Projects/supplychain-OSINT/src/shocks/combo_search_runs/combo_8105807a2b5e/model,beam,8
c3c5d9c2c9a6,2010_russia_wheat_ban|2011_japan_earthquake|2011_queensland_floods|2012_us_droughts|2015_samarco_dam_collapse|2017_british_columbia_wildfires|2018_sweden_wildfires|2018_us_china_tariffs,8,270,0,catboost,0.19668679383258306,True,True,0.25616587249024375,,0,/Users/nataliewang/Projects/supplychain-OSINT/src/shocks/combo_search_runs/combo_c3c5d9c2c9a6/model,beam,8
746552a22901,2010_russia_wheat_ban|2011_japan_earthquake|2011_queensland_floods|2012_us_droughts|2015_tianjin_explosion|2017_british_columbia_wildfires|2018_sweden_wildfires|2018_us_china_tariffs,8,283,0,catboost,0.18858013354115888,True,True,0.22373714085194493,,0,/Users/nataliewang/Projects/supplychain-OSINT/src/shocks/combo_search_runs/combo_746552a22901/model,beam,8
f31da20a0bcc,2010_russia_wheat_ban|2011_japan_earthquake|2011_queensland_floods|2012_us_droughts|2017_british_columbia_wildfires|2017_hurricane_maria|2018_sweden_wildfires|2018_us_china_tariffs,8,259,0,gbrt,0.1921035045303527,True,True,0.2204049120983863,,0,/Users/nataliewang/Projects/supplychain-OSINT/src/shocks/combo_search_runs/combo_f31da20a0bcc/model,beam,8
57b6bd8a7521,2010_russia_wheat_ban|2011_japan_earthquake|2011_queensland_floods|2012_us_droughts|2017_british_columbia_wildfires|2018_sweden_wildfires|2018_us_china_tariffs|2019_amazon_forest_fires,8,277,0,rf,0.1811737735868392,True,True,0.42828913957449644,,0,/Users/nataliewang/Projects/supplychain-OSINT/src/shocks/combo_search_runs/combo_57b6bd8a7521/model,beam,8
2b5f6d51c503,2010_russia_wheat_ban|2011_japan_earthquake|2011_queensland_floods|2012_us_droughts|2017_british_columbia_wildfires|2018_sweden_wildfires|2018_us_china_tariffs|2019_brumadinho_dam_collapse,8,238,0,catboost,0.1930726194561186,True,True,0.24829467346133138,,0,/Users/nataliewang/Projects/supplychain-OSINT/src/shocks/combo_search_runs/combo_2b5f6d51c503/model,beam,8
002c147b8439,2010_russia_wheat_ban|2011_japan_earthquake|2011_queensland_floods|2012_us_droughts|2017_british_columbia_wildfires|2018_sweden_wildfires|2018_us_china_tariffs|2019_saudi_aramco_attack,8,263,0,gbrt,0.19852308832696414,True,True,0.33031099990877966,,0,/Users/nataliewang/Projects/supplychain-OSINT/src/shocks/combo_search_runs/combo_002c147b8439/model,beam,8
329ff5bdac75,2010_russia_wheat_ban|2011_japan_earthquake|2011_queensland_floods|2012_us_droughts|2017_british_columbia_wildfires|2018_sweden_wildfires|2018_us_china_tariffs|2020_china_covid,8,244,0,rf,0.189435917625635,True,True,0.4274996471209175,,0,/Users/nataliewang/Projects/supplychain-OSINT/src/shocks/combo_search_runs/combo_329ff5bdac75/model,beam,8
fb7a941d4e6e,2010_russia_wheat_ban|2011_japan_earthquake|2011_queensland_floods|2014_indonesia_mineral_export_ban|2014_russia_crimea_sanctions|2015_samarco_dam_collapse|2018_sweden_wildfires|2018_us_china_tariffs,8,261,0,gbrt,0.23466796441670193,True,True,0.2591769327427505,,0,/Users/nataliewang/Projects/supplychain-OSINT/src/shocks/combo_search_runs/combo_fb7a941d4e6e/model,beam,8
fd430e90c2aa,2010_russia_wheat_ban|2011_japan_earthquake|2011_queensland_floods|2014_indonesia_mineral_export_ban|2014_russia_crimea_sanctions|2015_tianjin_explosion|2018_sweden_wildfires|2018_us_china_tariffs,8,274,0,gbrt,0.22102573024826952,True,True,0.26867111382494924,,0,/Users/nataliewang/Projects/supplychain-OSINT/src/shocks/combo_search_runs/combo_fd430e90c2aa/model,beam,8
8a628bab85a8,2010_russia_wheat_ban|2011_japan_earthquake|2011_queensland_floods|2014_indonesia_mineral_export_ban|2014_russia_crimea_sanctions|2017_british_columbia_wildfires|2018_sweden_wildfires|2018_us_china_tariffs,8,232,0,gbrt,0.19536040769860033,True,True,0.294035067584802,,0,/Users/nataliewang/Projects/supplychain-OSINT/src/shocks/combo_search_runs/combo_8a628bab85a8/model,beam,8
8f70942198c1,2010_russia_wheat_ban|2011_japan_earthquake|2011_queensland_floods|2014_indonesia_mineral_export_ban|2014_russia_crimea_sanctions|2017_hurricane_maria|2018_sweden_wildfires|2018_us_china_tariffs,8,250,0,gbrt,0.20309248898516014,True,True,0.3370454062194497,,0,/Users/nataliewang/Projects/supplychain-OSINT/src/shocks/combo_search_runs/combo_8f70942198c1/model,beam,8
a2f4b343152d,2010_russia_wheat_ban|2011_japan_earthquake|2011_queensland_floods|2014_indonesia_mineral_export_ban|2014_russia_crimea_sanctions|2018_sweden_wildfires|2018_us_china_tariffs|2019_amazon_forest_fires,8,268,0,gbrt,0.19929845250473383,True,True,0.25930269007840007,,0,/Users/nataliewang/Projects/supplychain-OSINT/src/shocks/combo_search_runs/combo_a2f4b343152d/model,beam,8
1e2b0f17436d,2010_russia_wheat_ban|2011_japan_earthquake|2011_queensland_floods|2014_indonesia_mineral_export_ban|2014_russia_crimea_sanctions|2018_sweden_wildfires|2018_us_china_tariffs|2019_brumadinho_dam_collapse,8,229,0,gbrt,0.21578022423291793,True,True,0.266819312440838,,0,/Users/nataliewang/Projects/supplychain-OSINT/src/shocks/combo_search_runs/combo_1e2b0f17436d/model,beam,8
6ccb962523df,2010_russia_wheat_ban|2011_japan_earthquake|2011_queensland_floods|2014_indonesia_mineral_export_ban|2014_russia_crimea_sanctions|2018_sweden_wildfires|2018_us_china_tariffs|2019_saudi_aramco_attack,8,254,0,xgboost,0.19784379229094773,True,True,0.3910067636823444,,0,/Users/nataliewang/Projects/supplychain-OSINT/src/shocks/combo_search_runs/combo_6ccb962523df/model,beam,8
05bac15e00f1,2010_russia_wheat_ban|2011_japan_earthquake|2011_queensland_floods|2014_indonesia_mineral_export_ban|2014_russia_crimea_sanctions|2018_sweden_wildfires|2018_us_china_tariffs|2020_china_covid,8,235,0,gbrt,0.19394571307731004,True,True,0.292445075777516,,0,/Users/nataliewang/Projects/supplychain-OSINT/src/shocks/combo_search_runs/combo_05bac15e00f1/model,beam,8
2db2f7d36b56,2010_russia_wheat_ban|2011_japan_earthquake|2011_queensland_floods|2011_thailand_floods|2012_us_droughts|2014_indonesia_mineral_export_ban|2014_russia_crimea_sanctions|2018_sweden_wildfires|2018_us_china_tariffs,9,291,0,gbrt,0.18602436104805323,True,True,0.2067136707469013,,0,/Users/nataliewang/Projects/supplychain-OSINT/src/shocks/combo_search_runs/combo_2db2f7d36b56/model,beam,9
c5ba8ab107f9,2010_russia_wheat_ban|2011_japan_earthquake|2011_queensland_floods|2011_thailand_floods|2012_us_droughts|2014_indonesia_mineral_export_ban|2015_samarco_dam_collapse|2018_sweden_wildfires|2018_us_china_tariffs,9,318,0,rf,0.19649682569832902,True,True,0.36647575419323347,,0,/Users/nataliewang/Projects/supplychain-OSINT/src/shocks/combo_search_runs/combo_c5ba8ab107f9/model,beam,9
e8428e1fc981,2010_russia_wheat_ban|2011_japan_earthquake|2011_queensland_floods|2011_thailand_floods|2012_us_droughts|2014_indonesia_mineral_export_ban|2015_tianjin_explosion|2018_sweden_wildfires|2018_us_china_tariffs,9,331,0,gbrt,0.19394937749302804,True,True,0.30079421753866775,,0,/Users/nataliewang/Projects/supplychain-OSINT/src/shocks/combo_search_runs/combo_e8428e1fc981/model,beam,9
1375bc92e91a,2010_russia_wheat_ban|2011_japan_earthquake|2011_queensland_floods|2011_thailand_floods|2012_us_droughts|2014_indonesia_mineral_export_ban|2017_british_columbia_wildfires|2018_sweden_wildfires|2018_us_china_tariffs,9,289,0,gbrt,0.18094910544449064,True,True,0.28339974020295267,,0,/Users/nataliewang/Projects/supplychain-OSINT/src/shocks/combo_search_runs/combo_1375bc92e91a/model,beam,9
0fecebb82b7f,2010_russia_wheat_ban|2011_japan_earthquake|2011_queensland_floods|2011_thailand_floods|2012_us_droughts|2014_indonesia_mineral_export_ban|2017_hurricane_maria|2018_sweden_wildfires|2018_us_china_tariffs,9,307,0,gbrt,0.1814032198564881,True,True,0.2815448342234711,,0,/Users/nataliewang/Projects/supplychain-OSINT/src/shocks/combo_search_runs/combo_0fecebb82b7f/model,beam,9
af82830d6ef7,2010_russia_wheat_ban|2011_japan_earthquake|2011_queensland_floods|2011_thailand_floods|2012_us_droughts|2014_indonesia_mineral_export_ban|2018_sweden_wildfires|2018_us_china_tariffs|2019_amazon_forest_fires,9,325,0,gbrt,0.18150954857357532,True,True,0.27056047382152915,,0,/Users/nataliewang/Projects/supplychain-OSINT/src/shocks/combo_search_runs/combo_af82830d6ef7/model,beam,9
7d044b66b1f1,2010_russia_wheat_ban|2011_japan_earthquake|2011_queensland_floods|2011_thailand_floods|2012_us_droughts|2014_indonesia_mineral_export_ban|2018_sweden_wildfires|2018_us_china_tariffs|2019_brumadinho_dam_collapse,9,286,0,catboost,0.20023720158345026,True,True,0.28121363665900084,,0,/Users/nataliewang/Projects/supplychain-OSINT/src/shocks/combo_search_runs/combo_7d044b66b1f1/model,beam,9
f7e84bbf5951,2010_russia_wheat_ban|2011_japan_earthquake|2011_queensland_floods|2011_thailand_floods|2012_us_droughts|2014_indonesia_mineral_export_ban|2018_sweden_wildfires|2018_us_china_tariffs|2019_saudi_aramco_attack,9,311,0,gbrt,0.1922342661246528,True,True,0.2571563836330963,,0,/Users/nataliewang/Projects/supplychain-OSINT/src/shocks/combo_search_runs/combo_f7e84bbf5951/model,beam,9
da32cd392c34,2010_russia_wheat_ban|2011_japan_earthquake|2011_queensland_floods|2011_thailand_floods|2012_us_droughts|2014_indonesia_mineral_export_ban|2018_sweden_wildfires|2018_us_china_tariffs|2020_china_covid,9,292,0,rf,0.18236242403536979,True,True,0.36131653926808344,,0,/Users/nataliewang/Projects/supplychain-OSINT/src/shocks/combo_search_runs/combo_da32cd392c34/model,beam,9
4d2888b222ef,2010_russia_wheat_ban|2011_japan_earthquake|2011_queensland_floods|2011_thailand_floods|2012_us_droughts|2014_russia_crimea_sanctions|2017_british_columbia_wildfires|2018_sweden_wildfires|2018_us_china_tariffs,9,296,0,catboost,0.17867551096691467,True,True,0.2753637196490957,,0,/Users/nataliewang/Projects/supplychain-OSINT/src/shocks/combo_search_runs/combo_4d2888b222ef/model,beam,9
98f488afe508,2010_russia_wheat_ban|2011_japan_earthquake|2011_queensland_floods|2011_thailand_floods|2012_us_droughts|2015_samarco_dam_collapse|2017_british_columbia_wildfires|2018_sweden_wildfires|2018_us_china_tariffs,9,323,0,catboost,0.1937958872751837,True,True,0.2612146544517476,,0,/Users/nataliewang/Projects/supplychain-OSINT/src/shocks/combo_search_runs/combo_98f488afe508/model,beam,9
5804c207efac,2010_russia_wheat_ban|2011_japan_earthquake|2011_queensland_floods|2011_thailand_floods|2012_us_droughts|2015_tianjin_explosion|2017_british_columbia_wildfires|2018_sweden_wildfires|2018_us_china_tariffs,9,336,0,catboost,0.18473180735639938,True,True,0.3126967220520095,,0,/Users/nataliewang/Projects/supplychain-OSINT/src/shocks/combo_search_runs/combo_5804c207efac/model,beam,9
b86f8377a327,2010_russia_wheat_ban|2011_japan_earthquake|2011_queensland_floods|2011_thailand_floods|2012_us_droughts|2017_british_columbia_wildfires|2017_hurricane_maria|2018_sweden_wildfires|2018_us_china_tariffs,9,312,0,gbrt,0.17862349850260403,True,True,0.3012516990814247,,0,/Users/nataliewang/Projects/supplychain-OSINT/src/shocks/combo_search_runs/combo_b86f8377a327/model,beam,9
4ac24f5f3964,2010_russia_wheat_ban|2011_japan_earthquake|2011_queensland_floods|2011_thailand_floods|2012_us_droughts|2017_british_columbia_wildfires|2018_sweden_wildfires|2018_us_china_tariffs|2019_amazon_forest_fires,9,330,0,catboost,0.17929892433164485,True,True,0.3126082134858612,,0,/Users/nataliewang/Projects/supplychain-OSINT/src/shocks/combo_search_runs/combo_4ac24f5f3964/model,beam,9
b4d21ab1c08a,2010_russia_wheat_ban|2011_japan_earthquake|2011_queensland_floods|2011_thailand_floods|2012_us_droughts|2017_british_columbia_wildfires|2018_sweden_wildfires|2018_us_china_tariffs|2019_brumadinho_dam_collapse,9,291,0,rf,0.19156109464599036,True,True,0.3724269817938273,,0,/Users/nataliewang/Projects/supplychain-OSINT/src/shocks/combo_search_runs/combo_b4d21ab1c08a/model,beam,9
68b597a72702,2010_russia_wheat_ban|2011_japan_earthquake|2011_queensland_floods|2011_thailand_floods|2012_us_droughts|2017_british_columbia_wildfires|2018_sweden_wildfires|2018_us_china_tariffs|2019_saudi_aramco_attack,9,316,0,xgboost,0.19504831708418902,True,True,0.3324196990453283,,0,/Users/nataliewang/Projects/supplychain-OSINT/src/shocks/combo_search_runs/combo_68b597a72702/model,beam,9
b30ff5671e28,2010_russia_wheat_ban|2011_japan_earthquake|2011_queensland_floods|2011_thailand_floods|2012_us_droughts|2017_british_columbia_wildfires|2018_sweden_wildfires|2018_us_china_tariffs|2020_china_covid,9,297,0,rf,0.18210691921299146,True,True,0.36737299451901606,,0,/Users/nataliewang/Projects/supplychain-OSINT/src/shocks/combo_search_runs/combo_b30ff5671e28/model,beam,9
7a32ca7c080e,2010_russia_wheat_ban|2011_japan_earthquake|2011_queensland_floods|2011_thailand_floods|2014_indonesia_mineral_export_ban|2014_russia_crimea_sanctions|2015_samarco_dam_collapse|2018_sweden_wildfires|2018_us_china_tariffs,9,314,0,catboost,0.22832989718456215,True,True,0.29788087266084956,,0,/Users/nataliewang/Projects/supplychain-OSINT/src/shocks/combo_search_runs/combo_7a32ca7c080e/model,beam,9
a622c78214fe,2010_russia_wheat_ban|2011_japan_earthquake|2011_queensland_floods|2011_thailand_floods|2014_indonesia_mineral_export_ban|2014_russia_crimea_sanctions|2015_tianjin_explosion|2018_sweden_wildfires|2018_us_china_tariffs,9,327,0,catboost,0.21327409914096607,True,True,0.17744039953687496,,0,/Users/nataliewang/Projects/supplychain-OSINT/src/shocks/combo_search_runs/combo_a622c78214fe/model,beam,9
2ac90195ce05,2010_russia_wheat_ban|2011_japan_earthquake|2011_queensland_floods|2011_thailand_floods|2014_indonesia_mineral_export_ban|2014_russia_crimea_sanctions|2017_british_columbia_wildfires|2018_sweden_wildfires|2018_us_china_tariffs,9,285,0,gbrt,0.19072563183217892,True,True,0.21224996775251037,,0,/Users/nataliewang/Projects/supplychain-OSINT/src/shocks/combo_search_runs/combo_2ac90195ce05/model,beam,9
1cb5701efe0c,2010_russia_wheat_ban|2011_japan_earthquake|2011_queensland_floods|2011_thailand_floods|2014_indonesia_mineral_export_ban|2014_russia_crimea_sanctions|2017_hurricane_maria|2018_sweden_wildfires|2018_us_china_tariffs,9,303,0,catboost,0.202857712847184,True,True,0.2840494055995034,,0,/Users/nataliewang/Projects/supplychain-OSINT/src/shocks/combo_search_runs/combo_1cb5701efe0c/model,beam,9
a455b2003611,2010_russia_wheat_ban|2011_japan_earthquake|2011_queensland_floods|2011_thailand_floods|2014_indonesia_mineral_export_ban|2014_russia_crimea_sanctions|2018_sweden_wildfires|2018_us_china_tariffs|2019_amazon_forest_fires,9,321,0,catboost,0.19748874030565064,True,True,0.2986282480481754,,0,/Users/nataliewang/Projects/supplychain-OSINT/src/shocks/combo_search_runs/combo_a455b2003611/model,beam,9
f83826eda832,2010_russia_wheat_ban|2011_japan_earthquake|2011_queensland_floods|2011_thailand_floods|2014_indonesia_mineral_export_ban|2014_russia_crimea_sanctions|2018_sweden_wildfires|2018_us_china_tariffs|2019_brumadinho_dam_collapse,9,282,0,rf,0.21187277818306147,True,True,0.37209340225443344,,0,/Users/nataliewang/Projects/supplychain-OSINT/src/shocks/combo_search_runs/combo_f83826eda832/model,beam,9
c4e705047ac2,2010_russia_wheat_ban|2011_japan_earthquake|2011_queensland_floods|2011_thailand_floods|2014_indonesia_mineral_export_ban|2014_russia_crimea_sanctions|2018_sweden_wildfires|2018_us_china_tariffs|2019_saudi_aramco_attack,9,307,0,xgboost,0.19693098589069966,True,True,0.3485146049545689,,0,/Users/nataliewang/Projects/supplychain-OSINT/src/shocks/combo_search_runs/combo_c4e705047ac2/model,beam,9
a694d1364735,2010_russia_wheat_ban|2011_japan_earthquake|2011_queensland_floods|2011_thailand_floods|2014_indonesia_mineral_export_ban|2014_russia_crimea_sanctions|2018_sweden_wildfires|2018_us_china_tariffs|2020_china_covid,9,288,0,rf,0.18843473768640667,True,True,0.3649229882747058,,0,/Users/nataliewang/Projects/supplychain-OSINT/src/shocks/combo_search_runs/combo_a694d1364735/model,beam,9
bf11c1bec4ee,2010_russia_wheat_ban|2011_japan_earthquake|2011_queensland_floods|2011_thailand_floods|2014_indonesia_mineral_export_ban|2015_samarco_dam_collapse|2015_tianjin_explosion|2018_sweden_wildfires|2018_us_china_tariffs,9,354,0,catboost,0.2037697802522355,True,True,0.23909314191108247,,0,/Users/nataliewang/Projects/supplychain-OSINT/src/shocks/combo_search_runs/combo_bf11c1bec4ee/model,beam,9
ae215852aa5c,2010_russia_wheat_ban|2011_japan_earthquake|2011_queensland_floods|2011_thailand_floods|2014_indonesia_mineral_export_ban|2015_samarco_dam_collapse|2017_british_columbia_wildfires|2018_sweden_wildfires|2018_us_china_tariffs,9,312,0,catboost,0.1951416604247606,True,True,0.29629071936139295,,0,/Users/nataliewang/Projects/supplychain-OSINT/src/shocks/combo_search_runs/combo_ae215852aa5c/model,beam,9
a1469ec290c5,2010_russia_wheat_ban|2011_japan_earthquake|2011_queensland_floods|2011_thailand_floods|2014_indonesia_mineral_export_ban|2015_samarco_dam_collapse|2017_hurricane_maria|2018_sweden_wildfires|2018_us_china_tariffs,9,330,0,catboost,0.20942532238484463,True,True,0.2212650739810892,,0,/Users/nataliewang/Projects/supplychain-OSINT/src/shocks/combo_search_runs/combo_a1469ec290c5/model,beam,9
67704a955136,2010_russia_wheat_ban|2011_japan_earthquake|2011_queensland_floods|2011_thailand_floods|2014_indonesia_mineral_export_ban|2015_samarco_dam_collapse|2018_sweden_wildfires|2018_us_china_tariffs|2019_amazon_forest_fires,9,348,0,catboost,0.20434738865913704,True,True,0.2574422590539303,,0,/Users/nataliewang/Projects/supplychain-OSINT/src/shocks/combo_search_runs/combo_67704a955136/model,beam,9
566129dda983,2010_russia_wheat_ban|2011_japan_earthquake|2011_queensland_floods|2011_thailand_floods|2014_indonesia_mineral_export_ban|2015_samarco_dam_collapse|2018_sweden_wildfires|2018_us_china_tariffs|2019_brumadinho_dam_collapse,9,309,0,catboost,0.2216267617797158,True,True,0.23593103686538627,,0,/Users/nataliewang/Projects/supplychain-OSINT/src/shocks/combo_search_runs/combo_566129dda983/model,beam,9
cef1d2801ea1,2010_russia_wheat_ban|2011_japan_earthquake|2011_queensland_floods|2011_thailand_floods|2014_indonesia_mineral_export_ban|2015_samarco_dam_collapse|2018_sweden_wildfires|2018_us_china_tariffs|2019_saudi_aramco_attack,9,334,0,xgboost,0.1987781302889623,True,True,0.38077005108217127,,0,/Users/nataliewang/Projects/supplychain-OSINT/src/shocks/combo_search_runs/combo_cef1d2801ea1/model,beam,9
bb38ae3db41c,2010_russia_wheat_ban|2011_japan_earthquake|2011_queensland_floods|2011_thailand_floods|2014_indonesia_mineral_export_ban|2015_samarco_dam_collapse|2018_sweden_wildfires|2018_us_china_tariffs|2020_china_covid,9,315,0,gbrt,0.20547073719094316,True,True,0.2408475747113337,,0,/Users/nataliewang/Projects/supplychain-OSINT/src/shocks/combo_search_runs/combo_bb38ae3db41c/model,beam,9
fe2424a87805,2010_russia_wheat_ban|2011_japan_earthquake|2011_queensland_floods|2011_thailand_floods|2014_indonesia_mineral_export_ban|2015_tianjin_explosion|2017_british_columbia_wildfires|2018_sweden_wildfires|2018_us_china_tariffs,9,325,0,catboost,0.19797790393116282,True,True,0.28521886532797663,,0,/Users/nataliewang/Projects/supplychain-OSINT/src/shocks/combo_search_runs/combo_fe2424a87805/model,beam,9
b36ebbfa3104,2010_russia_wheat_ban|2011_japan_earthquake|2011_queensland_floods|2011_thailand_floods|2014_indonesia_mineral_export_ban|2015_tianjin_explosion|2017_hurricane_maria|2018_sweden_wildfires|2018_us_china_tariffs,9,343,0,catboost,0.19873969895706925,True,True,0.2865962816062192,,0,/Users/nataliewang/Projects/supplychain-OSINT/src/shocks/combo_search_runs/combo_b36ebbfa3104/model,beam,9
931a884be90b,2010_russia_wheat_ban|2011_japan_earthquake|2011_queensland_floods|2011_thailand_floods|2014_indonesia_mineral_export_ban|2015_tianjin_explosion|2018_sweden_wildfires|2018_us_china_tariffs|2019_amazon_forest_fires,9,361,0,catboost,0.20183695054314482,True,True,0.23142907141537378,,0,/Users/nataliewang/Projects/supplychain-OSINT/src/shocks/combo_search_runs/combo_931a884be90b/model,beam,9
eef2fa77a4d0,2010_russia_wheat_ban|2011_japan_earthquake|2011_queensland_floods|2011_thailand_floods|2014_indonesia_mineral_export_ban|2015_tianjin_explosion|2018_sweden_wildfires|2018_us_china_tariffs|2019_brumadinho_dam_collapse,9,322,0,gbrt,0.20417758990736504,True,True,0.26612432876536435,,0,/Users/nataliewang/Projects/supplychain-OSINT/src/shocks/combo_search_runs/combo_eef2fa77a4d0/model,beam,9
db1cf16097c3,2010_russia_wheat_ban|2011_japan_earthquake|2011_queensland_floods|2011_thailand_floods|2014_indonesia_mineral_export_ban|2015_tianjin_explosion|2018_sweden_wildfires|2018_us_china_tariffs|2019_saudi_aramco_attack,9,347,0,xgboost,0.20079474544329823,True,True,0.3445132201555439,,0,/Users/nataliewang/Projects/supplychain-OSINT/src/shocks/combo_search_runs/combo_db1cf16097c3/model,beam,9
80d6c3f514ca,2010_russia_wheat_ban|2011_japan_earthquake|2011_queensland_floods|2011_thailand_floods|2014_indonesia_mineral_export_ban|2015_tianjin_explosion|2018_sweden_wildfires|2018_us_china_tariffs|2020_china_covid,9,328,0,gbrt,0.19868816295828823,True,True,0.335085220822252,,0,/Users/nataliewang/Projects/supplychain-OSINT/src/shocks/combo_search_runs/combo_80d6c3f514ca/model,beam,9
523e409ece19,2010_russia_wheat_ban|2011_japan_earthquake|2011_queensland_floods|2011_thailand_floods|2012_us_droughts|2014_indonesia_mineral_export_ban|2014_russia_crimea_sanctions|2015_samarco_dam_collapse|2018_sweden_wildfires|2018_us_china_tariffs,10,332,0,catboost,0.1999435921669122,True,True,0.252027440142223,,0,/Users/nataliewang/Projects/supplychain-OSINT/src/shocks/combo_search_runs/combo_523e409ece19/model,beam,10
4a448c7dcfdf,2010_russia_wheat_ban|2011_japan_earthquake|2011_queensland_floods|2011_thailand_floods|2012_us_droughts|2014_indonesia_mineral_export_ban|2014_russia_crimea_sanctions|2015_tianjin_explosion|2018_sweden_wildfires|2018_us_china_tariffs,10,345,0,catboost,0.1879377754253368,True,True,0.2250282141557689,,0,/Users/nataliewang/Projects/supplychain-OSINT/src/shocks/combo_search_runs/combo_4a448c7dcfdf/model,beam,10
bbd9d6fce1a5,2010_russia_wheat_ban|2011_japan_earthquake|2011_queensland_floods|2011_thailand_floods|2012_us_droughts|2014_indonesia_mineral_export_ban|2014_russia_crimea_sanctions|2017_british_columbia_wildfires|2018_sweden_wildfires|2018_us_china_tariffs,10,303,0,gbrt,0.17467894115442256,True,True,0.2674118687810034,,0,/Users/nataliewang/Projects/supplychain-OSINT/src/shocks/combo_search_runs/combo_bbd9d6fce1a5/model,beam,10
eb091aeea993,2010_russia_wheat_ban|2011_japan_earthquake|2011_queensland_floods|2011_thailand_floods|2012_us_droughts|2014_indonesia_mineral_export_ban|2014_russia_crimea_sanctions|2017_hurricane_maria|2018_sweden_wildfires|2018_us_china_tariffs,10,321,0,catboost,0.1815302317538814,True,True,0.19817265682894958,,0,/Users/nataliewang/Projects/supplychain-OSINT/src/shocks/combo_search_runs/combo_eb091aeea993/model,beam,10
8cf42e055d79,2010_russia_wheat_ban|2011_japan_earthquake|2011_queensland_floods|2011_thailand_floods|2012_us_droughts|2014_indonesia_mineral_export_ban|2014_russia_crimea_sanctions|2018_sweden_wildfires|2018_us_china_tariffs|2019_amazon_forest_fires,10,339,0,gbrt,0.17801680936228562,True,True,0.2111556201277586,,0,/Users/nataliewang/Projects/supplychain-OSINT/src/shocks/combo_search_runs/combo_8cf42e055d79/model,beam,10
b67f1643ad72,2010_russia_wheat_ban|2011_japan_earthquake|2011_queensland_floods|2011_thailand_floods|2012_us_droughts|2014_indonesia_mineral_export_ban|2014_russia_crimea_sanctions|2018_sweden_wildfires|2018_us_china_tariffs|2019_brumadinho_dam_collapse,10,300,0,xgboost,0.19117537458047887,True,True,0.3277537885568736,,0,/Users/nataliewang/Projects/supplychain-OSINT/src/shocks/combo_search_runs/combo_b67f1643ad72/model,beam,10
bef0aad39d9c,2010_russia_wheat_ban|2011_japan_earthquake|2011_queensland_floods|2011_thailand_floods|2012_us_droughts|2014_indonesia_mineral_export_ban|2014_russia_crimea_sanctions|2018_sweden_wildfires|2018_us_china_tariffs|2019_saudi_aramco_attack,10,325,0,xgboost,0.1783836990652866,True,True,0.34884039173872883,,0,/Users/nataliewang/Projects/supplychain-OSINT/src/shocks/combo_search_runs/combo_bef0aad39d9c/model,beam,10
289db7d2ad7c,2010_russia_wheat_ban|2011_japan_earthquake|2011_queensland_floods|2011_thailand_floods|2012_us_droughts|2014_indonesia_mineral_export_ban|2014_russia_crimea_sanctions|2018_sweden_wildfires|2018_us_china_tariffs|2020_china_covid,10,306,0,gbrt,0.17678074289586346,True,True,0.2963857164304505,,0,/Users/nataliewang/Projects/supplychain-OSINT/src/shocks/combo_search_runs/combo_289db7d2ad7c/model,beam,10
b088bee162b0,2010_russia_wheat_ban|2011_japan_earthquake|2011_queensland_floods|2011_thailand_floods|2012_us_droughts|2014_indonesia_mineral_export_ban|2015_samarco_dam_collapse|2015_tianjin_explosion|2018_sweden_wildfires|2018_us_china_tariffs,10,372,0,gbrt,0.18549395846615963,True,True,0.30281368436980105,,0,/Users/nataliewang/Projects/supplychain-OSINT/src/shocks/combo_search_runs/combo_b088bee162b0/model,beam,10
bd4d4f644af1,2010_russia_wheat_ban|2011_japan_earthquake|2011_queensland_floods|2011_thailand_floods|2012_us_droughts|2014_indonesia_mineral_export_ban|2015_samarco_dam_collapse|2017_british_columbia_wildfires|2018_sweden_wildfires|2018_us_china_tariffs,10,330,0,gbrt,0.17700028339420906,True,True,0.32605702756601607,,0,/Users/nataliewang/Projects/supplychain-OSINT/src/shocks/combo_search_runs/combo_bd4d4f644af1/model,beam,10
e809ab7c2a2a,2010_russia_wheat_ban|2011_japan_earthquake|2011_queensland_floods|2011_thailand_floods|2012_us_droughts|2014_indonesia_mineral_export_ban|2015_samarco_dam_collapse|2017_hurricane_maria|2018_sweden_wildfires|2018_us_china_tariffs,10,348,0,gbrt,0.193018872268253,True,True,0.2848542716181823,,0,/Users/nataliewang/Projects/supplychain-OSINT/src/shocks/combo_search_runs/combo_e809ab7c2a2a/model,beam,10
cd07562828ec,2010_russia_wheat_ban|2011_japan_earthquake|2011_queensland_floods|2011_thailand_floods|2012_us_droughts|2014_indonesia_mineral_export_ban|2015_samarco_dam_collapse|2018_sweden_wildfires|2018_us_china_tariffs|2019_amazon_forest_fires,10,366,0,rf,0.18718645594929523,True,True,0.3810762665769467,,0,/Users/nataliewang/Projects/supplychain-OSINT/src/shocks/combo_search_runs/combo_cd07562828ec/model,beam,10
94f004eb1181,2010_russia_wheat_ban|2011_japan_earthquake|2011_queensland_floods|2011_thailand_floods|2012_us_droughts|2014_indonesia_mineral_export_ban|2015_samarco_dam_collapse|2018_sweden_wildfires|2018_us_china_tariffs|2019_brumadinho_dam_collapse,10,327,0,catboost,0.19777203125285717,True,True,0.20222275680010454,,0,/Users/nataliewang/Projects/supplychain-OSINT/src/shocks/combo_search_runs/combo_94f004eb1181/model,beam,10
a7772275c9f4,2010_russia_wheat_ban|2011_japan_earthquake|2011_queensland_floods|2011_thailand_floods|2012_us_droughts|2014_indonesia_mineral_export_ban|2015_samarco_dam_collapse|2018_sweden_wildfires|2018_us_china_tariffs|2019_saudi_aramco_attack,10,352,0,xgboost,0.1783013357175906,True,True,0.35082942207236945,,0,/Users/nataliewang/Projects/supplychain-OSINT/src/shocks/combo_search_runs/combo_a7772275c9f4/model,beam,10
75655c739efa,2010_russia_wheat_ban|2011_japan_earthquake|2011_queensland_floods|2011_thailand_floods|2012_us_droughts|2014_indonesia_mineral_export_ban|2015_samarco_dam_collapse|2018_sweden_wildfires|2018_us_china_tariffs|2020_china_covid,10,333,0,gbrt,0.18739120292600248,True,True,0.33269170831516587,,0,/Users/nataliewang/Projects/supplychain-OSINT/src/shocks/combo_search_runs/combo_75655c739efa/model,beam,10
17c4a54fc946,2010_russia_wheat_ban|2011_japan_earthquake|2011_queensland_floods|2011_thailand_floods|2012_us_droughts|2014_indonesia_mineral_export_ban|2015_tianjin_explosion|2017_british_columbia_wildfires|2018_sweden_wildfires|2018_us_china_tariffs,10,343,0,gbrt,0.17841315714261863,True,True,0.3301633715150428,,0,/Users/nataliewang/Projects/supplychain-OSINT/src/shocks/combo_search_runs/combo_17c4a54fc946/model,beam,10
4aaac332c24b,2010_russia_wheat_ban|2011_japan_earthquake|2011_queensland_floods|2011_thailand_floods|2012_us_droughts|2014_indonesia_mineral_export_ban|2015_tianjin_explosion|2017_hurricane_maria|2018_sweden_wildfires|2018_us_china_tariffs,10,361,0,gbrt,0.17629460296250338,True,True,0.3058023497815118,,0,/Users/nataliewang/Projects/supplychain-OSINT/src/shocks/combo_search_runs/combo_4aaac332c24b/model,beam,10
f2e567f2a1e8,2010_russia_wheat_ban|2011_japan_earthquake|2011_queensland_floods|2011_thailand_floods|2012_us_droughts|2014_indonesia_mineral_export_ban|2015_tianjin_explosion|2018_sweden_wildfires|2018_us_china_tariffs|2019_amazon_forest_fires,10,379,0,gbrt,0.1779310891237794,True,True,0.2675146105781502,,0,/Users/nataliewang/Projects/supplychain-OSINT/src/shocks/combo_search_runs/combo_f2e567f2a1e8/model,beam,10
0e0d97eedc03,2010_russia_wheat_ban|2011_japan_earthquake|2011_queensland_floods|2011_thailand_floods|2012_us_droughts|2014_indonesia_mineral_export_ban|2015_tianjin_explosion|2018_sweden_wildfires|2018_us_china_tariffs|2019_brumadinho_dam_collapse,10,340,0,xgboost,0.19001008034467498,True,True,0.35030961878741484,,0,/Users/nataliewang/Projects/supplychain-OSINT/src/shocks/combo_search_runs/combo_0e0d97eedc03/model,beam,10
c75e0d135f0e,2010_russia_wheat_ban|2011_japan_earthquake|2011_queensland_floods|2011_thailand_floods|2012_us_droughts|2014_indonesia_mineral_export_ban|2015_tianjin_explosion|2018_sweden_wildfires|2018_us_china_tariffs|2019_saudi_aramco_attack,10,365,0,xgboost,0.185436645701062,True,True,0.34584144799963695,,0,/Users/nataliewang/Projects/supplychain-OSINT/src/shocks/combo_search_runs/combo_c75e0d135f0e/model,beam,10
5b337f88b1d7,2010_russia_wheat_ban|2011_japan_earthquake|2011_queensland_floods|2011_thailand_floods|2012_us_droughts|2014_indonesia_mineral_export_ban|2015_tianjin_explosion|2018_sweden_wildfires|2018_us_china_tariffs|2020_china_covid,10,346,0,gbrt,0.17996082786423603,True,True,0.3102176570922035,,0,/Users/nataliewang/Projects/supplychain-OSINT/src/shocks/combo_search_runs/combo_5b337f88b1d7/model,beam,10
90b311267114,2010_russia_wheat_ban|2011_japan_earthquake|2011_queensland_floods|2011_thailand_floods|2012_us_droughts|2014_indonesia_mineral_export_ban|2017_british_columbia_wildfires|2017_hurricane_maria|2018_sweden_wildfires|2018_us_china_tariffs,10,319,0,gbrt,0.16581765043353996,True,True,0.29006398844242987,,0,/Users/nataliewang/Projects/supplychain-OSINT/src/shocks/combo_search_runs/combo_90b311267114/model,beam,10
689f6f4ec058,2010_russia_wheat_ban|2011_japan_earthquake|2011_queensland_floods|2011_thailand_floods|2012_us_droughts|2014_indonesia_mineral_export_ban|2017_british_columbia_wildfires|2018_sweden_wildfires|2018_us_china_tariffs|2019_amazon_forest_fires,10,337,0,gbrt,0.16727615719671268,True,True,0.2011636188092892,,0,/Users/nataliewang/Projects/supplychain-OSINT/src/shocks/combo_search_runs/combo_689f6f4ec058/model,beam,10
4f65aceac65a,2010_russia_wheat_ban|2011_japan_earthquake|2011_queensland_floods|2011_thailand_floods|2012_us_droughts|2014_indonesia_mineral_export_ban|2017_british_columbia_wildfires|2018_sweden_wildfires|2018_us_china_tariffs|2019_brumadinho_dam_collapse,10,298,0,catboost,0.18327359694568998,True,True,0.3132433062090361,,0,/Users/nataliewang/Projects/supplychain-OSINT/src/shocks/combo_search_runs/combo_4f65aceac65a/model,beam,10
d2f67907dfff,2010_russia_wheat_ban|2011_japan_earthquake|2011_queensland_floods|2011_thailand_floods|2012_us_droughts|2014_indonesia_mineral_export_ban|2017_british_columbia_wildfires|2018_sweden_wildfires|2018_us_china_tariffs|2019_saudi_aramco_attack,10,323,0,gbrt,0.1781203751016625,True,True,0.274808662036735,,0,/Users/nataliewang/Projects/supplychain-OSINT/src/shocks/combo_search_runs/combo_d2f67907dfff/model,beam,10
5ab6863e2fad,2010_russia_wheat_ban|2011_japan_earthquake|2011_queensland_floods|2011_thailand_floods|2012_us_droughts|2014_indonesia_mineral_export_ban|2017_british_columbia_wildfires|2018_sweden_wildfires|2018_us_china_tariffs|2020_china_covid,10,304,0,gbrt,0.17011586807732804,True,True,0.272031872108994,,0,/Users/nataliewang/Projects/supplychain-OSINT/src/shocks/combo_search_runs/combo_5ab6863e2fad/model,beam,10
63c11dbba59e,2010_russia_wheat_ban|2011_japan_earthquake|2011_queensland_floods|2011_thailand_floods|2012_us_droughts|2014_indonesia_mineral_export_ban|2017_hurricane_maria|2018_sweden_wildfires|2018_us_china_tariffs|2019_amazon_forest_fires,10,355,0,gbrt,0.17066665788183255,True,True,0.2887193545832679,,0,/Users/nataliewang/Projects/supplychain-OSINT/src/shocks/combo_search_runs/combo_63c11dbba59e/model,beam,10
8fad6eae779c,2010_russia_wheat_ban|2011_japan_earthquake|2011_queensland_floods|2011_thailand_floods|2012_us_droughts|2014_indonesia_mineral_export_ban|2017_hurricane_maria|2018_sweden_wildfires|2018_us_china_tariffs|2019_brumadinho_dam_collapse,10,316,0,rf,0.1893931715758421,True,True,0.3677766579368181,,0,/Users/nataliewang/Projects/supplychain-OSINT/src/shocks/combo_search_runs/combo_8fad6eae779c/model,beam,10
bf0c48bde1ab,2010_russia_wheat_ban|2011_japan_earthquake|2011_queensland_floods|2011_thailand_floods|2012_us_droughts|2014_indonesia_mineral_export_ban|2017_hurricane_maria|2018_sweden_wildfires|2018_us_china_tariffs|2019_saudi_aramco_attack,10,341,0,gbrt,0.175449707020826,True,True,0.25982171809968846,,0,/Users/nataliewang/Projects/supplychain-OSINT/src/shocks/combo_search_runs/combo_bf0c48bde1ab/model,beam,10
c0c42170a0a6,2010_russia_wheat_ban|2011_japan_earthquake|2011_queensland_floods|2011_thailand_floods|2012_us_droughts|2014_indonesia_mineral_export_ban|2017_hurricane_maria|2018_sweden_wildfires|2018_us_china_tariffs|2020_china_covid,10,322,0,rf,0.177334853264406,True,True,0.3770125409258349,,0,/Users/nataliewang/Projects/supplychain-OSINT/src/shocks/combo_search_runs/combo_c0c42170a0a6/model,beam,10
db79ccfcc04b,2010_russia_wheat_ban|2011_japan_earthquake|2011_queensland_floods|2011_thailand_floods|2012_us_droughts|2014_indonesia_mineral_export_ban|2014_russia_crimea_sanctions|2015_samarco_dam_collapse|2015_tianjin_explosion|2018_sweden_wildfires|2018_us_china_tariffs,11,386,0,gbrt,0.1889591702485572,True,True,0.2923832326674283,,0,/Users/nataliewang/Projects/supplychain-OSINT/src/shocks/combo_search_runs/combo_db79ccfcc04b/model,beam,11
ee87ee1c6d2e,2010_russia_wheat_ban|2011_japan_earthquake|2011_queensland_floods|2011_thailand_floods|2012_us_droughts|2014_indonesia_mineral_export_ban|2014_russia_crimea_sanctions|2015_samarco_dam_collapse|2017_british_columbia_wildfires|2018_sweden_wildfires|2018_us_china_tariffs,11,344,0,catboost,0.18058153833475687,True,True,0.22929779110744458,,0,/Users/nataliewang/Projects/supplychain-OSINT/src/shocks/combo_search_runs/combo_ee87ee1c6d2e/model,beam,11
4e437cc0721a,2010_russia_wheat_ban|2011_japan_earthquake|2011_queensland_floods|2011_thailand_floods|2012_us_droughts|2014_indonesia_mineral_export_ban|2014_russia_crimea_sanctions|2015_samarco_dam_collapse|2017_hurricane_maria|2018_sweden_wildfires|2018_us_china_tariffs,11,362,0,catboost,0.1881377601687203,True,True,0.2347776461464992,,0,/Users/nataliewang/Projects/supplychain-OSINT/src/shocks/combo_search_runs/combo_4e437cc0721a/model,beam,11
a1bd2374e4af,2010_russia_wheat_ban|2011_japan_earthquake|2011_queensland_floods|2011_thailand_floods|2012_us_droughts|2014_indonesia_mineral_export_ban|2014_russia_crimea_sanctions|2015_samarco_dam_collapse|2018_sweden_wildfires|2018_us_china_tariffs|2019_amazon_forest_fires,11,380,0,catboost,0.18492251310392074,True,True,0.24114894674668655,,0,/Users/nataliewang/Projects/supplychain-OSINT/src/shocks/combo_search_runs/combo_a1bd2374e4af/model,beam,11
2e43e2c41f9e,2010_russia_wheat_ban|2011_japan_earthquake|2011_queensland_floods|2011_thailand_floods|2012_us_droughts|2014_indonesia_mineral_export_ban|2014_russia_crimea_sanctions|2015_samarco_dam_collapse|2018_sweden_wildfires|2018_us_china_tariffs|2019_brumadinho_dam_collapse,11,341,0,catboost,0.20024985311370394,True,True,0.21929983279417173,,0,/Users/nataliewang/Projects/supplychain-OSINT/src/shocks/combo_search_runs/combo_2e43e2c41f9e/model,beam,11
5d22cac453ca,2010_russia_wheat_ban|2011_japan_earthquake|2011_queensland_floods|2011_thailand_floods|2012_us_droughts|2014_indonesia_mineral_export_ban|2014_russia_crimea_sanctions|2015_samarco_dam_collapse|2018_sweden_wildfires|2018_us_china_tariffs|2019_saudi_aramco_attack,11,366,0,gbrt,0.19331915373455322,True,True,0.24375392554492942,,0,/Users/nataliewang/Projects/supplychain-OSINT/src/shocks/combo_search_runs/combo_5d22cac453ca/model,beam,11
fb9feb436662,2010_russia_wheat_ban|2011_japan_earthquake|2011_queensland_floods|2011_thailand_floods|2012_us_droughts|2014_indonesia_mineral_export_ban|2014_russia_crimea_sanctions|2015_samarco_dam_collapse|2018_sweden_wildfires|2018_us_china_tariffs|2020_china_covid,11,347,0,gbrt,0.1837646167557624,True,True,0.3148821407771813,,0,/Users/nataliewang/Projects/supplychain-OSINT/src/shocks/combo_search_runs/combo_fb9feb436662/model,beam,11
94d99e434257,2010_russia_wheat_ban|2011_japan_earthquake|2011_queensland_floods|2011_thailand_floods|2012_us_droughts|2014_indonesia_mineral_export_ban|2014_russia_crimea_sanctions|2015_tianjin_explosion|2017_british_columbia_wildfires|2018_sweden_wildfires|2018_us_china_tariffs,11,357,0,gbrt,0.16573858443357237,True,True,0.307318815123683,,0,/Users/nataliewang/Projects/supplychain-OSINT/src/shocks/combo_search_runs/combo_94d99e434257/model,beam,11
8fdc930191f3,2010_russia_wheat_ban|2011_japan_earthquake|2011_queensland_floods|2011_thailand_floods|2012_us_droughts|2014_indonesia_mineral_export_ban|2014_russia_crimea_sanctions|2015_tianjin_explosion|2017_hurricane_maria|2018_sweden_wildfires|2018_us_china_tariffs,11,375,0,gbrt,0.1754546219801756,True,True,0.2352549011627274,,0,/Users/nataliewang/Projects/supplychain-OSINT/src/shocks/combo_search_runs/combo_8fdc930191f3/model,beam,11
e5d86456f43f,2010_russia_wheat_ban|2011_japan_earthquake|2011_queensland_floods|2011_thailand_floods|2012_us_droughts|2014_indonesia_mineral_export_ban|2014_russia_crimea_sanctions|2015_tianjin_explosion|2018_sweden_wildfires|2018_us_china_tariffs|2019_amazon_forest_fires,11,393,0,gbrt,0.17088800383543268,True,True,0.28854072183091967,,0,/Users/nataliewang/Projects/supplychain-OSINT/src/shocks/combo_search_runs/combo_e5d86456f43f/model,beam,11
059935481e21,2010_russia_wheat_ban|2011_japan_earthquake|2011_queensland_floods|2011_thailand_floods|2012_us_droughts|2014_indonesia_mineral_export_ban|2014_russia_crimea_sanctions|2015_tianjin_explosion|2018_sweden_wildfires|2018_us_china_tariffs|2019_brumadinho_dam_collapse,11,354,0,xgboost,0.18156595090215585,True,True,0.3236057501747002,,0,/Users/nataliewang/Projects/supplychain-OSINT/src/shocks/combo_search_runs/combo_059935481e21/model,beam,11
3c75d9820a10,2010_russia_wheat_ban|2011_japan_earthquake|2011_queensland_floods|2011_thailand_floods|2012_us_droughts|2014_indonesia_mineral_export_ban|2014_russia_crimea_sanctions|2015_tianjin_explosion|2018_sweden_wildfires|2018_us_china_tariffs|2019_saudi_aramco_attack,11,379,0,xgboost,0.17590982868743402,True,True,0.35297872498279714,,0,/Users/nataliewang/Projects/supplychain-OSINT/src/shocks/combo_search_runs/combo_3c75d9820a10/model,beam,11
b91d72c9dc17,2010_russia_wheat_ban|2011_japan_earthquake|2011_queensland_floods|2011_thailand_floods|2012_us_droughts|2014_indonesia_mineral_export_ban|2014_russia_crimea_sanctions|2015_tianjin_explosion|2018_sweden_wildfires|2018_us_china_tariffs|2020_china_covid,11,360,0,gbrt,0.17734233981655276,True,True,0.29905505222291906,,0,/Users/nataliewang/Projects/supplychain-OSINT/src/shocks/combo_search_runs/combo_b91d72c9dc17/model,beam,11
a6412748c0a1,2010_russia_wheat_ban|2011_japan_earthquake|2011_queensland_floods|2011_thailand_floods|2012_us_droughts|2014_indonesia_mineral_export_ban|2014_russia_crimea_sanctions|2017_british_columbia_wildfires|2017_hurricane_maria|2018_sweden_wildfires|2018_us_china_tariffs,11,333,0,gbrt,0.16854648691997767,True,True,0.27872613981067773,,0,/Users/nataliewang/Projects/supplychain-OSINT/src/shocks/combo_search_runs/combo_a6412748c0a1/model,beam,11
747ab2aa87d4,2010_russia_wheat_ban|2011_japan_earthquake|2011_queensland_floods|2011_thailand_floods|2012_us_droughts|2014_indonesia_mineral_export_ban|2014_russia_crimea_sanctions|2017_british_columbia_wildfires|2018_sweden_wildfires|2018_us_china_tariffs|2019_amazon_forest_fires,11,351,0,gbrt,0.16310339361383078,True,True,0.22891125845170737,,0,/Users/nataliewang/Projects/supplychain-OSINT/src/shocks/combo_search_runs/combo_747ab2aa87d4/model,beam,11
d24cc1ac9eda,2010_russia_wheat_ban|2011_japan_earthquake|2011_queensland_floods|2011_thailand_floods|2012_us_droughts|2014_indonesia_mineral_export_ban|2014_russia_crimea_sanctions|2017_british_columbia_wildfires|2018_sweden_wildfires|2018_us_china_tariffs|2019_brumadinho_dam_collapse,11,312,0,rf,0.18074466078527607,True,True,0.3671614481483605,,0,/Users/nataliewang/Projects/supplychain-OSINT/src/shocks/combo_search_runs/combo_d24cc1ac9eda/model,beam,11
ef21109962dd,2010_russia_wheat_ban|2011_japan_earthquake|2011_queensland_floods|2011_thailand_floods|2012_us_droughts|2014_indonesia_mineral_export_ban|2014_russia_crimea_sanctions|2017_british_columbia_wildfires|2018_sweden_wildfires|2018_us_china_tariffs|2019_saudi_aramco_attack,11,337,0,xgboost,0.16648088955073234,True,True,0.35313546828850634,,0,/Users/nataliewang/Projects/supplychain-OSINT/src/shocks/combo_search_runs/combo_ef21109962dd/model,beam,11
65bde3ab89c2,2010_russia_wheat_ban|2011_japan_earthquake|2011_queensland_floods|2011_thailand_floods|2012_us_droughts|2014_indonesia_mineral_export_ban|2014_russia_crimea_sanctions|2017_british_columbia_wildfires|2018_sweden_wildfires|2018_us_china_tariffs|2020_china_covid,11,318,0,gbrt,0.1664604081733786,True,True,0.2790246499645637,,0,/Users/nataliewang/Projects/supplychain-OSINT/src/shocks/combo_search_runs/combo_65bde3ab89c2/model,beam,11
ef168f952610,2010_russia_wheat_ban|2011_japan_earthquake|2011_queensland_floods|2011_thailand_floods|2012_us_droughts|2014_indonesia_mineral_export_ban|2014_russia_crimea_sanctions|2017_hurricane_maria|2018_sweden_wildfires|2018_us_china_tariffs|2019_amazon_forest_fires,11,369,0,gbrt,0.1688845174016601,True,True,0.274261106647444,,0,/Users/nataliewang/Projects/supplychain-OSINT/src/shocks/combo_search_runs/combo_ef168f952610/model,beam,11
91a9a9915bbd,2010_russia_wheat_ban|2011_japan_earthquake|2011_queensland_floods|2011_thailand_floods|2012_us_droughts|2014_indonesia_mineral_export_ban|2014_russia_crimea_sanctions|2017_hurricane_maria|2018_sweden_wildfires|2018_us_china_tariffs|2019_brumadinho_dam_collapse,11,330,0,catboost,0.18229464609930982,True,True,0.2111622384891033,,0,/Users/nataliewang/Projects/supplychain-OSINT/src/shocks/combo_search_runs/combo_91a9a9915bbd/model,beam,11
c603dc07b047,2010_russia_wheat_ban|2011_japan_earthquake|2011_queensland_floods|2011_thailand_floods|2012_us_droughts|2014_indonesia_mineral_export_ban|2014_russia_crimea_sanctions|2017_hurricane_maria|2018_sweden_wildfires|2018_us_china_tariffs|2019_saudi_aramco_attack,11,355,0,xgboost,0.18024644516363955,True,True,0.3618205855638169,,0,/Users/nataliewang/Projects/supplychain-OSINT/src/shocks/combo_search_runs/combo_c603dc07b047/model,beam,11
ae62ce94feff,2010_russia_wheat_ban|2011_japan_earthquake|2011_queensland_floods|2011_thailand_floods|2012_us_droughts|2014_indonesia_mineral_export_ban|2014_russia_crimea_sanctions|2017_hurricane_maria|2018_sweden_wildfires|2018_us_china_tariffs|2020_china_covid,11,336,0,rf,0.1772098969072643,True,True,0.39019087522649704,,0,/Users/nataliewang/Projects/supplychain-OSINT/src/shocks/combo_search_runs/combo_ae62ce94feff/model,beam,11
c52b2fe581fd,2010_russia_wheat_ban|2011_japan_earthquake|2011_queensland_floods|2011_thailand_floods|2012_us_droughts|2014_indonesia_mineral_export_ban|2014_russia_crimea_sanctions|2018_sweden_wildfires|2018_us_china_tariffs|2019_amazon_forest_fires|2019_brumadinho_dam_collapse,11,348,0,rf,0.18223436880209495,True,True,0.37459546288327883,,0,/Users/nataliewang/Projects/supplychain-OSINT/src/shocks/combo_search_runs/combo_c52b2fe581fd/model,beam,11
fee739120cdb,2010_russia_wheat_ban|2011_japan_earthquake|2011_queensland_floods|2011_thailand_floods|2012_us_droughts|2014_indonesia_mineral_export_ban|2014_russia_crimea_sanctions|2018_sweden_wildfires|2018_us_china_tariffs|2019_amazon_forest_fires|2019_saudi_aramco_attack,11,373,0,xgboost,0.1757440273312926,True,True,0.34110492909230045,,0,/Users/nataliewang/Projects/supplychain-OSINT/src/shocks/combo_search_runs/combo_fee739120cdb/model,beam,11
97dc8d400fb1,2010_russia_wheat_ban|2011_japan_earthquake|2011_queensland_floods|2011_thailand_floods|2012_us_droughts|2014_indonesia_mineral_export_ban|2014_russia_crimea_sanctions|2018_sweden_wildfires|2018_us_china_tariffs|2019_amazon_forest_fires|2020_china_covid,11,354,0,rf,0.17082821163506104,True,True,0.37271769417741046,,0,/Users/nataliewang/Projects/supplychain-OSINT/src/shocks/combo_search_runs/combo_97dc8d400fb1/model,beam,11
ee36934a2814,2010_russia_wheat_ban|2011_japan_earthquake|2011_queensland_floods|2011_thailand_floods|2012_us_droughts|2014_indonesia_mineral_export_ban|2014_russia_crimea_sanctions|2015_samarco_dam_collapse|2015_tianjin_explosion|2017_british_columbia_wildfires|2018_sweden_wildfires|2018_us_china_tariffs,12,398,0,catboost,0.17809600439342899,True,True,0.25380214205193197,,0,/Users/nataliewang/Projects/supplychain-OSINT/src/shocks/combo_search_runs/combo_ee36934a2814/model,beam,12
db8738dda574,2010_russia_wheat_ban|2011_japan_earthquake|2011_queensland_floods|2011_thailand_floods|2012_us_droughts|2014_indonesia_mineral_export_ban|2014_russia_crimea_sanctions|2015_samarco_dam_collapse|2015_tianjin_explosion|2017_hurricane_maria|2018_sweden_wildfires|2018_us_china_tariffs,12,416,0,xgboost,0.17850217387111736,True,True,0.38651996392929444,,0,/Users/nataliewang/Projects/supplychain-OSINT/src/shocks/combo_search_runs/combo_db8738dda574/model,beam,12
ac471f1ecdcf,2010_russia_wheat_ban|2011_japan_earthquake|2011_queensland_floods|2011_thailand_floods|2012_us_droughts|2014_indonesia_mineral_export_ban|2014_russia_crimea_sanctions|2015_samarco_dam_collapse|2015_tianjin_explosion|2018_sweden_wildfires|2018_us_china_tariffs|2019_amazon_forest_fires,12,434,0,xgboost,0.18412537861483566,True,True,0.3765707628255696,,0,/Users/nataliewang/Projects/supplychain-OSINT/src/shocks/combo_search_runs/combo_ac471f1ecdcf/model,beam,12
22898d570250,2010_russia_wheat_ban|2011_japan_earthquake|2011_queensland_floods|2011_thailand_floods|2012_us_droughts|2014_indonesia_mineral_export_ban|2014_russia_crimea_sanctions|2015_samarco_dam_collapse|2015_tianjin_explosion|2018_sweden_wildfires|2018_us_china_tariffs|2019_brumadinho_dam_collapse,12,395,0,catboost,0.18966343672360853,True,True,0.27556293892321615,,0,/Users/nataliewang/Projects/supplychain-OSINT/src/shocks/combo_search_runs/combo_22898d570250/model,beam,12
5471353333a7,2010_russia_wheat_ban|2011_japan_earthquake|2011_queensland_floods|2011_thailand_floods|2012_us_droughts|2014_indonesia_mineral_export_ban|2014_russia_crimea_sanctions|2015_samarco_dam_collapse|2015_tianjin_explosion|2018_sweden_wildfires|2018_us_china_tariffs|2019_saudi_aramco_attack,12,420,0,gbrt,0.1871614043838764,True,True,0.2631827050460407,,0,/Users/nataliewang/Projects/supplychain-OSINT/src/shocks/combo_search_runs/combo_5471353333a7/model,beam,12
2482cb61bd6d,2010_russia_wheat_ban|2011_japan_earthquake|2011_queensland_floods|2011_thailand_floods|2012_us_droughts|2014_indonesia_mineral_export_ban|2014_russia_crimea_sanctions|2015_samarco_dam_collapse|2015_tianjin_explosion|2018_sweden_wildfires|2018_us_china_tariffs|2020_china_covid,12,401,0,gbrt,0.17555454183557528,True,True,0.3068909127819059,,0,/Users/nataliewang/Projects/supplychain-OSINT/src/shocks/combo_search_runs/combo_2482cb61bd6d/model,beam,12
389b0bf0b3ba,2010_russia_wheat_ban|2011_japan_earthquake|2011_queensland_floods|2011_thailand_floods|2012_us_droughts|2014_indonesia_mineral_export_ban|2014_russia_crimea_sanctions|2015_samarco_dam_collapse|2017_british_columbia_wildfires|2017_hurricane_maria|2018_sweden_wildfires|2018_us_china_tariffs,12,374,0,gbrt,0.17017003484739066,True,True,0.30321125740275107,,0,/Users/nataliewang/Projects/supplychain-OSINT/src/shocks/combo_search_runs/combo_389b0bf0b3ba/model,beam,12
e4f5dfd2bfc8,2010_russia_wheat_ban|2011_japan_earthquake|2011_queensland_floods|2011_thailand_floods|2012_us_droughts|2014_indonesia_mineral_export_ban|2014_russia_crimea_sanctions|2015_samarco_dam_collapse|2017_british_columbia_wildfires|2018_sweden_wildfires|2018_us_china_tariffs|2019_amazon_forest_fires,12,392,0,catboost,0.17227799044000372,True,True,0.20857835031614413,,0,/Users/nataliewang/Projects/supplychain-OSINT/src/shocks/combo_search_runs/combo_e4f5dfd2bfc8/model,beam,12
2ffea6da00b3,2010_russia_wheat_ban|2011_japan_earthquake|2011_queensland_floods|2011_thailand_floods|2012_us_droughts|2014_indonesia_mineral_export_ban|2014_russia_crimea_sanctions|2015_samarco_dam_collapse|2017_british_columbia_wildfires|2018_sweden_wildfires|2018_us_china_tariffs|2019_brumadinho_dam_collapse,12,353,0,gbrt,0.18759810262082702,True,True,0.24561361961970704,,0,/Users/nataliewang/Projects/supplychain-OSINT/src/shocks/combo_search_runs/combo_2ffea6da00b3/model,beam,12
0c423a526954,2010_russia_wheat_ban|2011_japan_earthquake|2011_queensland_floods|2011_thailand_floods|2012_us_droughts|2014_indonesia_mineral_export_ban|2014_russia_crimea_sanctions|2015_samarco_dam_collapse|2017_british_columbia_wildfires|2018_sweden_wildfires|2018_us_china_tariffs|2019_saudi_aramco_attack,12,378,0,gbrt,0.182804629939852,True,True,0.2411311507964194,,0,/Users/nataliewang/Projects/supplychain-OSINT/src/shocks/combo_search_runs/combo_0c423a526954/model,beam,12
8b664162543b,2010_russia_wheat_ban|2011_japan_earthquake|2011_queensland_floods|2011_thailand_floods|2012_us_droughts|2014_indonesia_mineral_export_ban|2014_russia_crimea_sanctions|2015_samarco_dam_collapse|2017_british_columbia_wildfires|2018_sweden_wildfires|2018_us_china_tariffs|2020_china_covid,12,359,0,rf,0.17483851558324207,True,True,0.38652580656202645,,0,/Users/nataliewang/Projects/supplychain-OSINT/src/shocks/combo_search_runs/combo_8b664162543b/model,beam,12
f8059297ea44,2010_russia_wheat_ban|2011_japan_earthquake|2011_queensland_floods|2011_thailand_floods|2012_us_droughts|2014_indonesia_mineral_export_ban|2014_russia_crimea_sanctions|2015_samarco_dam_collapse|2017_hurricane_maria|2018_sweden_wildfires|2018_us_china_tariffs|2019_amazon_forest_fires,12,410,0,catboost,0.17506981296513094,True,True,0.2672642263131572,,0,/Users/nataliewang/Projects/supplychain-OSINT/src/shocks/combo_search_runs/combo_f8059297ea44/model,beam,12
c7ba139d0ce8,2010_russia_wheat_ban|2011_japan_earthquake|2011_queensland_floods|2011_thailand_floods|2012_us_droughts|2014_indonesia_mineral_export_ban|2014_russia_crimea_sanctions|2015_samarco_dam_collapse|2017_hurricane_maria|2018_sweden_wildfires|2018_us_china_tariffs|2019_brumadinho_dam_collapse,12,371,0,catboost,0.1834140414661297,True,True,0.26440457872683937,,0,/Users/nataliewang/Projects/supplychain-OSINT/src/shocks/combo_search_runs/combo_c7ba139d0ce8/model,beam,12
8a37aa0cea36,2010_russia_wheat_ban|2011_japan_earthquake|2011_queensland_floods|2011_thailand_floods|2012_us_droughts|2014_indonesia_mineral_export_ban|2014_russia_crimea_sanctions|2015_samarco_dam_collapse|2017_hurricane_maria|2018_sweden_wildfires|2018_us_china_tariffs|2019_saudi_aramco_attack,12,396,0,gbrt,0.17144212000168377,True,True,0.23538320072923952,,0,/Users/nataliewang/Projects/supplychain-OSINT/src/shocks/combo_search_runs/combo_8a37aa0cea36/model,beam,12
205281c11b36,2010_russia_wheat_ban|2011_japan_earthquake|2011_queensland_floods|2011_thailand_floods|2012_us_droughts|2014_indonesia_mineral_export_ban|2014_russia_crimea_sanctions|2015_samarco_dam_collapse|2017_hurricane_maria|2018_sweden_wildfires|2018_us_china_tariffs|2020_china_covid,12,377,0,catboost,0.1789805146997252,True,True,0.24443011903882578,,0,/Users/nataliewang/Projects/supplychain-OSINT/src/shocks/combo_search_runs/combo_205281c11b36/model,beam,12
fab3cc1cb886,2010_russia_wheat_ban|2011_japan_earthquake|2011_queensland_floods|2011_thailand_floods|2012_us_droughts|2014_indonesia_mineral_export_ban|2014_russia_crimea_sanctions|2015_samarco_dam_collapse|2018_sweden_wildfires|2018_us_china_tariffs|2019_amazon_forest_fires|2019_brumadinho_dam_collapse,12,389,0,catboost,0.18958284336709438,True,True,0.25328985274908666,,0,/Users/nataliewang/Projects/supplychain-OSINT/src/shocks/combo_search_runs/combo_fab3cc1cb886/model,beam,12
bb1def77b63c,2010_russia_wheat_ban|2011_japan_earthquake|2011_queensland_floods|2011_thailand_floods|2012_us_droughts|2014_indonesia_mineral_export_ban|2014_russia_crimea_sanctions|2015_samarco_dam_collapse|2018_sweden_wildfires|2018_us_china_tariffs|2019_amazon_forest_fires|2019_saudi_aramco_attack,12,414,0,xgboost,0.18066425502244235,True,True,0.3984278661982224,,0,/Users/nataliewang/Projects/supplychain-OSINT/src/shocks/combo_search_runs/combo_bb1def77b63c/model,beam,12
d65a3f2edbce,2010_russia_wheat_ban|2011_japan_earthquake|2011_queensland_floods|2011_thailand_floods|2012_us_droughts|2014_indonesia_mineral_export_ban|2014_russia_crimea_sanctions|2015_samarco_dam_collapse|2018_sweden_wildfires|2018_us_china_tariffs|2019_amazon_forest_fires|2020_china_covid,12,395,0,gbrt,0.17608020904612834,True,True,0.36830700588661197,,0,/Users/nataliewang/Projects/supplychain-OSINT/src/shocks/combo_search_runs/combo_d65a3f2edbce/model,beam,12
2a1d54385760,2010_russia_wheat_ban|2011_japan_earthquake|2011_queensland_floods|2011_thailand_floods|2012_us_droughts|2014_indonesia_mineral_export_ban|2014_russia_crimea_sanctions|2015_samarco_dam_collapse|2018_sweden_wildfires|2018_us_china_tariffs|2019_brumadinho_dam_collapse|2019_saudi_aramco_attack,12,375,0,gbrt,0.19315659785021658,True,True,0.2795794121063886,,0,/Users/nataliewang/Projects/supplychain-OSINT/src/shocks/combo_search_runs/combo_2a1d54385760/model,beam,12
eba3e1395e68,2010_russia_wheat_ban|2011_japan_earthquake|2011_queensland_floods|2011_thailand_floods|2012_us_droughts|2014_indonesia_mineral_export_ban|2014_russia_crimea_sanctions|2015_samarco_dam_collapse|2018_sweden_wildfires|2018_us_china_tariffs|2019_brumadinho_dam_collapse|2020_china_covid,12,356,0,catboost,0.18830169165855334,True,True,0.2706173034352303,,0,/Users/nataliewang/Projects/supplychain-OSINT/src/shocks/combo_search_runs/combo_eba3e1395e68/model,beam,12
dbea0fdadd5f,2010_russia_wheat_ban|2011_japan_earthquake|2011_queensland_floods|2011_thailand_floods|2012_us_droughts|2014_indonesia_mineral_export_ban|2014_russia_crimea_sanctions|2015_samarco_dam_collapse|2015_tianjin_explosion|2017_british_columbia_wildfires|2017_hurricane_maria|2018_sweden_wildfires|2018_us_china_tariffs,13,428,0,catboost,0.16713222812712478,True,True,0.259837220189513,,0,/Users/nataliewang/Projects/supplychain-OSINT/src/shocks/combo_search_runs/combo_dbea0fdadd5f/model,beam,13
3ab2318d09b1,2010_russia_wheat_ban|2011_japan_earthquake|2011_queensland_floods|2011_thailand_floods|2012_us_droughts|2014_indonesia_mineral_export_ban|2014_russia_crimea_sanctions|2015_samarco_dam_collapse|2015_tianjin_explosion|2017_british_columbia_wildfires|2018_sweden_wildfires|2018_us_china_tariffs|2019_amazon_forest_fires,13,446,0,gbrt,0.16948049237269405,True,True,0.32422566478308823,,0,/Users/nataliewang/Projects/supplychain-OSINT/src/shocks/combo_search_runs/combo_3ab2318d09b1/model,beam,13
76877c329f0b,2010_russia_wheat_ban|2011_japan_earthquake|2011_queensland_floods|2011_thailand_floods|2012_us_droughts|2014_indonesia_mineral_export_ban|2014_russia_crimea_sanctions|2015_samarco_dam_collapse|2015_tianjin_explosion|2017_british_columbia_wildfires|2018_sweden_wildfires|2018_us_china_tariffs|2019_brumadinho_dam_collapse,13,407,0,catboost,0.17500308469867382,True,True,0.25354625191987296,,0,/Users/nataliewang/Projects/supplychain-OSINT/src/shocks/combo_search_runs/combo_76877c329f0b/model,beam,13
6eb607784f41,2010_russia_wheat_ban|2011_japan_earthquake|2011_queensland_floods|2011_thailand_floods|2012_us_droughts|2014_indonesia_mineral_export_ban|2014_russia_crimea_sanctions|2015_samarco_dam_collapse|2015_tianjin_explosion|2017_british_columbia_wildfires|2018_sweden_wildfires|2018_us_china_tariffs|2019_saudi_aramco_attack,13,432,0,xgboost,0.17492834235552165,True,True,0.36216461082733764,,0,/Users/nataliewang/Projects/supplychain-OSINT/src/shocks/combo_search_runs/combo_6eb607784f41/model,beam,13
a8537039972d,2010_russia_wheat_ban|2011_japan_earthquake|2011_queensland_floods|2011_thailand_floods|2012_us_droughts|2014_indonesia_mineral_export_ban|2014_russia_crimea_sanctions|2015_samarco_dam_collapse|2015_tianjin_explosion|2017_british_columbia_wildfires|2018_sweden_wildfires|2018_us_china_tariffs|2020_china_covid,13,413,0,gbrt,0.16616397051290807,True,True,0.2884794218817463,,0,/Users/nataliewang/Projects/supplychain-OSINT/src/shocks/combo_search_runs/combo_a8537039972d/model,beam,13
b1e5a93c8649,2010_russia_wheat_ban|2011_japan_earthquake|2011_queensland_floods|2011_thailand_floods|2012_us_droughts|2014_indonesia_mineral_export_ban|2014_russia_crimea_sanctions|2015_samarco_dam_collapse|2015_tianjin_explosion|2017_hurricane_maria|2018_sweden_wildfires|2018_us_china_tariffs|2019_amazon_forest_fires,13,464,0,catboost,0.1668516395424057,True,True,0.3227746004954386,,0,/Users/nataliewang/Projects/supplychain-OSINT/src/shocks/combo_search_runs/combo_b1e5a93c8649/model,beam,13
6be9eb9026b3,2010_russia_wheat_ban|2011_japan_earthquake|2011_queensland_floods|2011_thailand_floods|2012_us_droughts|2014_indonesia_mineral_export_ban|2014_russia_crimea_sanctions|2015_samarco_dam_collapse|2015_tianjin_explosion|2017_hurricane_maria|2018_sweden_wildfires|2018_us_china_tariffs|2019_brumadinho_dam_collapse,13,425,0,gbrt,0.1751325481388363,True,True,0.27084561344751823,,0,/Users/nataliewang/Projects/supplychain-OSINT/src/shocks/combo_search_runs/combo_6be9eb9026b3/model,beam,13
ea40970cdb1b,2010_russia_wheat_ban|2011_japan_earthquake|2011_queensland_floods|2011_thailand_floods|2012_us_droughts|2014_indonesia_mineral_export_ban|2014_russia_crimea_sanctions|2015_samarco_dam_collapse|2015_tianjin_explosion|2017_hurricane_maria|2018_sweden_wildfires|2018_us_china_tariffs|2019_saudi_aramco_attack,13,450,0,xgboost,0.17349956971207645,True,True,0.38686648225784814,,0,/Users/nataliewang/Projects/supplychain-OSINT/src/shocks/combo_search_runs/combo_ea40970cdb1b/model,beam,13
a3632c4aaf3a,2010_russia_wheat_ban|2011_japan_earthquake|2011_queensland_floods|2011_thailand_floods|2012_us_droughts|2014_indonesia_mineral_export_ban|2014_russia_crimea_sanctions|2015_samarco_dam_collapse|2015_tianjin_explosion|2017_hurricane_maria|2018_sweden_wildfires|2018_us_china_tariffs|2020_china_covid,13,431,0,gbrt,0.17218079754195484,True,True,0.31464245296099086,,0,/Users/nataliewang/Projects/supplychain-OSINT/src/shocks/combo_search_runs/combo_a3632c4aaf3a/model,beam,13
5da50362eb0b,2010_russia_wheat_ban|2011_japan_earthquake|2011_queensland_floods|2011_thailand_floods|2012_us_droughts|2014_indonesia_mineral_export_ban|2014_russia_crimea_sanctions|2015_samarco_dam_collapse|2015_tianjin_explosion|2018_sweden_wildfires|2018_us_china_tariffs|2019_amazon_forest_fires|2019_brumadinho_dam_collapse,13,443,0,xgboost,0.18255262772120157,True,True,0.38803806905531746,,0,/Users/nataliewang/Projects/supplychain-OSINT/src/shocks/combo_search_runs/combo_5da50362eb0b/model,beam,13
13de8f3d70d8,2010_russia_wheat_ban|2011_japan_earthquake|2011_queensland_floods|2011_thailand_floods|2012_us_droughts|2014_indonesia_mineral_export_ban|2014_russia_crimea_sanctions|2015_samarco_dam_collapse|2015_tianjin_explosion|2018_sweden_wildfires|2018_us_china_tariffs|2019_amazon_forest_fires|2019_saudi_aramco_attack,13,468,0,xgboost,0.1769457752866619,True,True,0.3715779381013449,,0,/Users/nataliewang/Projects/supplychain-OSINT/src/shocks/combo_search_runs/combo_13de8f3d70d8/model,beam,13
52f0ed424ef5,2010_russia_wheat_ban|2011_japan_earthquake|2011_queensland_floods|2011_thailand_floods|2012_us_droughts|2014_indonesia_mineral_export_ban|2014_russia_crimea_sanctions|2015_samarco_dam_collapse|2015_tianjin_explosion|2018_sweden_wildfires|2018_us_china_tariffs|2019_amazon_forest_fires|2020_china_covid,13,449,0,gbrt,0.17394043073485552,True,True,0.35135015931314584,,0,/Users/nataliewang/Projects/supplychain-OSINT/src/shocks/combo_search_runs/combo_52f0ed424ef5/model,beam,13
7daecb047fe1,2010_russia_wheat_ban|2011_japan_earthquake|2011_queensland_floods|2011_thailand_floods|2012_us_droughts|2014_indonesia_mineral_export_ban|2014_russia_crimea_sanctions|2015_samarco_dam_collapse|2015_tianjin_explosion|2018_sweden_wildfires|2018_us_china_tariffs|2019_brumadinho_dam_collapse|2019_saudi_aramco_attack,13,429,0,gbrt,0.18749249883162242,True,True,0.23971909778869505,,0,/Users/nataliewang/Projects/supplychain-OSINT/src/shocks/combo_search_runs/combo_7daecb047fe1/model,beam,13
fd46b41729a8,2010_russia_wheat_ban|2011_japan_earthquake|2011_queensland_floods|2011_thailand_floods|2012_us_droughts|2014_indonesia_mineral_export_ban|2014_russia_crimea_sanctions|2015_samarco_dam_collapse|2015_tianjin_explosion|2018_sweden_wildfires|2018_us_china_tariffs|2019_brumadinho_dam_collapse|2020_china_covid,13,410,0,gbrt,0.18312581180623808,True,True,0.29964066817973406,,0,/Users/nataliewang/Projects/supplychain-OSINT/src/shocks/combo_search_runs/combo_fd46b41729a8/model,beam,13
5c656a0cfe0b,2010_russia_wheat_ban|2011_japan_earthquake|2011_queensland_floods|2011_thailand_floods|2012_us_droughts|2014_indonesia_mineral_export_ban|2014_russia_crimea_sanctions|2015_samarco_dam_collapse|2015_tianjin_explosion|2018_sweden_wildfires|2018_us_china_tariffs|2019_saudi_aramco_attack|2020_china_covid,13,435,0,gbrt,0.17477323267670386,True,True,0.26261222796885575,,0,/Users/nataliewang/Projects/supplychain-OSINT/src/shocks/combo_search_runs/combo_5c656a0cfe0b/model,beam,13
2a72a46df1ab,2010_russia_wheat_ban|2011_japan_earthquake|2011_queensland_floods|2011_thailand_floods|2012_us_droughts|2014_indonesia_mineral_export_ban|2014_russia_crimea_sanctions|2015_samarco_dam_collapse|2015_tianjin_explosion|2017_british_columbia_wildfires|2017_hurricane_maria|2018_sweden_wildfires|2018_us_china_tariffs|2019_amazon_forest_fires,14,476,0,xgboost,0.16048939620186883,True,True,0.36621064030617745,,0,/Users/nataliewang/Projects/supplychain-OSINT/src/shocks/combo_search_runs/combo_2a72a46df1ab/model,beam,14
bb8f2929c6a7,2010_russia_wheat_ban|2011_japan_earthquake|2011_queensland_floods|2011_thailand_floods|2012_us_droughts|2014_indonesia_mineral_export_ban|2014_russia_crimea_sanctions|2015_samarco_dam_collapse|2015_tianjin_explosion|2017_british_columbia_wildfires|2017_hurricane_maria|2018_sweden_wildfires|2018_us_china_tariffs|2019_brumadinho_dam_collapse,14,437,0,catboost,0.16970540614435867,True,True,0.27953418459990453,,0,/Users/nataliewang/Projects/supplychain-OSINT/src/shocks/combo_search_runs/combo_bb8f2929c6a7/model,beam,14
8484cbc83fc5,2010_russia_wheat_ban|2011_japan_earthquake|2011_queensland_floods|2011_thailand_floods|2012_us_droughts|2014_indonesia_mineral_export_ban|2014_russia_crimea_sanctions|2015_samarco_dam_collapse|2015_tianjin_explosion|2017_british_columbia_wildfires|2017_hurricane_maria|2018_sweden_wildfires|2018_us_china_tariffs|2019_saudi_aramco_attack,14,462,0,gbrt,0.1640522214184938,True,True,0.23516022621298,,0,/Users/nataliewang/Projects/supplychain-OSINT/src/shocks/combo_search_runs/combo_8484cbc83fc5/model,beam,14
d92a1490d092,2010_russia_wheat_ban|2011_japan_earthquake|2011_queensland_floods|2011_thailand_floods|2012_us_droughts|2014_indonesia_mineral_export_ban|2014_russia_crimea_sanctions|2015_samarco_dam_collapse|2015_tianjin_explosion|2017_british_columbia_wildfires|2017_hurricane_maria|2018_sweden_wildfires|2018_us_china_tariffs|2020_china_covid,14,443,0,gbrt,0.1652507145113064,True,True,0.34385281304977894,,0,/Users/nataliewang/Projects/supplychain-OSINT/src/shocks/combo_search_runs/combo_d92a1490d092/model,beam,14
983715483a5f,2010_russia_wheat_ban|2011_japan_earthquake|2011_queensland_floods|2011_thailand_floods|2012_us_droughts|2014_indonesia_mineral_export_ban|2014_russia_crimea_sanctions|2015_samarco_dam_collapse|2015_tianjin_explosion|2017_british_columbia_wildfires|2018_sweden_wildfires|2018_us_china_tariffs|2019_amazon_forest_fires|2019_brumadinho_dam_collapse,14,455,0,xgboost,0.1710242565066575,True,True,0.38190984992932264,,0,/Users/nataliewang/Projects/supplychain-OSINT/src/shocks/combo_search_runs/combo_983715483a5f/model,beam,14
0bfa6a46522c,2010_russia_wheat_ban|2011_japan_earthquake|2011_queensland_floods|2011_thailand_floods|2012_us_droughts|2014_indonesia_mineral_export_ban|2014_russia_crimea_sanctions|2015_samarco_dam_collapse|2015_tianjin_explosion|2017_british_columbia_wildfires|2018_sweden_wildfires|2018_us_china_tariffs|2019_amazon_forest_fires|2019_saudi_aramco_attack,14,480,0,xgboost,0.16631763862223795,True,True,0.3645228456292993,,0,/Users/nataliewang/Projects/supplychain-OSINT/src/shocks/combo_search_runs/combo_0bfa6a46522c/model,beam,14
562f8b3aa514,2010_russia_wheat_ban|2011_japan_earthquake|2011_queensland_floods|2011_thailand_floods|2012_us_droughts|2014_indonesia_mineral_export_ban|2014_russia_crimea_sanctions|2015_samarco_dam_collapse|2015_tianjin_explosion|2017_british_columbia_wildfires|2018_sweden_wildfires|2018_us_china_tariffs|2019_amazon_forest_fires|2020_china_covid,14,461,0,gbrt,0.1606536781723902,True,True,0.28824804751351996,,0,/Users/nataliewang/Projects/supplychain-OSINT/src/shocks/combo_search_runs/combo_562f8b3aa514/model,beam,14
c6689a55d34c,2010_russia_wheat_ban|2011_japan_earthquake|2011_queensland_floods|2011_thailand_floods|2012_us_droughts|2014_indonesia_mineral_export_ban|2014_russia_crimea_sanctions|2015_samarco_dam_collapse|2015_tianjin_explosion|2017_british_columbia_wildfires|2018_sweden_wildfires|2018_us_china_tariffs|2019_brumadinho_dam_collapse|2019_saudi_aramco_attack,14,441,0,gbrt,0.17443189729260464,True,True,0.2712524721035504,,0,/Users/nataliewang/Projects/supplychain-OSINT/src/shocks/combo_search_runs/combo_c6689a55d34c/model,beam,14
0a7952a20d34,2010_russia_wheat_ban|2011_japan_earthquake|2011_queensland_floods|2011_thailand_floods|2012_us_droughts|2014_indonesia_mineral_export_ban|2014_russia_crimea_sanctions|2015_samarco_dam_collapse|2015_tianjin_explosion|2017_british_columbia_wildfires|2018_sweden_wildfires|2018_us_china_tariffs|2019_brumadinho_dam_collapse|2020_china_covid,14,422,0,gbrt,0.16853604224429367,True,True,0.3311538002897053,,0,/Users/nataliewang/Projects/supplychain-OSINT/src/shocks/combo_search_runs/combo_0a7952a20d34/model,beam,14
87de29952a9f,2010_russia_wheat_ban|2011_japan_earthquake|2011_queensland_floods|2011_thailand_floods|2012_us_droughts|2014_indonesia_mineral_export_ban|2014_russia_crimea_sanctions|2015_samarco_dam_collapse|2015_tianjin_explosion|2017_british_columbia_wildfires|2018_sweden_wildfires|2018_us_china_tariffs|2019_saudi_aramco_attack|2020_china_covid,14,447,0,gbrt,0.1633834463915617,True,True,0.32261109567723617,,0,/Users/nataliewang/Projects/supplychain-OSINT/src/shocks/combo_search_runs/combo_87de29952a9f/model,beam,14
4a021aa04ee8,2010_russia_wheat_ban|2011_japan_earthquake|2011_queensland_floods|2011_thailand_floods|2012_us_droughts|2014_indonesia_mineral_export_ban|2014_russia_crimea_sanctions|2015_samarco_dam_collapse|2015_tianjin_explosion|2017_british_columbia_wildfires|2017_hurricane_maria|2018_sweden_wildfires|2018_us_china_tariffs|2019_amazon_forest_fires|2019_brumadinho_dam_collapse,15,485,0,gbrt,0.1676992193079842,True,True,0.31941256886599817,,0,/Users/nataliewang/Projects/supplychain-OSINT/src/shocks/combo_search_runs/combo_4a021aa04ee8/model,beam,15
6262b44f7fb5,2010_russia_wheat_ban|2011_japan_earthquake|2011_queensland_floods|2011_thailand_floods|2012_us_droughts|2014_indonesia_mineral_export_ban|2014_russia_crimea_sanctions|2015_samarco_dam_collapse|2015_tianjin_explosion|2017_british_columbia_wildfires|2017_hurricane_maria|2018_sweden_wildfires|2018_us_china_tariffs|2019_amazon_forest_fires|2019_saudi_aramco_attack,15,510,0,xgboost,0.15867194115218425,True,True,0.3616434525777296,,0,/Users/nataliewang/Projects/supplychain-OSINT/src/shocks/combo_search_runs/combo_6262b44f7fb5/model,beam,15
e9c0f9eff69a,2010_russia_wheat_ban|2011_japan_earthquake|2011_queensland_floods|2011_thailand_floods|2012_us_droughts|2014_indonesia_mineral_export_ban|2014_russia_crimea_sanctions|2015_samarco_dam_collapse|2015_tianjin_explosion|2017_british_columbia_wildfires|2017_hurricane_maria|2018_sweden_wildfires|2018_us_china_tariffs|2019_amazon_forest_fires|2020_china_covid,15,491,0,gbrt,0.1563012507529801,True,True,0.33541207652977856,,0,/Users/nataliewang/Projects/supplychain-OSINT/src/shocks/combo_search_runs/combo_e9c0f9eff69a/model,beam,15
a33831b0ecde,2010_russia_wheat_ban|2011_japan_earthquake|2011_queensland_floods|2011_thailand_floods|2012_us_droughts|2014_indonesia_mineral_export_ban|2014_russia_crimea_sanctions|2015_samarco_dam_collapse|2015_tianjin_explosion|2017_british_columbia_wildfires|2017_hurricane_maria|2018_sweden_wildfires|2018_us_china_tariffs|2019_brumadinho_dam_collapse|2019_saudi_aramco_attack,15,471,0,gbrt,0.1719613774943424,True,True,0.27039253564050186,,0,/Users/nataliewang/Projects/supplychain-OSINT/src/shocks/combo_search_runs/combo_a33831b0ecde/model,beam,15
e9b4623c04b4,2010_russia_wheat_ban|2011_japan_earthquake|2011_queensland_floods|2011_thailand_floods|2012_us_droughts|2014_indonesia_mineral_export_ban|2014_russia_crimea_sanctions|2015_samarco_dam_collapse|2015_tianjin_explosion|2017_british_columbia_wildfires|2017_hurricane_maria|2018_sweden_wildfires|2018_us_china_tariffs|2019_brumadinho_dam_collapse|2020_china_covid,15,452,0,gbrt,0.16664712817117427,True,True,0.32922611117375844,,0,/Users/nataliewang/Projects/supplychain-OSINT/src/shocks/combo_search_runs/combo_e9b4623c04b4/model,beam,15
32c05dca063b,2010_russia_wheat_ban|2011_japan_earthquake|2011_queensland_floods|2011_thailand_floods|2012_us_droughts|2014_indonesia_mineral_export_ban|2014_russia_crimea_sanctions|2015_samarco_dam_collapse|2015_tianjin_explosion|2017_british_columbia_wildfires|2017_hurricane_maria|2018_sweden_wildfires|2018_us_china_tariffs|2019_saudi_aramco_attack|2020_china_covid,15,477,0,gbrt,0.16213361698203654,True,True,0.2962048764847197,,0,/Users/nataliewang/Projects/supplychain-OSINT/src/shocks/combo_search_runs/combo_32c05dca063b/model,beam,15
6b48484db6da,2010_russia_wheat_ban|2011_japan_earthquake|2011_queensland_floods|2011_thailand_floods|2012_us_droughts|2014_indonesia_mineral_export_ban|2014_russia_crimea_sanctions|2015_samarco_dam_collapse|2015_tianjin_explosion|2017_british_columbia_wildfires|2018_sweden_wildfires|2018_us_china_tariffs|2019_amazon_forest_fires|2019_brumadinho_dam_collapse|2019_saudi_aramco_attack,15,489,0,xgboost,0.16924322371576805,True,True,0.36378566337928986,,0,/Users/nataliewang/Projects/supplychain-OSINT/src/shocks/combo_search_runs/combo_6b48484db6da/model,beam,15
1c4fdc62d136,2010_russia_wheat_ban|2011_japan_earthquake|2011_queensland_floods|2011_thailand_floods|2012_us_droughts|2014_indonesia_mineral_export_ban|2014_russia_crimea_sanctions|2015_samarco_dam_collapse|2015_tianjin_explosion|2017_british_columbia_wildfires|2018_sweden_wildfires|2018_us_china_tariffs|2019_amazon_forest_fires|2019_brumadinho_dam_collapse|2020_china_covid,15,470,0,gbrt,0.17139897487651068,True,True,0.29484732255040974,,0,/Users/nataliewang/Projects/supplychain-OSINT/src/shocks/combo_search_runs/combo_1c4fdc62d136/model,beam,15
7d4f5165567e,2010_russia_wheat_ban|2011_japan_earthquake|2011_queensland_floods|2011_thailand_floods|2012_us_droughts|2014_indonesia_mineral_export_ban|2014_russia_crimea_sanctions|2015_samarco_dam_collapse|2015_tianjin_explosion|2017_british_columbia_wildfires|2017_hurricane_maria|2018_sweden_wildfires|2018_us_china_tariffs|2019_amazon_forest_fires|2019_brumadinho_dam_collapse|2019_saudi_aramco_attack,16,519,0,xgboost,0.16462827518549705,True,True,0.3552534501901726,,0,/Users/nataliewang/Projects/supplychain-OSINT/src/shocks/combo_search_runs/combo_7d4f5165567e/model,beam,16
b5197139e452,2010_russia_wheat_ban|2011_japan_earthquake|2011_queensland_floods|2011_thailand_floods|2012_us_droughts|2014_indonesia_mineral_export_ban|2014_russia_crimea_sanctions|2015_samarco_dam_collapse|2015_tianjin_explosion|2017_british_columbia_wildfires|2017_hurricane_maria|2018_sweden_wildfires|2018_us_china_tariffs|2019_amazon_forest_fires|2019_brumadinho_dam_collapse|2020_china_covid,16,500,0,gbrt,0.1658100253482149,True,True,0.2800346355163809,,0,/Users/nataliewang/Projects/supplychain-OSINT/src/shocks/combo_search_runs/combo_b5197139e452/model,beam,16
004f3767d001,2010_russia_wheat_ban|2011_japan_earthquake|2011_queensland_floods|2011_thailand_floods|2012_us_droughts|2014_indonesia_mineral_export_ban|2014_russia_crimea_sanctions|2015_samarco_dam_collapse|2015_tianjin_explosion|2017_british_columbia_wildfires|2017_hurricane_maria|2018_sweden_wildfires|2018_us_china_tariffs|2019_amazon_forest_fires|2019_saudi_aramco_attack|2020_china_covid,16,525,0,gbrt,0.15845626315337102,True,True,0.32473487864337885,,0,/Users/nataliewang/Projects/supplychain-OSINT/src/shocks/combo_search_runs/combo_004f3767d001/model,beam,16
51db4b8269d1,2010_russia_wheat_ban|2011_japan_earthquake|2011_queensland_floods|2011_thailand_floods|2012_us_droughts|2014_indonesia_mineral_export_ban|2014_russia_crimea_sanctions|2015_samarco_dam_collapse|2015_tianjin_explosion|2017_british_columbia_wildfires|2017_hurricane_maria|2018_sweden_wildfires|2018_us_china_tariffs|2019_brumadinho_dam_collapse|2019_saudi_aramco_attack|2020_china_covid,16,486,0,gbrt,0.1622563269514612,True,True,0.2953525587263427,,0,/Users/nataliewang/Projects/supplychain-OSINT/src/shocks/combo_search_runs/combo_51db4b8269d1/model,beam,16
bf7d7d1e07d2,2010_russia_wheat_ban|2011_japan_earthquake|2011_queensland_floods|2011_thailand_floods|2012_us_droughts|2014_indonesia_mineral_export_ban|2014_russia_crimea_sanctions|2015_samarco_dam_collapse|2015_tianjin_explosion|2017_british_columbia_wildfires|2017_hurricane_maria|2018_sweden_wildfires|2018_us_china_tariffs|2019_amazon_forest_fires|2019_brumadinho_dam_collapse|2019_saudi_aramco_attack|2020_china_covid,17,534,0,gbrt,0.1560044329113114,True,True,0.3212733195427211,,0,/Users/nataliewang/Projects/supplychain-OSINT/src/shocks/combo_search_runs/combo_bf7d7d1e07d2/model,beam,17
