shock_event,shock_node,shock_date,target_node,target_country,observation_date,months_after_shock,shock_yoy_change,shock_value,shock_expected,shock_dev_abs,shock_dev_pct,shock_dev_z,shock_dev_abs_weighted,shock_resid_std,shock_yoy_actual,shock_yoy_expected,shock_yoy_dev,shock_logyoy_actual,shock_logyoy_expected,shock_logyoy_dev,export_baseline,export_observed,yoy_change,prop_expected,prop_dev_abs,prop_dev_pct,prop_dev_z,prop_resid_std,prop_yoy_actual,prop_yoy_expected,prop_yoy_dev,prop_logyoy_actual,prop_logyoy_expected,prop_logyoy_dev,icio_edge_value,is_domestic,supplier_hhi,shocked_supplier_share,target_log_gdp_per_capita,target_gdp_growth,target_inflation,target_unemployment_rate
2011_japan_earthquake,JPN_C29,2011-03,USA_C29,USA,2011-03,0,0.1918588930262852,460391797.61580604,3844652464.0,1026176556.0,0.26691009541402333,,602545279.2037708,0.0,0.1918588930262852,0.0,0.1918588930262852,0.17551418326284818,0.0,0.17551418326284818,11061939287.0,13940460458.0,0.26021849300717464,10816296544.0,3124163914.0,0.2888385965835073,,0.0,0.26021849300717464,0.0,0.26021849300717464,0.23128511305998956,0.0,0.23128511305998956,7684.94287109375,False,0.08932587709177556,0.021517489537109222,10.792275733004598,2.69519257744442,1.21525703756249,9.633
2011_japan_earthquake,JPN_C29,2011-03,USA_C29,USA,2011-04,1,-0.3642335597660213,-739356270.4285493,3844652464.0,-1646773351.0,-0.4283282732106004,,-966944238.5542321,0.0,-0.3642335597660213,0.0,-0.3642335597660213,-0.4529240152591143,0.0,-0.4529240152591143,10650365373.0,12523754614.0,0.1758990584256644,10816296544.0,1707458070.0,0.15785976864208282,,0.0,0.1758990584256644,0.0,0.1758990584256644,0.16203301110633106,0.0,0.16203301110633106,7684.94287109375,False,0.08932587709177556,0.021517489537109222,10.792275733004598,2.69519257744442,1.21525703756249,9.633
2011_japan_earthquake,JPN_C29,2011-03,USA_C29,USA,2011-05,2,-0.4127756698933908,-841085278.2082642,3844652464.0,-1806848597.0,-0.469964090101435,,-1060936430.4735749,0.0,-0.4127756698933908,0.0,-0.4127756698933908,-0.5323483682323804,0.0,-0.5323483682323804,10776034810.0,12715418495.0,0.17997192095187747,10816296544.0,1899121951.0,0.17557968601124183,,0.0,0.17997192095187747,0.0,0.17997192095187747,0.16549064237680255,0.0,0.16549064237680255,7684.94287109375,False,0.08932587709177556,0.021517489537109222,10.792275733004598,2.69519257744442,1.21525703756249,9.633
2011_japan_earthquake,JPN_C29,2011-03,USA_C29,USA,2011-06,3,-0.3174811478339236,-782595912.1905457,3844652464.0,-979374991.0,-0.2547369366075425,,-575064567.5414218,0.0,-0.3174811478339236,0.0,-0.3174811478339236,-0.3819651299723468,0.0,-0.3819651299723468,10799940009.0,12380200654.0,0.14632124286645193,10816296544.0,1563904110.0,0.1445877619606802,,0.0,0.14632124286645193,0.0,0.14632124286645193,0.1365578956367557,0.0,0.1365578956367557,7684.94287109375,False,0.08932587709177556,0.021517489537109222,10.792275733004598,2.69519257744442,1.21525703756249,9.633
2011_japan_earthquake,JPN_C29,2011-03,USA_C29,USA,2011-07,4,-0.02673648236176792,-63788201.089662395,3844652464.0,109914477.0,0.028588923974065605,,64539039.45209741,0.0,-0.02673648236176792,0.0,-0.02673648236176792,-0.027100403407640528,0.0,-0.027100403407640528,8778806945.0,11261143485.0,0.2827646803890389,10816296544.0,444846941.0,0.041127472715859,,0.0,0.2827646803890389,0.0,0.2827646803890389,0.24901765521555674,0.0,0.24901765521555674,7684.94287109375,False,0.08932587709177556,0.021517489537109222,10.792275733004598,2.69519257744442,1.21525703756249,9.633
2011_japan_earthquake,JPN_C29,2011-03,USA_C29,USA,2011-08,5,0.1322198626137578,334474725.7286579,3844652464.0,1033212513.0,0.2687401586163238,,606676617.6661851,0.0,0.1322198626137578,0.0,0.1322198626137578,0.12418018581848145,0.0,0.12418018581848145,10707354999.0,12822762722.0,0.19756585292983803,10816296544.0,2006466178.0,0.185503991115427,,0.0,0.19756585292983803,0.0,0.19756585292983803,0.18029104078373592,0.0,0.18029104078373592,7684.94287109375,False,0.08932587709177556,0.021517489537109222,10.792275733004598,2.69519257744442,1.21525703756249,9.633
2011_japan_earthquake,JPN_C29,2011-03,CHN_C29,CHN,2011-03,0,0.11910809427867586,174914735.7490632,1585852004.0,865314267.0,0.5456462928554586,,580173985.5264719,0.0,0.11910809427867586,0.0,0.11910809427867586,0.11253202361373482,0.0,0.11253202361373482,4853471294.0,7548074204.0,0.5551908617098745,4431386115.0,3116688089.0,0.7033212652019153,,0.0,0.5551908617098745,0.0,0.5551908617098745,0.4415982786750625,0.0,0.4415982786750625,3854.80810546875,False,0.14203454978111069,0.00794070383926925,8.440365173125944,10.5962719761682,6.92845731295996,4.53
2011_japan_earthquake,JPN_C29,2011-03,CHN_C29,CHN,2011-04,1,-0.21226692624369808,-262019936.51255628,1585852004.0,-135589232.0,-0.08549929732282888,,-90909566.75964922,0.0,-0.21226692624369808,0.0,-0.21226692624369808,-0.23859598525081083,0.0,-0.23859598525081083,5365551767.0,7745080412.0,0.4434825621541711,4431386115.0,3313694297.0,0.7477782822361893,,0.0,0.4434825621541711,0.0,0.4434825621541711,0.3670586397371949,0.0,0.3670586397371949,3854.80810546875,False,0.14203454978111069,0.00794070383926925,8.440365173125944,10.5962719761682,6.92845731295996,4.53
2011_japan_earthquake,JPN_C29,2011-03,CHN_C29,CHN,2011-05,2,-0.12119191242501949,-119027734.53693178,1585852004.0,-298538910.0,-0.18825143156296695,,-200163704.5115641,0.0,-0.12119191242501949,0.0,-0.12119191242501949,-0.12918873544425935,0.0,-0.12918873544425935,5820057537.0,7493523252.0,0.28753422184595834,4431386115.0,3062137137.0,0.6910111323034643,,0.0,0.28753422184595834,0.0,0.28753422184595834,0.2527289332386715,0.0,0.2527289332386715,3854.80810546875,False,0.14203454978111069,0.00794070383926925,8.440365173125944,10.5962719761682,6.92845731295996,4.53
2011_japan_earthquake,JPN_C29,2011-03,CHN_C29,CHN,2011-06,3,-0.023396709397738753,-26972881.777031235,1585852004.0,93363224.0,0.05887259578101211,,62597966.814386,0.0,-0.023396709397738753,0.0,-0.023396709397738753,-0.023674757898991317,0.0,-0.023674757898991317,6223336828.0,7594672813.0,0.22035381064866894,4431386115.0,3163286698.0,0.7138368483153493,,0.0,0.22035381064866894,0.0,0.22035381064866894,0.19914082540016764,0.0,0.19914082540016764,3854.80810546875,False,0.14203454978111069,0.00794070383926925,8.440365173125944,10.5962719761682,6.92845731295996,4.53
2011_japan_earthquake,JPN_C29,2011-03,CHN_C29,CHN,2011-07,4,0.019015893255124594,23491667.295667075,1585852004.0,291707376.0,0.18394363109812611,,195583312.78662378,0.0,0.019015893255124594,0.0,0.019015893255124594,0.0188373510225901,0.0,0.0188373510225901,6357078274.0,7964007947.0,0.25277802218862533,4431386115.0,3532621832.0,0.7971821322547967,,0.0,0.25277802218862533,0.0,0.25277802218862533,0.22536350311589715,0.0,0.22536350311589715,3854.80810546875,False,0.14203454978111069,0.00794070383926925,8.440365173125944,10.5962719761682,6.92845731295996,4.53
2011_japan_earthquake,JPN_C29,2011-03,USA_G,USA,2011-03,0,0.1918588930262852,105005559.62969993,3844652464.0,1026176556.0,0.26691009541402333,,137427739.96556875,0.0,0.1918588930262852,0.0,0.1918588930262852,0.17551418326284818,0.0,0.17551418326284818,110230750991.0,131010674491.0,0.18851294501020516,109745138312.0,21265536179.0,0.19377201128074698,,0.0,0.18851294501020516,0.0,0.18851294501020516,0.17270289964646324,0.0,0.17270289964646324,1752.771728515625,False,0.09506290420108587,0.0017079360019392551,10.792275733004598,2.69519257744442,1.21525703756249,9.633
2011_japan_earthquake,JPN_C29,2011-03,USA_G,USA,2011-04,1,-0.3642335597660213,-168631412.0801621,3844652464.0,-1646773351.0,-0.4283282732106004,,-220539378.47266147,0.0,-0.3642335597660213,0.0,-0.3642335597660213,-0.4529240152591143,0.0,-0.4529240152591143,102137719916.0,123752794272.0,0.2116267562441833,109745138312.0,14007655960.0,0.12763805463688904,,0.0,0.2116267562441833,0.0,0.2116267562441833,0.19196388332271397,0.0,0.19196388332271397,1752.771728515625,False,0.09506290420108587,0.0017079360019392551,10.792275733004598,2.69519257744442,1.21525703756249,9.633
2011_japan_earthquake,JPN_C29,2011-03,USA_G,USA,2011-05,2,-0.4127756698933908,-191833631.2504463,3844652464.0,-1806848597.0,-0.469964090101435,,-241976994.79081523,0.0,-0.4127756698933908,0.0,-0.4127756698933908,-0.5323483682323804,0.0,-0.5323483682323804,105311563308.0,123812686212.0,0.1756798809442283,109745138312.0,14067547900.0,0.1281837912492001,,0.0,0.1756798809442283,0.0,0.1756798809442283,0.1618466023376861,0.0,0.1618466023376861,1752.771728515625,False,0.09506290420108587,0.0017079360019392551,10.792275733004598,2.69519257744442,1.21525703756249,9.633
2011_japan_earthquake,JPN_C29,2011-03,USA_G,USA,2011-06,3,-0.3174811478339236,-178493453.07420063,3844652464.0,-979374991.0,-0.2547369366075425,,-131159975.15726644,0.0,-0.3174811478339236,0.0,-0.3174811478339236,-0.3819651299723468,0.0,-0.3819651299723468,106917060044.0,122880455194.0,0.1493063421630797,109745138312.0,13135316882.0,0.11968928267835377,,0.0,0.1493063421630797,0.0,0.1493063421630797,0.13915857965950806,0.0,0.13915857965950806,1752.771728515625,False,0.09506290420108587,0.0017079360019392551,10.792275733004598,2.69519257744442,1.21525703756249,9.633
2011_japan_earthquake,JPN_C29,2011-03,USA_G,USA,2011-07,4,-0.02673648236176792,-14548729.555736719,3844652464.0,109914477.0,0.028588923974065605,,14719979.78835865,0.0,-0.02673648236176792,0.0,-0.02673648236176792,-0.027100403407640528,0.0,-0.027100403407640528,104004950680.0,120429505660.0,0.1579208958094186,109745138312.0,10684367348.0,0.09735617916508403,,0.0,0.1579208958094186,0.0,0.1579208958094186,0.14662606577078208,0.0,0.14662606577078208,1752.771728515625,False,0.09506290420108587,0.0017079360019392551,10.792275733004598,2.69519257744442,1.21525703756249,9.633
2011_japan_earthquake,JPN_C29,2011-03,USA_G,USA,2011-08,5,0.1322198626137578,76286558.40310377,3844652464.0,1033212513.0,0.2687401586163238,,138370010.24386668,0.0,0.1322198626137578,0.0,0.1322198626137578,0.12418018581848145,0.0,0.12418018581848145,106882405507.0,126650327371.0,0.1849501961546454,109745138312.0,16905189059.0,0.15404043695256353,,0.0,0.1849501961546454,0.0,0.1849501961546454,0.16970074514092914,0.0,0.16970074514092914,1752.771728515625,False,0.09506290420108587,0.0017079360019392551,10.792275733004598,2.69519257744442,1.21525703756249,9.633
2011_japan_earthquake,JPN_C29,2011-03,THA_C29,THA,2011-03,0,0.19166794220916883,17625988.008211765,167670872.0,-40621472.0,-0.24226910443932087,,-35038240.14592824,0.0,0.19166794220916883,0.0,0.19166794220916883,0.17535395635399809,0.0,0.17535395635399809,1838045384.0,2207952551.0,0.20125029023766478,2144376756.0,63575795.0,0.02964767959833267,,0.0,0.20125029023766478,0.0,0.20125029023766478,0.18336292282422662,0.0,0.18336292282422662,1376.62744140625,False,0.03920696206811019,0.06838116635028763,8.512153089059694,7.51339053261624,4.08098922673743,0.622
2011_japan_earthquake,JPN_C29,2011-03,THA_C29,THA,2011-04,1,0.022777859327262645,1742275.0290536147,167670872.0,-76972708.0,-0.4590702432799419,,-66393168.31222689,0.0,0.022777859327262645,0.0,0.022777859327262645,0.022522316831015132,0.0,0.022522316831015132,1497176493.0,1435265415.0,-0.041351890234359964,2144376756.0,-709111341.0,-0.3306841202302232,,0.0,-0.041351890234359964,0.0,-0.041351890234359964,-0.04223120595779051,0.0,-0.04223120595779051,1376.62744140625,False,0.03920696206811019,0.06838116635028763,8.512153089059694,7.51339053261624,4.08098922673743,0.622
2011_japan_earthquake,JPN_C29,2011-03,CAN_C29,CAN,2011-03,0,-0.016745835809625867,-7620468.7308075605,582693616.765,-35761124.89099991,-0.06137208965757789,,-29256212.23982192,0.0,-0.016745835809625867,0.0,-0.016745835809625867,-0.016887632519786422,0.0,-0.016887632519786422,4973685605.948001,5397587540.88,0.08522893655060493,4505164840.376,892422700.5039997,0.19808880077061025,,0.0,0.08522893655060493,0.0,0.08522893655060493,0.08179096614809112,0.0,0.08179096614809112,1158.798583984375,False,0.07959242700909253,0.02397455656359861,10.76978239226268,3.09080634469335,2.84863779561802,8.178
2011_japan_earthquake,JPN_C29,2011-03,CAN_C29,CAN,2011-04,1,-0.5331769719875231,-222812351.55235067,582693616.765,-344234888.737,-0.5907648184789189,,-281618908.6875103,0.0,-0.5331769719875231,0.0,-0.5331769719875231,-0.7618050459043069,0.0,-0.7618050459043069,4607919081.815,4870502424.465,0.056985233027697264,4505164840.376,365337584.08899975,0.08109305586663255,,0.0,0.056985233027697264,0.0,0.056985233027697264,0.05542073613330345,0.0,0.05542073613330345,1158.798583984375,False,0.07959242700909253,0.02397455656359861,10.76978239226268,3.09080634469335,2.84863779561802,8.178
2011_japan_earthquake,JPN_C29,2011-03,CAN_C29,CAN,2011-05,2,-0.26083281085517196,-90909517.45228477,582693616.765,-267786203.028,-0.45956604864610695,,-219076162.02126002,0.0,-0.26083281085517196,0.0,-0.26083281085517196,-0.30223114579090904,0.0,-0.30223114579090904,4741371939.601,4789176565.07,0.010082445772651778,4505164840.376,284011724.6939993,0.0630413613612184,,0.0,0.010082445772651778,0.0,0.010082445772651778,0.010031956997430314,0.0,0.010031956997430314,1158.798583984375,False,0.07959242700909253,0.02397455656359861,10.76978239226268,3.09080634469335,2.84863779561802,8.178
2011_japan_earthquake,JPN_C29,2011-03,CAN_C29,CAN,2011-06,3,-0.44471274660902993,-215731309.71713075,582693616.765,-253429517.857,-0.4349275683917574,,-207330943.44373176,0.0,-0.44471274660902993,0.0,-0.44471274660902993,-0.5882697241027124,0.0,-0.5882697241027124,5207503756.669,4823614062.493,-0.07371856308012655,4505164840.376,318449222.1169996,0.07068536521971566,,0.0,-0.07371856308012655,0.0,-0.07371856308012655,-0.07657716293804384,0.0,-0.07657716293804384,1158.798583984375,False,0.07959242700909253,0.02397455656359861,10.76978239226268,3.09080634469335,2.84863779561802,8.178
2011_japan_earthquake,JPN_C29,2011-03,CAN_C29,CAN,2011-07,4,-0.058424881953123245,-19714509.57840144,582693616.765,-194332106.61,-0.3335064964138333,,-158983291.86576355,0.0,-0.058424881953123245,0.0,-0.058424881953123245,-0.06020114841864199,0.0,-0.06020114841864199,3292208465.571,3480320017.4119997,0.05713840839916969,4505164840.376,-1024844822.9640007,-0.2274822030437553,,0.0,0.05713840839916969,0.0,0.05713840839916969,0.055565642858482533,0.0,0.055565642858482533,1158.798583984375,False,0.07959242700909253,0.02397455656359861,10.76978239226268,3.09080634469335,2.84863779561802,8.178
2011_japan_earthquake,JPN_C29,2011-03,CAN_C29,CAN,2011-08,5,0.009472448333075496,3137699.7434022324,582693616.765,-173963461.06999993,-0.29855048359000524,,-142319682.4638703,0.0,0.009472448333075496,0.0,0.009472448333075496,0.009427865985909278,0.0,0.009427865985909278,4913247933.936,4842499802.646,-0.014399462889169462,4505164840.376,337334962.2699995,0.07487738500637095,,0.0,-0.014399462889169462,0.0,-0.014399462889169462,-0.014504141241825863,0.0,-0.014504141241825863,1158.798583984375,False,0.07959242700909253,0.02397455656359861,10.76978239226268,3.09080634469335,2.84863779561802,8.178
2011_japan_earthquake,JPN_C29,2011-03,USA_C28,USA,2011-03,0,0.1918588930262852,51265533.18549555,3844652464.0,1026176556.0,0.26691009541402333,,67094603.263461985,0.0,0.1918588930262852,0.0,0.1918588930262852,0.17551418326284818,0.0,0.17551418326284818,15331014142.0,17770892186.0,0.1591465523024889,14067535652.0,3703356534.0,0.2632555285881567,,0.0,0.1591465523024889,0.0,0.1591465523024889,0.14768400355288946,0.0,0.14768400355288946,855.7335205078125,False,0.06757033331234609,0.003976941058598867,10.792275733004598,2.69519257744442,1.21525703756249,9.633
2011_japan_earthquake,JPN_C29,2011-03,USA_C28,USA,2011-04,1,-0.3642335597660213,-82328776.52001357,3844652464.0,-1646773351.0,-0.4283282732106004,,-107671144.89622664,0.0,-0.3642335597660213,0.0,-0.3642335597660213,-0.4529240152591143,0.0,-0.4529240152591143,14454918121.0,17342792113.0,0.1997848737589539,14067535652.0,3275256461.0,0.2328237540691324,,0.0,0.1997848737589539,0.0,0.1997848737589539,0.18214226884377283,0.0,0.18214226884377283,855.7335205078125,False,0.06757033331234609,0.003976941058598867,10.792275733004598,2.69519257744442,1.21525703756249,9.633
2011_japan_earthquake,JPN_C29,2011-03,USA_C28,USA,2011-05,2,-0.4127756698933908,-93656501.84280603,3844652464.0,-1806848597.0,-0.469964090101435,,-118137360.53901616,0.0,-0.4127756698933908,0.0,-0.4127756698933908,-0.5323483682323804,0.0,-0.5323483682323804,14941503925.0,17305269863.0,0.15820133969546174,14067535652.0,3237734211.0,0.23015646031362197,,0.0,0.15820133969546174,0.0,0.15820133969546174,0.14686823250450942,0.0,0.14686823250450942,855.7335205078125,False,0.06757033331234609,0.003976941058598867,10.792275733004598,2.69519257744442,1.21525703756249,9.633
2011_japan_earthquake,JPN_C29,2011-03,USA_C28,USA,2011-06,3,-0.3174811478339236,-87143595.76996118,3844652464.0,-979374991.0,-0.2547369366075425,,-64034571.90976954,0.0,-0.3174811478339236,0.0,-0.3174811478339236,-0.3819651299723468,0.0,-0.3819651299723468,14951555522.0,16974528175.0,0.13530181859829635,14067535652.0,2906992523.0,0.2066454704585525,,0.0,0.13530181859829635,0.0,0.13530181859829635,0.12689853504494408,0.0,0.12689853504494408,855.7335205078125,False,0.06757033331234609,0.003976941058598867,10.792275733004598,2.69519257744442,1.21525703756249,9.633
2011_japan_earthquake,JPN_C29,2011-03,USA_C28,USA,2011-07,4,-0.02673648236176792,-7102941.791621705,3844652464.0,109914477.0,0.028588923974065605,,7186549.121695114,0.0,-0.02673648236176792,0.0,-0.02673648236176792,-0.027100403407640528,0.0,-0.027100403407640528,14569226853.0,16662575525.0,0.14368289361689437,14067535652.0,2595039873.0,0.18447011169515393,,0.0,0.14368289361689437,0.0,0.14368289361689437,0.13425366363016167,0.0,0.13425366363016167,855.7335205078125,False,0.06757033331234609,0.003976941058598867,10.792275733004598,2.69519257744442,1.21525703756249,9.633
2011_japan_earthquake,JPN_C29,2011-03,USA_C28,USA,2011-08,5,0.1322198626137578,37244419.297541685,3844652464.0,1033212513.0,0.2687401586163238,,67554635.93594274,0.0,0.1322198626137578,0.0,0.1322198626137578,0.12418018581848145,0.0,0.12418018581848145,14614899143.0,17203476720.0,0.17711908591855274,14067535652.0,3135941068.0,0.22292042796807549,,0.0,0.17711908591855274,0.0,0.17711908591855274,0.16307000065063804,0.0,0.16307000065063804,855.7335205078125,False,0.06757033331234609,0.003976941058598867,10.792275733004598,2.69519257744442,1.21525703756249,9.633
2011_japan_earthquake,JPN_C29,2011-03,GBR_C29,GBR,2011-03,0,0.7328257953117542,95071865.31944367,381214865.09,102533993.71600008,0.2689664100370092,,47649032.98857695,0.0,0.7328257953117542,0.0,0.7328257953117542,0.549753482129983,0.0,0.549753482129983,3570126115.9040003,5241120422.405001,0.4680490974974658,4821297266.127,419823156.27800083,0.08707680383608649,,0.0,0.4680490974974658,0.0,0.4680490974974658,0.38393437470550396,0.0,0.38393437470550396,738.4232788085938,False,0.03949275908879588,0.014745979001412939,10.591102509850886,2.26054460931586,1.3283713684016,7.924
2011_japan_earthquake,JPN_C29,2011-03,GBR_C29,GBR,2011-04,1,1.5630763385300572,125126205.57498229,381214865.09,60298047.546000004,0.1581733900428159,,28021376.643381357,0.0,1.5630763385300572,0.0,1.5630763385300572,0.941208228232302,0.0,0.941208228232302,3767801928.015,4578850366.794,0.21525771637531022,4821297266.127,-242446899.33300018,-0.050286652315832084,,0.0,0.21525771637531022,0.0,0.21525771637531022,0.19495616649593472,0.0,0.19495616649593472,738.4232788085938,False,0.03949275908879588,0.014745979001412939,10.591102509850886,2.26054460931586,1.3283713684016,7.924
2020_china_covid,CHN_C26,2020-02,VNM_C26,VNM,2020-02,0,0.10856999980023349,105411473.86675157,37846723181.815186,-36462545379.43519,-0.9634267464654621,-1532.8570933106932,-28352820766.643124,23787309.031321835,0.10856999980023349,1.0331522682992302,-0.9245822684989967,0.10307089622055088,0.7095874301413865,-0.6065165339208356,5901755611.797998,8609871880.696999,0.45886621660261523,172478758357.3746,-163868886476.6776,-0.950081552286819,-1052.4054337114433,155708894.33625677,0.45886621660261523,1.0232610062558993,-0.5643947896532842,0.3776595700141421,0.7047105692621827,-0.3270509992480406,19440.38671875,False,0.181036837928372,0.18379709211976628,8.14377899719828,7.35926270105006,2.42322694229267,1.681
2020_china_covid,CHN_C26,2020-02,VNM_C26,VNM,2020-03,1,0.1342617228953108,205909582.88071924,39975154490.61245,-37738039388.687454,-0.9440373619456468,-1586.4778709939849,-29344629008.687927,23787309.031321835,0.1342617228953108,0.9271420915697663,-0.7928803686744555,0.1259819748201778,0.6560381238829898,-0.530056149062812,9197526402.949001,10209718740.451,0.11005049544380321,182976949724.98904,-172767230984.53806,-0.9442021590380865,-1109.5527440548349,155708894.33625677,0.11005049544380321,0.9110643687418312,-0.801013873298028,0.1044055056695754,0.6476603479626171,-0.5432548422930417,19440.38671875,False,0.181036837928372,0.18379709211976628,8.14377899719828,7.35926270105006,2.42322694229267,1.681
2020_china_covid,CHN_C26,2020-02,KOR_C26,KOR,2020-02,0,0.014398570480295865,23336630.562182765,78398684959.02083,-75755586026.02083,-0.9662864379117896,,-47122535004.73932,0.0,0.014398570480295865,1.016832540203952,-1.0024339697236562,0.014295895467544284,0.7015282313200153,-0.687232335852471,11369171460.0,12493412262.0,0.09888502481956588,414468996663.25006,-401975584401.25006,-0.9698568231578713,,0.0,0.09888502481956588,1.0175237434051787,-0.9186387185856129,0.0942960519421483,0.7018708898164974,-0.6075748378743491,13731.7529296875,False,0.14503073265515065,0.07898283161121383,10.429042495227343,2.31380210595475,-0.624210765169693,3.746
2020_china_covid,CHN_C26,2020-02,KOR_C26,KOR,2020-03,1,0.03398409932624121,66575568.43577175,82213177228.375,-78956767860.375,-0.9603906639083633,,-49113778303.868126,0.0,0.03398409932624121,0.9259681246135026,-0.8919840252872614,0.033419398129943545,0.6554287631828082,-0.6220093650528646,14368629419.0,14584178201.0,0.015001346037568095,435118346846.12506,-420534168645.12506,-0.9664822724513671,,0.0,0.015001346037568095,0.9245882976409009,-0.9095869516033328,0.014889938637232092,0.6547120735085059,-0.6398221348712738,13731.7529296875,False,0.14503073265515065,0.07898283161121383,10.429042495227343,2.31380210595475,-0.624210765169693,3.746
2020_china_covid,CHN_C26,2020-02,MEX_C26,MEX,2020-02,0,-0.17537021972014882,-279688651.37888163,80727560517.46526,-78434515106.46526,-0.9715952594590802,,-44985502280.67069,0.0,-0.17537021972014882,1.0161860810629972,-1.191556300783146,-0.19282074446585895,0.7012076480515397,-0.8940283925173986,6776861697.0,7119303898.0,0.05053108891857617,187986485981.72223,-180867182083.72223,-0.9621286399348291,,0.0,0.05053108891857617,1.012388223263645,-0.9618571343450688,0.04929583525922254,0.6993221875272688,-0.6500263522680463,12354.5185546875,False,0.10657905494195224,0.17790588440383728,9.246725854131645,-0.392690505066824,4.31901022798927,3.477
2020_china_covid,CHN_C26,2020-02,MEX_C26,MEX,2020-03,1,-0.14290254399357077,-243535883.8870801,84337726052.20831,-81790967053.20831,-0.9698028495880544,,-46910569025.843,0.0,-0.14290254399357077,0.9321400752300149,-1.0750426192235856,-0.15420364916650087,0.6586282358581279,-0.8128318850246288,6716735968.0,6944743587.0,0.0339461935211207,196151176434.1667,-189206432847.1667,-0.9645949429758794,,0.0,0.0339461935211207,0.9310149964794815,-0.8970688029583608,0.03338273751375098,0.6580457695841737,-0.6246630320704227,12354.5185546875,False,0.10657905494195224,0.17790588440383728,9.246725854131645,-0.392690505066824,4.31901022798927,3.477
2020_china_covid,CHN_C26,2020-02,MEX_C26,MEX,2020-04,2,-0.22342991445682425,-398205013.2584809,88044909981.95137,-85631780068.95137,-0.9725920565596049,,-49113437271.34449,0.0,-0.22342991445682425,0.8591707487376533,-1.0826006631944776,-0.25286838210831775,0.6201305542898048,-0.8729989363981225,7775598428.0,6287719824.0,-0.19135229497476822,204569075258.6111,-198281355434.6111,-0.9692635858276661,,0.0,-0.19135229497476822,0.8597660082049795,-1.0511183031797477,-0.2123919264221783,0.6204506777668328,-0.8328426041890111,12354.5185546875,False,0.10657905494195224,0.17790588440383728,9.246725854131645,-0.392690505066824,4.31901022798927,3.477
2020_china_covid,CHN_C26,2020-02,MEX_C26,MEX,2020-05,3,-0.2898737407973451,-540010150.8792964,91652845159.69443,-89346293090.69443,-0.9748338192340772,,-51243867143.759544,0.0,-0.2898737407973451,0.7983480066785027,-1.0882217474758478,-0.34231249476806624,0.5868684694134281,-0.9291809641814943,8494435743.0,4654264952.0,-0.4520807393433478,213360938019.55557,-208706673067.55557,-0.9781859557086621,,0.0,-0.4520807393433478,0.7961326750305063,-1.2482134143738541,-0.6016273373599468,0.585635839659254,-1.1872631770192008,12354.5185546875,False,0.10657905494195224,0.17790588440383728,9.246725854131645,-0.392690505066824,4.31901022798927,3.477
2020_china_covid,CHN_C26,2020-02,MEX_C26,MEX,2020-06,4,0.003651083524612284,5633741.311909438,94660745920.43748,-91960567059.43748,-0.9714751998334188,,-52743263518.21989,0.0,0.003651083524612284,0.7538562232478979,-0.7502051397232856,0.0036444344969943643,0.5618169197999663,-0.5581724853029719,7532584886.0,8051381910.0,0.06887370429296215,220356468795.00003,-212305086885.00003,-0.9634620124654009,,0.0,0.06887370429296215,0.7518556299943828,-0.6829819257014207,0.06660548126901134,0.5606755861442316,-0.4940701048752203,12354.5185546875,False,0.10657905494195224,0.17790588440383728,9.246725854131645,-0.392690505066824,4.31901022798927,3.477
2020_china_covid,CHN_C26,2020-02,JPN_C26,JPN,2020-02,0,-0.38846684971306344,-642731644.7797177,113342258832.36331,-110841448613.70331,-0.9779357651380605,-459.04184984079467,-44845325584.4591,241462621.8767318,-0.38846684971306344,1.0113059338167167,-1.3997727835297802,-0.4917861137430606,0.698784229403266,-1.1905703431463266,8564060427.605999,9488155917.220997,0.1079038964550277,249261243270.51813,-239773087353.29712,-0.9619348929150461,-1397.8432888910856,171530735.4256499,0.1079038964550277,1.009978082275514,-0.9020741858204863,0.10246984850051177,0.6981238176669393,-0.5956539691664275,8975.640625,False,0.07323259479113811,0.08869803153401631,10.607004697795462,-0.402169200894946,0.634803165679926,2.351
2020_china_covid,CHN_C26,2020-02,JPN_C26,JPN,2020-03,1,0.1437996510891852,249573088.44084495,118423622179.69444,-113517087277.85144,-0.9585679376163829,-470.1228140221331,-45927861842.698296,241462621.8767318,0.1437996510891852,0.9276581416573693,-0.783858490568184,0.13435574742442213,0.6563058680404374,-0.5219501206160153,9911715164.404,9808230826.145998,-0.010440608566885097,261317690653.72867,-251509459827.58267,-0.9624662578273628,-1466.2646854714826,171530735.4256499,-0.010440608566885097,0.9204881608006669,-0.930928769367552,-0.010495494079130196,0.6525794041370254,-0.6630748982161556,8975.640625,False,0.07323259479113811,0.08869803153401631,10.607004697795462,-0.402169200894946,0.634803165679926,2.351
2020_china_covid,CHN_C26,2020-02,USA_C26,USA,2020-02,0,-0.41138323141568955,-579040331.3599808,431301129190.65204,-425490481251.65204,-0.9865276310546559,-883.3012120475512,-60668065259.50277,481704853.8463303,-0.41138323141568955,1.0243175144876786,-1.4357007459033682,-0.5299799545875779,0.705232613866162,-1.2352125684537398,19673945484.0,19615451278.0,-0.002973181258816179,516422020257.0347,-496806568979.0347,-0.9620166249529077,,0.0,-0.002973181258816179,1.0078350911505665,-1.0108082724093825,-0.002977609942430348,0.6970570725339797,-0.7000346824764101,4187.91259765625,False,0.19137185571367826,0.03398420847846346,11.0782496070166,2.58382533412825,1.50677251688072,3.669
2020_china_covid,CHN_C26,2020-02,USA_C26,USA,2020-03,1,-0.2818650892834033,-476374075.1525914,451984238111.50055,-443472023342.50055,-0.9811670097068736,-920.6301738532482,-63231942519.04806,481704853.8463303,-0.2818650892834033,0.9336792533279012,-1.2155443426113046,-0.33109782961742695,0.6594245370123062,-0.9905223666297331,22918802300.0,20884437575.0,-0.08876400687831755,541554908467.4166,-520670470892.4166,-0.9614361586452936,,0.0,-0.08876400687831755,0.9181200691258832,-1.0068840760042008,-0.09295336683303645,0.6513455757128348,-0.7442989425458713,4187.91259765625,False,0.19137185571367826,0.03398420847846346,11.0782496070166,2.58382533412825,1.50677251688072,3.669
2020_china_covid,CHN_C26,2020-02,USA_C26,USA,2020-04,2,-0.05389641080956599,-94110690.89342406,470441107215.34906,-458854734080.34906,-0.975371256981384,-952.5640657686404,-65425268433.57044,481704853.8463303,-0.05389641080956599,0.8653493725582803,-0.9192457833678462,-0.055403213605078605,0.6234483666801012,-0.6788515802851798,20260571228.0,17284215972.0,-0.1469038173951726,560913555954.2987,-543629339982.2987,-0.9691855976941155,,0.0,-0.1469038173951726,0.8592077029373932,-1.006111520332566,-0.1588829798025273,0.6201504308115275,-0.7790334106140548,4187.91259765625,False,0.19137185571367826,0.03398420847846346,11.0782496070166,2.58382533412825,1.50677251688072,3.669
2020_china_covid,CHN_C26,2020-02,USA_C26,USA,2020-05,3,-0.05182424987792404,-103342041.42638601,490403955007.6976,-477143373809.6976,-0.9729598812110073,-990.5305499826085,-68032932852.62809,481704853.8463303,-0.05182424987792404,0.8018769401292244,-0.8537011900071484,-0.05321540348175802,0.5888288661362928,-0.6420442696180508,21235285647.0,16002549781.0,-0.24641702273212657,583084715412.6805,-567082165631.6805,-0.9725553605539563,,0.0,-0.24641702273212657,0.8003882370062992,-1.0468052597384259,-0.28291614451083547,0.5880023288693224,-0.8709184733801578,4187.91259765625,False,0.19137185571367826,0.03398420847846346,11.0782496070166,2.58382533412825,1.50677251688072,3.669
2020_china_covid,CHN_C26,2020-02,USA_C26,USA,2020-06,4,-0.07498552826382907,-157384762.89500904,509208534291.0461,-495592097963.0461,-0.9732596069958692,-1028.829363054635,-70663422723.04178,481704853.8463303,-0.07498552826382907,0.750053412066531,-0.8250389403303601,-0.07794589646640304,0.5596463086490608,-0.6375922051154639,21043174052.0,18796452937.0,-0.10676721626918566,605182464335.0626,-586386011398.0626,-0.9689408500002518,,0.0,-0.10676721626918566,0.749265039029334,-0.8560322552985196,-0.11290805599972131,0.5591957220213253,-0.6721037780210466,4187.91259765625,False,0.19137185571367826,0.03398420847846346,11.0782496070166,2.58382533412825,1.50677251688072,3.669
2020_china_covid,CHN_C26,2020-02,USA_C26,USA,2020-07,5,0.00443648077900095,8688179.118387807,527560250938.3946,-513764595370.3946,-0.973850085287015,-1066.5547404558472,-73254527124.23543,481704853.8463303,0.00443648077900095,0.705553199013615,-0.7011167182346141,0.004426668608129347,0.5338895150088661,-0.5294628464007367,20038402896.0,20090000627.0,0.002574942287955482,625536376663.9445,-605446376036.9445,-0.967883561409902,,0.0,0.002574942287955482,0.7076332194429584,-0.7050582771550029,0.0025716328038676295,0.535108329589832,-0.5325366967859644,4187.91259765625,False,0.19137185571367826,0.03398420847846346,11.0782496070166,2.58382533412825,1.50677251688072,3.669
2020_china_covid,CHN_C26,2020-02,USA_O,USA,2020-02,0,-0.41138323141568955,-552418982.4301742,431301129190.65204,-425490481251.65204,-0.9865276310546559,-883.3012120475512,-57878854134.30147,481704853.8463303,-0.41138323141568955,1.0243175144876786,-1.4357007459033682,-0.5299799545875779,0.705232613866162,-1.2352125684537398,130441636572.0,131992099314.0,0.011886256434265063,3353502747007.8345,-3221510647693.8345,-0.9606405274509555,,0.0,0.011886256434265063,1.005953425080724,-0.9940671686464589,0.011816169720610503,0.6961194714636889,-0.6843033017430784,3995.37353515625,False,0.0689074833340268,0.0034441351249548773,11.0782496070166,2.58382533412825,1.50677251688072,3.669
2020_china_covid,CHN_C26,2020-02,USA_O,USA,2020-03,1,-0.2818650892834033,-454472801.9788113,451984238111.50055,-443472023342.50055,-0.9811670097068736,-920.6301738532482,-60324857271.021416,481704853.8463303,-0.2818650892834033,0.9336792533279012,-1.2155443426113046,-0.33109782961742695,0.6594245370123062,-0.9905223666297331,148092232697.0,134400749545.0,-0.09245240552226043,3513485188534.8765,-3379084438989.8765,-0.9617471705918745,,0.0,-0.09245240552226043,0.9180952386640041,-1.0105476441862646,-0.09700926851217417,0.6513326304232052,-0.7483418989353794,3995.37353515625,False,0.0689074833340268,0.0034441351249548773,11.0782496070166,2.58382533412825,1.50677251688072,3.669
2020_china_covid,CHN_C26,2020-02,USA_O,USA,2020-04,2,-0.05389641080956599,-89783956.80494572,470441107215.34906,-458854734080.34906,-0.975371256981384,-952.5640657686404,-62417345141.412834,481704853.8463303,-0.05389641080956599,0.8653493725582803,-0.9192457833678462,-0.055403213605078605,0.6234483666801012,-0.6788515802851798,135081092045.0,95683779400.0,-0.2916567526110571,3641400021905.4185,-3545716242505.4185,-0.9737233539780307,,0.0,-0.2916567526110571,0.8581678711253218,-1.149824623736379,-0.3448264900728262,0.619590986754254,-0.9644174768270801,3995.37353515625,False,0.0689074833340268,0.0034441351249548773,11.0782496070166,2.58382533412825,1.50677251688072,3.669
2020_china_covid,CHN_C26,2020-02,USA_O,USA,2020-05,3,-0.05182424987792404,-98590896.48028375,490403955007.6976,-477143373809.6976,-0.9729598812110073,-990.5305499826085,-64905122325.2782,481704853.8463303,-0.05182424987792404,0.8018769401292244,-0.8537011900071484,-0.05321540348175802,0.5888288661362928,-0.6420442696180508,142149166766.0,90584959523.0,-0.36274716494035336,3788956706563.46,-3698371747040.46,-0.9760923740917695,,0.0,-0.36274716494035336,0.7980754893394943,-1.1608226542798477,-0.45058878683475,0.5867169203399989,-1.037305707174749,3995.37353515625,False,0.0689074833340268,0.0034441351249548773,11.0782496070166,2.58382533412825,1.50677251688072,3.669
2020_china_covid,CHN_C26,2020-02,USA_O,USA,2020-06,4,-0.07498552826382907,-150149006.6577493,509208534291.0461,-495592097963.0461,-0.9732596069958692,-1028.829363054635,-67414675561.56808,481704853.8463303,-0.07498552826382907,0.750053412066531,-0.8250389403303601,-0.07794589646640304,0.5596463086490608,-0.6375922051154639,137999278054.0,104967248780.0,-0.23936378320091178,3927179344280.502,-3822212095500.502,-0.9732715927697896,,0.0,-0.23936378320091178,0.748948578586892,-0.9883123617878038,-0.2736000685279478,0.5590147951391735,-0.8326148636671213,3995.37353515625,False,0.0689074833340268,0.0034441351249548773,11.0782496070166,2.58382533412825,1.50677251688072,3.669
2020_china_covid,CHN_C26,2020-02,USA_O,USA,2020-07,5,0.00443648077900095,8288740.538121674,527560250938.3946,-513764595370.3946,-0.973850085287015,-1066.5547404558472,-69886654073.52406,481704853.8463303,0.00443648077900095,0.705553199013615,-0.7011167182346141,0.004426668608129347,0.5338895150088661,-0.5294628464007367,132758811537.0,112581599137.0,-0.15198397881391543,4059048990763.0435,-3946467391626.0435,-0.9722640452497134,,0.0,-0.15198397881391543,0.707404514912712,-0.8593884937266274,-0.16485575045923184,0.5349743899108326,-0.6998301403700644,3995.37353515625,False,0.0689074833340268,0.0034441351249548773,11.0782496070166,2.58382533412825,1.50677251688072,3.669
2020_china_covid,CHN_C26,2020-02,JPN_C27,JPN,2020-02,0,-0.38846684971306344,-260623489.08806816,113342258832.36331,-110841448613.70331,-0.9779357651380605,-459.04184984079467,-18184486975.303448,241462621.8767318,-0.38846684971306344,1.0113059338167167,-1.3997727835297802,-0.4917861137430606,0.698784229403266,-1.1905703431463266,4289487634.4830008,4489864551.075,0.046713485074808915,115977937358.24391,-111488072807.16891,-0.9612869080676416,-759.2816943054645,146833610.82364836,0.046713485074808915,1.0071102328082546,-0.9603967477334457,0.04565524120444309,0.6966959924667755,-0.6510407512623324,3639.563720703125,False,0.06246008602670634,0.039842581270253544,10.607004697795462,-0.402169200894946,0.634803165679926,2.351
2020_china_covid,CHN_C26,2020-02,JPN_C27,JPN,2020-03,1,0.1437996510891852,101200259.26875073,118423622179.69444,-113517087277.85144,-0.9585679376163829,-470.1228140221331,-18623448366.076942,241462621.8767318,0.1437996510891852,0.9276581416573693,-0.783858490568184,0.13435574742442213,0.6563058680404374,-0.5219501206160153,5107878412.47,4947631436.901,-0.03137251176100531,121658908410.17938,-116711276973.27838,-0.9593319428757342,-794.853959652686,146833610.82364836,-0.03137251176100531,0.9169596297078656,-0.9483321414688709,-0.03187517005875051,0.6507404047355614,-0.6826155747943119,3639.563720703125,False,0.06246008602670634,0.039842581270253544,10.607004697795462,-0.402169200894946,0.634803165679926,2.351
2020_china_covid,CHN_C26,2020-02,MYS_C26,MYS,2020-02,0,0.30756930037603264,113968224.991157,30369249236.930943,-29346097146.38494,-0.9663096021056133,,-13896827606.56149,0.0,0.30756930037603264,1.0252985559946182,-0.7177292556185855,0.26816991745140584,0.7057171247163296,-0.4375472072649238,6499303397.333,6593113218.9609995,0.014433827118533091,200296301800.0635,-193703188581.1025,-0.9670832004400048,,0.0,0.014433827118533091,1.0168822145476817,-1.0024483874291485,0.014330651065481703,0.7015528609047408,-0.6872222098392591,3631.264892578125,False,0.0758499928964154,0.12281906578871439,9.298460379238879,4.41318742129586,0.0718269093121364,3.26
2020_china_covid,CHN_C26,2020-02,MYS_C26,MYS,2020-03,1,0.06740545968330669,37313921.78441824,31961267228.601,-30713481762.489002,-0.9609594495366128,,-14544351813.513937,0.0,0.06740545968330669,0.926890346961901,-0.8594848872785943,0.06523089978718843,0.6559074842874857,-0.5906765845002973,7976517905.075001,6936883194.654,-0.13033691176942516,210374841433.9008,-203437958239.2468,-0.9670260799847897,,0.0,-0.13033691176942516,0.923191409989884,-1.0535283217593092,-0.1396493972246482,0.6539859988249823,-0.7936353960496305,3631.264892578125,False,0.0758499928964154,0.12281906578871439,9.298460379238879,4.41318742129586,0.0718269093121364,3.26
2020_china_covid,CHN_C26,2020-02,CZE_C26,CZE,2020-02,0,-0.04840406347324395,-23045107.613108974,34788366417.629135,-33770185736.629135,-0.9707321502603229,-402.4340057778556,-15026508950.42596,83914841.32002093,-0.04840406347324395,1.0254221542282702,-1.073826217701514,-0.049614770663339414,0.7057781500257576,-0.755392920689097,2924490186.0,2777501684.0,-0.05026123961832984,81053878672.60416,-78276376988.60416,-0.9657326493255309,,0.0,-0.05026123961832984,1.014178414464712,-1.0644396540830416,-0.051568321257807526,0.7002113774827485,-0.7517796987405561,3623.504638671875,False,0.15045446594676182,0.3615842669844162,10.088460549542686,3.56577658128261,3.8413178989087,2.015
2020_china_covid,CHN_C26,2020-02,CZE_C26,CZE,2020-03,1,0.1368258291999202,67298955.60616778,36331608117.29997,-35074972042.29997,-0.9654120436688948,-417.98293949620523,-15607091575.984037,83914841.32002093,0.1368258291999202,0.940884215764453,-0.8040583865645328,0.12824001840483135,0.6631436505344688,-0.5349036321296374,3393182074.0,3024376438.0,-0.10869019933411331,84883600835.49998,-81859224397.49998,-0.9643703093620983,,0.0,-0.10869019933411331,0.9260481687847131,-1.0347383681188265,-0.11506321194730162,0.6554703228055132,-0.7705335347528148,3623.504638671875,False,0.15045446594676182,0.3615842669844162,10.088460549542686,3.56577658128261,3.8413178989087,2.015
2021_suez_canal,DEU_C29,2021-03,CHN_C29,CHN,2021-03,0,0.2596242424724879,252593667.9585721,51604536887.983894,-49440525744.983894,-0.9580654866122074,-88.23951127715732,-27998954517.307243,560299179.2383446,0.29084044415734644,1.0164654142027787,-0.7256249700454322,0.2552935131992875,0.7013461837649366,-0.4460526705656491,10635927657.0,13919104683.0,0.3086874160750039,201826348841.32788,-187907244158.32788,-0.931034254135257,-181.3804993776621,1035983718.2225202,0.47822283659066483,0.991408654828798,-0.5131858182381333,0.3908405801330126,0.6888422550601305,-0.29800167492711793,5455.939453125,False,0.10384395822276331,0.012968886158999372,9.244152345041725,6.06850235053705,1.31550650702985,4.56
2021_suez_canal,DEU_C29,2021-03,CHN_C29,CHN,2021-04,1,0.2575245669180308,349357100.54248726,53784980384.35813,-50772608035.35813,-0.9439923129566472,-90.6169595043438,-28753333862.985676,560299179.2383446,1.8824402249117447,0.9366604491291772,0.9457797757825674,1.0586372350832534,0.660965071740705,0.3976721633425484,9975176845.0,15883153848.0,0.5922678960785883,208856892699.51434,-192973738851.51434,-0.9239519766730834,-186.27101513005175,1035983718.2225202,0.624307691738684,0.9270960390357674,-0.3027883472970835,0.485081689110217,0.656014226813685,-0.17093253770346806,5455.939453125,False,0.10384395822276331,0.012968886158999372,9.244152345041725,6.06850235053705,1.31550650702985,4.56
2021_suez_canal,DEU_C29,2021-03,SVK_C29,SVK,2021-03,0,0.6996415529550399,313341339.8934858,7127136717.194256,-6295203523.572256,-0.8832724519490476,-249.05561530851296,-5759977195.222835,25276296.283359006,1.5782986122166809,0.984656711650972,0.5936419005657089,0.9471297268726637,0.6854459578111722,0.2616837690614915,3064922750.402,4261694361.923,0.39047366246474874,61789547706.29266,-57527853344.36967,-0.9310288791531487,-156.43015089831798,367754253.34572273,0.9260189027907687,1.0010964388440844,-0.07507753605331569,0.6554551276435951,0.6936952497484157,-0.03824012210482053,3951.979736328125,False,0.04260302877740939,0.13543960190189866,9.873392143217202,2.27589910019393,2.40120783642419,5.761
2021_suez_canal,DEU_C29,2021-03,SVK_C29,SVK,2021-04,1,0.8255361764955913,316507784.2667463,7250525612.462728,-6485584961.316728,-0.8944985933390588,-256.58763011045255,-5934172157.418373,25276296.283359006,9.466650400290193,0.9519482788108812,8.514702121479312,2.348194037756823,0.6688279909977517,1.6793660467590712,2703578572.4849997,3495690916.914,0.29298661873212317,63446865772.65758,-59951174855.743576,-0.9449036469438894,-163.0196641108158,367754253.34572273,3.508230370245,0.9501012998629184,2.5581290703820816,1.5059046964070717,0.6678813198590454,0.8380233765480263,3951.979736328125,False,0.04260302877740939,0.13543960190189866,9.873392143217202,2.27589910019393,2.40120783642419,5.761
2021_suez_canal,DEU_C29,2021-03,CZE_C29,CZE,2021-03,0,0.07454742650392004,46599049.50937723,19627456172.989594,-18773104613.989594,-0.9564716104078878,-352.6089343066777,-14759426250.002539,53240581.24307733,0.5127036705657929,1.0103864713887167,-0.4976828008229238,0.4138985594824618,0.6983269778599102,-0.28442841837744837,4631753508.0,5421210940.0,0.17044461252880644,94984572047.25067,-89563361107.25067,-0.9429253527898911,-197.67481530426636,453084329.277821,0.666490198543782,0.9980817337877991,-0.3315915352440171,0.5107197371635444,0.6921875871808538,-0.18146785001730947,2735.03125,False,0.05564673574822477,0.06231617723548447,10.088460549542686,3.56577658128261,3.8413178989087,2.015
2021_suez_canal,DEU_C29,2021-03,CZE_C29,CZE,2021-04,1,0.023353543487256767,13793210.379228013,20270642435.500008,-19501857443.500008,-0.9620739700556493,-366.29685454524895,-15332372167.196457,53240581.24307733,3.7365533829752464,0.9479365945733983,2.788616788401848,1.555309731962808,0.6667706556568866,0.8885390763059213,4387454349.0,5074139077.0,0.15651096817828108,97665239668.80307,-92591100591.80307,-0.948045598472833,-204.35732292790976,453084329.277821,4.576859450709919,0.9448041012930771,3.632055349416842,1.7186257945937946,0.6651612528587023,1.0534645417350923,2735.03125,False,0.05564673574822477,0.06231617723548447,10.088460549542686,3.56577658128261,3.8413178989087,2.015
2021_suez_canal,DEU_C29,2021-03,USA_C29,USA,2021-03,0,-0.029546177320661948,-44831147.82387087,58815857470.39769,-56328578393.39769,-0.9577107401987319,-400.36341666997356,-33347072037.84031,140693619.96635747,-0.008590109831123509,0.9817307574950398,-0.9903208673261633,-0.008627217479816096,0.6839705828163893,-0.6925978002962054,15826512611.0,15224089012.0,-0.0380642036440355,357086674549.3682,-341862585537.3682,-0.9573658439335148,,0.0,0.15323171377287823,0.9946828830771647,-0.8414511693042864,0.14256818706411067,0.6904850818531756,-0.5479168947890649,2397.790283203125,False,0.10252377827701281,0.0047981964649247465,11.0782496070166,2.58382533412825,1.50677251688072,3.669
2021_suez_canal,DEU_C29,2021-03,USA_C29,USA,2021-04,1,0.027619055389098337,39128516.65264128,60163131063.96962,-57703965349.96962,-0.9591250377014913,-410.13917591833757,-34161314634.207447,140693619.96635747,0.7741802512286238,0.9391004877363742,-0.16492023650775045,0.5733384856423775,0.6622241994179845,-0.08888571377560694,14437212337.0,13412762618.0,-0.07095897013127099,367231378256.4168,-353818615638.4168,-0.9634759897651376,,0.0,1.859089134534109,0.9413388825869048,0.9177502519472042,1.0505030895375853,0.6633778806950268,0.3871252088425585,2397.790283203125,False,0.10252377827701281,0.0047981964649247465,11.0782496070166,2.58382533412825,1.50677251688072,3.669
2021_suez_canal,DEU_C29,2021-03,GBR_C29,GBR,2021-03,0,-0.1474022453558577,-205928684.12455797,27704372234.07829,-25104915627.53829,-0.9061716113046413,-30.952859337690818,-11503582830.967056,811069354.0020847,2928.332375266951,1.0364149117211354,2927.29596035523,7.982528691260322,0.7111908655712647,7.2713378256890575,6015522694.588999,5906476791.2300005,-0.018127419493751688,127095844109.52347,-121189367318.29347,-0.953527380595229,-332.0159339696228,365010696.53296065,0.31363742664818595,0.9921344948199159,-0.67849706817173,0.27279995091979714,0.689206674355276,-0.4164067234354789,2182.858642578125,False,0.0444068555821318,0.044970640877271734,10.672663421363636,1.25629899760824,2.46133048824501,3.613
2021_suez_canal,DEU_C29,2021-03,GBR_C29,GBR,2021-04,1,-0.18242225679596724,-208681668.84392512,28940836848.25058,-26899751433.36058,-0.9294738633304801,-33.165784529557556,-12326013093.891895,811069354.0020847,2982.8652984695927,0.9500666279493649,2981.915231841643,8.000973357630977,0.6678635401382671,7.33310981749271,4163426203.545,4295796106.697,0.03179350291817146,128963549048.16096,-124667752941.46396,-0.9666898426849841,-341.5454783260205,365010696.53296065,2.855515736257532,0.9639159420891626,1.891599794168369,1.3495047811267185,0.6749404096652754,0.6745643714614431,2182.858642578125,False,0.0444068555821318,0.044970640877271734,10.672663421363636,1.25629899760824,2.46133048824501,3.613
2021_suez_canal,DEU_C29,2021-03,GBR_C29,GBR,2021-05,2,-0.22376742970927352,-256151533.02952144,30177173557.881866,-28237995940.552868,-0.9357402503713768,-34.815759960868014,-12939223939.328333,811069354.0020847,5495.719402047875,0.8770068861187762,5494.842395161756,8.611903886862812,0.6296784262519992,7.982225460610813,4885665390.5130005,3966415237.088,-0.18815249918874988,135624063527.84772,-131657648290.75972,-0.9707543400933893,-360.6953153463846,365010696.53296065,2.3987051347561605,0.8751500322069422,1.5235551025492184,1.2233945157595798,0.6286886733917534,0.5947058423678264,2182.858642578125,False,0.0444068555821318,0.044970640877271734,10.672663421363636,1.25629899760824,2.46133048824501,3.613
2021_suez_canal,DEU_C29,2021-03,GBR_C29,GBR,2021-06,3,0.08686455813759364,79002765.83237313,32035926906.297413,-29878675552.405415,-0.932661497193392,-36.838619786303276,-13691016699.520744,811069354.0020847,3268.4823776662415,0.7861206208455581,3267.696257045396,8.092385441956615,0.5800460170168691,7.512339424939746,4954766428.795,4031617209.4210005,-0.18631538593001035,141826739326.66583,-137795122117.24484,-0.9715736452197842,-377.50981937265465,365010696.53296065,0.46843477411394074,0.8060262435585194,-0.33759146944457863,0.38419705387969927,0.5911289862005411,-0.20693193232084184,2182.858642578125,False,0.0444068555821318,0.044970640877271734,10.672663421363636,1.25629899760824,2.46133048824501,3.613
2021_suez_canal,DEU_C29,2021-03,HUN_C29,HUN,2021-03,0,0.23793098004963967,132139335.07274044,13350870364.762579,-12545481431.762579,-0.9396751739028423,-107.02148541325559,-10709254256.308514,117223951.65156908,0.3796994428903007,0.9979028469653822,-0.6182034040750815,0.3218656799698607,0.6920980538269248,-0.3702323738570641,2911088397.0,3429991379.0,0.17825050676398269,63191237510.347244,-59761246131.347244,-0.9457204588145887,,0.0,0.6084407610960483,0.999423534873433,-0.3909827737773848,0.4752652381786646,0.6928589064338588,-0.21759366825519422,2176.32421875,False,0.025656331985141494,0.09161717208285307,9.741783576480623,5.07718495088933,4.75293653395626,3.419
2021_suez_canal,DEU_C29,2021-03,HUN_C29,HUN,2021-04,1,0.319659982080564,154281505.41792053,13902253520.54003,-13156121382.54003,-0.9463301300830388,-112.2306593250214,-11230517511.72881,117223951.65156908,3.271193023402599,0.9218397971622682,2.349353226240331,1.45189318041378,0.6532829548549799,0.7986102255588001,2724288307.0,2882062272.0,0.057913828207757305,64966043411.91669,-62083981139.91669,-0.9556374050097787,,0.0,4.211367885076958,0.9462837043742331,3.2650841807027247,1.6508423697626462,0.6659217615991082,0.984920608163538,2176.32421875,False,0.025656331985141494,0.09161717208285307,9.741783576480623,5.07718495088933,4.75293653395626,3.419
2021_suez_canal,DEU_C29,2021-03,ESP_C29,ESP,2021-03,0,-0.1658872372607691,-132068259.98031762,26551282042.08649,-25461628304.54749,-0.9589604096777026,-146.7515735701069,-15517005322.637821,173501569.25154763,0.3540700000912147,1.0046926176142918,-0.6506226175230772,0.30311487156678396,0.6954907410447824,-0.3923758694779984,5797457338.006,6187145926.108001,0.06721715493227454,130152369272.38002,-123965223346.27202,-0.9524622873890242,-128.9452170457342,961378996.3400047,0.5845436855810785,1.0038017861057138,-0.4192581005246353,0.46029647025244813,0.6950462691941901,-0.23474979894174197,2101.037109375,False,0.051636310709027786,0.039060167026599826,10.301844946212388,1.96117850841711,1.42867123652391,14.104
2021_suez_canal,DEU_C29,2021-03,ESP_C29,ESP,2021-04,1,-0.2031118995598236,-149907384.07730904,26997043136.44619,-26031963250.05919,-0.9642523856590748,-150.0387769537536,-15864582872.641203,173501569.25154763,7.069735527888619,0.971979527238553,6.097756000650065,2.088120702162616,0.679037874365676,1.40908282779694,5029876559.376,5270879417.298,0.04791426888454265,131831590424.1823,-126560711006.8843,-0.9600180851923399,-131.6449719504007,961378996.3400047,7.433881104557236,0.9785045299903941,6.455376574566842,2.132257056655188,0.6823412714417891,1.449915785213399,2101.037109375,False,0.051636310709027786,0.039060167026599826,10.301844946212388,1.96117850841711,1.42867123652391,14.104
2021_suez_canal,DEU_C29,2021-03,ESP_C29,ESP,2021-05,2,-0.292399487171925,-230928533.02355164,28716311885.266647,-27799315985.233646,-0.968067072690366,-160.22515591734728,-16941655456.94967,173501569.25154763,1.3877472473439747,0.8635344952282913,0.5242127521156834,0.8703503455944634,0.6224749507249321,0.24787539486953136,5867057598.901999,5027413904.629001,-0.14311154784472124,140490558396.87418,-135463144492.24518,-0.96421528989566,-140.90503849986004,961378996.3400047,1.0035759561879642,0.8659698311503837,0.13760612503758052,0.6949335619242341,0.6237809346304033,0.07115262729383076,2101.037109375,False,0.051636310709027786,0.039060167026599826,10.301844946212388,1.96117850841711,1.42867123652391,14.104
2021_suez_canal,DEU_C29,2021-03,ESP_C29,ESP,2021-06,3,-0.14998428059196342,-101564928.75731501,29964464078.473583,-29019961286.750584,-0.9684792362963859,-167.2605118901063,-17685549736.378307,173501569.25154763,0.14453746415281998,0.7988305193511223,-0.6542930551983023,0.1350005938001857,0.5871367422498963,-0.4521361484497106,5619510242.173001,5619048196.101999,-8.222176863999068e-05,147118051780.31702,-141499003584.21503,-0.9618058550388324,-147.1833731784296,961378996.3400047,0.12130606952061918,0.795909754318953,-0.6746036847983339,0.11449413938043307,0.5855117204600866,-0.4710175810796535,2101.037109375,False,0.051636310709027786,0.039060167026599826,10.301844946212388,1.96117850841711,1.42867123652391,14.104
2021_suez_canal,DEU_C29,2021-03,ESP_C29,ESP,2021-07,4,-0.36286600591588297,-278434607.5896795,31157732838.447548,-30355526716.470547,-0.9742533859528089,-174.95822572336633,-18499479451.862938,173501569.25154763,0.028273882967177467,0.745431905823558,-0.7171580228563805,0.027881554633214733,0.557002035505402,-0.5291204808721872,5376172749.574,5346111660.032,-0.005591540849274749,153063126603.20328,-147717014943.17126,-0.9650725045366992,-153.65117763705453,961378996.3400047,-0.0027767167021282937,0.7420563970923991,-0.7448331137945274,-0.0027805789306292183,0.5550662528109385,-0.5578468317415677,2101.037109375,False,0.051636310709027786,0.039060167026599826,10.301844946212388,1.96117850841711,1.42867123652391,14.104
2021_suez_canal,DEU_C29,2021-03,ESP_C29,ESP,2021-08,5,-0.2891651246271114,-133262650.25337759,31882938570.270744,-31345400131.874744,-0.9831402479664397,-180.6634964000197,-19102735098.824894,173501569.25154763,0.13969488477914507,0.7163306440467027,-0.5766357592675576,0.13076058139265712,0.5401886654932149,-0.40942808410055775,2442171632.9610004,2817297097.317,0.15360323545367702,155415493071.6726,-152598195974.35562,-0.9818724823269857,-158.72844794331996,961378996.3400047,0.012409262448508148,0.7227073716768168,-0.7102981092283086,0.012332898643471424,0.5438971065977398,-0.5315642079542684,2101.037109375,False,0.051636310709027786,0.039060167026599826,10.301844946212388,1.96117850841711,1.42867123652391,14.104
2021_suez_canal,DEU_C29,2021-03,ESP_C29,ESP,2021-09,6,-0.276446865573733,-185626493.14240694,33421613185.64344,-32624395391.133442,-0.9761466392994923,-188.03516032661148,-19882189421.54789,173501569.25154763,-0.15334713367769942,0.6615354434939413,-0.8148825771716408,-0.16646450719748174,0.5077421407914535,-0.6742066479889353,5141000796.575001,4756972970.078,-0.0746990404578122,164577317796.74234,-159820344826.66434,-0.9710958166425279,-166.2407286149423,961378996.3400047,-0.19083344217860607,0.6560795406920407,-0.8469129828706468,-0.2117505019599264,0.504453086624455,-0.7162035885843814,2101.037109375,False,0.051636310709027786,0.039060167026599826,10.301844946212388,1.96117850841711,1.42867123652391,14.104
2021_suez_canal,DEU_C29,2021-03,ESP_C29,ESP,2021-10,7,-0.37312999197398194,-270556305.7593242,34677147518.62463,-33931294488.749634,-0.9784915114637266,-195.56765183809406,-20678649098.49004,173501569.25154763,-0.3237332530681912,0.6226695696565665,-0.9464028227247576,-0.3911676842847065,0.48407267546179256,-0.875240359746499,5843738802.193,4987489016.231998,-0.1465243083143404,169967841416.81192,-164980352400.57993,-0.9706562784191559,-171.60802662494655,961378996.3400047,-0.2310239166310738,0.6223229939046903,-0.8533469105357641,-0.26269541086449877,0.48385906897535946,-0.7465544798398582,2101.037109375,False,0.051636310709027786,0.039060167026599826,10.301844946212388,1.96117850841711,1.42867123652391,14.104
2021_suez_canal,DEU_C29,2021-03,ESP_C29,ESP,2021-11,8,-0.12975625208700234,-87582355.54953913,35763578780.25534,-34799733099.83034,-0.9730495181607179,-200.57301642832215,-21207899089.47026,173501569.25154763,-0.12075527497912829,0.5925456953337609,-0.7133009703128892,-0.12869200692835392,0.4653338021230802,-0.5940258090514341,5450470673.229,5130277580.299,-0.05874595280416574,174361961151.9664,-169231683571.6674,-0.970576853194329,-176.0301444237256,961378996.3400047,-0.16831149637123463,0.5972725732005719,-0.7655840695718066,-0.18429730290826996,0.4682975329376866,-0.6525948358459566,2101.037109375,False,0.051636310709027786,0.039060167026599826,10.301844946212388,1.96117850841711,1.42867123652391,14.104
2021_suez_canal,DEU_C29,2021-03,ESP_C29,ESP,2021-12,9,-0.2170950457899169,-120648130.1648513,36665246900.02654,-35951313025.356544,-0.9805283221843112,-207.21030467011676,-21909703059.746647,173501569.25154763,-0.14337266364918774,0.5696726993833789,-0.7130453630325667,-0.15475230148863517,0.45086712588109634,-0.6056194273697315,4285372461.079,4124003504.1799994,-0.0376557599986,180153884697.63144,-176029881193.45145,-0.9771084397591443,-183.10144268140021,961378996.3400047,-0.16882593081467287,0.5671792306336623,-0.7360051614483352,-0.18491603648433497,0.44927733502638745,-0.6341933715107224,2101.037109375,False,0.051636310709027786,0.039060167026599826,10.301844946212388,1.96117850841711,1.42867123652391,14.104
2021_suez_canal,DEU_C29,2021-03,POL_C29,POL,2021-03,0,0.28094031313047463,163803415.53138545,20296883938.77083,-19040579198.77083,-0.9381035658581944,,-11319387866.55937,0.0,0.5039036879339341,0.9890360078578669,-0.4851323199239328,0.40806418579810355,0.6876501031574129,-0.2795859173593094,4219673053.0,4643960246.0,0.10054977901625593,89041848097.55553,-84397887851.55553,-0.9478451947570539,,0.0,0.4985000652300016,0.996885558406823,-0.4983854931768214,0.4044646511974328,0.6915887460236654,-0.2871240948262326,1885.6883544921875,False,0.04386108993681945,0.06691806577209015,9.672533708456431,4.58045817256199,3.02644690867653,3.267
2021_suez_canal,DEU_C29,2021-03,POL_C29,POL,2021-04,1,-0.03162589348684826,-17395115.029713646,20808236161.999992,-19912283873.999992,-0.9569424202501032,,-11837605470.184004,0.0,3.194632393646314,0.9418394523760797,2.2527929412702346,1.4338057028705293,0.6636356951273612,0.7701700077431681,4024567718.0,3999410159.0,-0.006250996569763769,91698090447.41666,-87698680288.41666,-0.9563850224199224,,0.0,2.5564078668015258,0.9408398440989565,1.6155680227025693,1.2687510086357818,0.6631207887161281,0.6056302199196537,1885.6883544921875,False,0.04386108993681945,0.06691806577209015,9.672533708456431,4.58045817256199,3.02644690867653,3.267
2021_suez_canal,DEU_C29,2021-03,POL_C29,POL,2021-05,2,-0.01709960525416044,-9884586.02704666,21747876758.729156,-20792138164.729156,-0.956053705628234,,-12360667919.01239,0.0,1.7646725883058823,0.8659096284198236,0.8987629598860587,1.0169222132072768,0.623748670569352,0.3931735426379248,4197187690.0,3740736864.0,-0.1087515878995633,95939747427.27776,-92199010563.27776,-0.9610095193669811,,0.0,0.9152223769938164,0.8633324694197169,0.0518899075740995,0.6498337394026663,0.6223665348510004,0.027467204551665958,1885.6883544921875,False,0.04386108993681945,0.06691806577209015,9.672533708456431,4.58045817256199,3.02644690867653,3.267
2021_suez_canal,DEU_C29,2021-03,POL_C29,POL,2021-06,3,0.2863292517027235,139186850.0025247,22632424753.958324,-21580603729.958324,-0.9535259241802608,,-12829400905.497961,0.0,0.8471148129656881,0.8048296189513556,0.042285194014332506,0.6136248603453147,0.5904661933611273,0.023158666984187448,3660759144.0,3988662815.0,0.08957258811671222,100001530229.13887,-96012867414.13887,-0.9601139821974668,,0.0,0.2739030512567804,0.8002061643182516,-0.5263031130614713,0.242085456271095,0.587901194067765,-0.34581573779666996,1885.6883544921875,False,0.04386108993681945,0.06691806577209015,9.672533708456431,4.58045817256199,3.02644690867653,3.267
2021_suez_canal,DEU_C29,2021-03,NLD_C29,NLD,2021-03,0,0.13459936611403497,63276035.07448928,19713517401.30512,-18665428143.92012,-0.946833980154368,,-9499012662.814373,0.0,0.40260837391192256,0.9966573015264726,-0.59404892761455,0.33833362699671454,0.6914744330102813,-0.3531408060135668,2561150639.0490003,2904486695.883,0.1340553935404152,53321759708.08605,-50417273012.20305,-0.9455290539587622,,0.0,0.45202668165588156,0.9938043672463995,-0.541777685590518,0.3729602918742003,0.690044555998913,-0.3170842641247127,1659.746337890625,False,0.09088223353648096,0.1645627936089525,10.888481261199246,2.30009157916757,3.02788370008784,3.379
2021_suez_canal,DEU_C29,2021-03,NLD_C29,NLD,2021-04,1,0.006519589614150727,3061790.2671281644,20329919003.53271,-19401087578.697712,-0.9543120941763911,,-9873396696.900805,0.0,1.7815132026255076,0.9380909569345419,0.8434222456909657,1.0229950951886906,0.6617034457238518,0.3612916494648388,2420046493.655,2527507674.209,0.04440459339758432,54943175048.24841,-52415667374.03941,-0.9539977864040535,,0.0,1.7633943033470467,0.9369962741895348,0.8263980291575119,1.0164597434754192,0.661138460910621,0.3553212825647982,1659.746337890625,False,0.09088223353648096,0.1645627936089525,10.888481261199246,2.30009157916757,3.02788370008784,3.379
2005_hurricane_katrina_refining,USA_C19,2005-09,CHL_H49,CHL,2005-09,0,0.9613518014992103,10467595.089127252,34176320.942442425,33137425.15455758,0.9696018834316752,0.86427495413375,10513203.441250265,38341299.83295736,0.9613518014992103,0.8779413768994386,0.08341042459977166,0.6736339158731752,0.6301761389017635,0.04345777697141173,2798013974.315,3495580543.416,0.24930775024873691,50270046277.15099,-46774465733.73499,-0.9304639481701685,-709.5402708352415,65922214.22284323,0.24930775024873691,1.007121636500932,-0.757813886252195,0.22258959803813028,0.6967016740867038,-0.4741120760485735,298.043701171875,False,0.11247935198161439,0.07785540248154252,8.719577394076627,6.67425416822923,7.02476170663786,10.162
2005_hurricane_katrina_refining,USA_C19,2005-09,CHL_H49,CHL,2005-10,1,0.49625959371326334,6808239.611333337,36526915.049924016,28174913.678075977,0.7713466532710812,0.7348450313585203,8938793.46556708,38341299.83295736,0.49625959371326334,0.7775159530708758,-0.2812563593576125,0.402968382037983,0.5752168363735883,-0.17224845433560532,2777570120.392,3501654181.22,0.2606897501928085,52420360548.42153,-48918706367.20153,-0.9332004941479662,-742.0671005047996,65922214.22284323,0.2606897501928085,0.9274916987691646,-0.6668019485763561,0.23165899189678285,0.6562195196938347,-0.4245605277970519,298.043701171875,False,0.11247935198161439,0.07785540248154252,8.719577394076627,6.67425416822923,7.02476170663786,10.162
2005_hurricane_katrina_refining,USA_C19,2005-09,BRA_C19,BRA,2005-09,0,1.919418672228205,19047255.123490322,496586693.85743904,-435798391.85743904,-0.8775877349274058,-18.292863880787163,-207694346.86985102,23823409.756804366,1.919418672228205,1.0425969315672767,0.8768217406609282,1.0713844800313552,0.7142220018421135,0.35716247818924174,114659309.0,270464667.0,1.3588548488461587,2180191543.775101,-1909726876.7751012,-0.8759445390143665,-39.9592313027551,47791882.23882149,1.3588548488461587,1.0360526879563527,0.32280216088980596,0.8581762627097156,0.7110129760493287,0.14716328666038692,187.97889709472656,False,0.2521888929071994,0.0016756728466440615,8.206535216144971,5.75996463685998,7.75206075946269,10.072
2005_hurricane_katrina_refining,USA_C19,2005-09,BRA_C19,BRA,2005-10,1,-0.09954976182849984,-3145976.6583070843,546308671.2801608,-486600202.2801608,-0.8907056172839328,-20.425296263108585,-231905654.2833138,23823409.756804366,-0.09954976182849984,0.8655703916063292,-0.965120153434829,-0.10486037444620067,0.6235668447552563,-0.7284272192014569,124898106.0,328705676.0,1.6317907174669246,2277351611.2127156,-1948645935.2127156,-0.8556631859649637,-40.773575844431264,47791882.23882149,1.6317907174669246,0.9498652140114041,0.6819255034555205,0.9676644906970964,0.6677602487498042,0.29990424194729215,187.97889709472656,False,0.2521888929071994,0.0016756728466440615,8.206535216144971,5.75996463685998,7.75206075946269,10.072
2005_hurricane_katrina_refining,USA_C19,2005-09,BRA_C19,BRA,2005-11,2,0.02994774641242304,959036.7131333342,555482316.2028826,-486275762.20288265,-0.8754117782307165,-20.411677722329152,-231751031.47788885,23823409.756804366,0.02994774641242304,0.8392785154113053,-0.8093307689988822,0.029508068883497884,0.609373382024792,-0.5798653131412941,185733638.0,468889168.0,1.5245247605606045,2419908077.49022,-1951018909.49022,-0.8062367854541388,-40.82322809009187,47791882.23882149,1.5245247605606045,0.8465394498414854,0.677985310719119,0.9260528281221951,0.6133133193907021,0.31273950873149303,187.97889709472656,False,0.2521888929071994,0.0016756728466440615,8.206535216144971,5.75996463685998,7.75206075946269,10.072
2016_fort_mcmurray_wildfire,CAN_B06,2016-05,USA_C19,USA,2016-05,0,-0.04765672551768361,-1010749645.9567109,714769258912.3668,-691339098125.3668,-0.9672199657513914,-1387.5905985240204,-595975995970.0702,498229880.5286977,-0.04765672551768361,1.0045308400285695,-1.0521875655462531,-0.04882972674355557,0.6954100383778083,-0.7442397651213639,9001063075.0,7303346617.0,-0.18861288315102714,267862842455.00018,-260559495838.00018,-0.972734752793393,-374.23329466938816,696248836.0854913,-0.18861288315102714,0.9975012233435133,-1.1861141064945404,-0.20901000599183206,0.6918970110916831,-0.9009070170835152,34621.8046875,False,0.20861006363413595,0.10880910529161586,10.943303361165047,2.94555045484053,0.765879740073601,5.28
2016_fort_mcmurray_wildfire,CAN_B06,2016-05,USA_C19,USA,2016-06,1,-0.10917686265607814,-2604641090.802572,748020577855.4263,-723367501733.4263,-0.9670422487671658,-1451.8749878385922,-623586411454.1705,498229880.5286977,-0.10917686265607814,0.9188469940323662,-1.0280238566884443,-0.11560937026327878,0.6517244817102643,-0.7673338519735431,8608901931.0,7471839758.0,-0.13207981483742146,278843216281.85455,-271371376523.85455,-0.9732041544433792,-389.7620541092485,696248836.0854913,-0.13207981483742146,0.9220050391751177,-1.0540848540125392,-0.14165552110967994,0.6533689323806477,-0.7950244534903277,34621.8046875,False,0.20861006363413595,0.10880910529161586,10.943303361165047,2.94555045484053,0.765879740073601,5.28
2016_fort_mcmurray_wildfire,CAN_B06,2016-05,USA_C19,USA,2016-07,2,-0.12363408386478619,-2677874629.482424,775651039211.4857,-753631924455.4857,-0.9716120863083169,-1512.6188811794418,-649676169032.1049,498229880.5286977,-0.12363408386478619,0.8580309860686808,-0.981665069933467,-0.13197156277458433,0.6195173173605646,-0.7514888801351489,8694587987.0,6894794079.0,-0.2070016325892637,290301437308.709,-283406643229.709,-0.9762495351627625,-407.04792387604067,696248836.0854913,-0.2070016325892637,0.8545162034100963,-1.06151783599936,-0.23193411607003256,0.6176238552534379,-0.8495579713234704,34621.8046875,False,0.20861006363413595,0.10880910529161586,10.943303361165047,2.94555045484053,0.765879740073601,5.28
2016_fort_mcmurray_wildfire,CAN_B06,2016-05,USA_C19,USA,2016-08,3,-0.02647726887183118,-578991294.8815129,806071567654.545,-781376666300.545,-0.9693638848646459,-1568.3055088373774,-673593809736.7584,498229880.5286977,-0.02647726887183118,0.7997524158593767,-0.826229684731208,-0.026834104540881754,0.5876491086959135,-0.6144832132367952,7802959270.0,6908413278.0,-0.1146418891918681,300782343562.5634,-293873930284.5634,-0.977031852348198,-422.08175447273436,696248836.0854913,-0.1146418891918681,0.800892765587185,-0.9155346547790532,-0.12176307082337345,0.5882825228233628,-0.7100455936467363,34621.8046875,False,0.20861006363413595,0.10880910529161586,10.943303361165047,2.94555045484053,0.765879740073601,5.28
2016_fort_mcmurray_wildfire,CAN_B06,2016-05,USA_C19,USA,2016-09,4,-0.05560114699230283,-1227360298.2000768,837284257983.5222,-813101483725.5222,-0.9711176054877221,-1631.9805686136242,-700942515622.3191,498229880.5286977,-0.05560114699230283,0.7476487839111351,-0.8032499309034379,-0.05720668828880804,0.5582713325084505,-0.6154780207972586,7576217966.0,6831309265.0,-0.09832197335701627,312387432862.3123,-305556123597.3123,-0.9781319331497853,-438.86051618446595,696248836.0854913,-0.09832197335701627,0.7488591345697294,-0.8471811079267457,-0.10349777756995948,0.5589636522357466,-0.6624614298057061,34621.8046875,False,0.20861006363413595,0.10880910529161586,10.943303361165047,2.94555045484053,0.765879740073601,5.28
2016_fort_mcmurray_wildfire,CAN_B06,2016-05,USA_C19,USA,2016-10,5,0.0013003124736659373,27154354.022730976,866738183306.0815,-842482224328.0815,-0.9720146643528751,-1690.9508185941793,-726270485920.0054,498229880.5286977,0.0013003124736659373,0.7043465026087075,-0.7030461901350415,0.0012994677994946358,0.5331817543355477,-0.5318822865360531,7138775349.0,7175017631.0,0.005076820634939412,322863229583.2722,-315688211952.2722,-0.9777769130282783,-453.4129115779367,696248836.0854913,0.005076820634939412,0.7073735553493864,-0.702296734714447,0.005063977031788625,0.5349562572145743,-0.5298922801827857,34621.8046875,False,0.20861006363413595,0.10880910529161586,10.943303361165047,2.94555045484053,0.765879740073601,5.28
2016_fort_mcmurray_wildfire,CAN_B06,2016-05,USA_D,USA,2016-05,0,-0.04765672551768361,-103299973.68789531,714769258912.3668,-691339098125.3668,-0.9672199657513914,-1387.5905985240204,-60909548619.285065,498229880.5286977,-0.04765672551768361,1.0045308400285695,-1.0521875655462531,-0.04882972674355557,0.6954100383778083,-0.7442397651213639,237528045.0,75130435.0,-0.6836986765078624,6154139032.021961,-6079008597.021961,-0.9877918853296827,-87.75155997272334,69275219.71018587,-0.6836986765078624,0.9755661851928908,-1.6592648617007533,-1.1510599552853051,0.6808550331578722,-1.8319149884431774,3538.39501953125,False,0.06283777313501582,0.019132819438249786,10.943303361165047,2.94555045484053,0.765879740073601,5.28
2016_fort_mcmurray_wildfire,CAN_B06,2016-05,USA_D,USA,2016-06,1,-0.10917686265607814,-266197823.78616834,748020577855.4263,-723367501733.4263,-0.9670422487671658,-1451.8749878385922,-63731370229.046555,498229880.5286977,-0.10917686265607814,0.9188469940323662,-1.0280238566884443,-0.11560937026327878,0.6517244817102643,-0.7673338519735431,105525555.0,92174227.0,-0.12652222487718734,6283860184.945536,-6191685957.945536,-0.9853315916829555,-89.37807752683521,69275219.71018587,-0.12652222487718734,0.936565413868594,-1.0630876387457815,-0.1352725918361095,0.6609159986843558,-0.7961885905204653,3538.39501953125,False,0.06283777313501582,0.019132819438249786,10.943303361165047,2.94555045484053,0.765879740073601,5.28
2016_fort_mcmurray_wildfire,CAN_B06,2016-05,USA_D,USA,2016-07,2,-0.12363408386478619,-273682389.9682714,775651039211.4857,-753631924455.4857,-0.9716120863083169,-1512.6188811794418,-66397778554.891884,498229880.5286977,-0.12363408386478619,0.8580309860686808,-0.981665069933467,-0.13197156277458433,0.6195173173605646,-0.7514888801351489,169425422.0,47684201.0,-0.7185534470736039,6609483694.869109,-6561799493.869109,-0.9927854877625287,-94.72073161688286,69275219.71018587,-0.7185534470736039,0.8511515612672776,-1.5697050083408817,-1.2678126996304329,0.6158079108600134,-1.8836206104904463,3538.39501953125,False,0.06283777313501582,0.019132819438249786,10.943303361165047,2.94555045484053,0.765879740073601,5.28
2016_fort_mcmurray_wildfire,CAN_B06,2016-05,USA_D,USA,2016-08,3,-0.02647726887183118,-59173689.31667406,806071567654.545,-781376666300.545,-0.9693638848646459,-1568.3055088373774,-68842193613.90349,498229880.5286977,-0.02647726887183118,0.7997524158593767,-0.826229684731208,-0.026834104540881754,0.5876491086959135,-0.6144832132367952,38814834.0,88349422.0,1.2761767318134092,6730924209.673699,-6642574787.673699,-0.9868741023895315,-95.88673721228213,69275219.71018587,1.2761767318134092,0.8231540666522228,0.4530226651611864,0.8224971489864537,0.6005680047033017,0.2219291442831519,3538.39501953125,False,0.06283777313501582,0.019132819438249786,10.943303361165047,2.94555045484053,0.765879740073601,5.28
2016_fort_mcmurray_wildfire,CAN_B06,2016-05,USA_D,USA,2016-09,4,-0.05560114699230283,-125437873.77697024,837284257983.5222,-813101483725.5222,-0.9711176054877221,-1631.9805686136242,-71637268150.58792,498229880.5286977,-0.05560114699230283,0.7476487839111351,-0.8032499309034379,-0.05720668828880804,0.5582713325084505,-0.6154780207972586,35356206.0,139584372.0,2.947945432832923,6992425777.097274,-6852841405.097274,-0.9800377756661802,-98.92197287523965,69275219.71018587,2.947945432832923,0.7687059093895297,2.1792395234433934,1.373195278885376,0.5702481544351556,0.8029471244502204,3538.39501953125,False,0.06283777313501582,0.019132819438249786,10.943303361165047,2.94555045484053,0.765879740073601,5.28
2016_fort_mcmurray_wildfire,CAN_B06,2016-05,USA_D,USA,2016-10,5,0.0013003124736659373,2775211.5148205953,866738183306.0815,-842482224328.0815,-0.9720146643528751,-1690.9508185941793,-74225820791.47685,498229880.5286977,0.0013003124736659373,0.7043465026087075,-0.7030461901350415,0.0012994677994946358,0.5331817543355477,-0.5318822865360531,95675335.0,118771072.0,0.24139698073698931,7282795727.020849,-7164024655.020849,-0.9836915552142521,-103.41395790575152,69275219.71018587,0.24139698073698931,0.7161091875453423,-0.4747122068083529,0.21623734081844503,0.5400596280488728,-0.3238222872304277,3538.39501953125,False,0.06283777313501582,0.019132819438249786,10.943303361165047,2.94555045484053,0.765879740073601,5.28
2016_fort_mcmurray_wildfire,CAN_B06,2016-05,USA_B06,USA,2016-05,0,-0.04765672551768361,-47848456.501094334,714769258912.3668,-691339098125.3668,-0.9672199657513914,-1387.5905985240204,-28213249079.972073,498229880.5286977,-0.04765672551768361,1.0045308400285695,-1.0521875655462531,-0.04882972674355557,0.6954100383778083,-0.7442397651213639,128142016091.0,119570205510.0,-0.0668930522750066,3308179986598.89,-3188609781088.89,-0.9638561970647405,-2073.29053645554,1537946431.0583696,-0.0668930522750066,0.9998827705951618,-1.0667758228701685,-0.06923545691679323,0.6930885641393161,-0.7623240210561093,1638.9814453125,False,0.08103708452925602,0.01820158307452566,10.943303361165047,2.94555045484053,0.765879740073601,5.28
2016_fort_mcmurray_wildfire,CAN_B06,2016-05,USA_B06,USA,2016-06,1,-0.10917686265607814,-123302596.67443644,748020577855.4263,-723367501733.4263,-0.9670422487671658,-1451.8749878385922,-29520314355.28823,498229880.5286977,-0.10917686265607814,0.9188469940323662,-1.0280238566884443,-0.11560937026327878,0.6517244817102643,-0.7673338519735431,130946483350.0,125067918292.0,-0.04489288224936512,3449714931128.817,-3324647012836.817,-0.963745433814418,-2161.7443531819845,1537946431.0583696,-0.04489288224936512,0.9210741573743656,-0.9659670396237308,-0.04593177960718009,0.6528844865675332,-0.6988162661747133,1638.9814453125,False,0.08103708452925602,0.01820158307452566,10.943303361165047,2.94555045484053,0.765879740073601,5.28
2016_fort_mcmurray_wildfire,CAN_B06,2016-05,USA_B06,USA,2016-07,2,-0.12363408386478619,-126769441.11406754,775651039211.4857,-753631924455.4857,-0.9716120863083169,-1512.6188811794418,-30755392334.87068,498229880.5286977,-0.12363408386478619,0.8580309860686808,-0.981665069933467,-0.13197156277458433,0.6195173173605646,-0.7514888801351489,124094043067.0,115775187293.0,-0.06703670513425485,3581592968116.7427,-3465817780823.7427,-0.967674945667018,-2253.5360860642386,1537946431.0583696,-0.06703670513425485,0.8580582536999495,-0.9250949588342043,-0.06938941988800096,0.6195319928062375,-0.6889214126942385,1638.9814453125,False,0.08103708452925602,0.01820158307452566,10.943303361165047,2.94555045484053,0.765879740073601,5.28
2016_fort_mcmurray_wildfire,CAN_B06,2016-05,USA_B06,USA,2016-08,3,-0.02647726887183118,-27409200.58540082,806071567654.545,-781376666300.545,-0.9693638848646459,-1568.3055088373774,-31887643229.484825,498229880.5286977,-0.02647726887183118,0.7997524158593767,-0.826229684731208,-0.026834104540881754,0.5876491086959135,-0.6144832132367952,123021273830.0,122619384394.0,-0.0032668287645546646,3719250676150.669,-3596631291756.669,-0.9670311589427718,-2338.5933470267705,1537946431.0583696,-0.0032668287645546646,0.800865228417453,-0.8041320571820076,-0.0032721764995464753,0.5882672318652418,-0.5915394083647882,1638.9814453125,False,0.08103708452925602,0.01820158307452566,10.943303361165047,2.94555045484053,0.765879740073601,5.28
2016_fort_mcmurray_wildfire,CAN_B06,2016-05,USA_B06,USA,2016-09,4,-0.05560114699230283,-58102712.25374414,837284257983.5222,-813101483725.5222,-0.9711176054877221,-1631.9805686136242,-33182319284.194534,498229880.5286977,-0.05560114699230283,0.7476487839111351,-0.8032499309034379,-0.05720668828880804,0.5582713325084505,-0.6154780207972586,125330879433.0,124440266680.0,-0.007106091946606887,3860290759024.5957,-3735850492344.5957,-0.9677640171561991,-2429.116136232192,1537946431.0583696,-0.007106091946606887,0.7496690109322057,-0.7567751028788127,-0.007131460470073847,0.5594266334364733,-0.5665580939065471,1638.9814453125,False,0.08103708452925602,0.01820158307452566,10.943303361165047,2.94555045484053,0.765879740073601,5.28
2016_fort_mcmurray_wildfire,CAN_B06,2016-05,USA_B06,USA,2016-10,5,0.0013003124736659373,1285475.520540134,866738183306.0815,-842482224328.0815,-0.9720146643528751,-1690.9508185941793,-34381334579.32506,498229880.5286977,0.0013003124736659373,0.7043465026087075,-0.7030461901350415,0.0012994677994946358,0.5331817543355477,-0.5318822865360531,130558801837.0,128473623776.0,-0.01597117951192063,4006212576061.44,-3877738952285.44,-0.9679314012082944,-2521.374525130172,1537946431.0583696,-0.01597117951192063,0.7031626953958339,-0.7191338749077545,-0.01610009324477346,0.5324869317008165,-0.54858702494559,1638.9814453125,False,0.08103708452925602,0.01820158307452566,10.943303361165047,2.94555045484053,0.765879740073601,5.28
2016_fort_mcmurray_wildfire,CAN_B06,2016-05,USA_C20,USA,2016-05,0,-0.04765672551768361,-9183087.214377254,714769258912.3668,-691339098125.3668,-0.9672199657513914,-1387.5905985240204,-5414693510.466882,498229880.5286977,-0.04765672551768361,1.0045308400285695,-1.0521875655462531,-0.04882972674355557,0.6954100383778083,-0.7442397651213639,13395353857.0,11964794616.0,-0.10679518109575237,330948530082.42377,-318983735466.42377,-0.9638469625079763,,0.0,-0.10679518109575237,0.9984604154715284,-1.1052555965672808,-0.11293936392072368,0.692377091850485,-0.8053164557712087,314.5537109375,False,0.14869945477349078,0.001064003789960505,10.943303361165047,2.94555045484053,0.765879740073601,5.28
2016_fort_mcmurray_wildfire,CAN_B06,2016-05,USA_C20,USA,2016-06,1,-0.10917686265607814,-23664263.840875115,748020577855.4263,-723367501733.4263,-0.9670422487671658,-1451.8749878385922,-5665545790.682813,498229880.5286977,-0.10917686265607814,0.9188469940323662,-1.0280238566884443,-0.11560937026327878,0.6517244817102643,-0.7673338519735431,13040181767.0,11845274913.0,-0.09163268391119199,344642078160.58356,-332796803247.58356,-0.9656302127232392,,0.0,-0.09163268391119199,0.9222037243657759,-1.013836408276968,-0.09610644903712284,0.6534723009562242,-0.7495787499933471,314.5537109375,False,0.14869945477349078,0.001064003789960505,10.943303361165047,2.94555045484053,0.765879740073601,5.28
2016_fort_mcmurray_wildfire,CAN_B06,2016-05,USA_C20,USA,2016-07,2,-0.12363408386478619,-24329621.45480532,775651039211.4857,-753631924455.4857,-0.9716120863083169,-1512.6188811794418,-5902582251.886176,498229880.5286977,-0.12363408386478619,0.8580309860686808,-0.981665069933467,-0.13197156277458433,0.6195173173605646,-0.7514888801351489,13134274592.0,11649561352.0,-0.11304112987742232,358581098207.7432,-346931536855.7432,-0.9675120595864458,,0.0,-0.11304112987742232,0.8556802583142814,-0.9687213881917037,-0.11995666738555855,0.6182513449054987,-0.7382080122910573,314.5537109375,False,0.14869945477349078,0.001064003789960505,10.943303361165047,2.94555045484053,0.765879740073601,5.28
2016_fort_mcmurray_wildfire,CAN_B06,2016-05,USA_C20,USA,2016-08,3,-0.02647726887183118,-5260380.331105125,806071567654.545,-781376666300.545,-0.9693638848646459,-1568.3055088373774,-6119884114.351908,498229880.5286977,-0.02647726887183118,0.7997524158593767,-0.826229684731208,-0.026834104540881754,0.5876491086959135,-0.6144832132367952,12645621632.0,12269683471.0,-0.02972872128711181,372252181585.903,-359982498114.903,-0.9670393242056298,,0.0,-0.02972872128711181,0.7991419736118768,-0.8288706948989886,-0.030179577806134006,0.587309869924578,-0.617489447730712,314.5537109375,False,0.14869945477349078,0.001064003789960505,10.943303361165047,2.94555045484053,0.765879740073601,5.28
2016_fort_mcmurray_wildfire,CAN_B06,2016-05,USA_C20,USA,2016-09,4,-0.05560114699230283,-11151086.43067296,837284257983.5222,-813101483725.5222,-0.9711176054877221,-1631.9805686136242,-6368358652.386237,498229880.5286977,-0.05560114699230283,0.7476487839111351,-0.8032499309034379,-0.05720668828880804,0.5582713325084505,-0.6154780207972586,12056349754.0,12066978466.0,0.0008815862360391175,385499739615.0627,-373432761149.0627,-0.9686978297882914,,0.0,0.0008815862360391175,0.7510541351345053,-0.7501725488984662,0.0008811978670557608,0.5602179695197442,-0.5593367716526885,314.5537109375,False,0.14869945477349078,0.001064003789960505,10.943303361165047,2.94555045484053,0.765879740073601,5.28
2016_fort_mcmurray_wildfire,CAN_B06,2016-05,USA_C20,USA,2016-10,5,0.0013003124736659373,246708.76931624883,866738183306.0815,-842482224328.0815,-0.9720146643528751,-1690.9508185941793,-6598473954.5654,498229880.5286977,0.0013003124736659373,0.7043465026087075,-0.7030461901350415,0.0012994677994946358,0.5331817543355477,-0.5318822865360531,12053396859.0,11696481972.0,-0.029611145403670974,399747191202.7225,-388050709230.7225,-0.9707403022975378,,0.0,-0.029611145403670974,0.7054031584421243,-0.7350143038457952,-0.03005840678636318,0.5338015393465625,-0.5638599461329257,314.5537109375,False,0.14869945477349078,0.001064003789960505,10.943303361165047,2.94555045484053,0.765879740073601,5.28
2016_fort_mcmurray_wildfire,CAN_B06,2016-05,GBR_C19,GBR,2016-05,0,-0.09872210943427386,-43317673.03050265,21361025236.70769,-20570033327.774693,-0.9629703209388225,-112.34549151636077,-10284243809.881123,183096206.62240013,-0.09872210943427386,1.0057043349766357,-1.1044264444109095,-0.1039416442008303,0.6959952882889802,-0.7999369324898105,1661162296.784,1132724446.758,-0.31811331803584303,45564057744.47269,-44431333297.71468,-0.9751399567371628,-208.96628899471722,212624407.08241668,-0.31811331803584303,0.991155343713238,-1.309268661749081,-0.38289179014095964,0.6887150449766111,-1.0716068351175707,199.543701171875,False,0.21350851128113094,0.008568022101577068,10.72009815856061,2.14040560033371,0.669172003330104,5.517
2016_fort_mcmurray_wildfire,CAN_B06,2016-05,GBR_C19,GBR,2016-06,1,0.15617371600528063,58015135.81955795,22114813005.84175,-21255761719.040752,-0.9611549377978428,-116.09067228179431,-10627082241.436579,183096206.62240013,0.15617371600528063,0.9392283044849209,-0.7830545884796403,0.14511603213944824,0.6622901127035021,-0.5171740805640539,1305605778.224,945941167.9950001,-0.2754771893842622,47137779744.98829,-46191838576.993286,-0.9799324199588425,-217.2461723036743,212624407.08241668,-0.2754771893842622,0.9273778449887341,-1.2028550343729962,-0.3222420327940121,0.6561604495836875,-0.9784024823776996,199.543701171875,False,0.21350851128113094,0.008568022101577068,10.72009815856061,2.14040560033371,0.669172003330104,5.517
2016_fort_mcmurray_wildfire,CAN_B06,2016-05,GBR_D,GBR,2016-05,0,-0.09872210943427386,-34958561.660525,21361025236.70769,-20570033327.774693,-0.9629703209388225,-112.34549151636077,-8299669539.184155,183096206.62240013,-0.09872210943427386,1.0057043349766357,-1.1044264444109095,-0.1039416442008303,0.6959952882889802,-0.7999369324898105,13101842.858,10798826.041000001,-0.17577808266825407,446880797.8348036,-436081971.7938036,-0.9758351083928382,-74.9478363793448,5818473.1255829185,-0.17577808266825407,1.0260893965409026,-1.2018674792091566,-0.19331545190432564,0.7061075272069139,-0.8994229791112396,161.03729248046875,False,0.43924225209746764,0.0013931366003697614,10.72009815856061,2.14040560033371,0.669172003330104,5.517
2016_fort_mcmurray_wildfire,CAN_B06,2016-05,GBR_D,GBR,2016-06,1,0.15617371600528063,46819821.12390065,22114813005.84175,-21255761719.040752,-0.9611549377978428,-116.09067228179431,-8576349647.108919,183096206.62240013,0.15617371600528063,0.9392283044849209,-0.7830545884796403,0.14511603213944824,0.6622901127035021,-0.5171740805640539,15167985.377999999,9161905.817,-0.3959708169096311,467807065.3936444,-458645159.5766444,-0.9804152042695411,-78.82569012135731,5818473.1255829185,-0.3959708169096311,0.9371736361870053,-1.3331444530966365,-0.5041327226204793,0.6612300202144752,-1.1653627428349544,161.03729248046875,False,0.43924225209746764,0.0013931366003697614,10.72009815856061,2.14040560033371,0.669172003330104,5.517
2016_fort_mcmurray_wildfire,CAN_B06,2016-05,ESP_C19,ESP,2016-05,0,-0.1133098124043069,-8065746.770014357,2703262884.4111047,-2617530218.349105,-0.9682854869364005,,-1927056018.6661751,0.0,-0.1133098124043069,0.9936304254856333,-1.1069402378899402,-0.12025963754111757,0.6899573107068449,-0.8102169482479624,1069716987.0259999,748972012.1889999,-0.2998409660939639,33449340376.176224,-32700368363.987225,-0.9776087658600753,-224.068009056366,145939478.38292792,-0.2998409660939639,0.9987765820019665,-1.2986175480959303,-0.3564477780480928,0.6925352843607833,-1.048983062408876,91.52839660644531,False,0.13363373666193895,0.003586875324885165,10.165214753343863,4.06086672473866,0.552441816045786,22.057
2016_fort_mcmurray_wildfire,CAN_B06,2016-05,ESP_C19,ESP,2016-06,1,0.5746881570979228,28039374.74200989,2805168049.4875,-2700809507.4025,-0.9627977574804952,,-1988367194.3980083,0.0,0.5746881570979228,0.9241749095340794,-0.3494867524361567,0.4540572516736532,0.654497257103305,-0.2004400054296518,1207687811.663,906965073.576,-0.2490070158718431,35011407201.17773,-34104442127.601727,-0.9740951550914672,-233.6889408232343,145939478.38292792,-0.2490070158718431,0.9135080686226962,-1.1625150844945393,-0.28635896902682845,0.6489382425315178,-0.9352972115583462,91.52839660644531,False,0.13363373666193895,0.003586875324885165,10.165214753343863,4.06086672473866,0.552441816045786,22.057
2016_fort_mcmurray_wildfire,CAN_B06,2016-05,ITA_C19,ITA,2016-05,0,-0.42448129152576447,-36649193.88670459,4596301671.914945,-4499488319.790945,-0.9789366845271353,-75.67718573692078,-2309368244.0345154,59456337.811406896,-0.42448129152576447,0.9933391092084072,-1.4178204007341717,-0.5524835387551228,0.6898111766703039,-1.2422947154254267,1513490394.1200001,993668738.2900001,-0.3434588404720228,36827696539.52978,-35834027801.23978,-0.9730184390646472,-636.677934693121,56282817.18057623,-0.3434588404720228,0.9956957588633577,-1.3391545993353806,-0.4207698914621467,0.6909927408251413,-1.111762632287288,89.50810241699219,False,0.13108624391373844,0.002834904949577431,10.330090441165911,0.885667635240807,0.782776477740896,11.896
2016_fort_mcmurray_wildfire,CAN_B06,2016-05,ITA_C19,ITA,2016-06,1,0.255397210848609,17991506.722506247,4759662264.72747,-4587355438.15347,-0.9637985182581298,-77.15502849678325,-2354466157.045803,59456337.811406896,0.255397210848609,0.9276202262835805,-0.6722230154349715,0.22745202369333484,0.6562861985220536,-0.4288341748287188,1584023096.705,1031661913.6039999,-0.34870778352284904,38486471459.96107,-37454809546.35707,-0.9731941673406648,-665.4750316813052,56282817.18057623,-0.34870778352284904,0.9135752616968001,-1.2622830452196492,-0.42879686391222194,0.648973357041875,-1.077770220954097,89.50810241699219,False,0.13108624391373844,0.002834904949577431,10.330090441165911,0.885667635240807,0.782776477740896,11.896
2016_fort_mcmurray_wildfire,CAN_B06,2016-05,CHL_C19,CHL,2016-05,0,0.896117976748966,24207135.402524345,2077338181.5607011,-1999694768.4417012,-0.9626236046647607,-231.5448820403785,-1319175745.2368908,8636315.995500948,0.896117976748966,1.0261314224974347,-0.13001344574846874,0.639808614379259,0.7061282711938617,-0.06631965681460272,37285914.576,31231645.934,-0.16237414881320833,1699993981.2804272,-1668762335.3464272,-0.9816283785249189,-179.94490179915974,9273740.565370213,-0.16237414881320833,1.0167067361238684,-1.1790808849370769,-0.17718375129952335,0.7014658517315198,-0.8786496030310431,66.85310363769531,False,0.20996253472539153,0.022607643557594457,9.505612588669003,2.15194249981184,4.95436553002575,6.313
2016_fort_mcmurray_wildfire,CAN_B06,2016-05,CHL_C19,CHL,2016-06,1,-0.28964167712266325,-12936120.319758566,2193576009.7409654,-2145483048.5049653,-0.9780755437593981,-248.42572337819107,-1415350604.537608,8636315.995500948,-0.28964167712266325,0.9216424702075905,-1.2112841473302538,-0.3419857501234915,0.6531802731610767,-0.9951660232845683,33929860.410000004,42430685.427999996,0.25054111379410743,1769880611.1005228,-1727449925.6725228,-0.9760262442777898,-186.27326411557448,9273740.565370213,0.25054111379410743,0.9388682939011631,-0.6883271801070556,0.22357634277448568,0.6621044486686252,-0.4385281058941395,66.85310363769531,False,0.20996253472539153,0.022607643557594457,9.505612588669003,2.15194249981184,4.95436553002575,6.313
2016_fort_mcmurray_wildfire,CAN_B06,2016-05,CHL_C19,CHL,2016-07,2,-0.32751746439964596,-16096409.268192122,2289857546.8962297,-2239757676.1082296,-0.9781209661466026,-259.34179310657714,-1477542497.064476,8636315.995500948,-0.32751746439964596,0.8499526260887242,-1.1774700904883701,-0.39677913067356485,0.6151600308715643,-1.0119391615451292,37744376.991,38260605.939,0.01367697625855897,1846937811.6676183,-1808677205.7286184,-0.9792843019958241,-195.03211168991925,9273740.565370213,0.01367697625855897,0.8657835244110874,-0.8521065481525284,0.013584290211703376,0.6236810847288368,-0.6100967945171334,66.85310363769531,False,0.20996253472539153,0.022607643557594457,9.505612588669003,2.15194249981184,4.95436553002575,6.313
2016_fort_mcmurray_wildfire,CAN_B06,2016-05,CHL_C19,CHL,2016-08,3,-0.5176062258944673,-28740492.989949252,2389011412.5454936,-2348408473.726494,-0.9830042926518558,-271.92248117714627,-1549218184.3646674,8636315.995500948,-0.5176062258944673,0.786916375283668,-1.3045226011781352,-0.7289945269875062,0.5804914386050086,-1.3094859655925148,33723575.672,94853547.34400001,1.8126776432771627,1916159694.3347135,-1821306146.9907134,-0.950498099075749,-196.3939075233345,9273740.565370213,1.8126776432771627,0.8091977754775632,1.0034798677995995,1.0341369084797236,0.5928835286371203,0.44125337984260327,66.85310363769531,False,0.20996253472539153,0.022607643557594457,9.505612588669003,2.15194249981184,4.95436553002575,6.313
2016_fort_mcmurray_wildfire,CAN_B06,2016-05,CHL_C19,CHL,2016-09,4,0.12658500989391067,3988603.380019253,2444273767.734197,-2390463693.1331973,-0.9779852505429942,-276.79205976002953,-1576961531.1381211,8636315.995500948,0.12658500989391067,0.7556805048610725,-0.6290954949671619,0.1191909394223103,0.562856533509855,-0.4436655940875447,41227420.009,30561110.917,-0.25871881116188045,1996906222.657809,-1966345111.740809,-0.984695770602425,-212.0336554468096,9273740.565370213,-0.25871881116188045,0.7518754123168512,-1.0105942234787317,-0.2993752450855425,0.5606868779178278,-0.8600621230033703,66.85310363769531,False,0.20996253472539153,0.022607643557594457,9.505612588669003,2.15194249981184,4.95436553002575,6.313
2018_us_china_tariffs,CHN_C26,2018-07,KOR_C26,KOR,2018-07,0,0.11902904966337141,231372998.99658564,63303873735.652794,-60101484153.652794,-0.9494124230789938,,-40823675470.12369,0.0,0.11902904966337141,1.0049803711465266,-0.8859513214831551,0.11246138933400118,0.6956342707428789,-0.5831728814088777,13637019258.0,16192049793.0,0.1873598978384606,280962762601.8542,-264770712808.8542,-0.9423694099422514,,0.0,0.1873598978384606,1.0014542230865844,-0.8140943252481238,0.1717322691871992,0.693874027882142,-0.5221417586949428,13967.865234375,False,0.14713708775436185,0.06558755925058457,10.41325214993025,3.433191763972,2.01882021582307,3.653
2018_us_china_tariffs,CHN_C26,2018-07,KOR_C26,KOR,2018-08,1,-0.006380657907994848,-12870460.529068625,66036892467.83335,-63086214887.83335,-0.9553177402852916,,-42851041026.46137,0.0,-0.006380657907994848,0.9249184699039575,-0.9312991278119523,-0.006401101311485746,0.6548836135321707,-0.6612847148436565,15124280771.0,17710190272.0,0.17097735357825036,293699516966.75,-275989326694.75,-0.9396996275141815,,0.0,0.17097735357825036,0.9181495972154236,-0.7471722436371732,0.1578387450322829,0.6513609698792386,-0.49352222484695574,13967.865234375,False,0.14713708775436185,0.06558755925058457,10.41325214993025,3.433191763972,2.01882021582307,3.653
2018_us_china_tariffs,CHN_C26,2018-07,KOR_C26,KOR,2018-09,2,-0.1030528259604789,-211106367.74529925,68651138505.5139,-65946050570.5139,-0.9605966048941383,,-44793572154.46406,0.0,-0.1030528259604789,0.8594275008787402,-0.9624803268392191,-0.10875831043713902,0.6202686451074371,-0.7290269555445761,16609949939.0,18087263086.0,0.08894145692343619,306071752009.1459,-287984488923.1459,-0.940905153882154,,0.0,0.08894145692343619,0.849506903626455,-0.7605654467030187,0.08520608393652651,0.6149190649794427,-0.5297129810429162,13967.865234375,False,0.14713708775436185,0.06558755925058457,10.41325214993025,3.433191763972,2.01882021582307,3.653
2018_us_china_tariffs,CHN_C26,2018-07,KOR_C26,KOR,2018-10,3,0.1579288716315738,353222342.7378362,71712089338.69446,-67899310534.69446,-0.9468321333381832,,-46120315611.9573,0.0,0.1579288716315738,0.793630484440308,-0.6357016128087343,0.14663295376137597,0.5842417694114737,-0.4376088156500977,15641307261.0,17949617541.0,0.1475778361413266,317279805215.0417,-299330187674.0417,-0.9434265363065438,,0.0,0.1475778361413266,0.7956217020360139,-0.6480438658946873,0.1376534917038974,0.5853513140808886,-0.4476978223769912,13967.865234375,False,0.14713708775436185,0.06558755925058457,10.41325214993025,3.433191763972,2.01882021582307,3.653
2018_us_china_tariffs,CHN_C26,2018-07,MEX_C26,MEX,2018-07,0,0.1155256687737252,204640332.747816,69349796365.27017,-66092397323.27017,-0.9530294360946202,-1626.0679634894825,-40093396667.55846,40645531.925638765,0.1155256687737252,1.0005938755244659,-0.8850682067507407,0.10932574559312513,0.693444074230456,-0.5841183286373308,7113099689.0,7649639585.0,0.07542982939346796,170621927171.00006,-162972287586.00006,-0.9551661400627985,,0.0,0.07542982939346796,1.001837854030789,-0.9264080246373211,0.07272042295078407,0.6940656856145182,-0.6213452626637341,12637.3388671875,False,0.09512811087160833,0.17573255074265265,9.174742019588463,1.87172853327193,6.56759492961866,3.419
2018_us_china_tariffs,CHN_C26,2018-07,MEX_C26,MEX,2018-08,1,-0.007079518461640388,-14950310.794737533,72675642066.3667,-69219117674.3667,-0.9524390250471604,-1702.9945087446135,-41990147948.82728,40645531.925638765,-0.007079518461640388,0.9129976300940565,-0.9200771485556969,-0.0071046971561550265,0.6486714516021586,-0.6557761487583136,7918942109.0,8479530875.0,0.07079086553276885,178163315344.12506,-169683784469.12506,-0.952405853816642,,0.0,0.07079086553276885,0.9204007513159956,-0.8496098857832268,0.06839750211201334,0.6525338888983114,-0.5841363867862981,12637.3388671875,False,0.09512811087160833,0.17573255074265265,9.174742019588463,1.87172853327193,6.56759492961866,3.419
2018_us_china_tariffs,CHN_C26,2018-07,MEX_C26,MEX,2018-09,2,-0.01215570851137152,-24426147.234420426,75549886346.46324,-72277671264.46324,-0.9566880211176759,-1778.243950569909,-43845547469.54568,40645531.925638765,-0.01215570851137152,0.8487813617405758,-0.8609370702519473,-0.012230193358558239,0.6145266986419564,-0.6267568920005147,7372041904.0,7917620553.0,0.07400644978753772,185027232059.2501,-177109611506.2501,-0.9572083500094484,,0.0,0.07400644978753772,0.8569956495279576,-0.7829891997404199,0.0713960014480648,0.6189599396211136,-0.5475639381730488,12637.3388671875,False,0.09512811087160833,0.17573255074265265,9.174742019588463,1.87172853327193,6.56759492961866,3.419
2018_us_china_tariffs,CHN_C26,2018-07,MEX_C26,MEX,2018-10,3,0.09306663785214996,202943126.5987772,78536990812.05975,-74607777420.05975,-0.9499699014264161,-1835.5714364017947,-45259051505.67417,40645531.925638765,0.09306663785214996,0.7909639259521469,-0.697897288099997,0.08898717515502597,0.5827539810187226,-0.4937668058636966,8278308233.0,9286711212.0,0.12181268812632287,192858297968.3751,-183571586756.3751,-0.9518469710153574,,0.0,0.12181268812632287,0.7945479792416329,-0.67273529111531,0.1149458485216357,0.5847531680740907,-0.469807319552455,12637.3388671875,False,0.09512811087160833,0.17573255074265265,9.174742019588463,1.87172853327193,6.56759492961866,3.419
2018_us_china_tariffs,CHN_C26,2018-07,VNM_C26,VNM,2018-07,0,0.17572970824745224,197818972.54489306,30230696213.37093,-28487615348.36193,-0.942340697259958,,-21630612000.089798,0.0,0.17572970824745224,1.0041562838305917,-0.8284265755831395,0.16188898303274257,0.6952231660920667,-0.5333341830593241,5854289890.233999,7361551799.240997,0.25746280714957076,120318129380.11671,-112956577580.87572,-0.9388159387353512,,0.0,0.25746280714957076,1.0065109469238342,-0.7490481397742634,0.22909604569995423,0.6963973664323788,-0.4673013207324246,10332.45703125,False,0.15017499470541001,0.1922836196813422,7.991967692403886,6.94019037359206,4.36292014766431,1.874
2018_us_china_tariffs,CHN_C26,2018-07,VNM_C26,VNM,2018-08,1,0.2738508795964714,327408804.8180876,31591294044.158936,-29585519593.416935,-0.936508632791734,,-22464249370.140915,0.0,0.2738508795964714,0.921074121629175,-0.6472232420327035,0.24204450118031318,0.65288446793177,-0.41083996675145684,7357366026.250999,9281934855.367002,0.26158394488586856,126266864938.7246,-116984930083.35759,-0.9264895437146444,,0.0,0.26158394488586856,0.9156714350143101,-0.6540874901284416,0.23236803056345323,0.6500681799793782,-0.4177001494159249,10332.45703125,False,0.15017499470541001,0.1922836196813422,7.991967692403886,6.94019037359206,4.36292014766431,1.874
2018_us_china_tariffs,CHN_C26,2018-07,JPN_C26,JPN,2018-07,0,0.02580781244016903,51127970.12976882,111099247524.2026,-106748690106.4606,-0.9608408021233965,-489.9841980080376,-49864447238.585915,217861495.4123674,0.02580781244016903,1.0106852711163932,-0.9848774586762241,0.025480411886793064,0.6984755948618329,-0.6729951829750398,9778920170.604,10432419240.768,0.06682732436332342,222701384411.91153,-212268965171.14352,-0.9531551217415333,,0.0,0.06682732436332342,0.9997234581828947,-0.9328961338195713,0.06468912638024094,0.6930089000865998,-0.6283197737063588,7875.2421875,False,0.08082568627740035,0.07711218551218227,10.567078543904774,1.67533175173359,-0.0743495037964408,2.822
2018_us_china_tariffs,CHN_C26,2018-07,JPN_C26,JPN,2018-08,1,0.094479883754529,168836495.81578845,115433312412.2863,-111246280135.2883,-0.9637276953290275,-510.6284610996623,-51965361455.60913,217861495.4123674,0.094479883754529,0.9371748338428434,-0.8426949500883144,0.090279258396464,0.6612306404585837,-0.5709513820621197,10357617017.621002,10613979106.489,0.02475106855484804,232217589725.9383,-221603610619.44928,-0.9542929580872166,,0.0,0.02475106855484804,0.9210223250678641,-0.8962712565130161,0.02444972314629723,0.652857505301526,-0.6284077821552287,7875.2421875,False,0.08082568627740035,0.07711218551218227,10.567078543904774,1.67533175173359,-0.0743495037964408,2.822
2018_us_china_tariffs,CHN_C26,2018-07,USA_C26,USA,2018-07,0,0.04024205297009034,122383986.997883,353286858162.2432,-335944511815.2432,-0.9509114309057154,,-61282795913.38661,0.0,0.04024205297009034,1.0000363714194973,-0.959794318449407,0.03945342931092455,0.6931653661015069,-0.6537119367905824,20019291225.0,20683629376.0,0.03318489868264554,469229633745.8403,-448546004369.8403,-0.9559200274482167,,0.0,0.03318489868264554,1.0012321105973028,-0.9680472119146573,0.03264616606709936,0.6937630461722968,-0.6611168801051974,5149.7197265625,False,0.1532414517794182,0.044380767897869856,10.996016348224313,2.45762229852507,1.68508382434676,4.355
2018_us_china_tariffs,CHN_C26,2018-07,USA_C26,USA,2018-08,1,-0.005685453397831143,-18194483.484651618,368779231514.0418,-351335981734.0418,-0.9527000213423465,,-64090498604.3581,0.0,-0.005685453397831143,0.9193996776502353,-0.9250851310480664,-0.005701677109669845,0.6520124692559008,-0.6577141463655707,20577734994.0,21182186857.0,0.029374071693325062,489116036576.4583,-467933849719.4583,-0.9566929209574407,,0.0,0.029374071693325062,0.9229526732374803,-0.8935786015441552,0.0289509201321394,0.6538618554009545,-0.6249109352688151,5149.7197265625,False,0.1532414517794182,0.044380767897869856,10.996016348224313,2.45762229852507,1.68508382434676,4.355
2018_us_china_tariffs,CHN_C26,2018-07,USA_C26,USA,2018-09,2,0.09699648493849544,325281895.80732393,384329086413.84045,-364162234374.84045,-0.9475271251854079,,-66430255901.39615,0.0,0.09699648493849544,0.8505612566559232,-0.7535647717174278,0.09257597703382814,0.6154889750531893,-0.5229129980193612,20883488539.0,20943400681.0,0.002868876140502763,509009612981.5764,-488066212300.5764,-0.9588546067758488,,0.0,0.002868876140502763,0.856003516877683,-0.8531346407371801,0.0028647687690295243,0.6184255292299738,-0.6155607604609443,5149.7197265625,False,0.1532414517794182,0.044380767897869856,10.996016348224313,2.45762229852507,1.68508382434676,4.355
2018_us_china_tariffs,CHN_C26,2018-07,JPN_C27,JPN,2018-07,0,0.02580781244016903,21820279.31300882,111099247524.2026,-106748690106.4606,-0.9608408021233965,-489.9841980080376,-21281035874.749596,217861495.4123674,0.02580781244016903,1.0106852711163932,-0.9848774586762241,0.025480411886793064,0.6984755948618329,-0.6729951829750398,4850185294.096999,4964419016.483,0.02355244500143752,106600995775.21217,-101636576758.72917,-0.9534299001582368,,0.0,0.02355244500143752,0.9969997745666471,-0.9734473295652096,0.02327936564335431,0.6916459415383116,-0.6683665758949573,3360.97802734375,False,0.0746459428882776,0.04204593833893977,10.567078543904774,1.67533175173359,-0.0743495037964408,2.822
2018_us_china_tariffs,CHN_C26,2018-07,JPN_C27,JPN,2018-08,1,0.094479883754529,72055657.35505578,115433312412.2863,-111246280135.2883,-0.9637276953290275,-510.6284610996623,-22177659286.783443,217861495.4123674,0.094479883754529,0.9371748338428434,-0.8426949500883144,0.090279258396464,0.6612306404585837,-0.5709513820621197,4773429326.9800005,4901797389.953,0.026892209809716412,110848874830.84567,-105947077440.89267,-0.9557794574150338,,0.0,0.026892209809716412,0.9235094381103828,-0.8966172283006664,0.026536969064292038,0.6541513499277585,-0.6276143808634664,3360.97802734375,False,0.0746459428882776,0.04204593833893977,10.567078543904774,1.67533175173359,-0.0743495037964408,2.822
2018_us_china_tariffs,CHN_C26,2018-07,MEX_C29,MEX,2018-07,0,0.1155256687737252,53348314.75704148,69349796365.27017,-66092397323.27017,-0.9530294360946202,-1626.0679634894825,-10452070304.907446,40645531.925638765,0.1155256687737252,1.0005938755244659,-0.8850682067507407,0.10932574559312513,0.693444074230456,-0.5841183286373308,9879647591.0,11586566447.0,0.17277122896113634,231789941658.31937,-220203375211.31937,-0.950012643499088,,0.0,0.17277122896113634,1.0081175825851645,-0.8353463536240282,0.15936951991179527,0.6971977571750578,-0.5378282372632626,3294.466552734375,False,0.03800718997457213,0.026126982213194563,9.174742019588463,1.87172853327193,6.56759492961866,3.419
2018_us_china_tariffs,CHN_C26,2018-07,MEX_C29,MEX,2018-08,1,-0.007079518461640388,-3897442.284635676,72675642066.3667,-69219117674.3667,-0.9524390250471604,-1702.9945087446135,-10946540202.460087,40645531.925638765,-0.007079518461640388,0.9129976300940565,-0.9200771485556969,-0.0071046971561550265,0.6486714516021586,-0.6557761487583136,11592244585.0,13019865904.0,0.12315313988865427,242917551118.95825,-229897685214.95825,-0.9464021193856672,,0.0,0.12315313988865427,0.9194761257987717,-0.7963229859101174,0.11614003322503663,0.6520522976587877,-0.5359122644337511,3294.466552734375,False,0.03800718997457213,0.026126982213194563,9.174742019588463,1.87172853327193,6.56759492961866,3.419
2018_us_china_tariffs,CHN_C26,2018-07,MEX_C29,MEX,2018-09,2,-0.01215570851137152,-6367727.092046601,75549886346.46324,-72277671264.46324,-0.9566880211176759,-1778.243950569909,-11430229982.97529,40645531.925638765,-0.01215570851137152,0.8487813617405758,-0.8609370702519473,-0.012230193358558239,0.6145266986419564,-0.6267568920005147,11249474274.0,13079043968.0,0.16263601742070175,252557300564.59714,-239478256596.59714,-0.948213558116271,,0.0,0.16263601742070175,0.8543959458104865,-0.6917599283897847,0.15068985585534023,0.6175590073435231,-0.46686915148818287,3294.466552734375,False,0.03800718997457213,0.026126982213194563,9.174742019588463,1.87172853327193,6.56759492961866,3.419
2018_us_china_tariffs,CHN_C26,2018-07,MEX_C29,MEX,2018-10,3,0.09306663785214996,52905864.89082627,78536990812.05975,-74607777420.05975,-0.9499699014264161,-1835.5714364017947,-11798720676.951336,40645531.925638765,0.09306663785214996,0.7909639259521469,-0.697897288099997,0.08898717515502597,0.5827539810187226,-0.4937668058636966,11988729261.0,13535738777.0,0.1290386564181166,262284347962.23602,-248748609185.23602,-0.9483928839743465,,0.0,0.1290386564181166,0.7974421392807074,-0.6684034828625908,0.1213665240918651,0.5863646205401665,-0.46499809644830137,3294.466552734375,False,0.03800718997457213,0.026126982213194563,9.174742019588463,1.87172853327193,6.56759492961866,3.419
2018_us_china_tariffs,CHN_C26,2018-07,USA_C29,USA,2018-07,0,0.04024205297009034,77666173.63399674,353286858162.2432,-335944511815.2432,-0.9509114309057154,,-38890710990.38636,0.0,0.04024205297009034,1.0000363714194973,-0.959794318449407,0.03945342931092455,0.6931653661015069,-0.6537119367905824,12104563089.0,12497200528.0,0.03243714259763812,311452606584.9097,-298955406056.9097,-0.9598744712236243,,0.0,0.03243714259763812,1.0097804641068557,-0.9773433215092177,0.03192216515720503,0.6980254942652167,-0.6661033291080116,3268.066650390625,False,0.07797191046535938,0.008365434669491198,10.996016348224313,2.45762229852507,1.68508382434676,4.355
2018_us_china_tariffs,CHN_C26,2018-07,USA_C29,USA,2018-08,1,-0.005685453397831143,-11546411.815495783,368779231514.0418,-351335981734.0418,-0.9527000213423465,,-40672508838.771576,0.0,-0.005685453397831143,0.9193996776502353,-0.9250851310480664,-0.005701677109669845,0.6520124692559008,-0.6577141463655707,14670337195.0,14387289843.0,-0.019293854547288065,326937978761.1667,-312550688918.1667,-0.9559938251973162,,0.0,-0.019293854547288065,0.9180440387777051,-0.9373378933249932,-0.019482410208038203,0.6513059369757102,-0.6707883471837484,3268.066650390625,False,0.07797191046535938,0.008365434669491198,10.996016348224313,2.45762229852507,1.68508382434676,4.355
2018_us_china_tariffs,CHN_C26,2018-07,USA_C29,USA,2018-09,2,0.09699648493849544,206427334.3227841,384329086413.84045,-364162234374.84045,-0.9475271251854079,,-42157343586.77101,0.0,0.09699648493849544,0.8505612566559232,-0.7535647717174278,0.09257597703382814,0.6154889750531893,-0.5229129980193612,13907509792.0,13610304558.0,-0.021370125812959054,339217435741.9236,-325607131183.9236,-0.9598773437803041,,0.0,-0.021370125812959054,0.856352588780799,-0.8777227145937581,-0.021601773116490364,0.6186135887224609,-0.6402153618389512,3268.066650390625,False,0.07797191046535938,0.008365434669491198,10.996016348224313,2.45762229852507,1.68508382434676,4.355
2018_us_china_tariffs,CHN_C26,2018-07,USA_O,USA,2018-07,0,0.04024205297009034,75653148.48866104,353286858162.2432,-335944511815.2432,-0.9509114309057154,,-37882704860.03977,0.0,0.04024205297009034,1.0000363714194973,-0.959794318449407,0.03945342931092455,0.6931653661015069,-0.6537119367905824,122074198895.0,133658201534.0,0.09489312847314918,2822675369316.873,-2689017167782.873,-0.9526483976914614,-1703.420557176557,1578598518.4069612,0.09489312847314918,1.004445615889784,-0.909552487416635,0.09065675893670644,0.6953675217216819,-0.6047107627849755,3183.36181640625,False,0.05709759785683529,0.002921886598319947,10.996016348224313,2.45762229852507,1.68508382434676,4.355
2018_us_china_tariffs,CHN_C26,2018-07,USA_O,USA,2018-08,1,-0.005685453397831143,-11247141.023136057,368779231514.0418,-351335981734.0418,-0.9527000213423465,,-39618320391.14478,0.0,-0.005685453397831143,0.9193996776502353,-0.9250851310480664,-0.005701677109669845,0.6520124692559008,-0.6577141463655707,129131227632.0,140067275895.0,0.08468941605794769,2946653608137.7417,-2806586332242.7417,-0.9524656459421705,-1777.8974828096261,1578598518.4069612,0.08468941605794769,0.9231699620990989,-0.8384805460411512,0.08129369353260074,0.6539748465275927,-0.572681152994992,3183.36181640625,False,0.05709759785683529,0.002921886598319947,10.996016348224313,2.45762229852507,1.68508382434676,4.355
2018_us_china_tariffs,CHN_C26,2018-07,USA_O,USA,2018-09,2,0.09699648493849544,201076955.96328565,384329086413.84045,-364162234374.84045,-0.9475271251854079,,-41064669791.604416,0.0,0.09699648493849544,0.8505612566559232,-0.7535647717174278,0.09257597703382814,0.6154889750531893,-0.5229129980193612,130225414170.0,139113130990.0,0.06824871225518023,3067483100261.0547,-2928369969271.0547,-0.9546490961993691,-1855.0441642541334,1578598518.4069612,0.06824871225518023,0.8556895451535597,-0.7874408328983794,0.06602059006938177,0.6182563494421949,-0.5522357593728131,3183.36181640625,False,0.05709759785683529,0.002921886598319947,10.996016348224313,2.45762229852507,1.68508382434676,4.355
2010_chile_earthquake_mining,CHL_B07,2010-02,BRA_C24A,BRA,2010-02,0,1.3325437672822131,73688644.65080301,6344894961.227619,-6011889539.227619,-0.9475160071151801,-90.41076034264707,-2328673363.1902976,66495287.91089914,1.3325437672822131,1.0334696343747876,0.29907413290742557,0.8469594136698824,0.7097435134007206,0.13721590026916175,809937517.0,1011314942.0,0.24863328438704735,39197075589.90484,-38185760647.90484,-0.9741992246416347,-200.77150844723238,190195117.54049993,0.24863328438704735,1.0196109450293984,-0.7709776606423511,0.22204958041023914,0.7029048913664617,-0.4808553109562226,518.5859985351562,False,0.07944360722403754,0.015058567313452752,9.068737460459257,-0.12581200299141,7.31348274152151,9.419
2010_chile_earthquake_mining,CHL_B07,2010-02,BRA_C24A,BRA,2010-03,1,0.9145859420754329,62630820.84299726,6649602143.822232,-6311116023.822232,-0.9490967861416388,-94.91072558823807,-2444577146.799414,66495287.91089914,0.9145859420754329,0.9415247275960442,-0.026938785520611352,0.6495013783147137,0.663473606302734,-0.013972227988020336,942391940.0,1163277491.0,0.2343882005187778,41020283958.464,-39857006467.464,-0.9716414081341342,-209.55851539657368,190195117.54049993,0.2343882005187778,0.9320538471625328,-0.697665646643755,0.2105754629398433,0.6585836065813488,-0.44800814364150554,518.5859985351562,False,0.07944360722403754,0.015058567313452752,9.068737460459257,-0.12581200299141,7.31348274152151,9.419
2011_thailand_floods,THA_C26,2011-10,CHN_C26,CHN,2011-10,0,-0.07054114896263097,-62038784.5812883,28722435591.187504,-27484839599.187504,-0.9569118716248523,,-18153703241.88883,0.0,-0.07054114896263097,1.002481203988875,-1.0730223529515062,-0.073152742741037,0.6943870136087007,-0.7675397563497377,49489405505.0,53251462044.0,0.07601741222411558,890782506830.5975,-837531044786.5975,-0.9402194568981057,,0.0,0.07601741222411558,0.9984786490684956,-0.92246123684438,0.07326664397164961,0.6923862156326912,-0.6191195716610416,4253.7744140625,False,0.1431577273231884,0.006155774454917667,8.440365173125944,10.5962719761682,6.92845731295996,4.53
2011_thailand_floods,THA_C26,2011-10,CHN_C26,CHN,2011-11,1,-0.29285261637170185,-252326940.47909084,29890742504.875,-28968272130.875,-0.9691385928653479,,-19133508631.053795,0.0,-0.29285261637170185,0.9269766855297504,-1.2198293019014523,-0.3465161710872131,0.6559522904851356,-1.0024684615723487,55071335551.0,56652581832.0,0.028712691732991527,929904719869.667,-873252138037.667,-0.939077003674161,,0.0,0.028712691732991527,0.9179125127572841,-0.8891998210242926,0.028308206720879525,0.65123736163331,-0.6229291549124305,4253.7744140625,False,0.1431577273231884,0.006155774454917667,8.440365173125944,10.5962719761682,6.92845731295996,4.53
2011_thailand_floods,THA_C26,2011-10,CHN_C26,CHN,2011-12,2,-0.35442745719845536,-352100462.02837414,31172349341.562504,-30201364920.562504,-0.9688510990826933,,-19947964924.055466,0.0,-0.35442745719845536,0.8562331726158032,-1.2106606298142586,-0.4376176923031778,0.6185492582428331,-1.056166950546011,52091662742.0,55495520012.0,0.06534360953035136,964746131481.2365,-909250611469.2365,-0.9424765560585413,,0.0,0.06534360953035136,0.8563736615658627,-0.7910300520355114,0.06329738518041239,0.6186249403744135,-0.5553275551940011,4253.7744140625,False,0.1431577273231884,0.006155774454917667,8.440365173125944,10.5962719761682,6.92845731295996,4.53
2011_thailand_floods,THA_C26,2011-10,CHN_C26,CHN,2012-01,3,-0.19693593916963475,-150641251.82127413,32301607929.25,-31371577618.25,-0.9712079252204089,,-20720888992.505802,0.0,-0.33519046114268103,0.802284030320724,-1.1374744914634052,-0.408254686721758,0.5890547662305181,-0.9973094529522761,33606536082.0,42301307583.0,0.2587226329956989,996904995681.8058,-954603688098.8058,-0.9575673632229427,,0.0,-0.03304434576058661,0.8064690414058837,-0.8395133871664703,-0.03360264369088384,0.5913741341237646,-0.6249767778146484,4253.7744140625,False,0.1431577273231884,0.006155774454917667,8.440365173125944,10.5962719761682,6.92845731295996,4.53
2011_thailand_floods,THA_C26,2011-10,CHN_C26,CHN,2012-02,4,0.15802976019170986,111501352.5588548,33288041287.937504,-32050986455.937504,-0.9628378605608054,,-21169637706.311657,0.0,0.12661427345921988,0.7604310229496887,-0.6338167494904687,0.11921691679632929,0.5655586784474842,-0.4463417616511549,31359710942.0,43059791559.0,0.3730927443380897,1027835402135.3754,-984775610576.3754,-0.9581063354409264,,0.0,0.22356632566710027,0.7636668208955251,-0.5401004952284247,0.2017698122071394,0.5673950627009887,-0.3656252504938493,4253.7744140625,False,0.1431577273231884,0.006155774454917667,8.440365173125944,10.5962719761682,6.92845731295996,4.53
2011_thailand_floods,THA_C26,2011-10,MYS_C26,MYS,2011-10,0,0.08545249507152473,9421654.702909913,4010696090.2233963,-3791000843.949396,-0.9452226642628105,,-2065125637.2444816,0.0,0.08545249507152473,0.9955715894687249,-0.9101190943972002,0.08199694581276162,0.690930520069049,-0.6089335742562874,7197320457.432001,6459103285.363001,-0.10256833448435831,152840868550.68503,-146381765265.32202,-0.9577396847674872,,0.0,-0.10256833448435831,0.9953645827474694,-1.0979329172318277,-0.108218300203756,0.6908267818832314,-0.7990450820869874,552.0642700195312,False,0.06423927949352974,0.02196753281131695,9.0938453252436,7.42484738326097,7.26684593389439,3.39
2011_thailand_floods,THA_C26,2011-10,MYS_C26,MYS,2011-11,1,-0.0903135445193427,-10301053.890207244,4178776653.720751,-3988306074.1637506,-0.9544195358257765,,-2172606512.62556,0.0,-0.0903135445193427,0.9187370841014588,-1.0090506286208014,-0.09465529278645235,0.6516672006979363,-0.7463224934843886,6261132499.974001,5821894282.474998,-0.07015315799511133,158701737524.80597,-152879843242.33096,-0.963315497528406,,0.0,-0.07015315799511133,0.9246177501027506,-0.994770908097862,-0.07273539240126681,0.654727376640821,-0.7274627690420878,552.0642700195312,False,0.06423927949352974,0.02196753281131695,9.0938453252436,7.42484738326097,7.26684593389439,3.39
2011_thailand_floods,THA_C26,2011-10,MYS_C26,MYS,2011-12,2,-0.34644469054161664,-37926629.684583545,4339158468.225605,-4207817536.929605,-0.969731243452441,,-2292184103.8968253,0.0,-0.34644469054161664,0.8557207012867122,-1.2021653918283288,-0.4253281111180023,0.6182731386223921,-1.0436012497403944,6783991125.183,6455053675.9800005,-0.048487305353620426,165292129790.2604,-158837076114.2804,-0.960947604195246,,0.0,-0.048487305353620426,0.8561882549257573,-0.9046755602793778,-0.04970225060763056,0.6185250596707981,-0.6682273102784286,552.0642700195312,False,0.06423927949352974,0.02196753281131695,9.0938453252436,7.42484738326097,7.26684593389439,3.39
2011_thailand_floods,THA_C26,2011-10,MYS_C26,MYS,2012-01,3,-0.24335997537227916,-22589342.631602377,4493975893.695459,-4365046733.529459,-0.9713106693903558,,-2377833793.3027096,0.0,-0.289326468446676,0.802581377797216,-1.0919078462438918,-0.341542120382865,0.589219736162196,-0.930761856545061,6466079589.361001,5531138044.827001,-0.14459171614161873,171225566947.6543,-165694428902.8273,-0.9676967748250007,,0.0,-0.07705759198856564,0.802703345489832,-0.8797609374783977,-0.08018844293275151,0.589287396841172,-0.6694758397739236,552.0642700195312,False,0.06423927949352974,0.02196753281131695,9.0938453252436,7.42484738326097,7.26684593389439,3.39
2011_thailand_floods,THA_C26,2011-10,MYS_C26,MYS,2012-02,4,0.06512360992861282,5136081.663318202,4647105759.099313,-4492899902.393312,-0.9668167963674904,,-2447481062.6366377,0.0,-0.16245810951372117,0.7561378681658983,-0.9185959776796195,-0.17728399698920327,0.5631170045912057,-0.740401001580409,5375122643.126999,6125121162.218,0.1395314244689842,177241222601.08423,-171116101438.86624,-0.9654418928490255,,0.0,-0.051439711868572234,0.754892778800151,-0.8063324906687233,-0.05280993006730128,0.5624077603464421,-0.6152176904137434,552.0642700195312,False,0.06423927949352974,0.02196753281131695,9.0938453252436,7.42484738326097,7.26684593389439,3.39
2011_thailand_floods,THA_C26,2011-10,JPN_C26,JPN,2011-10,0,-0.1173699693775764,-23806151.727476142,8357313593.452891,-7996072445.236892,-0.9567754465383476,,-3962692856.0451264,0.0,-0.1173699693775764,1.0003585874882606,-1.117728556865837,-0.12484915722226475,0.6933264581131766,-0.8181756153354414,14008898551.953,13122755174.100002,-0.06325574951996911,281159663585.348,-268036908411.24802,-0.9533263235317662,,0.0,-0.06325574951996911,0.9979540149448389,-1.061209764464808,-0.06534497905384029,0.6921236644148259,-0.7574686434686662,534.0665893554688,False,0.10703394495985213,0.0032160468201631286,10.713732116746254,4.09791791943181,-1.88074195006213,5.102
2011_thailand_floods,THA_C26,2011-10,JPN_C26,JPN,2011-11,1,-0.3585905636556556,-76338446.01784745,8712502398.543493,-8436974162.823493,-0.9683755340180955,,-4181194889.1950636,0.0,-0.3585905636556556,0.9219759258636392,-1.2805664895192947,-0.4440872784245329,0.6533537847986111,-1.097441063223144,12384863070.689001,11828845612.17,-0.04489492175613278,291979361121.719,-280150515509.549,-0.9594873912774992,,0.0,-0.04489492175613278,0.9267034406812735,-0.9715983624374063,-0.04593391497569144,0.6558104806896417,-0.7017443956653331,534.0665893554688,False,0.10703394495985213,0.0032160468201631286,10.713732116746254,4.09791791943181,-1.88074195006213,5.102
2011_thailand_floods,THA_C26,2011-10,JPN_C26,JPN,2011-12,2,-0.34859537608878294,-75505435.2820116,9061294326.036598,-8776590214.7086,-0.9685801938350094,,-4349501781.337471,0.0,-0.34859537608878294,0.8561043347481125,-1.2046997108368955,-0.42862428652012596,0.6184798475322673,-1.0471041340523932,13400467728.0,12739982776.091997,-0.04928820137583207,304118878727.3774,-291378895951.2854,-0.9581085435096828,,0.0,-0.04928820137583207,0.8579746643336783,-0.9072628657095104,-0.0505443132304535,0.6194870043075191,-0.6700313175379726,534.0665893554688,False,0.10703394495985213,0.0032160468201631286,10.713732116746254,4.09791791943181,-1.88074195006213,5.102
2011_thailand_floods,THA_C26,2011-10,JPN_C26,JPN,2012-01,3,-0.04502484332482265,-7066369.974840392,9373356762.399702,-9070928381.895702,-0.9677353174353545,,-4495369863.494297,0.0,-0.1850441369631523,0.8046679600136324,-0.9897120969767847,-0.20462132237889818,0.5903766191059603,-0.7949979414848585,10685658631.180002,10169263793.031996,-0.04832597184428132,314437157661.43536,-304267893868.4034,-0.967658835652046,,0.0,-0.05609374092082516,0.8070967533346555,-0.8631904942554807,-0.057728419584780255,0.5917215538014844,-0.6494499733862646,534.0665893554688,False,0.10703394495985213,0.0032160468201631286,10.713732116746254,4.09791791943181,-1.88074195006213,5.102
2011_thailand_floods,THA_C26,2011-10,JPN_C26,JPN,2012-02,4,-0.006965877920395204,-1149306.7063751551,9725112505.899807,-9394506634.726807,-0.9660049309483633,,-4655728744.6384,0.0,-0.10230403837217561,0.753629094256708,-0.8559331326288836,-0.10792384049672776,0.5616874087155992,-0.669611249212327,10794711657.364002,12006244347.95,0.11223390944023111,326732316723.5763,-314726072375.6263,-0.9632535756843802,,0.0,0.0012354458358364436,0.7538301276772024,-0.7525946818413659,0.0012346833005096869,0.5618020407268922,-0.5605673574263825,534.0665893554688,False,0.10703394495985213,0.0032160468201631286,10.713732116746254,4.09791791943181,-1.88074195006213,5.102
2011_thailand_floods,THA_C26,2011-10,JPN_C26,JPN,2012-03,5,-0.0692874467215093,-12646808.538803462,10102299133.17041,-9759509036.87441,-0.9660681106570618,,-4836616601.937794,0.0,-0.13694616049824637,0.7056358579077399,-0.8425820184059862,-0.14727820300048577,0.5339379783311315,-0.6812161813316173,12628422936.155998,13243279142.159,0.048688281118826705,339827846013.35126,-326584566871.19226,-0.9610294468286784,,0.0,0.012069440516623349,0.7043205895653839,-0.6922511490487605,0.011997185621606121,0.5331665501253582,-0.5211693645037521,534.0665893554688,False,0.10703394495985213,0.0032160468201631286,10.713732116746254,4.09791791943181,-1.88074195006213,5.102
2011_thailand_floods,THA_C26,2011-10,JPN_C26,JPN,2012-04,6,0.042253773917782254,6721974.783523965,10386317098.584515,-10051743891.526514,-0.9677871180051303,,-4981442324.65959,0.0,0.03766224830272462,0.6733471311501681,-0.6356848828474435,0.03697034468970273,0.5148258906439729,-0.47785554595427016,12273742752.295996,11908197677.497,-0.02978268994032933,350552309742.8362,-338644112065.3392,-0.9660301833805265,,0.0,0.02431497021368246,0.6683716618543692,-0.6440566916406868,0.024024067419048833,0.5118480979717468,-0.48782403055269796,534.0665893554688,False,0.10703394495985213,0.0032160468201631286,10.713732116746254,4.09791791943181,-1.88074195006213,5.102
2011_thailand_floods,THA_C26,2011-10,CHN_C27,CHN,2011-10,0,-0.07054114896263097,-5483304.608345822,28722435591.187504,-27484839599.187504,-0.9569118716248523,,-1604517002.0112665,0.0,-0.07054114896263097,1.002481203988875,-1.0730223529515062,-0.073152742741037,0.6943870136087007,-0.7675397563497377,13092641682.0,15196716249.0,0.16070664867371415,253521215827.75696,-238324499578.75696,-0.940057418076897,,0.0,0.16070664867371415,1.0010679419521367,-0.8403612932784226,0.14902899952408433,0.6936810090202954,-0.5446520094962111,375.9703063964844,False,0.09514845544827488,0.0007028501145207335,8.440365173125944,10.5962719761682,6.92845731295996,4.53
2011_thailand_floods,THA_C26,2011-10,CHN_C27,CHN,2011-11,1,-0.29285261637170185,-22301943.612804238,29890742504.875,-28968272130.875,-0.9691385928653479,,-1691117206.0924854,0.0,-0.29285261637170185,0.9269766855297504,-1.2198293019014523,-0.3465161710872131,0.6559522904851356,-1.0024684615723487,14447883247.0,16934683345.0,0.17212210643495934,264528915428.5833,-247594232083.5833,-0.9359817307020564,,0.0,0.17212210643495934,0.921043231737262,-0.7489211253023027,0.1588158720955839,0.6528683883382769,-0.494052516242693,375.9703063964844,False,0.09514845544827488,0.0007028501145207335,8.440365173125944,10.5962719761682,6.92845731295996,4.53
2011_thailand_floods,THA_C26,2011-10,CHN_C27,CHN,2011-12,2,-0.35442745719845536,-31120436.982628983,31172349341.562504,-30201364920.562504,-0.9688510990826933,,-1763103012.630341,0.0,-0.35442745719845536,0.8562331726158032,-1.2106606298142586,-0.4376176923031778,0.6185492582428331,-1.056166950546011,14864211820.0,17348519574.0,0.1671335005235414,275067158533.4097,-257718638959.40973,-0.9369298768108195,,0.0,0.1671335005235414,0.8555666431410613,-0.68843314261752,0.15455074308753325,0.6181901174110109,-0.4636393743234777,375.9703063964844,False,0.09514845544827488,0.0007028501145207335,8.440365173125944,10.5962719761682,6.92845731295996,4.53
2011_thailand_floods,THA_C26,2011-10,CHN_C27,CHN,2012-01,3,-0.19693593916963475,-13314443.14864466,32301607929.25,-31371577618.25,-0.9712079252204089,,-1831417989.0606406,0.0,-0.33519046114268103,0.802284030320724,-1.1374744914634052,-0.408254686721758,0.5890547662305181,-0.9973094529522761,10164226962.0,14534552583.0,0.42997127448441563,285261614940.2361,-270727062357.23608,-0.9490483408149917,,0.0,-0.0040029155148510066,0.8005148722874948,-0.8045177878023458,-0.004010948625293054,0.5880726641573446,-0.5920836127826377,375.9703063964844,False,0.09514845544827488,0.0007028501145207335,8.440365173125944,10.5962719761682,6.92845731295996,4.53
2011_thailand_floods,THA_C26,2011-10,CHN_C27,CHN,2012-02,4,0.15802976019170986,9855058.96753441,33288041287.937504,-32050986455.937504,-0.9628378605608054,,-1871080692.1101625,0.0,0.12661427345921988,0.7604310229496887,-0.6338167494904687,0.11921691679632929,0.5655586784474842,-0.4463417616511549,8936131016.0,11081999579.0,0.240133963922178,292306133947.0625,-281224134368.0625,-0.9620876940577409,,0.0,0.19806134974241119,0.7664363454136726,-0.5683749956712614,0.1807047084997606,0.5689641528678067,-0.38825944436804605,375.9703063964844,False,0.09514845544827488,0.0007028501145207335,8.440365173125944,10.5962719761682,6.92845731295996,4.53
2011_thailand_floods,THA_C26,2011-10,CHN_M,CHN,2011-10,0,-0.07054114896263097,-5104169.62292231,28722435591.187504,-27484839599.187504,-0.9569118716248523,,-1493575047.5476358,0.0,-0.07054114896263097,1.002481203988875,-1.0730223529515062,-0.073152742741037,0.6943870136087007,-0.7675397563497377,40947534.0,23914031.0,-0.415983609660108,887877670.9652777,-863963639.9652777,-0.9730660745483088,,0.0,-0.415983609660108,1.0139225399431242,-1.4299061496032321,-0.5378262135022851,0.7000843316119543,-1.2379105451142394,349.9743957519531,False,0.056711731546759674,0.0012324552360268941,8.440365173125944,10.5962719761682,6.92845731295996,4.53
2011_thailand_floods,THA_C26,2011-10,CHN_M,CHN,2011-11,1,-0.29285261637170185,-20759908.714052312,29890742504.875,-28968272130.875,-0.9691385928653479,,-1574187408.629574,0.0,-0.29285261637170185,0.9269766855297504,-1.2198293019014523,-0.3465161710872131,0.6559522904851356,-1.0024684615723487,54531548.0,35990201.0,-0.34001138203522113,931069316.9583333,-895079115.9583333,-0.9613453044317101,,0.0,-0.34001138203522113,0.9234526588669274,-1.2634640409021485,-0.4155326801709478,0.6541218299409515,-1.0696545101118993,349.9743957519531,False,0.056711731546759674,0.0012324552360268941,8.440365173125944,10.5962719761682,6.92845731295996,4.53
2011_thailand_floods,THA_C26,2011-10,CHN_M,CHN,2011-12,2,-0.35442745719845536,-28968660.40544886,31172349341.562504,-30201364920.562504,-0.9688510990826933,,-1641195863.0664923,0.0,-0.35442745719845536,0.8562331726158032,-1.2106606298142586,-0.4376176923031778,0.6185492582428331,-1.056166950546011,51070078.0,31898310.0,-0.3754011889310214,965738220.9513887,-933839910.9513887,-0.966970024269542,,0.0,-0.3754011889310214,0.8617344844085357,-1.237135673339557,-0.47064572587416365,0.6215085708067569,-1.0921542966809206,349.9743957519531,False,0.056711731546759674,0.0012324552360268941,8.440365173125944,10.5962719761682,6.92845731295996,4.53
2011_thailand_floods,THA_C26,2011-10,CHN_M,CHN,2012-01,3,-0.19693593916963475,-12393835.673838254,32301607929.25,-31371577618.25,-0.9712079252204089,,-1704787301.5132031,0.0,-0.33519046114268103,0.802284030320724,-1.1374744914634052,-0.408254686721758,0.5890547662305181,-0.9973094529522761,29787870.0,37340261.0,0.2535391419393196,1007998807.9444442,-970658546.9444442,-0.962956046469791,,0.0,-0.4053338568397292,0.7968182774995616,-1.2021521343392907,-0.5197551239914056,0.5860174764102339,-1.1057726004016395,349.9743957519531,False,0.056711731546759674,0.0012324552360268941,8.440365173125944,10.5962719761682,6.92845731295996,4.53
2011_thailand_floods,THA_C26,2011-10,CHN_M,CHN,2012-02,4,0.15802976019170986,9173645.49429474,33288041287.937504,-32050986455.937504,-0.9628378605608054,,-1741707585.6353412,0.0,0.12661427345921988,0.7604310229496887,-0.6338167494904687,0.11921691679632929,0.5655586784474842,-0.4463417616511549,26449288.0,41391288.0,0.5649301410306394,1038373101.9374999,-996981813.9374999,-0.9601383280029423,,0.0,-0.23462665384562897,0.7558912996069119,-0.9905179534525409,-0.26739152434833,0.5629765902949728,-0.8303681146433028,349.9743957519531,False,0.056711731546759674,0.0012324552360268941,8.440365173125944,10.5962719761682,6.92845731295996,4.53
2011_thailand_floods,THA_C26,2011-10,CHN_C28,CHN,2011-10,0,-0.07054114896263097,-4438962.93847517,28722435591.187504,-27484839599.187504,-0.9569118716248523,,-1298923188.6262019,0.0,-0.07054114896263097,1.002481203988875,-1.0730223529515062,-0.073152742741037,0.6943870136087007,-0.7675397563497377,13913308918.0,16468108780.0,0.18362273683830815,292756427993.2572,-276288319213.2572,-0.9437480881534075,-436.53911435845293,632906216.4779812,0.18362273683830815,1.0040162574714253,-0.8203935206331172,0.16857985124882546,0.6951532956969722,-0.5265734444481467,304.36358642578125,False,0.09924511744348853,0.0004404064210524956,8.440365173125944,10.5962719761682,6.92845731295996,4.53
2011_thailand_floods,THA_C26,2011-10,CHN_C28,CHN,2011-11,1,-0.29285261637170185,-18054350.108969446,29890742504.875,-28968272130.875,-0.9691385928653479,,-1369029652.490314,0.0,-0.29285261637170185,0.9269766855297504,-1.2198293019014523,-0.3465161710872131,0.6559522904851356,-1.0024684615723487,15642850294.0,17670360571.0,0.12961258587111044,305591824475.0836,-287921463904.0836,-0.9421765925794892,-454.9196332851953,632906216.4779812,0.12961258587111044,0.9229256068281309,-0.7933130209570204,0.12187472957050005,0.6538477798584879,-0.5319730502879878,304.36358642578125,False,0.09924511744348853,0.0004404064210524956,8.440365173125944,10.5962719761682,6.92845731295996,4.53
2011_thailand_floods,THA_C26,2011-10,CHN_C28,CHN,2011-12,2,-0.35442745719845536,-25193286.94320272,31172349341.562504,-30201364920.562504,-0.9688510990826933,,-1427305154.2436595,0.0,-0.35442745719845536,0.8562331726158032,-1.2106606298142586,-0.4376176923031778,0.6185492582428331,-1.056166950546011,16361032481.0,18918244871.0,0.15629896175376953,318650738996.1601,-299732494125.1601,-0.9406301553525411,-473.58121364824325,632906216.4779812,0.15629896175376953,0.8528449873961015,-0.6965460256423319,0.14522435424025915,0.6167222888612365,-0.47149793462097733,304.36358642578125,False,0.09924511744348853,0.0004404064210524956,8.440365173125944,10.5962719761682,6.92845731295996,4.53
2011_thailand_floods,THA_C26,2011-10,CHN_C28,CHN,2012-01,3,-0.19693593916963475,-10778595.008804008,32301607929.25,-31371577618.25,-0.9712079252204089,,-1482608966.4840646,0.0,-0.33519046114268103,0.802284030320724,-1.1374744914634052,-0.408254686721758,0.5890547662305181,-0.9973094529522761,11878575544.0,17325454327.0,0.45854646146955547,329970791574.2364,-312645337247.2364,-0.947493975923314,-493.98367263171497,632906216.4779812,0.04886543548385313,0.8001756411854593,-0.7513102057016061,0.0477090423305242,0.5878842385755938,-0.5401751962450696,304.36358642578125,False,0.09924511744348853,0.0004404064210524956,8.440365173125944,10.5962719761682,6.92845731295996,4.53
2011_thailand_floods,THA_C26,2011-10,CHN_C28,CHN,2012-02,4,0.15802976019170986,7978079.759929621,33288041287.937504,-32050986455.937504,-0.9628378605608054,,-1514717572.781187,0.0,0.12661427345921988,0.7604310229496887,-0.6338167494904687,0.11921691679632929,0.5655586784474842,-0.4463417616511549,11180210532.0,13618174833.0,0.21806067909204915,337761707926.81287,-324143533093.81287,-0.9596811168542799,-512.1509706408292,632906216.4779812,0.18103115936617167,0.7675517622428848,-0.5865206028767131,0.16638792073717568,0.5695954039263214,-0.4032074831891457,304.36358642578125,False,0.09924511744348853,0.0004404064210524956,8.440365173125944,10.5962719761682,6.92845731295996,4.53
2011_thailand_floods,THA_C26,2011-10,USA_C26,USA,2011-10,0,0.0876404638205296,17971286.021709483,17401927056.097233,-16514839108.097233,-0.949023579679402,,-4152097216.214206,0.0,0.0876404638205296,1.0015380876817195,-0.9138976238611899,0.08401063767501782,0.6939159287805587,-0.6099052911055409,20457757401.0,21131937412.0,0.03295473681621844,415835644810.9455,-394703707398.9455,-0.9491819961186652,-709.1537525111853,556584106.057762,0.03295473681621844,0.997438053387618,-0.9644833165713996,0.032423371960273784,0.6918653861037285,-0.6594420141434547,266.4036865234375,False,0.10220702890516868,0.0021486201392266428,10.792275733004598,2.69519257744442,1.21525703756249,9.633
2011_thailand_floods,THA_C26,2011-10,USA_C26,USA,2011-11,1,-0.34797795497150014,-72818084.29142265,18129420628.291676,-17586724615.291676,-0.9700654519453809,,-4421586540.414784,0.0,-0.34797795497150014,0.9242052237195247,-1.272183178691025,-0.42767690559246674,0.6545130116391036,-1.0821899172315703,19695448081.0,20436070576.0,0.037603739298242775,432590289250.93054,-412154218674.93054,-0.9527588318929051,-740.5066263824598,556584106.057762,0.037603739298242775,0.923143648612944,-0.8855399093147012,0.03691395780729323,0.6539611640813234,-0.6170472062740302,266.4036865234375,False,0.10220702890516868,0.0021486201392266428,10.792275733004598,2.69519257744442,1.21525703756249,9.633
2011_thailand_floods,THA_C26,2011-10,USA_C26,USA,2011-12,2,-0.3236079898466719,-67408266.26207808,18846648211.486122,-18286246795.486122,-0.9702651946536328,,-4597457711.671995,0.0,-0.3236079898466719,0.8588274168955923,-1.1824354067422642,-0.3909824737602996,0.6199458678567744,-1.010928341617074,20893555670.0,20947194359.0,0.002567236034267594,451310088244.393,-430362893885.393,-0.9535858051822305,-773.2216734207824,556584106.057762,0.002567236034267594,0.8522204835695684,-0.8496532475353008,0.0025639463128435125,0.61638518073946,-0.6138212344266165,266.4036865234375,False,0.10220702890516868,0.0021486201392266428,10.792275733004598,2.69519257744442,1.21525703756249,9.633
2011_thailand_floods,THA_C26,2011-10,USA_C26,USA,2012-01,3,-0.08894606378955905,-15071442.377448646,19523562005.180565,-18909546969.180565,-0.968550050659963,,-4754165439.741451,0.0,-0.17479544899760482,0.805077708657989,-0.9798731576555938,-0.19212398248600948,0.5906036427049841,-0.7827276251909936,16902110371.0,18803570779.0,0.1124984020493946,466305239380.9006,-447501668601.9006,-0.9596754031673225,-804.014458428425,556584106.057762,0.01191567256058527,0.8028140555948021,-0.7908983830342169,0.011845239883406578,0.5893488083380767,-0.5775035684546701,266.4036865234375,False,0.10220702890516868,0.0021486201392266428,10.792275733004598,2.69519257744442,1.21525703756249,9.633
2011_thailand_floods,THA_C26,2011-10,USA_C26,USA,2012-02,4,0.033139235344428954,5596947.570358842,20220889142.37501,-19526865214.37501,-0.9656778728614065,,-4909369214.396051,0.0,-0.01229375079464739,0.7563162334976767,-0.7686099842923241,-0.012369944042561087,0.5632185663749851,-0.5755885104175462,16082637520.0,18783412766.0,0.16793111469691321,482510621768.3857,-463727209002.3857,-0.9610715040900873,-833.166459399867,556584106.057762,0.0708418094144703,0.7554811098857925,-0.6846393004713223,0.06844507692463964,0.5627429560347288,-0.49429787911008916,266.4036865234375,False,0.10220702890516868,0.0021486201392266428,10.792275733004598,2.69519257744442,1.21525703756249,9.633
2011_thailand_floods,THA_C26,2011-10,CHN_J62_63,CHN,2011-10,0,-0.07054114896263097,-2960796.7534118174,28722435591.187504,-27484839599.187504,-0.9569118716248523,,-866384246.3025547,0.0,-0.07054114896263097,1.002481203988875,-1.0730223529515062,-0.073152742741037,0.6943870136087007,-0.7675397563497377,146440216.0,128155236.0,-0.1248631045449974,2125735113.685057,-1997579877.685057,-0.9397125092515233,-114.49398095732354,17447029.6253358,-0.1248631045449974,0.983361051118359,-1.1082241556633565,-0.13337495193896487,0.6847929056829685,-0.8181678576219333,203.01109313964844,False,0.07887392942629039,0.0022427590073197095,8.440365173125944,10.5962719761682,6.92845731295996,4.53
2011_thailand_floods,THA_C26,2011-10,CHN_J62_63,CHN,2011-11,1,-0.29285261637170185,-12042285.986275762,29890742504.875,-28968272130.875,-0.9691385928653479,,-913145391.524765,0.0,-0.29285261637170185,0.9269766855297504,-1.2198293019014523,-0.3465161710872131,0.6559522904851356,-1.0024684615723487,140586014.0,133915077.0,-0.047450929222589665,2206312168.8425927,-2072397091.8425927,-0.9393036584345857,-118.78223034786103,17447029.6253358,-0.047450929222589665,0.9146010727180641,-0.9620520019406538,-0.0486136550773999,0.6495092833985403,-0.6981229384759402,203.01109313964844,False,0.07887392942629039,0.0022427590073197095,8.440365173125944,10.5962719761682,6.92845731295996,4.53
2011_thailand_floods,THA_C26,2011-10,CHN_J62_63,CHN,2011-12,2,-0.35442745719845536,-16803970.4820852,31172349341.562504,-30201364920.562504,-0.9688510990826933,,-952015262.4352033,0.0,-0.35442745719845536,0.8562331726158032,-1.2106606298142586,-0.4376176923031778,0.6185492582428331,-1.056166950546011,177106491.0,165143130.0,-0.06754896973256616,2308076563.5001287,-2142933433.5001287,-0.9284498908694929,-122.8251157657379,17447029.6253358,-0.06754896973256616,0.840386960535051,-0.9079359302676172,-0.06993864289258056,0.6099758537844799,-0.6799144966770605,203.01109313964844,False,0.07887392942629039,0.0022427590073197095,8.440365173125944,10.5962719761682,6.92845731295996,4.53
2011_thailand_floods,THA_C26,2011-10,CHN_J62_63,CHN,2012-01,3,-0.19693593916963475,-7189343.445919882,32301607929.25,-31371577618.25,-0.9712079252204089,,-988903010.7679107,0.0,-0.33519046114268103,0.802284030320724,-1.1374744914634052,-0.408254686721758,0.5890547662305181,-0.9973094529522761,108135824.0,132371544.0,0.22412295115076758,2399943801.157665,-2267572257.157665,-0.9448438984545606,-129.9689578026965,17447029.6253358,-0.3170833640858057,0.7830285397420429,-1.1001119038278486,-0.3813824802278809,0.5783133450121838,-0.9596958252400647,203.01109313964844,False,0.07887392942629039,0.0022427590073197095,8.440365173125944,10.5962719761682,6.92845731295996,4.53
2011_thailand_floods,THA_C26,2011-10,CHN_J62_63,CHN,2012-02,4,0.15802976019170986,5321394.429072294,33288041287.937504,-32050986455.937504,-0.9628378605608054,,-1010319512.4595773,0.0,0.12661427345921988,0.7604310229496887,-0.6338167494904687,0.11921691679632929,0.5655586784474842,-0.4463417616511549,85668272.0,160300099.0,0.8711723168642879,2428025572.8152003,-2267725473.8152003,-0.9339792377828466,-129.97773962176979,17447029.6253358,0.5200742945098222,0.7670258954217797,-0.24695160091195745,0.4187592083863052,0.5692978479350828,-0.15053863954877755,203.01109313964844,False,0.07887392942629039,0.0022427590073197095,8.440365173125944,10.5962719761682,6.92845731295996,4.53
2015_tianjin_explosion,CHN_C20,2015-08,USA_C20,USA,2015-08,0,-0.0632022793732472,-23790402.865333688,24609564151.27485,-23513064771.27485,-0.955444177180066,-607.2282875524556,-7561635350.173673,38721952.276051804,-0.0632022793732472,0.9939425505806696,-1.0571448299539168,-0.06528789979216398,0.6901138599411141,-0.755401759733278,13881932078.0,12645621632.0,-0.0890589608891184,329863004587.8821,-317217382955.8821,-0.9616640197411682,,0.0,-0.0890589608891184,0.9974938973764509,-1.0865528582655692,-0.09327710487342955,0.691893343519915,-0.7851704483933446,2249.6416015625,False,0.15192827491496227,0.007124407779880782,10.914623278788483,2.52381981363968,1.63535305156384,6.168
2015_tianjin_explosion,CHN_C20,2015-08,USA_C20,USA,2015-09,1,-0.17600207337712198,-75558038.8268558,25647593020.034977,-24547618762.034977,-0.9571119887491688,-633.9457935135372,-7894340597.417837,38721952.276051804,-0.17600207337712198,0.916832964666284,-1.092835038043406,-0.19358726515019598,0.6506743265153219,-0.8442615916655178,13224263619.0,12056349754.0,-0.08831598481763447,342898603685.0835,-330842253931.0835,-0.9648398983710283,,0.0,-0.08831598481763447,0.9245150762151165,-1.0128310610327511,-0.09246182351740373,0.6546740275431056,-0.7471358510605093,2249.6416015625,False,0.15192827491496227,0.007124407779880782,10.914623278788483,2.52381981363968,1.63535305156384,6.168
2015_tianjin_explosion,CHN_C20,2015-08,USA_C20,USA,2015-10,2,-0.2509747685778524,-104954522.93933183,26666739228.2951,-25692734525.2951,-0.9634749230244649,-663.5185731889137,-8262601728.824544,38721952.276051804,-0.2509747685778524,0.8519420072686514,-1.102916775846504,-0.28898260896268724,0.6162348221319149,-0.9052174310946022,13980063294.0,12053396859.0,-0.13781528698993029,357375968123.78485,-345322571264.78485,-0.9662725030944861,,0.0,-0.13781528698993029,0.8550396289005596,-0.9928549158904899,-0.14828574702817932,0.6179060591175229,-0.7661918061457023,2249.6416015625,False,0.15192827491496227,0.007124407779880782,10.914623278788483,2.52381981363968,1.63535305156384,6.168
2015_tianjin_explosion,CHN_C20,2015-08,USA_C20,USA,2015-11,3,-0.11500591082685667,-39015342.10110721,27483513053.555225,-26549938216.555225,-0.9660314591085642,-685.6559820971488,-8538272373.939705,38721952.276051804,-0.11500591082685667,0.8062112757564545,-0.9212171865833111,-0.12217431277372626,0.5912314335918829,-0.7134057463656092,12609080652.0,11198945477.0,-0.11183489216371459,370130958017.98627,-358932012540.98627,-0.969743288870055,,0.0,-0.11183489216371459,0.801944775249477,-0.9137796674131916,-0.11859762101516935,0.588866512348929,-0.7074641333640983,2249.6416015625,False,0.15192827491496227,0.007124407779880782,10.914623278788483,2.52381981363968,1.63535305156384,6.168
2015_tianjin_explosion,CHN_C20,2015-08,USA_C20,USA,2015-12,4,-0.12616345397437803,-47694537.39130956,28599211659.81535,-27572002733.81535,-0.9640826139468968,-712.0509456045088,-8866961094.829634,38721952.276051804,-0.12616345397437803,0.7511353984501544,-0.8772988524245324,-0.13486193897119847,0.5602643766443798,-0.6951263156155782,12974114416.0,11403689042.0,-0.12104297246394809,383857104581.1876,-372453415539.1876,-0.9702918380149765,,0.0,-0.12104297246394809,0.7517121075564559,-0.872755080020404,-0.12901927038122452,0.5605936568389005,-0.689612927220125,2249.6416015625,False,0.15192827491496227,0.007124407779880782,10.914623278788483,2.52381981363968,1.63535305156384,6.168
2015_tianjin_explosion,CHN_C20,2015-08,USA_C20,USA,2016-01,5,-0.08848169897877539,-34476231.58009172,29697328638.075478,-28592931586.075478,-0.9628115691663919,-738.4165803995172,-9195284593.886786,38721952.276051804,-0.04609839663819095,0.7038125091049279,-0.7499109057431188,-0.047194753941699474,0.5328683924616939,-0.5800631464033934,13018769520.0,11048477327.0,-0.15134242832804987,397239526789.88904,-386191049462.88904,-0.972186863134484,,0.0,-0.08434484405569641,0.7084472390341494,-0.7927920830898458,-0.08811545249169228,0.5355849106395922,-0.6237003631312845,2249.6416015625,False,0.15192827491496227,0.007124407779880782,10.914623278788483,2.52381981363968,1.63535305156384,6.168
2015_tianjin_explosion,CHN_C20,2015-08,USA_C20,USA,2016-02,6,0.06284456274973328,19236827.737594724,30491215962.835598,-29479568929.835598,-0.9668216894257988,-761.314117626959,-9480420893.496319,38721952.276051804,0.029135691539605955,0.673152198242166,-0.64401650670256,0.028719315514802446,0.5147093910917562,-0.48599007557695373,12087187820.0,11397226378.0,-0.05708204855213377,410515625682.09045,-399118399304.09045,-0.9722368025356818,,0.0,-0.05243758076936727,0.6701813396316784,-0.7226189204010456,-0.05386246637483083,0.5129322071377302,-0.5667946735125611,2249.6416015625,False,0.15192827491496227,0.007124407779880782,10.914623278788483,2.52381981363968,1.63535305156384,6.168
2015_tianjin_explosion,CHN_C20,2015-08,KOR_C20,KOR,2015-08,0,-0.04826142254816366,-12124296.763294514,15510119645.465279,-14920013053.465279,-0.9619534468148007,,-6045230282.02419,0.0,-0.04826142254816366,1.0085390621604866,-1.0568004847086503,-0.04946488533641613,0.6974076229874946,-0.7468725083239107,5712794726.0,4523437890.0,-0.20819176831035324,139214330508.01392,-134690892618.01392,-0.9675073832306395,,0.0,-0.20819176831035324,1.0009586752039168,-1.20915044351427,-0.23343604814529328,0.6936264033091426,-0.9270624514544359,2150.50927734375,False,0.11409920806728659,0.02416978553934272,10.330978019982325,3.21468019683108,1.05128607800876,3.082
2015_tianjin_explosion,CHN_C20,2015-08,KOR_C20,KOR,2015-09,1,-0.14342489493291713,-39471910.86478482,16202696650.208334,-15620880981.208334,-0.9640914298674771,,-6329205101.97301,0.0,-0.14342489493291713,0.9255303165299573,-1.0689552114628744,-0.1548132764713266,0.6552014188489395,-0.810014695320266,5617217793.0,4623768303.0,-0.17685792622070048,144879636078.29172,-140255867775.29172,-0.9680854505977544,,0.0,-0.17685792622070048,0.9255891513865363,-1.1024470776072368,-0.19462646402906003,0.655231973577127,-0.8498584376061871,2150.50927734375,False,0.11409920806728659,0.02416978553934272,10.330978019982325,3.21468019683108,1.05128607800876,3.082
2015_tianjin_explosion,CHN_C20,2015-08,KOR_C20,KOR,2015-10,2,-0.05872883578238521,-16713616.83478934,16875177595.451391,-16214042581.451391,-0.9608220411156914,,-6569539909.662098,0.0,-0.05872883578238521,0.8570378150995289,-0.9157666508819141,-0.06052401480743441,0.6189826456555423,-0.6795066604629767,5945783262.0,4563858538.0,-0.232420971822501,151052312856.0695,-146488454318.0695,-0.9697862386102708,,0.0,-0.232420971822501,0.8554105927142174,-1.0878315645367183,-0.26451383646128335,0.6181060153420646,-0.8826198518033479,2150.50927734375,False,0.11409920806728659,0.02416978553934272,10.330978019982325,3.21468019683108,1.05128607800876,3.082
2015_tianjin_explosion,CHN_C20,2015-08,KOR_C20,KOR,2015-11,3,-0.1471803745784112,-39899580.95520136,17523520413.694447,-16952920146.694447,-0.967438034508518,,-6868915320.133217,0.0,-0.1471803745784112,0.7999626949211123,-0.9471430694995235,-0.15920721265340987,0.587765939597876,-0.7469731522512859,5188953648.0,4265900504.0,-0.1778881074329458,156390084052.34723,-152124183548.34723,-0.9727226919158627,,0.0,-0.1778881074329458,0.8027764868436007,-0.9806645942765465,-0.1958787708037164,0.5893279691679538,-0.7852067399716702,2150.50927734375,False,0.11409920806728659,0.02416978553934272,10.330978019982325,3.21468019683108,1.05128607800876,3.082
2015_tianjin_explosion,CHN_C20,2015-08,KOR_C20,KOR,2015-12,4,-0.07502513491703143,-20945320.519998163,18181267217.4375,-17543934063.4375,-0.9649456142755144,,-7108379938.145935,0.0,-0.07502513491703143,0.7493362278523524,-0.8243613627693839,-0.07798871460446222,0.5592364175723041,-0.6372251321767664,5458414688.0,4751033617.0,-0.1295946005266209,162502660176.125,-157751626559.125,-0.9707633486624114,,0.0,-0.1295946005266209,0.7499343695764283,-0.8795289701030492,-0.1387961994333402,0.5595782841283636,-0.6983744835617038,2150.50927734375,False,0.11409920806728659,0.02416978553934272,10.330978019982325,3.21468019683108,1.05128607800876,3.082
2015_tianjin_explosion,CHN_C20,2015-08,KOR_C20,KOR,2016-01,5,-0.13401554657850018,-36287668.82451871,18829980221.180557,-18251257762.180557,-0.9692659019179938,,-7394970481.164379,0.0,-0.14436606293747237,0.705312833017075,-0.8496788959545474,-0.15591263767509034,0.5337485736430807,-0.689661211318171,5399657348.0,4007396486.0,-0.2578424467092685,167895816983.9028,-163888420497.9028,-0.9761316478397778,,0.0,-0.16357380496487756,0.7087710577495681,-0.8723448627144457,-0.17861699308825862,0.5357744324576927,-0.7143914255459514,2150.50927734375,False,0.11409920806728659,0.02416978553934272,10.330978019982325,3.21468019683108,1.05128607800876,3.082
2015_tianjin_explosion,CHN_C20,2015-08,KOR_C20,KOR,2016-02,6,-0.06709194179341066,-14801213.149637833,19391281293.423615,-18883329907.423615,-0.973805166439813,,-7651070905.417015,0.0,-0.19070635944027567,0.6711937035358195,-0.8619000629760952,-0.2115934600875704,0.5135381635879561,-0.7251316236755265,5280085739.0,4076925647.0,-0.2278675293306634,173406373231.18057,-169329447584.18057,-0.9764891821965231,,0.0,-0.04383802890154918,0.6711312903762069,-0.7149693192777561,-0.04482795443571774,0.5135008164668022,-0.55832877090252,2150.50927734375,False,0.11409920806728659,0.02416978553934272,10.330978019982325,3.21468019683108,1.05128607800876,3.082
2015_tianjin_explosion,CHN_C20,2015-08,KOR_C20,KOR,2016-03,7,0.02177036747592385,5982696.216461809,20116654341.166668,-19423642191.166668,-0.9655503276913288,,-7869992441.727235,0.0,0.06698191154338007,0.6317030198887245,-0.5647211083453444,0.06483401944888101,0.48962426684399674,-0.4247902473951157,5550207984.0,4849346253.0,-0.1262766608063025,179750497724.95834,-174901151471.95834,-0.9730217923489696,,0.0,-0.03284594292247136,0.6324632210787327,-0.665309164001204,-0.03339748175674018,0.4900900527097569,-0.5234875344664971,2150.50927734375,False,0.11409920806728659,0.02416978553934272,10.330978019982325,3.21468019683108,1.05128607800876,3.082
2015_tianjin_explosion,CHN_C20,2015-08,JPN_C20,JPN,2015-08,0,-0.04664637051719041,-9105695.996343374,17568675785.20186,-16925738755.556858,-0.9634043545736926,,-4899237659.966975,0.0,-0.04664637051719041,1.0052896089318057,-1.0519359794489962,-0.04776937432313488,0.6957884936278838,-0.7435578679510186,5636198992.027999,4707877876.0199995,-0.16470694475497466,150396645059.68948,-145688767183.6695,-0.9686969222341927,,0.0,-0.16470694475497466,1.000583449958354,-1.1652903947133286,-0.17997265130458118,0.6934388629890123,-0.8734115142935934,1360.26611328125,False,0.14912526561039013,0.01518511785122045,10.557800221758049,0.296205514141889,1.68629478626745,3.589
2015_tianjin_explosion,CHN_C20,2015-08,JPN_C20,JPN,2015-09,1,-0.07911472433300741,-16953737.542657286,18320081058.36513,-17638319057.58913,-0.9627860816442894,,-5105497504.921807,0.0,-0.07911472433300741,0.925881017285796,-1.0049957416188033,-0.08241981533490872,0.6553835343069316,-0.7378033496418404,5465645698.125,4568497131.662,-0.164143198446026,156330020322.71957,-151761523191.0576,-0.9707765845470305,,0.0,-0.164143198446026,0.9273883550520524,-1.0915315534980785,-0.17929797054052088,0.656165902619879,-0.8354638731603998,1360.26611328125,False,0.14912526561039013,0.01518511785122045,10.557800221758049,0.296205514141889,1.68629478626745,3.589
2015_tianjin_explosion,CHN_C20,2015-08,JPN_C20,JPN,2015-10,2,-0.14262004955729876,-31313557.377264436,19122936106.2094,-18472590403.5864,-0.9659913258606858,,-5346981416.257687,0.0,-0.14262004955729876,0.8538192137129664,-0.9964392632702652,-0.15387410900731524,0.6172479508627831,-0.7711220598700983,5982357747.058001,4874125919.206,-0.18525000922872017,163142243293.9682,-158268117374.7622,-0.9701234590085706,,0.0,-0.18525000922872017,0.8555340184932329,-1.040784027721953,-0.2048739725535178,0.6181725352138336,-0.8230465077673514,1360.26611328125,False,0.14912526561039013,0.01518511785122045,10.557800221758049,0.296205514141889,1.68629478626745,3.589
2015_tianjin_explosion,CHN_C20,2015-08,JPN_C20,JPN,2015-11,3,-0.013773448087149871,-2690082.9982142593,19797094072.108173,-19131638876.97917,-0.9663862184669542,,-5537746212.24212,0.0,-0.013773448087149871,0.8014415265746421,-0.8152149746617919,-0.013869182077293374,0.5885871924509267,-0.6024563745282201,5105927440.76,4359971380.267,-0.1460960950087389,168816156602.02533,-164456185221.75833,-0.9741732576548027,,0.0,-0.1460960950087389,0.8036703611648608,-0.9497664561735997,-0.1579366149207324,0.5898236783121078,-0.7477602932328402,1360.26611328125,False,0.14912526561039013,0.01518511785122045,10.557800221758049,0.296205514141889,1.68629478626745,3.589
2015_tianjin_explosion,CHN_C20,2015-08,JPN_C20,JPN,2015-12,4,-0.08002813200731214,-15924245.983620249,20533785876.500942,-19901359651.214943,-0.9692007002951291,,-5760545645.652775,0.0,-0.08002813200731214,0.7510917494093239,-0.8311198814166361,-0.08341218754885205,0.5602394501864119,-0.6436516377352639,5687860698.921,5010981158.903999,-0.11900424005556356,175623184941.26044,-170612203782.35645,-0.9714674280586587,,0.0,-0.11900424005556356,0.749183835345767,-0.8681880754013306,-0.1267024658096858,0.5591492993398539,-0.6858517651495397,1360.26611328125,False,0.14912526561039013,0.01518511785122045,10.557800221758049,0.296205514141889,1.68629478626745,3.589
2015_tianjin_explosion,CHN_C20,2015-08,JPN_C20,JPN,2016-01,5,-0.20389534665075654,-50127757.76553845,21377960083.010212,-20701783302.99721,-0.9683703787738671,,-5992232176.7622385,0.0,-0.11501894191419211,0.7006518486602433,-0.8156707905744355,-0.12218903732603081,0.5310116179232942,-0.653200655249325,5645567231.163,4520945343.908,-0.19920440962020486,181513103680.53806,-176992158336.63007,-0.975093008426186,,0.0,-0.13934055369720483,0.7076699245069122,-0.847010478204117,-0.15005638551666323,0.5351298240561704,-0.6851862095728336,1360.26611328125,False,0.14912526561039013,0.01518511785122045,10.557800221758049,0.296205514141889,1.68629478626745,3.589
2015_tianjin_explosion,CHN_C20,2015-08,JPN_C20,JPN,2016-02,6,-0.03373857474317758,-5694528.828781153,21923892647.256485,-21360456336.458485,-0.974300352594159,,-6182888299.826805,0.0,-0.13340471512985136,0.6714891858247066,-0.8048939009545579,-0.14318321040734006,0.5137149570835362,-0.6568981674908763,6592230798.431999,4577998784.502,-0.305546343190699,188002311585.59717,-183424312801.09515,-0.9756492420444647,,0.0,-0.01292368943953226,0.6669523020359355,-0.6798759914754677,-0.013007926870436393,0.5109969902999225,-0.5240049171703589,1360.26611328125,False,0.14912526561039013,0.01518511785122045,10.557800221758049,0.296205514141889,1.68629478626745,3.589
2015_tianjin_explosion,CHN_C20,2015-08,JPN_C20,JPN,2016-03,7,-0.1230904496888935,-26129026.09121084,22686531572.385254,-22043440041.633255,-0.9716531577909957,,-6380581265.425572,0.0,0.16249206038571667,0.6345915004597719,-0.4720994400740552,0.15056602842765088,0.49139292629073594,-0.34082689786308507,6218984444.009999,5103721282.5720005,-0.17933203909397102,194588408430.9443,-189484687148.3723,-0.973771709611453,,0.0,-0.07819802658843439,0.6301534384707962,-0.7083514650592306,-0.08142485785869624,0.4886741444162652,-0.5700990022749615,1360.26611328125,False,0.14912526561039013,0.01518511785122045,10.557800221758049,0.296205514141889,1.68629478626745,3.589
2015_tianjin_explosion,CHN_C20,2015-08,JPN_C20,JPN,2016-04,8,-0.06675374108140832,-13604343.838667218,23489747941.575027,-22832669265.30303,-0.9720270018262298,,-6609027514.7025795,0.0,-0.08346817582097286,0.5998751129204449,-0.6833432887414178,-0.08715848857860564,0.46992557174906935,-0.557084060327675,5936497710.0,5166747506.17,-0.12966402775383196,200654844484.5379,-195488096978.3679,-0.9742505718242543,,0.0,-0.02612283786226667,0.5996771120906609,-0.6257999499529275,-0.026470100189659007,0.4698018039340539,-0.4962719041237129,1360.26611328125,False,0.14912526561039013,0.01518511785122045,10.557800221758049,0.296205514141889,1.68629478626745,3.589
2015_tianjin_explosion,CHN_C20,2015-08,JPN_C20,JPN,2016-05,9,-0.1276198186494889,-26817431.83028163,24201809474.313797,-23568488342.989796,-0.9738316619674176,,-6822013936.647775,0.0,-0.021373823974331036,0.5721279602676287,-0.5935017842419598,-0.021605552008761464,0.4524300903319407,-0.47403564234070217,5562895829.792,4571900904.607,-0.17814371426438402,206549888887.92404,-201977987983.31705,-0.9778653916047965,,0.0,-0.051930983226143555,0.5727591724398804,-0.6246901556660239,-0.05332797686166302,0.45283151155114965,-0.5061594884128127,1360.26611328125,False,0.14912526561039013,0.01518511785122045,10.557800221758049,0.296205514141889,1.68629478626745,3.589
2015_tianjin_explosion,CHN_C20,2015-08,JPN_C20,JPN,2016-06,10,-0.01495653435218387,-3158446.2505125394,24966287265.50907,-24247637913.72007,-0.9712152093682822,,-7018597093.325635,0.0,0.025880927965036986,0.5450603735522046,-0.5191794455871677,0.025551685362732002,0.4350629862972184,-0.4095113009344864,5506794347.865001,4942570854.044,-0.10245951785719981,212834890295.27466,-207892319441.23065,-0.9767774407326404,,0.0,0.029330410863356967,0.5466006744410027,-0.5172702635776457,0.028908504297302073,0.4360594092699266,-0.4071509049726245,1360.26611328125,False,0.14912526561039013,0.01518511785122045,10.557800221758049,0.296205514141889,1.68629478626745,3.589
2015_tianjin_explosion,CHN_C20,2015-08,JPN_C20,JPN,2016-07,11,-0.12888673648310028,-28152126.547944624,25732548029.20734,-25075197932.447342,-0.97445452754955,,-7258138378.24004,0.0,-0.10685510514906377,0.5203834207345879,-0.6272385258836517,-0.11300645483316174,0.4189625535114381,-0.5319690083445998,5723706720.41,4934467656.384,-0.13788950108356798,219282173803.59326,-214347706147.20926,-0.9774971783123433,,0.0,0.021060420349762514,0.5221383494689625,-0.5010779291192,0.020841715047083653,0.42011615508847555,-0.3992744400413919,1360.26611328125,False,0.14912526561039013,0.01518511785122045,10.557800221758049,0.296205514141889,1.68629478626745,3.589
2015_tianjin_explosion,CHN_C20,2015-08,DEU_C20,DEU,2015-08,0,0.03110071872354489,4191482.812783187,7768168994.990595,-7404751256.978595,-0.9532170659203791,,-2831409644.004027,0.0,0.03110071872354489,0.9988259787471542,-0.9677252600236093,0.03062689050137024,0.6925599974467502,-0.66193310694538,10427099516.563,8607535011.425,-0.17450341796850605,296359408655.28107,-287751873643.8561,-0.9709557558827596,-728.7457021172828,394859102.1639341,-0.17450341796850605,1.0037332640793308,-1.178236682047837,-0.1917701560929963,0.6950120726035856,-0.8867822286965819,956.1583251953125,False,0.04323301348745788,0.011037336834706177,10.798771154045841,2.18018602168017,1.89470416699187,4.979
2015_tianjin_explosion,CHN_C20,2015-08,DEU_C20,DEU,2015-09,1,-0.02147195039230024,-3012389.2201780756,8084762479.545713,-7725740831.536714,-0.9555928020251284,,-2954148807.7500153,0.0,-0.02147195039230024,0.9235880873014993,-0.9450600376937995,-0.021705826571970732,0.6541922373692088,-0.6758980639411796,11252227845.491,9402755555.973,-0.1643649875308134,308655143895.1263,-299252388339.15326,-0.969536371766518,-757.8713183998284,394859102.1639341,-0.1643649875308134,0.9266940135712233,-1.0910590011020367,-0.17956334916774352,0.6558055878075422,-0.8353689369752857,956.1583251953125,False,0.04323301348745788,0.011037336834706177,10.798771154045841,2.18018602168017,1.89470416699187,4.979
2015_tianjin_explosion,CHN_C20,2015-08,DEU_C20,DEU,2015-10,2,0.10766275873154485,13725325.335437223,8399295545.707831,-8030001364.242831,-0.9560327197137722,,-3070491163.7180157,0.0,0.10766275873154485,0.8592827231455913,-0.7516199644140464,0.10225217232793327,0.6201907805299669,-0.5179386082020336,11244748692.565998,9802251783.817001,-0.12828182720549763,321707359588.25397,-311905107804.43695,-0.9695305329776642,-789.9149496494143,394859102.1639341,-0.12828182720549763,0.8568798705077347,-0.9851616977132324,-0.1372891036358439,0.6188975901880305,-0.7561866938238744,956.1583251953125,False,0.04323301348745788,0.011037336834706177,10.798771154045841,2.18018602168017,1.89470416699187,4.979
2015_tianjin_explosion,CHN_C20,2015-08,USA_C22,USA,2015-08,0,-0.0632022793732472,-9698123.596708594,24609564151.27485,-23513064771.27485,-0.955444177180066,-607.2282875524556,-3082489802.05727,38721952.276051804,-0.0632022793732472,0.9939425505806696,-1.0571448299539168,-0.06528789979216398,0.6901138599411141,-0.755401759733278,4001144871.0,3781519145.0,-0.05489072080139635,91017883770.2292,-87236364625.2292,-0.9584530095805536,,0.0,-0.05489072080139635,0.9969496538542562,-1.0518403746556526,-0.05645471879599384,0.6916208432157198,-0.7480755620117137,917.0631713867188,False,0.13132506670554833,0.006120689932579425,10.914623278788483,2.52381981363968,1.63535305156384,6.168
2015_tianjin_explosion,CHN_C20,2015-08,USA_C22,USA,2015-09,1,-0.17600207337712198,-30801126.127019722,25647593020.034977,-24547618762.034977,-0.9571119887491688,-633.9457935135372,-3218116618.774572,38721952.276051804,-0.17600207337712198,0.916832964666284,-1.092835038043406,-0.19358726515019598,0.6506743265153219,-0.8442615916655178,3889664885.0,3817172263.0,-0.018637241033169365,94576076092.00003,-90758903829.00003,-0.9596391347502428,,0.0,-0.018637241033169365,0.9247563183653119,-0.9433935593984812,-0.018813102885928856,0.6547993718548746,-0.6736124747408034,917.0631713867188,False,0.13132506670554833,0.006120689932579425,10.914623278788483,2.52381981363968,1.63535305156384,6.168
2015_tianjin_explosion,CHN_C20,2015-08,USA_C22,USA,2015-10,2,-0.2509747685778524,-42784560.70125699,26666739228.2951,-25692734525.2951,-0.9634749230244649,-663.5185731889137,-3368237740.6598234,38721952.276051804,-0.2509747685778524,0.8519420072686514,-1.102916775846504,-0.28898260896268724,0.6162348221319149,-0.9052174310946022,4214017867.0,3983027318.0,-0.054814800575215504,98740383505.77087,-94757356187.77087,-0.9596616179056342,,0.0,-0.054814800575215504,0.8525067785049965,-0.9073215790802119,-0.05637439244857134,0.6165397372847856,-0.672914129733357,917.0631713867188,False,0.13132506670554833,0.006120689932579425,10.914623278788483,2.52381981363968,1.63535305156384,6.168
2015_tianjin_explosion,CHN_C20,2015-08,USA_C22,USA,2015-11,3,-0.11500591082685667,-15904548.233428955,27483513053.555225,-26549938216.555225,-0.9660314591085642,-685.6559820971488,-3480614483.6449924,38721952.276051804,-0.11500591082685667,0.8062112757564545,-0.9212171865833111,-0.12217431277372626,0.5912314335918829,-0.7134057463656092,3713734280.0,3628733204.0,-0.02288830314483351,102110963977.04172,-98482230773.04172,-0.9644628445108414,,0.0,-0.02288830314483351,0.8018033240917293,-0.8246916272365628,-0.02315430710632782,0.5887880100984049,-0.6119423172047327,917.0631713867188,False,0.13132506670554833,0.006120689932579425,10.914623278788483,2.52381981363968,1.63535305156384,6.168
2015_tianjin_explosion,CHN_C20,2015-08,USA_C22,USA,2015-12,4,-0.12616345397437803,-19442609.741710726,28599211659.81535,-27572002733.81535,-0.9640826139468968,-712.0509456045088,-3614603969.1563745,38721952.276051804,-0.12616345397437803,0.7511353984501544,-0.8772988524245324,-0.13486193897119847,0.5602643766443798,-0.6951263156155782,3489755353.0,3465047751.0,-0.007080038426980242,105580298529.31253,-102115250778.31253,-0.9671809248575103,,0.0,-0.007080038426980242,0.755549854550647,-0.7626298929776273,-0.007105220828986347,0.5627821152764163,-0.5698873361054027,917.0631713867188,False,0.13132506670554833,0.006120689932579425,10.914623278788483,2.52381981363968,1.63535305156384,6.168
2015_tianjin_explosion,CHN_C20,2015-08,USA_C22,USA,2016-01,5,-0.08848169897877539,-14054186.341656463,29697328638.075478,-28592931586.075478,-0.9628115691663919,-738.4165803995172,-3748444572.5115976,38721952.276051804,-0.04609839663819095,0.7038125091049279,-0.7499109057431188,-0.047194753941699474,0.5328683924616939,-0.5800631464033934,3490556780.0,3400670834.0,-0.025751177151743684,109495601345.58337,-106094930511.58337,-0.9689423977565362,,0.0,-0.04166423292702791,0.70936841307922,-0.751032646006248,-0.0425570748553632,0.5361239532054434,-0.5786810280608066,917.0631713867188,False,0.13132506670554833,0.006120689932579425,10.914623278788483,2.52381981363968,1.63535305156384,6.168
2015_tianjin_explosion,CHN_C20,2015-08,USA_C22,USA,2016-02,6,0.06284456274973328,7841865.228757195,30491215962.835598,-29479568929.835598,-0.9668216894257988,-761.314117626959,-3864679975.97132,38721952.276051804,0.029135691539605955,0.673152198242166,-0.64401650670256,0.028719315514802446,0.5147093910917562,-0.48599007557695373,3524317377.0,3613660350.0,0.025350433415293402,113287111230.35422,-109673450880.35422,-0.9681017521697406,,0.0,0.022427886609118125,0.6697270108015388,-0.6472991241924207,0.022180079897847094,0.5126601464747296,-0.4904800665768825,917.0631713867188,False,0.13132506670554833,0.006120689932579425,10.914623278788483,2.52381981363968,1.63535305156384,6.168
2015_tianjin_explosion,CHN_C20,2015-08,JPN_G,JPN,2015-08,0,-0.04664637051719041,-6046368.287287181,17568675785.20186,-16925738755.556858,-0.9634043545736926,,-3253193960.2423673,0.0,-0.04664637051719041,1.0052896089318057,-1.0519359794489962,-0.04776937432313488,0.6957884936278838,-0.7435578679510186,55410892105.536,47717704869.945,-0.13883889869411417,1471714950359.109,-1423997245489.1638,-0.9675768022480837,,0.0,-0.13883889869411417,1.0032476711309313,-1.1420865698250455,-0.14947368252365578,0.6947696991292887,-0.8442433816529444,903.2445068359375,False,0.04564444533909582,0.00301133661779546,10.557800221758049,0.296205514141889,1.68629478626745,3.589
2015_tianjin_explosion,CHN_C20,2015-08,JPN_G,JPN,2015-09,1,-0.07911472433300741,-11257628.309804987,18320081058.36513,-17638319057.58913,-0.9627860816442894,,-3390154713.816447,0.0,-0.07911472433300741,0.925881017285796,-1.0049957416188033,-0.08241981533490872,0.6553835343069316,-0.7378033496418404,59512962235.475,53320203444.978,-0.104057310506476,1536076432455.6072,-1482756229010.6292,-0.9652880531734094,,0.0,-0.104057310506476,0.9224361475969963,-1.0264934581034724,-0.10987883066978554,0.653593208631964,-0.7634720393017496,903.2445068359375,False,0.04564444533909582,0.00301133661779546,10.557800221758049,0.296205514141889,1.68629478626745,3.589
2015_tianjin_explosion,CHN_C20,2015-08,JPN_G,JPN,2015-10,2,-0.14262004955729876,-20792842.234582715,19122936106.2094,-18472590403.5864,-0.9659913258606858,,-3550504967.545286,0.0,-0.14262004955729876,0.8538192137129664,-0.9964392632702652,-0.15387410900731524,0.6172479508627831,-0.7711220598700983,61884399166.016,54482401977.932,-0.11961006793047817,1600164753134.271,-1545682351156.339,-0.9659520047100049,,0.0,-0.11961006793047817,0.8539430367939932,-0.9735531047244713,-0.12739036502509649,0.6173147421802909,-0.7447051072053874,903.2445068359375,False,0.04564444533909582,0.00301133661779546,10.557800221758049,0.296205514141889,1.68629478626745,3.589
2015_tianjin_explosion,CHN_C20,2015-08,JPN_G,JPN,2015-11,3,-0.013773448087149871,-1786270.1035818497,19797094072.108173,-19131638876.97917,-0.9663862184669542,,-3677176691.8411856,0.0,-0.013773448087149871,0.8014415265746421,-0.8152149746617919,-0.013869182077293374,0.5885871924509267,-0.6024563745282201,53243599334.235,48792284480.662,-0.08360281628651757,1655983777692.311,-1607191493211.649,-0.9705357714622928,,0.0,-0.08360281628651757,0.8020717357094858,-0.8856745519960033,-0.08730540161239375,0.5889369673330904,-0.6762423689454842,903.2445068359375,False,0.04564444533909582,0.00301133661779546,10.557800221758049,0.296205514141889,1.68629478626745,3.589
2015_tianjin_explosion,CHN_C20,2015-08,JPN_G,JPN,2015-12,4,-0.08002813200731214,-10574024.86893775,20533785876.500942,-19901359651.214943,-0.9692007002951291,,-3825120070.265054,0.0,-0.08002813200731214,0.7510917494093239,-0.8311198814166361,-0.08341218754885205,0.5602394501864119,-0.6436516377352639,57760213455.833,51983013884.442,-0.10002039857087093,1719995748327.3967,-1668012734442.9548,-0.969777242801331,,0.0,-0.10002039857087093,0.7498387249244436,-0.8498591234953146,-0.10538318099150246,0.5595236265022194,-0.6649068074937219,903.2445068359375,False,0.04564444533909582,0.00301133661779546,10.557800221758049,0.296205514141889,1.68629478626745,3.589
2015_tianjin_explosion,CHN_C20,2015-08,JPN_G,JPN,2016-01,5,-0.20389534665075654,-33285855.906904787,21377960083.010212,-20701783302.99721,-0.9683703787738671,,-3978964663.237891,0.0,-0.11501894191419211,0.7006518486602433,-0.8156707905744355,-0.12218903732603081,0.5310116179232942,-0.653200655249325,50528693764.872,45235460192.47,-0.10475698416098585,1774582848227.0386,-1729347388034.5686,-0.9745092429819977,,0.0,-0.1289166567783366,0.7103878880761059,-0.8393045448544425,-0.13801761988282024,0.5367201799231971,-0.6747377998060173,903.2445068359375,False,0.04564444533909582,0.00301133661779546,10.557800221758049,0.296205514141889,1.68629478626745,3.589
2015_tianjin_explosion,CHN_C20,2015-08,JPN_G,JPN,2016-02,6,-0.03373857474317758,-3781283.554295214,21923892647.256485,-21360456336.458485,-0.974300352594159,,-4105564226.4934235,0.0,-0.13340471512985136,0.6714891858247066,-0.8048939009545579,-0.14318321040734006,0.5137149570835362,-0.6568981674908763,62248291391.838,49559473220.817,-0.20384203144063734,1841307503957.696,-1791748030736.8792,-0.9730846297458224,,0.0,-0.01087340763765257,0.6674627493352484,-0.678336156972901,-0.01093295518417392,0.5113031593285164,-0.5222361145126904,903.2445068359375,False,0.04564444533909582,0.00301133661779546,10.557800221758049,0.296205514141889,1.68629478626745,3.589
2015_tianjin_explosion,CHN_C20,2015-08,JPN_G,JPN,2016-03,7,-0.1230904496888935,-17350207.474424772,22686531572.385254,-22043440041.633255,-0.9716531577909957,,-4236836397.044269,0.0,0.16249206038571667,0.6345915004597719,-0.4720994400740552,0.15056602842765088,0.49139292629073594,-0.34082689786308507,62415667917.224,57103862513.676,-0.08510371803747326,1906887050689.1697,-1849783188175.4937,-0.9700538831112004,,0.0,-0.007587327991445874,0.6300456395286502,-0.6376329675200961,-0.00761625819252032,0.4886080141371849,-0.49622427232970523,903.2445068359375,False,0.04564444533909582,0.00301133661779546,10.557800221758049,0.296205514141889,1.68629478626745,3.589
2015_tianjin_explosion,CHN_C20,2015-08,JPN_G,JPN,2016-04,8,-0.06675374108140832,-9033562.419446088,23489747941.575027,-22832669265.30303,-0.9720270018262298,,-4388529376.639996,0.0,-0.08346817582097286,0.5998751129204449,-0.6833432887414178,-0.08715848857860564,0.46992557174906935,-0.557084060327675,59155026050.25,53555881119.716,-0.09465205755767449,1965654516373.1746,-1912098635253.4585,-0.9727541739030865,,0.0,-0.022354305496510837,0.5999088472947341,-0.622263152791245,-0.022607950143349598,0.46994665718176165,-0.49255460732511125,903.2445068359375,False,0.04564444533909582,0.00301133661779546,10.557800221758049,0.296205514141889,1.68629478626745,3.589
2015_tianjin_explosion,CHN_C20,2015-08,JPN_G,JPN,2016-05,9,-0.12761981864948857,-17807322.958092928,24201809474.313797,-23568488342.989796,-0.9738316619674176,,-4529956714.845591,0.0,-0.02137382397433067,0.5721279602676287,-0.5935017842419593,-0.021605552008761464,0.4524300903319407,-0.47403564234070217,55073430028.768,46686278700.007,-0.1522903389961349,2021773263360.6785,-1975086984660.6714,-0.9769082520052703,,0.0,-0.018040508591698683,0.5737038694938214,-0.59174437808552,-0.01820522258984525,0.45343199347237473,-0.47163721606222,903.2445068359375,False,0.04564444533909582,0.00301133661779546,10.557800221758049,0.296205514141889,1.68629478626745,3.589
2015_tianjin_explosion,CHN_C20,2015-08,JPN_G,JPN,2016-06,10,-0.01495653435218387,-2097272.877753558,24966287265.50907,-24247637913.72007,-0.9712152093682822,,-4660491949.585378,0.0,0.025880927965036986,0.5450603735522046,-0.5191794455871677,0.025551685362732002,0.4350629862972184,-0.4095113009344864,58206214549.828,57118709484.84,-0.018683659011307755,2087627660534.3171,-2030508951049.477,-0.972639417188877,,0.0,0.08664138072951272,0.5457299616167172,-0.45908858088720444,0.08309163717093782,0.4354962658378625,-0.3524046286669247,903.2445068359375,False,0.04564444533909582,0.00301133661779546,10.557800221758049,0.296205514141889,1.68629478626745,3.589
2015_tianjin_explosion,CHN_C20,2015-08,JPN_G,JPN,2016-07,11,-0.12888673648310028,-18693587.535488043,25732548029.20734,-25075197932.447342,-0.97445452754955,,-4819552259.657679,0.0,-0.10685510514906377,0.5203834207345879,-0.6272385258836517,-0.11300645483316174,0.4189625535114381,-0.5319690083445998,60247358705.31,55103076355.362,-0.0853860228978735,2151175051208.5862,-2096071974853.224,-0.974384661850553,,0.0,0.019246971980941677,0.521206157255902,-0.5019591852749603,0.019064091881894285,0.4195035446942903,-0.400439452812396,903.2445068359375,False,0.04564444533909582,0.00301133661779546,10.557800221758049,0.296205514141889,1.68629478626745,3.589
2010_deepwater_horizon,USA_C19,2010-04,BRA_C19,BRA,2010-04,0,1.206687296916394,61016968.51869187,5358342900.814834,-5015451591.814834,-0.9360079570592884,-215.65501456232403,-1632113084.8319497,23256828.05008633,1.206687296916394,1.0197965641388593,0.18689073277753465,0.7914924267737184,0.7029967953287724,0.0884956314449461,140320851.0,194003737.0,0.38257240899999956,5830391573.610429,-5636387836.610429,-0.9667254360962475,-58.372901913079545,96558294.20650218,0.38257240899999956,0.972759076026633,-0.5901866670266335,0.3239458264776971,0.6794331089394063,-0.35548728246170924,655.2982788085938,False,0.19794112624449015,0.005863313571696459,9.068737460459257,-0.12581200299141,7.31348274152151,9.419
2010_deepwater_horizon,USA_C19,2010-04,BRA_C19,BRA,2010-05,1,1.9358168040715333,85528104.97942841,5565773432.666686,-5167177059.666686,-0.9283843696079048,-222.17892519730373,-1681487127.5975885,23256828.05008633,1.9358168040715333,0.945841459738962,0.9899753443325713,1.0769857075155471,0.6656945104594882,0.4112911970560589,297155298.0,336252231.0,0.13157070818908972,6026348449.113322,-5690096218.113322,-0.9442029889510498,-58.929129443239006,96558294.20650218,0.13157070818908972,0.912272184517315,-0.7807014763282252,0.12360667441415885,0.6482921602652851,-0.5246854858511263,655.2982788085938,False,0.19794112624449015,0.005863313571696459,9.068737460459257,-0.12581200299141,7.31348274152151,9.419
2010_deepwater_horizon,USA_C19,2010-04,CHL_H49,CHL,2010-04,0,-0.031301691811098355,-1924088.0533109219,4900696342.40267,-4700260243.70767,-0.9591004859940513,-40.64012089422284,-1396341471.2407055,115655665.88597013,-0.031301691811098355,0.9885919399338414,-1.0198936317449399,-0.031802058870948,0.6874268202179401,-0.7192288790888881,4380718919.384,5381798832.094,0.22851954921836623,102936937121.5632,-97555138289.46921,-0.9477175153779992,,0.0,0.22851954921836623,0.9808042641853945,-0.7522847149670282,0.20580982588968766,0.6835029562554809,-0.4776931303657932,292.77410888671875,False,0.0755635280268653,0.04524860594461113,9.220271070629572,-1.11803723642878,3.57779504174319,11.313
2010_deepwater_horizon,USA_C19,2010-04,CHL_H49,CHL,2010-05,1,0.10706376470661315,6559707.7773984885,5105249794.92056,-4876929305.72956,-0.9552773128911016,-42.167664405978456,-1448825871.081461,115655665.88597013,0.10706376470661315,0.9128246014989162,-0.805760836792303,0.10171125295967087,0.6485809984118198,-0.546869745452149,4288603626.05,5683132489.537,0.3251708446582237,107067647295.35236,-101384514805.81535,-0.9469201702559153,,0.0,0.3251708446582237,0.9085838372023849,-0.5834129925441611,0.2815413904337021,0.6463615205517605,-0.36482013011805847,292.77410888671875,False,0.0755635280268653,0.04524860594461113,9.220271070629572,-1.11803723642878,3.57779504174319,11.313
2010_deepwater_horizon,USA_C19,2010-04,DEU_C20,DEU,2010-04,0,0.2828001456831649,3372350.593731744,3384574427.680033,-3263576252.8890333,-0.9642501066599565,,-412597920.6752412,0.0,0.2828001456831649,1.0178813370499136,-0.7350811913667487,0.2490453000661752,0.7020481176470064,-0.45300281758083116,7725479026.075001,9423677467.894001,0.21981788263061083,213203845850.17023,-203780168382.2762,-0.9557996834892156,,0.0,0.21981788263061083,0.9921445916865428,-0.7723267090559319,0.19870157104670128,0.6892117427115281,-0.4905101716648268,185.023193359375,False,0.04993237373872549,0.0017840219531299515,10.65662119515594,-5.54455451920674,1.97300267360873,7.88
2010_deepwater_horizon,USA_C19,2010-04,DEU_C20,DEU,2010-05,1,1.4513736659547904,8535605.061692942,3509097848.8692513,-3395064646.9062514,-0.9675035559353966,,-429221352.6898618,0.0,1.4513736659547904,0.9475355471477418,0.5038381188070487,0.89664853468825,0.6665647510336079,0.2300837836546421,7664995474.879999,8845179030.802998,0.1539705482920034,221536995134.23434,-212691816103.43134,-0.9600735803722376,,0.0,0.1539705482920034,0.9204731547990245,-0.7665026065070211,0.14320864633208075,0.6525715904666285,-0.5093629441345477,185.023193359375,False,0.04993237373872549,0.0017840219531299515,10.65662119515594,-5.54455451920674,1.97300267360873,7.88
2017_hurricane_harvey_chemicals,USA_C20,2017-08,CHN_C20,CHN,2017-08,0,0.06536278086290277,27047078.31556326,27647963098.472237,-26318569680.472237,-0.9519171299069963,,-8727625789.743267,0.0,0.06536278086290277,0.9993530774924799,-0.9339902966295771,0.0633153804157125,0.6928236669451628,-0.6295082865294503,9466496849.0,10594792785.0,0.11918832848068696,193439374556.111,-182844581771.111,-0.9452293887461533,,0.0,0.11918832848068696,0.9937071671097361,-0.8745188386290491,0.11260371585522932,0.6899958037337832,-0.5773920878785539,2822.00146484375,False,0.06799846442490473,0.005813380580242013,9.01867957107379,6.77555562837017,1.47744121334065,4.56
2017_hurricane_harvey_chemicals,USA_C20,2017-08,CHN_C20,CHN,2017-09,1,0.2177312845359128,83771422.71054748,28745355623.16668,-27332516585.16668,-0.9508498326991873,,-9063865534.618446,0.0,0.2177312845359128,0.9258776764918567,-0.7081463919559439,0.1969895245437101,0.6553817996403026,-0.4583922750965925,7962881669.0,9917155322.0,0.24542291776205974,200656154556.20822,-190738999234.20822,-0.9505763710864797,,0.0,0.24542291776205974,0.9249116400674712,-0.6794887223054115,0.21947516519090016,0.6548800654179914,-0.4354049002270912,2822.00146484375,False,0.06799846442490473,0.005813380580242013,9.01867957107379,6.77555562837017,1.47744121334065,4.56
2017_hurricane_harvey_chemicals,USA_C20,2017-08,CAN_C20,CAN,2017-08,0,0.08819306060262129,43591511.056971826,40936717063.92131,-38949592771.83731,-0.9514586309160754,-99.81755158305387,-10542687903.296156,390207855.7740323,0.08819306060262129,0.9937951491756994,-0.9056020885730781,0.08451857805461316,0.6900399326249236,-0.6055213545703104,2306935447.0850005,2172273525.076,-0.058372644184368716,52389196585.91892,-50216923060.842926,-0.9585358496285882,-87.56164593922523,573503644.4575,-0.058372644184368716,0.9935234164644213,-1.0518960606487902,-0.0601456709507211,0.6899036341593572,-0.7500493051100783,2141.26611328125,False,0.06048315235227372,0.09556728192142229,10.652898367419745,1.03855092490855,0.716978150638226,7.038
2017_hurricane_harvey_chemicals,USA_C20,2017-08,CAN_C20,CAN,2017-09,1,0.05508155059397692,26131915.112176705,42474472446.32074,-40625192410.12974,-0.9564613771594662,-104.1116723023014,-10996231131.356962,390207855.7740323,0.05508155059397692,0.9245506189533776,-0.8694690683594007,0.05361806305203132,0.6546924957659819,-0.6010744327139506,2200064254.158,2225920706.4440002,0.01175258960602309,54351055048.133804,-52125134341.689804,-0.959045492226918,-90.88893304417805,573503644.4575,0.01175258960602309,0.9245062497848001,-0.912753660178777,0.011684064296812124,0.6546694412043372,-0.6429853769075251,2141.26611328125,False,0.06048315235227372,0.09556728192142229,10.652898367419745,1.03855092490855,0.716978150638226,7.038
2017_hurricane_harvey_chemicals,USA_C20,2017-08,MEX_C20,MEX,2017-08,0,0.01443131410433012,5041014.760043296,37474267232.70119,-35724577266.70119,-0.9533095615950252,-1964.72254875862,-7235036619.80528,18183013.82516998,0.01443131410433012,0.9929779702365022,-0.9785466561321722,0.014328173798464405,0.6896299875738272,-0.6753018137753628,669837947.0,735135580.0,0.09748273189425621,14246048054.805563,-13510912474.805563,-0.9483972272751094,,0.0,0.09748273189425621,0.9930191234121203,-0.895536391517864,0.09301913167367815,0.6896506364044903,-0.5966315047308122,1877.499267578125,False,0.10688465410776252,0.07228829175374114,9.11591144120009,1.77249323845399,6.07758782303863,3.853
2017_hurricane_harvey_chemicals,USA_C20,2017-08,MEX_C20,MEX,2017-09,1,0.02395499054754915,8060370.299634073,38989109481.29195,-37287866987.29195,-0.9563662131135284,-2050.6978296235975,-7551638221.313432,18183013.82516998,0.02395499054754915,0.918944825997495,-0.8949898354499459,0.0236725710937975,0.6517754651543193,-0.6281028940605218,659110231.0,636253273.0,-0.03467850584768119,14829989404.166674,-14193736131.166674,-0.9570968491170171,,0.0,-0.03467850584768119,0.91802283445215,-0.9527013402998312,-0.035294078510315074,0.651294881673703,-0.686588960184018,1877.499267578125,False,0.10688465410776252,0.07228829175374114,9.11591144120009,1.77249323845399,6.07758782303863,3.853
2017_hurricane_harvey_chemicals,USA_C20,2017-08,KOR_C20,KOR,2017-08,0,-0.0786395798382442,-18700753.64710615,11396334504.816917,-10867127605.816917,-0.9535634112199568,-453.56343346147736,-4499214991.141393,23959443.826592997,-0.0786395798382442,0.9870071136013836,-1.0656466934396278,-0.08190398344954986,0.68662954354782,-0.7685335269973699,4877302155.0,5704608792.0,0.16962382290625175,101720052782.60439,-96015443990.60439,-0.9439185427460222,-750.2639215834031,127975557.97161016,0.16962382290625175,0.9959740989596272,-0.8263502760533754,0.15668217819810693,0.691132201322155,-0.5344500231240481,1250.7650146484375,False,0.10794802770466903,0.012911485317870255,10.33634286097505,3.17152748983935,2.0624563522338,3.65
2017_hurricane_harvey_chemicals,USA_C20,2017-08,KOR_C20,KOR,2017-09,1,0.23257459118229226,46795972.760373674,11795718963.967718,-11196704312.967718,-0.9492176226960133,-467.31904104302726,-4635666546.265322,23959443.826592997,0.23257459118229226,0.9227516272541539,-0.6901770360718616,0.2091051449442105,0.653757299192474,-0.44465215424826354,4777810554.0,6642601752.0,0.3903024569358009,105897176387.89783,-99254574635.89783,-0.9372730985038886,-775.5744628823284,127975557.97161016,0.3903024569358009,0.9205238469223419,-0.530221389986541,0.329521318331345,0.6525979857564899,-0.32307666742514485,1250.7650146484375,False,0.10794802770466903,0.012911485317870255,10.33634286097505,3.17152748983935,2.0624563522338,3.65
2017_hurricane_harvey_chemicals,USA_C20,2017-08,DEU_C20,DEU,2017-08,0,0.3067672346874451,57381294.08946739,12909486008.760452,-12244254919.310452,-0.9484695913533218,,-4499035590.178338,0.0,0.3067672346874451,1.0017831331318374,-0.6950158984443924,0.2675563270334642,0.6940383498388698,-0.4264820228054056,9176794408.731,10448847205.86,0.13861624664041086,217188692206.37198,-206739845000.51196,-0.9518904640029253,,0.0,0.13861624664041086,1.0030380232007885,-0.8644217765603777,0.12981370638201994,0.6946650396245921,-0.5648513332425722,1122.8515625,False,0.04111459731608228,0.010794246346530707,10.667790488372237,2.22222216259371,1.25424485239203,4.104
2017_hurricane_harvey_chemicals,USA_C20,2017-08,DEU_C20,DEU,2017-09,1,0.15356600638045606,28827877.021999873,13457899225.108389,-12868549677.830389,-0.9562079090190799,,-4728426790.855918,0.0,0.15356600638045606,0.9232695997204198,-0.7697035933399637,0.14285801943048426,0.6540266541738085,-0.5111686347433242,9718509595.376,10626646079.953999,0.09344400760895315,226888749975.87442,-216262103895.9204,-0.9531636271913704,,0.0,0.09344400760895315,0.9206749347015158,-0.8272309270925627,0.08933235506770032,0.6526766527543408,-0.5633442976866405,1122.8515625,False,0.04111459731608228,0.010794246346530707,10.667790488372237,2.22222216259371,1.25424485239203,4.104
2017_hurricane_harvey_chemicals,USA_C20,2017-08,JPN_C20,JPN,2017-08,0,0.3287444053019725,62969733.99295206,14283942404.254957,-13421433122.294958,-0.9396168608392687,,-3960500306.772949,0.0,0.3287444053019725,0.9997218396541667,-0.6709774343521941,0.28423443978690344,0.6930080906444971,-0.40877365085759365,4875443337.375,5435945685.892,0.11496438574523188,109751611775.59674,-104315666089.70474,-0.9504704705657846,,0.0,0.11496438574523188,0.9991199169770135,-0.8841555312317817,0.10882246334514178,0.6927070421926729,-0.5838845788475311,993.346923828125,False,0.15602982270496182,0.008996727070193784,10.580923789068141,0.753826745789127,0.419944376171273,3.132
2017_hurricane_harvey_chemicals,USA_C20,2017-08,JPN_C20,JPN,2017-09,1,0.03313073416451914,6308848.6082465695,14895646046.138672,-14228957232.930672,-0.9552427057448225,,-4198790767.9150324,0.0,0.03313073416451914,0.9208617946574276,-0.8877310604929084,0.03259373983853919,0.6527739366582992,-0.62018019681976,4918395350.9279995,5584529337.206,0.1354372592582081,114239893356.59636,-108655364019.39037,-0.9511157689917125,,0.0,0.1354372592582081,0.9236111784159547,-0.7881739191577466,0.12701782716697352,0.6542042415920513,-0.5271864144250777,993.346923828125,False,0.15602982270496182,0.008996727070193784,10.580923789068141,0.753826745789127,0.419944376171273,3.132
2017_hurricane_harvey_chemicals,USA_C20,2017-08,BRA_C20,BRA,2017-08,0,-0.010501318061963947,-1770812.9043188244,12776820910.877523,-12111474012.877523,-0.947925473586817,-660.8228169581544,-3037336791.91817,18327868.987072922,-0.010501318061963947,0.9863839263262046,-0.9968852443881686,-0.01055684597309181,0.6863158632403241,-0.6968727092134159,2289306829.0,2489749111.0,0.08755588349315145,41095139428.08334,-38605390317.08334,-0.9394149978403876,,0.0,0.08755588349315145,0.9896503339515177,-0.9020944504583662,0.0839328697454036,0.68795891169108,-0.6040260419456764,763.2614135742188,False,0.11329170632034734,0.017309939990108925,9.086735033843052,-3.2759169063211,8.10360437332622,11.58
2017_hurricane_harvey_chemicals,USA_C20,2017-08,BRA_C20,BRA,2017-09,1,0.009295678592985539,1499166.852195255,13290354709.166664,-12641285008.166664,-0.9511623492973952,-689.7302145210041,-3170203726.7803917,18327868.987072922,0.009295678592985539,0.9134555047275575,-0.904159826134572,0.00925273965094675,0.6489107722012051,-0.6396580325502583,2355031879.0,2804975480.0,0.19105626765063422,42977433163.12501,-40172457683.12501,-0.9347337597070201,,0.0,0.19105626765063422,0.9069936559298941,-0.7159373882792599,0.17484053322824167,0.6455279998637451,-0.4706874666355034,763.2614135742188,False,0.11329170632034734,0.017309939990108925,9.086735033843052,-3.2759169063211,8.10360437332622,11.58
2017_hurricane_harvey_chemicals,USA_C20,2017-08,NLD_C20,NLD,2017-08,0,0.13753984467889713,26939872.54499454,7541779070.671252,-7158277365.335253,-0.9491497030419023,,-4158865234.17931,0.0,0.13753984467889713,1.00458910422253,-0.8670492595436328,0.1288678991599923,0.6954391040733121,-0.5665712049133198,4603443546.347,5594553256.943001,0.21529746169744654,108063625533.05344,-102469072276.11044,-0.9482290805130188,,0.0,0.21529746169744654,1.0021456196154348,-0.7868481579179882,0.19498887123175734,0.6942194153091883,-0.49923054407743095,583.4285888671875,False,0.08120205148741068,0.015501387541224545,10.75384207547938,2.42428572955482,0.565543760069971,6.007
2017_hurricane_harvey_chemicals,USA_C20,2017-08,NLD_C20,NLD,2017-09,1,-0.18449389358267887,-43327038.34962862,7891407884.030252,-7561769406.826252,-0.9582281790463415,,-4393288816.5555935,0.0,-0.18449389358267887,0.9191700712166041,-1.103663964799283,-0.2039463684466547,0.6518928378995881,-0.8558392063462428,5013725624.613,5995845259.690001,0.19588619493967793,112984042289.60333,-106988197029.91333,-0.9469319282777889,,0.0,0.19588619493967793,0.9184198271284926,-0.7225336321888146,0.17888749623556066,0.6515018404717026,-0.4726143442361419,583.4285888671875,False,0.08120205148741068,0.015501387541224545,10.75384207547938,2.42428572955482,0.565543760069971,6.007
2017_hurricane_harvey_chemicals,USA_C20,2017-08,NLD_C20,NLD,2017-10,2,0.13614251371226266,25978766.012860503,8162388320.642753,-7789231624.653752,-0.9542833933733239,,-4525441380.857327,0.0,0.13614251371226266,0.8623403387876607,-0.726197825075398,0.1276387642771475,0.621833943350552,-0.4941951790734045,4671369359.528999,6307260513.349,0.3501952057126441,117350764125.54172,-111043503612.19272,-0.9462529233588841,,0.0,0.3501952057126441,0.855024039917253,-0.5048288342046088,0.3002491787658812,0.6178976554922642,-0.31764847672638297,583.4285888671875,False,0.08120205148741068,0.015501387541224545,10.75384207547938,2.42428572955482,0.565543760069971,6.007
2010_russia_wheat_ban,RUS_A01,2010-08,TUR_C10T12,TUR,2010-08,0,0.042889068005804304,1177069.898754408,1129230921.1379347,-1074616875.1379347,-0.9516360693125858,-77.3156296779574,-563174606.2442952,13899089.739216166,0.042889068005804304,0.9896965696508853,-0.946807501645081,0.04199481100139835,0.6879821486717148,-0.6459873376703165,516038969.0,598901245.0,0.16057367946566842,12302185424.416155,-11703284179.416155,-0.9513174916213374,-250.75845186765088,46671544.2380905,0.16057367946566842,0.9990840610485219,-0.8385103815828534,0.1489144338634958,0.692689106102943,-0.5437746722394472,180.65289306640625,False,0.25513482904222373,0.003619138941143697,9.113600890667618,-4.88269401706633,5.58017075378858,14.026
2010_russia_wheat_ban,RUS_A01,2010-08,TUR_C10T12,TUR,2010-09,1,-0.6158524845204985,-16219746.76832318,1173948177.222201,-1154642902.222201,-0.9835552579112307,-83.07327486089868,-605113856.720603,13899089.739216166,-0.6158524845204985,0.9174123003913128,-1.5332647849118113,-0.9567286133677371,0.6509765159996839,-1.607705129367421,552976395.0,628171045.0,0.13598166337642675,12851414334.488901,-12223243289.488901,-0.9511204736964866,-261.8992683664627,46671544.2380905,0.13598166337642675,0.9172230442706467,-0.78124138089422,0.1274971785582224,0.6508778079128348,-0.5233806293546124,180.65289306640625,False,0.25513482904222373,0.003619138941143697,9.113600890667618,-4.88269401706633,5.58017075378858,14.026
2010_russia_wheat_ban,RUS_A01,2010-08,TUR_C10T12,TUR,2010-10,2,-0.8621368111992237,-33426003.150743186,1244504538.3064675,-1234305313.3064675,-0.9918045899504078,-88.80475890618114,-646862546.9122533,13899089.739216166,-0.8621368111992237,0.8226143321911825,-1.684751143390406,-1.9814933865445603,0.6002719159845853,-2.5817653025291456,638007739.0,759282436.0,0.1900834262450851,13448737162.561646,-12689454726.561646,-0.943542473406821,-271.8884693814197,46671544.2380905,0.1900834262450851,0.8421759847543953,-0.6520925585093101,0.17402341050408054,0.6109474732472258,-0.4369240627431452,180.65289306640625,False,0.25513482904222373,0.003619138941143697,9.113600890667618,-4.88269401706633,5.58017075378858,14.026
2010_russia_wheat_ban,RUS_A01,2010-08,TUR_C10T12,TUR,2010-11,3,-0.5434277793278546,-13834803.700740114,1275277789.0915155,-1253098315.0915155,-0.982608123351854,-90.15686196743583,-656711397.814659,13899089.739216166,-0.5434277793278546,0.7871392632262512,-1.3305670425541058,-0.7840083617624778,0.5806161638197409,-1.3646245255822187,532115838.0,633689712.0,0.19088677078617608,13855136745.634394,-13221447033.634394,-0.9542631932377232,-283.28711315371146,46671544.2380905,0.19088677078617608,0.7977662166646573,-0.6068794458784812,0.17469821484392511,0.586544903436014,-0.41184668859208884,180.65289306640625,False,0.25513482904222373,0.003619138941143697,9.113600890667618,-4.88269401706633,5.58017075378858,14.026
2010_russia_wheat_ban,RUS_A01,2010-08,TUR_C10T12,TUR,2010-12,4,-0.810954594672087,-26917878.58560233,1320162014.175782,-1308188517.175782,-0.9909302821385333,-94.12044541915137,-685582527.2232151,13899089.739216166,-0.810954594672087,0.7405584896123136,-1.5515130842844007,-1.6657679852161031,0.5542060322068529,-2.219974017422956,583212691.0,792565305.0,0.35896443481199897,14418525082.707138,-13625959777.707138,-0.9450314577632796,-291.95433749086135,46671544.2380905,0.35896443481199897,0.7434205625966487,-0.3844561277846497,0.30672296425738566,0.5558490240117067,-0.249126059754321,180.65289306640625,False,0.25513482904222373,0.003619138941143697,9.113600890667618,-4.88269401706633,5.58017075378858,14.026
2010_russia_wheat_ban,RUS_A01,2010-08,TUR_C10T12,TUR,2011-01,5,-0.6035377483721751,-12294905.37651374,1351981638.7600486,-1336570554.7600486,-0.9886011144247979,-96.16245235030938,-700456705.3705463,13899089.739216166,-0.6449716034120136,0.7107412152524836,-1.355712818664497,-1.035557460465938,0.5369267352845384,-1.5724841957504765,504449645.0,628004339.0,0.24492968767972867,14834506190.937227,-14206501851.937227,-0.9576659761425922,-304.39322469091854,46671544.2380905,0.325155758691808,0.7078183685421249,-0.38266260985031686,0.28153000574119247,0.5352167480610213,-0.2536867423198288,180.65289306640625,False,0.25513482904222373,0.003619138941143697,9.113600890667618,-4.88269401706633,5.58017075378858,14.026
2010_russia_wheat_ban,RUS_A01,2010-08,TUR_C10T12,TUR,2011-02,6,-0.7649451686755957,-10963495.252047285,1383345304.8443153,-1376916969.8443153,-0.9953530510585544,-99.06526223507684,-721601056.3984736,13899089.739216166,-0.7321276622697556,0.6836112313646446,-1.4157388936344002,-1.3172446498249357,0.520941028438866,-1.8381856782638017,489016801.0,637352165.0,0.3033338807514714,15346186617.509972,-14708834452.509972,-0.9584683686647743,-315.1563697458613,46671544.2380905,0.30572694502246306,0.6684423888052285,-0.3627154437827655,0.2667599311966704,0.5118904898343501,-0.24513055863767974,180.65289306640625,False,0.25513482904222373,0.003619138941143697,9.113600890667618,-4.88269401706633,5.58017075378858,14.026
2010_russia_wheat_ban,RUS_A01,2010-08,TUR_C10T12,TUR,2011-03,7,-0.8670784252958508,-20586240.925828274,1460336679.9285817,-1454314901.9285817,-0.995876445423329,-104.63382345285852,-762163000.7845457,13899089.739216166,-0.9092622325634744,0.6250428672660265,-1.534305099829501,-2.39978145801496,0.4855341948617635,-2.8853156528767236,481722012.0,693290647.0,0.43919237595478616,15872776918.08272,-15179486271.08272,-0.9563220317038423,-325.240711848873,46671544.2380905,0.3230409807787586,0.6322456498871458,-0.30920466910838723,0.27993285983245286,0.4899567659391515,-0.21002390610669863,180.65289306640625,False,0.25513482904222373,0.003619138941143697,9.113600890667618,-4.88269401706633,5.58017075378858,14.026
2010_russia_wheat_ban,RUS_A01,2010-08,TUR_C10T12,TUR,2011-04,8,-0.9535355787246967,-31861013.92086758,1503773681.5128481,-1500811212.5128481,-0.998029976826686,-107.97910083840397,-786530328.3511685,13899089.739216166,-0.9279611248142442,0.5962237332690922,-1.5241848580833364,-2.6305490593029894,0.467640672558872,-3.0981897318618614,485529830.0,653892286.0,0.3467602721752441,16377067759.155464,-15723175473.155464,-0.9600726884924533,-336.8899771763531,46671544.2380905,0.29688072052821746,0.6010752391040112,-0.3041945185757937,0.25996193498288633,0.4706754279417318,-0.21071349295884545,180.65289306640625,False,0.25513482904222373,0.003619138941143697,9.113600890667618,-4.88269401706633,5.58017075378858,14.026
2010_russia_wheat_ban,RUS_A01,2010-08,TUR_C10T12,TUR,2011-05,9,-0.9390237895806052,-27156294.334248036,1546509963.5971146,-1543145119.5971146,-0.9978242338690314,-111.0249051233293,-808716264.5713718,13899089.739216166,-0.9189385307073275,0.5703505487884336,-1.489289079495761,-2.5125472588573494,0.45129887355134457,-2.963846132408694,420470356.0,685105952.0,0.6293799128136396,16812685324.385551,-16127579372.385551,-0.9592506527790474,-345.5548693677719,46671544.2380905,0.48420476691840086,0.5765226469119681,-0.09231787999356722,0.394879117618288,0.4552215651759859,-0.06034244755769791,180.65289306640625,False,0.25513482904222373,0.003619138941143697,9.113600890667618,-4.88269401706633,5.58017075378858,14.026
2010_russia_wheat_ban,RUS_A01,2010-08,TUR_C10T12,TUR,2011-06,10,-0.8434376375605088,-11827883.947999563,1570330812.681381,-1566141410.681381,-0.9973321532213671,-112.67942290224417,-820767933.8463389,13899089.739216166,-0.8248198690485867,0.5568806826713407,-1.3817005517199275,-1.7419403178401112,0.44268425672285616,-2.1846245745629673,451543944.0,722411867.0,0.5998705698508936,17364164893.300953,-16641753026.300953,-0.9583963944457413,-356.57172476240794,46671544.2380905,0.5595501910596783,0.5481753247596594,0.011374866300018938,0.44439743984487734,0.4370770276113305,0.007320412233546847,180.65289306640625,False,0.25513482904222373,0.003619138941143697,9.113600890667618,-4.88269401706633,5.58017075378858,14.026
2010_russia_wheat_ban,RUS_A01,2010-08,TUR_C10T12,TUR,2011-07,11,2.769773222429878,18423839.522630934,1614179613.7656476,-1566331838.7656476,-0.9703578371378523,-112.69312366163487,-820867731.5173562,13899089.739216166,0.49441412931352946,0.533679894297961,-0.03926576498443157,0.40173423295510347,0.42767000697850577,-0.025935774023402303,492703370.0,735941755.0,0.49368118793260946,17909501306.53104,-17173559551.53104,-0.9589077472117202,-367.9663879112664,46671544.2380905,0.33899777432769745,0.5227579114213015,-0.183760137093604,0.29192140405710276,0.4205231061744854,-0.12860170211738264,180.65289306640625,False,0.25513482904222373,0.003619138941143697,9.113600890667618,-4.88269401706633,5.58017075378858,14.026
2010_russia_wheat_ban,RUS_A01,2010-08,ITA_C10T12,ITA,2010-08,0,0.050114669298657086,206938.20727726666,167785919.24212024,-161965813.34212023,-0.9653123103160914,-248.23536572107238,-120671582.50808212,652468.7281026337,0.050114669298657086,1.0002005470688553,-0.9500858777701983,0.04889935845183224,0.6932474431061486,-0.6443480846543164,1698675422.713,1789698406.7940004,0.053584683020623844,43242611002.940765,-41452912596.14677,-0.9586126192363295,-3400.3385858889624,12190819.104947923,0.053584683020623844,1.0022114088229515,-0.9486267258023277,0.052198333555647736,0.6942522741073525,-0.6420539405517047,30.31909942626953,False,0.0891388801710103,0.00024620349680011256,10.521388782038953,-5.30515401233991,1.77253535397509,7.749
2010_russia_wheat_ban,RUS_A01,2010-08,ITA_C10T12,ITA,2010-09,1,-0.7917080268111912,-8138001.437560266,183493899.4573602,-180620185.10936022,-0.9843389106858684,-276.8258114601142,-134569901.63726798,652468.7281026337,-0.7917080268111912,0.8424464398950438,-1.634154466706235,-1.5688141908171485,0.6110942708112717,-2.17990846162842,2175582355.6969995,2185107829.389,0.004378355830592622,45502769726.724106,-43317661897.335106,-0.9519785753150392,-3553.3019991867195,12190819.104947923,0.004378355830592622,0.9072664692053097,-0.9028881133747171,0.004368798714839528,0.6456710489842337,-0.6413022502693941,30.31909942626953,False,0.0891388801710103,0.00024620349680011256,10.521388782038953,-5.30515401233991,1.77253535397509,7.749
2010_russia_wheat_ban,RUS_A01,2010-08,ITA_C10T12,ITA,2010-10,2,-0.34656502879748985,-1448544.6138663553,182594697.46665183,-178928905.11565182,-0.9799238838703435,-274.2336872388866,-133309824.40804459,652468.7281026337,-0.34656502879748985,0.8501220299587491,-1.1966870587562388,-0.42551216481779086,0.6152515943989023,-1.0407637592166932,2303270717.851,2394699535.501001,0.039695211223501364,47324778580.19525,-44930079044.69425,-0.9493986108895786,-3685.566872734446,12190819.104947923,0.039695211223501364,0.8428944381537792,-0.8031992269302778,0.038927604053185405,0.6113373998475851,-0.5724097957943997,30.31909942626953,False,0.0891388801710103,0.00024620349680011256,10.521388782038953,-5.30515401233991,1.77253535397509,7.749
2010_russia_wheat_ban,RUS_A01,2010-08,ITA_C10T12,ITA,2010-11,3,0.3990913007421256,1180139.8520826728,186857827.23141766,-181304853.49641764,-0.9702823594961166,-277.8751619616293,-135080009.3942979,652468.7281026337,0.3990913007421256,0.8149209297751906,-0.415829629033065,0.33582288311520436,0.5960418975445023,-0.26021901442929796,2145992463.809,2293916964.328,0.06893057781593673,48856927126.26929,-46563010161.941284,-0.953048275868856,-3819.514485539583,12190819.104947923,0.06893057781593673,0.7954355315099338,-0.7265049536939971,0.06665868866548408,0.5852476284313042,-0.5185889397658201,30.31909942626953,False,0.0891388801710103,0.00024620349680011256,10.521388782038953,-5.30515401233991,1.77253535397509,7.749
2010_russia_wheat_ban,RUS_A01,2010-08,DEU_C10T12,DEU,2010-08,0,0.9088050316775588,2153060.4935514224,111302425.74035357,-105612148.80835357,-0.9488755353340251,-313.02916856953823,-83931996.99744421,337387.56452305574,0.9088050316775588,1.0082726955092323,-0.09946766383167349,0.6464772486884733,0.6972749880864946,-0.050797739398021236,4276046678.4909997,4302376088.052,0.0061574186487346515,96672388524.07751,-92370012436.02551,-0.9554952954640151,-494.6080953788122,186753943.77700356,0.0061574186487346515,0.9989464316645753,-0.9927890130158407,0.006138539204549431,0.692620257582373,-0.6864817183778236,29.26140022277832,False,0.08530677370002868,0.00020705435366811438,10.65662119515594,-5.54455451920674,1.97300267360873,7.88
2010_russia_wheat_ban,RUS_A01,2010-08,DEU_C10T12,DEU,2010-09,1,-0.16949686243671827,-670872.652548101,117440935.85487573,-113304693.04387572,-0.9647802294754254,-335.82948797786213,-90045409.20393349,337387.56452305574,-0.16949686243671827,0.9077326689308962,-1.0772295313676146,-0.18572353103660255,0.6459154448571951,-0.8316389758937976,4491126600.827001,4634120189.139998,0.031839135482546146,100895240318.54858,-96261120129.40858,-0.954069982146739,-515.4435734131038,186753943.77700356,0.031839135482546146,0.9187250556105784,-0.8868859201280322,0.031342778432101426,0.6516609319265108,-0.6203181534944093,29.26140022277832,False,0.08530677370002868,0.00020705435366811438,10.65662119515594,-5.54455451920674,1.97300267360873,7.88
2010_russia_wheat_ban,RUS_A01,2010-08,DEU_C10T12,DEU,2010-10,2,-0.20319558179024189,-1035665.9784828017,125203086.96615034,-120092820.98015034,-0.959184185391678,-355.94916235255516,-95440064.45897934,337387.56452305574,-0.20319558179024189,0.8060925812794036,-1.0092881630696455,-0.22714598802293118,0.5911657104094914,-0.8183116984324226,4787898258.599,5171048699.290999,0.08002476660899518,105323157838.34204,-100152109139.05104,-0.9509030226075454,-536.2784159387778,186753943.77700356,0.08002476660899518,0.8473715266568516,-0.7673467600478564,0.07698397290308279,0.6137638323922232,-0.5367798594891404,29.26140022277832,False,0.08530677370002868,0.00020705435366811438,10.65662119515594,-5.54455451920674,1.97300267360873,7.88
2010_russia_wheat_ban,RUS_A01,2010-08,DEU_C10T12,DEU,2010-11,3,-0.27241964218961057,-1175986.5687101411,128063502.24842872,-124111372.15442872,-0.9691392939860937,-367.8599486317091,-98633684.02736492,337387.56452305574,-0.27241964218961057,0.7741493521816709,-1.0465689943712815,-0.3180307596353291,0.5733210638034976,-0.8913518234388267,4588593180.683999,4904985358.345,0.06895189117938719,108775879433.21158,-103870894074.86658,-0.9549074171231439,-556.1911677693683,186753943.77700356,0.06895189117938719,0.7989843578402547,-0.7300324666608675,0.06667862744215469,0.5872222600039905,-0.5205436325618358,29.26140022277832,False,0.08530677370002868,0.00020705435366811438,10.65662119515594,-5.54455451920674,1.97300267360873,7.88
2010_russia_wheat_ban,RUS_A01,2010-08,DEU_C10T12,DEU,2010-12,4,0.8167708504979878,1319323.475730564,131779146.8975937,-128086502.08359371,-0.9719785345334678,-379.64203649491884,-101792795.90079683,337387.56452305574,0.8167708504979878,0.736250622739859,0.08052022775812884,0.59706044607214,0.5517279681688123,0.04533247790332773,4553021816.293,4614921997.955001,0.013595406338816717,112922396861.96515,-108307474864.01015,-0.959131916021972,-579.9474574595135,186753943.77700356,0.013595406338816717,0.7477087583116019,-0.7341133519727852,0.013503817985942135,0.558305649106817,-0.5448018311208749,29.26140022277832,False,0.08530677370002868,0.00020705435366811438,10.65662119515594,-5.54455451920674,1.97300267360873,7.88
2017_british_columbia_wildfires,CAN_C16,2017-07,USA_F,USA,2017-07,0,-0.10002576371183322,-37002168.57816913,17627924889.305553,-16845706348.305553,-0.9556261700732255,,-7169791038.316984,0.0,-0.10002576371183322,0.9997619913886359,-1.099787755100469,-0.10538914228617458,0.6930281691159728,-0.7984173114021473,115775187293.0,122074198895.0,0.05440726764758903,2836427439102.1113,-2714353240207.1113,-0.9569619877412964,,0.0,0.05440726764758903,0.9998325088832515,-0.9454252412356624,0.05297877742740553,0.693063431494366,-0.6400846540669605,2481.631591796875,False,0.0780578310059114,0.0037041785128355295,10.961956467700576,1.81945147788167,0.85147588450198,4.869
2017_british_columbia_wildfires,CAN_C16,2017-07,USA_F,USA,2017-08,1,-0.07398106711200667,-28733250.33210827,18409689407.666664,-17564669853.666664,-0.9540991955221094,,-7475792935.241512,0.0,-0.07398106711200667,0.9183202183697302,-0.9923012854817369,-0.0768605985740578,0.651449916787687,-0.7283105153617448,122619384394.0,129131227632.0,0.053106148511365685,2957183235667.333,-2828052008035.333,-0.9563330313541225,,0.0,0.053106148511365685,0.9213863460338425,-0.8682801975224769,0.051744033874630446,0.6530469807088792,-0.6013029468342488,2481.631591796875,False,0.0780578310059114,0.0037041785128355295,10.961956467700576,1.81945147788167,0.85147588450198,4.869
2017_british_columbia_wildfires,CAN_C16,2017-07,USA_F,USA,2017-09,2,0.06895642385110082,25456623.396208853,19102202847.527775,-18175012725.527775,-0.95146161260035,,-7735564224.286368,0.0,0.06895642385110082,0.8565133173376314,-0.7875568934865306,0.06668286766818099,0.6187001679216273,-0.5520173002534463,124440266680.0,130225414170.0,0.04648935303937103,3077118562245.0557,-2946893148075.0557,-0.957679429136137,,0.0,0.04648935303937103,0.854776822897667,-0.8082874698582959,0.04544108897638566,0.6177643777147814,-0.5723232887383958,2481.631591796875,False,0.0780578310059114,0.0037041785128355295,10.961956467700576,1.81945147788167,0.85147588450198,4.869
2017_british_columbia_wildfires,CAN_C16,2017-07,JPN_F,JPN,2017-07,0,0.002259006308404202,91165.56749164991,1878220250.9431324,-1791580976.6511323,-0.9538716110378989,-1239.8879958294497,-836401879.4074364,1444953.8850907383,0.002259006308404202,1.00170726957747,-0.9994482632690658,0.002256458563735464,0.6940004506763877,-0.6917439921126523,55103076355.362,57784697803.306,0.04866554873724497,1173318583994.7302,-1115533886191.4243,-0.9507510589267497,-1138.6918876441819,979662627.174179,0.04866554873724497,0.9970313307310059,-0.948365781993761,0.04751844991816512,0.6916617432086092,-0.6441432932904441,170.91360473632812,False,0.07705940513547507,0.0007507187533161146,10.580923789068141,0.753826745789127,0.419944376171273,3.132
2017_british_columbia_wildfires,CAN_C16,2017-07,JPN_F,JPN,2017-08,1,-0.017284486529667947,-642025.1341237411,1954630220.13534,-1876441374.35434,-0.9599981393024886,-1298.6167888925436,-876019065.0391449,1444953.8850907383,-0.017284486529667947,0.9262771135873236,-0.9435616001169915,-0.0174356069391699,0.6555891829195062,-0.6730247898586761,52501787896.375,57121477018.677,0.087991081968867,1219205985781.1436,-1162084508762.4666,-0.9531486248551516,-1186.2088810251755,979662627.174179,0.087991081968867,0.9248023754044379,-0.8368112934355709,0.08433295167882449,0.654823300341306,-0.5704903486624815,170.91360473632812,False,0.07705940513547507,0.0007507187533161146,10.580923789068141,0.753826745789127,0.419944376171273,3.132
2017_british_columbia_wildfires,CAN_C16,2017-07,JPN_F,JPN,2017-09,2,0.06492765666102443,2628577.907471529,2038887970.8433008,-1946538869.6333008,-0.9547061424999218,-1347.1287144302635,-908744170.7179675,1444953.8850907383,0.06492765666102443,0.8552601266888853,-0.7903324700278609,0.0629068681332896,0.6180249158295759,-0.5551180476962863,58546465779.75,61511015233.752,0.05063583966203088,1273432147539.9731,-1211921132306.2212,-0.9516966684463091,-1237.080091339187,979662627.174179,0.05063583966203088,0.8518745028206202,-0.8012386631585893,0.04939554247306788,0.61619837087148,-0.5668028283984121,170.91360473632812,False,0.07705940513547507,0.0007507187533161146,10.580923789068141,0.753826745789127,0.419944376171273,3.132
2017_british_columbia_wildfires,CAN_C16,2017-07,CHN_F,CHN,2017-07,0,0.29490115624094304,9914196.992828889,2287501663.8402786,-2144113517.8402786,-0.9373167030797789,,-650956867.093585,0.0,0.29490115624094304,0.995896070707909,-0.7009949144669659,0.258434362954695,0.6910931073146678,-0.43265874435997276,180675640097.0,192120235041.0,0.06334332031620697,3800614797016.9517,-3608494561975.9517,-0.949450221792592,,0.0,0.06334332031620697,0.9944976323629269,-0.93115431204672,0.061418020231112536,0.6903922052793412,-0.6289741850482287,168.3343048095703,False,0.10134015113145496,7.144338745918034e-05,9.01867957107379,6.77555562837017,1.47744121334065,4.56
2017_british_columbia_wildfires,CAN_C16,2017-07,CHN_F,CHN,2017-08,1,0.42508942260719756,13429024.04215514,2377830229.8333344,-2229543655.8333344,-0.9376378632336617,,-676893616.4870353,0.0,0.42508942260719756,0.9231400072395414,-0.4980505846323438,0.35423456159187694,0.6539592702449646,-0.29972470865308765,188785222365.0,198044338612.0,0.04904576815391988,3961265627630.792,-3763221289018.792,-0.9500047819993205,,0.0,0.04904576815391988,0.9171736497355396,-0.8681278815816197,0.047880958732797296,0.650852044069044,-0.6029710853362467,168.3343048095703,False,0.10134015113145496,7.144338745918034e-05,9.01867957107379,6.77555562837017,1.47744121334065,4.56
2017_british_columbia_wildfires,CAN_C16,2017-07,GBR_F,GBR,2017-07,0,-0.24994132878762404,-3194651.9016565927,618998261.7994919,-602091196.2994919,-0.9726864087617154,-171.8169360233049,-341408828.0599545,3504259.884007159,-0.24994132878762404,1.0155792515127695,-1.2655205803003935,-0.28760383244503984,0.7009066221798399,-0.9885104546248797,31381799198.532,38870610660.822,0.2386355038126786,862774373580.7745,-823903762919.9525,-0.95494695733776,-377.07977080422427,2184958798.406914,0.2386355038126786,0.9939062923776726,-0.755270788564994,0.21401037357497543,0.690095675638652,-0.4760853020636766,72.40570068359375,False,0.2059459003825117,0.0003297373284410111,10.627622333404677,2.20652020635357,1.73539354292218,4.867
2017_british_columbia_wildfires,CAN_C16,2017-07,GBR_F,GBR,2017-08,1,0.33722841752460975,5102837.0259049805,654071453.4759723,-618386867.6059723,-0.9454423737951577,-176.46718225100366,-350649099.4297892,3504259.884007159,0.33722841752460975,0.9114831677108693,-0.5742547501862596,0.29059911740180766,0.6478794669207346,-0.35728034951892695,30784298684.177,33667530022.75,0.09365915293873402,891423441951.2719,-857755911928.5219,-0.9622317201474376,-392.5730373286326,2184958798.406914,0.09365915293873402,0.9321869847181443,-0.8385278317794103,0.08952909506691853,0.6586525140865156,-0.5691234190195971,72.40570068359375,False,0.2059459003825117,0.0003297373284410111,10.627622333404677,2.20652020635357,1.73539354292218,4.867
2017_british_columbia_wildfires,CAN_C16,2017-07,KOR_F,KOR,2017-07,0,0.5869779344232873,3138538.1691445294,378673602.8758714,-360741256.8758714,-0.9526443199002752,-167.54641240357918,-170700672.2924746,2153082.5500872685,0.5869779344232873,1.0280978324498489,-0.4411198980265616,0.4618315047596191,0.70709832270337,-0.24526681794375094,40881683255.0,48825787949.0,0.19431941303513728,945873716383.4618,-897047928434.4618,-0.9483802254959733,,0.0,0.19431941303513728,0.9940532685623452,-0.799733855527208,0.17757649429544742,0.6901693856062181,-0.5125928913107707,22.85140037536621,False,0.07198301474095566,0.0002475949863323542,10.33634286097505,3.17152748983935,2.0624563522338,3.65
2017_british_columbia_wildfires,CAN_C16,2017-07,KOR_F,KOR,2017-08,1,0.2090490860158569,1613811.8014862998,399634825.5443876,-379910183.5443876,-0.9506433355172917,-176.4494276027592,-179771297.30991414,2153082.5500872685,0.2090490860158569,0.9243289722597879,-0.715279886243931,0.18983416071949932,0.6545773188175765,-0.4647431580980772,40124702392.0,47104716219.0,0.17395802114140202,981260123273.5797,-934155407054.5797,-0.9519956889088145,,0.0,0.17395802114140202,0.9250447347018326,-0.7510867135604306,0.16038096364314924,0.6549492062749351,-0.4945682426317859,22.85140037536621,False,0.07198301474095566,0.0002475949863323542,10.33634286097505,3.17152748983935,2.0624563522338,3.65
2017_british_columbia_wildfires,CAN_C16,2017-07,AUS_F,AUS,2017-07,0,-0.16152320679627197,-607403.013481771,115577752.90190409,-112110693.07790409,-0.9700023599961954,-138.85668110024986,-101957402.54998603,807384.2193949885,-0.16152320679627197,1.0028149230189618,-1.1643381298152338,-0.17616832807478922,0.6945536438473283,-0.8707219719221175,15712288764.612,19571853838.141,0.2456399020759919,320653391116.8984,-301081537278.7574,-0.9389625858314848,,0.0,0.2456399020759919,0.9909123335458903,-0.7452724314698984,0.21964937543397056,0.6885929927413486,-0.468943617307378,18.85449981689453,False,0.21765739550887048,8.072740165749568e-05,10.821485707146891,2.75564065529868,-0.673417495929741,5.711
2017_british_columbia_wildfires,CAN_C16,2017-07,AUS_F,AUS,2017-08,1,-0.2051206018613036,-1037030.2301099428,121872225.37280378,-117453351.05080378,-0.963741744203958,-145.47392459418785,-106816203.38936096,807384.2193949885,-0.2051206018613036,0.9041902184781601,-1.1093108203394637,-0.22956482987076576,0.6440568286227695,-0.8736216584935352,16225192720.572,19917428309.167,0.2275618941594201,333833951010.96234,-313916522701.79535,-0.940337319649933,,0.0,0.2275618941594201,0.9159533778716388,-0.6883914837122187,0.20503000234438318,0.6502153461974913,-0.44518534385310815,18.85449981689453,False,0.21765739550887048,8.072740165749568e-05,10.821485707146891,2.75564065529868,-0.673417495929741,5.711
2017_british_columbia_wildfires,CAN_C16,2017-07,AUS_F,AUS,2017-09,2,-0.07210941493196349,-248648.68209059557,125295454.2878598,-121777264.7528598,-0.9719208525560941,-150.82938435942347,-110748522.40201378,807384.2193949885,-0.07210941493196349,0.8582838968843239,-0.9303933118162875,-0.07484143667250898,0.6196534189006826,-0.6944948555731916,15981147423.056,20149145769.101,0.2608072021181552,346513620064.2998,-326364474295.1988,-0.9418517928231448,,0.0,0.2608072021181552,0.8538195049901532,-0.593012302871998,0.23175215243212577,0.617248108027713,-0.38549595559558725,18.85449981689453,False,0.21765739550887048,8.072740165749568e-05,10.821485707146891,2.75564065529868,-0.673417495929741,5.711
2017_british_columbia_wildfires,CAN_C16,2017-07,AUS_F,AUS,2017-10,3,-0.488065323033054,-2438882.505500647,131548208.1446032,-128735298.7136032,-0.9786168928435123,-159.4473803439838,-117076402.91024522,807384.2193949885,-0.488065323033054,0.7854449231647164,-1.2735102461977703,-0.6695580726220687,0.5796676348764507,-1.2492257074985194,16234747235.233,19131645036.244,0.17843812158184325,359725734640.61774,-340594089604.3737,-0.9468160234480933,,0.0,0.17843812158184325,0.7974525808319578,-0.6190144592501146,0.16418993592378683,0.5863704296408763,-0.42218049371708943,18.85449981689453,False,0.21765739550887048,8.072740165749568e-05,10.821485707146891,2.75564065529868,-0.673417495929741,5.711
2017_british_columbia_wildfires,CAN_C16,2017-07,AUS_F,AUS,2017-11,4,-0.02250046590503224,-94613.66652699326,134358455.3406592,-129838780.4576592,-0.9663610684452973,-160.81411716834594,-118079947.97179523,807384.2193949885,-0.02250046590503224,0.7565870098477766,-0.7790874757528088,-0.02275745877358304,0.5633727217882196,-0.5861301805618027,17587504305.703,18604899276.037,0.05784760319882877,372994974699.82025,-354390075423.78326,-0.9501202414563095,,0.0,0.05784760319882877,0.747866898246471,-0.6900192950476423,0.05623628071274922,0.5583961291642261,-0.5021598484514769,18.85449981689453,False,0.21765739550887048,8.072740165749568e-05,10.821485707146891,2.75564065529868,-0.673417495929741,5.711
2017_british_columbia_wildfires,CAN_C16,2017-07,AUS_F,AUS,2017-12,5,0.2685855431015098,517758.86427019595,139213005.53405893,-136523992.28105894,-0.9806841807438593,-169.09420447102977,-124159714.44453172,807384.2193949885,0.2685855431015098,0.7114338463423835,-0.4428483032408737,0.23790243432310376,0.5373315206868519,-0.2994290863637481,20675451875.963,20358856643.265,-0.015312614911506296,387934388528.8331,-367575531885.5681,-0.9475198455066794,,0.0,-0.015312614911506296,0.6989367206025454,-0.7142493355140517,-0.015431063728247096,0.5300025969105313,-0.5454336606387784,18.85449981689453,False,0.21765739550887048,8.072740165749568e-05,10.821485707146891,2.75564065529868,-0.673417495929741,5.711
2017_british_columbia_wildfires,CAN_C16,2017-07,PHL_F,PHL,2017-07,0,-0.006241464600885817,-18732.470205253987,186074005.9672939,-175947689.9672939,-0.9455790939343784,-145.871632945989,-51822875.1571635,1206181.6709246065,-0.006241464600885817,1.0101875302524108,-1.0164289948532967,-0.006261023353250295,0.6982280109230246,-0.7044890342762749,4673189341.0,5314009284.0,0.13712689476923123,104553474649.06815,-99239465365.06815,-0.9491742450278542,-445.0716056354921,222974155.41341898,0.13712689476923123,1.0017033005518012,-0.86457640578257,0.1285048134134108,0.6939984683779414,-0.5654936549645306,14.692000389099121,False,0.047037266897899825,0.0006084301950155704,8.00175549512246,7.14945675000752,1.28031174373962,2.695
2017_british_columbia_wildfires,CAN_C16,2017-07,PHL_F,PHL,2017-08,1,0.8206147274184051,2130037.0826486703,193968001.36929724,-177923435.36929724,-0.9172824079913438,-147.50964938217712,-52404802.7023867,1206181.6709246065,0.8206147274184051,0.9308081147216816,-0.11019338730327644,0.5991741552317045,0.6579386227735178,-0.0587644675418133,4974530867.0,5519363683.0,0.10952446181695388,109474335739.54541,-103954972056.54541,-0.9495830356428805,-466.21982652564054,222974155.41341898,0.10952446181695388,0.9154570336075009,-0.805932571790547,0.10393151073190765,0.6499562539967734,-0.5460247432648657,14.692000389099121,False,0.047037266897899825,0.0006084301950155704,8.00175549512246,7.14945675000752,1.28031174373962,2.695
2017_british_columbia_wildfires,CAN_C16,2017-07,BEL_F,BEL,2017-07,0,0.33729977416374707,358558.77422499994,164715400.05458578,-162170199.9405858,-0.9845478922240632,-80.04989513499423,-90577888.72079939,2025863.9897916897,0.33729977416374707,1.0463427290516403,-0.7090429548878932,0.2906523544980004,0.7160541589039227,-0.42540180440592223,21748079767.675,23839003857.628,0.09614292904428369,496381910291.1119,-472542906433.4839,-0.951974470939831,,0.0,0.09614292904428369,0.9997818937129861,-0.9036389646687024,0.09179758973111873,0.6930381214676977,-0.601240531736579,10.357099533081055,False,0.17953078401165237,0.0001796401040352955,10.641979679542203,1.19350273007754,1.89528913569444,7.83
2017_british_columbia_wildfires,CAN_C16,2017-07,BEL_F,BEL,2017-08,1,-0.5974654362427696,-2952577.9891174743,178804491.0222363,-175242928.05023628,-0.9800812443152948,-86.50281012609129,-97879477.49868216,2025863.9897916897,-0.5974654362427696,0.8904772407208558,-1.4879426769636255,-0.9099741453679098,0.6368293005344334,-1.5468034459023432,21288818956.966,23467208688.086,0.10232553226759436,514970852473.63477,-491503643785.54877,-0.9544300253589839,,0.0,0.10232553226759436,0.9301252124193288,-0.8277996801517344,0.09742206843573342,0.6575848777117805,-0.5601628092760471,10.357099533081055,False,0.17953078401165237,0.0001796401040352955,10.641979679542203,1.19350273007754,1.89528913569444,7.83
2017_british_columbia_wildfires,CAN_C16,2017-07,BEL_F,BEL,2017-09,2,0.08585683188836934,127169.27425876915,179753026.71988675,-176873449.29188675,-0.9839803675045354,-87.30766240140032,-98790182.2498462,2025863.9897916897,0.08585683188836934,0.8816355402243482,-0.7957787083359789,0.0823693523318596,0.6321413619385865,-0.5497720096067269,24133688344.509,25466316682.294,0.05521859397377215,538840008423.9246,-513373691741.6306,-0.9527386306061766,,0.0,0.05521859397377215,0.8537470648856009,-0.7985284709118288,0.05374794354270662,0.6172090311283149,-0.5634610875856083,10.357099533081055,False,0.17953078401165237,0.0001796401040352955,10.641979679542203,1.19350273007754,1.89528913569444,7.83
2017_british_columbia_wildfires,CAN_C16,2017-07,NZL_F,NZL,2017-07,0,-0.36119566374059947,-734547.1798452409,70955098.91625172,-68961688.22025172,-0.9719060261144472,-97.45225960993108,-44942385.83203252,707645.8616381229,-0.36119566374059947,0.978367000339108,-1.3395626640797074,-0.44815689333652564,0.6822717433232555,-1.130428636659781,2820620426.595,3407079645.081,0.2079185178396948,63151288151.08525,-59744208506.00425,-0.9460489287735542,,0.0,0.2079185178396948,0.996929197529983,-0.7890106796902882,0.1888986450571437,0.6916105993727371,-0.5027119543155933,9.234600067138672,False,0.22457312574654448,0.00031172503322939005,10.599498616719787,3.77911068354334,2.42047714591187,5.147
2017_british_columbia_wildfires,CAN_C16,2017-07,NZL_F,NZL,2017-08,1,0.6708222139953492,1299785.8963110836,73161263.95762119,-68193666.61462119,-0.9321007173156892,-96.3669404591165,-44441865.55449314,707645.8616381229,0.6708222139953492,0.921672875642094,-0.25085066164674474,0.5133157139375211,0.6531960834865167,-0.13988036954899563,2447044017.299,2696681385.041,0.1020158877311676,65394119734.98593,-62697438349.94493,-0.9587626319312885,,0.0,0.1020158877311676,0.93090793164312,-0.8288920439119525,0.09714112776788397,0.6579903231878035,-0.5608491954199195,9.234600067138672,False,0.22457312574654448,0.00031172503322939005,10.599498616719787,3.77911068354334,2.42047714591187,5.147
2003_sars_outbreak,CHN_C26,2003-04,IRL_C26,IRL,2003-04,0,1.4603835272284549,68361020.06654252,184527123.2059875,-56250778.71998751,-0.3048374555603666,-4.351718773811029,-50504070.602746546,12926106.13041195,1.4603835272284549,0.6749661591620223,0.7854173680664326,0.9003172317850456,0.5157929579297615,0.3845242738552841,2766851216.1199994,2172489968.742,-0.2148150373663683,68620679888.08382,-66448189919.34182,-0.968340593939244,,0.0,-0.2148150373663683,1.0047528856633126,-1.2195679230296808,-0.24183596766582482,0.6955208041023759,-0.9373567717682008,427.48370361328125,False,0.041352212178732174,0.021466632610236975,10.395327112957869,5.89936506079005,5.18690372000825,4.216
2003_sars_outbreak,CHN_C26,2003-04,IRL_C26,IRL,2003-05,1,1.3569719145032735,58653030.23630326,143139961.59052894,-29671240.90252894,-0.20728831119437846,-2.295450818922166,-26639959.117222965,12926106.13041195,1.3569719145032735,1.081112219590336,0.2758596949129375,0.8573776961426205,0.732902464204976,0.12447523193764454,3035166382.786,2087700633.946,-0.3121627052189193,71588404559.03775,-69500703925.09175,-0.9708374471144373,,0.0,-0.3121627052189193,0.924589101924368,-1.2367518071432873,-0.37420295901124945,0.654712491396598,-1.0289154504078475,427.48370361328125,False,0.041352212178732174,0.021466632610236975,10.395327112957869,5.89936506079005,5.18690372000825,4.216
2019_saudi_aramco_attack,SAU_C19,2019-09,SGP_H50,SGP,2019-09,0,-0.6364810346350452,-81044056.63322602,4482158072.831858,-4362141230.062858,-0.9732234247835948,-54.52598616957253,-1682365299.9173613,80001143.24382618,-0.6364810346350452,0.9422084190593231,-1.5786894536943683,-1.0119238037473366,0.6638256857640492,-1.6757494895113858,33430787284.358,31513056734.752,-0.05736420543417156,826918539142.7062,-795405482407.9542,-0.9618909780793854,,0.0,-0.05736420543417156,1.005634374695773,-1.0629985801299446,-0.05907529092161212,0.6959604070715386,-0.7550356979931507,242.42230224609375,False,0.11341207107046272,0.0036658342608146253,11.110694222829286,3.4519759658687,3.60726256505623,3.613
2019_saudi_aramco_attack,SAU_C19,2019-09,SGP_H50,SGP,2019-10,1,-0.7997251592084236,-147395590.3449619,4527507705.737035,-4431799417.8660345,-0.9788607123186729,-55.39670107411926,-1709230665.3043282,80001143.24382618,-0.7997251592084236,0.9240500050710811,-1.7237751642795047,-1.6080646434744743,0.6544323418633624,-2.2624969853378367,37456589551.984,34148966856.065,-0.08830549538762811,864356082619.2166,-830207115763.1516,-0.9604920153363358,,0.0,-0.08830549538762811,0.9219218415536501,-1.0102273369412782,-0.09245031803396131,0.65332564455559,-0.7457759625895513,242.42230224609375,False,0.11341207107046272,0.0036658342608146253,11.110694222829286,3.4519759658687,3.60726256505623,3.613
2019_saudi_aramco_attack,SAU_C19,2019-09,SGP_H50,SGP,2019-11,2,-0.8623012027226488,-139473676.75732577,4822166114.89431,-4764417333.38731,-0.9880243068921599,-59.5543656028314,-1837512811.5464787,80001143.24382618,-0.8623012027226488,0.8212167053123715,-1.6835179080350202,-1.982686592723006,0.5995047969612521,-2.582191389684258,35405294252.167,33606598445.602,-0.050803018151866046,898776300216.9376,-865169701771.3356,-0.9626084950866078,,0.0,-0.050803018151866046,0.8563793666734324,-0.9071823848252984,-0.052138934103663104,0.618628013623514,-0.6707669477271772,242.42230224609375,False,0.11341207107046272,0.0036658342608146253,11.110694222829286,3.4519759658687,3.60726256505623,3.613
2019_saudi_aramco_attack,SAU_C19,2019-09,SGP_H50,SGP,2019-12,3,-0.6970570935259133,-52285322.837436065,4903037916.663386,-4844119420.847386,-0.9879832673502768,-60.55062745895466,-1868251849.8310964,80001143.24382618,-0.6970570935259133,0.7968774049543533,-1.4939344984802667,-1.1942109068748472,0.5860503832495354,-1.7802612901243826,31739324644.242,33200999220.582,0.046052478832600816,931184799448.4652,-897983800227.8832,-0.9643454239800233,,0.0,0.046052478832600816,0.8026513300385724,-0.7565988512059716,0.045023535350892985,0.5892585422906258,-0.5442350069397328,242.42230224609375,False,0.11341207107046272,0.0036658342608146253,11.110694222829286,3.4519759658687,3.60726256505623,3.613
2019_saudi_aramco_attack,SAU_C19,2019-09,SGP_H50,SGP,2020-01,4,0.9295878667291162,30070903.81195458,4990813803.803464,-4828968532.578464,-0.9675713665972353,-60.361244061985616,-1862408543.2203672,80001143.24382618,0.1687391389217996,0.7720421050064582,-0.6033029660846586,0.1559255076338495,0.5721326130362279,-0.4162071054023784,33378590797.746,32939534224.857,-0.013153837906142182,966468050290.0068,-933528516065.1498,-0.965917617023167,,0.0,0.00323490129339117,0.7513325137063966,-0.7480976124130054,0.0032296802567657323,0.560376934592675,-0.5571472543359093,242.42230224609375,False,0.11341207107046272,0.0036658342608146253,11.110694222829286,3.4519759658687,3.60726256505623,3.613
2019_saudi_aramco_attack,SAU_C19,2019-09,KOR_C20,KOR,2019-09,0,0.6338466583006692,13265624.453995883,3154075581.050774,-3019319972.050774,-0.9572757197672777,-78.7727272790761,-766155769.247505,38329509.1631641,0.6338466583006692,1.026924098726493,-0.3930774404258237,0.49093714296124347,0.706519421315658,-0.21558227835441457,6211357256.0,5457392374.0,-0.12138488432164977,159638205625.29184,-154180813251.29184,-0.9658139957623316,-3509.0910409557464,43937535.80394389,-0.12138488432164977,1.0011332172538636,-1.1225181015755135,-0.12940834328854933,0.6937136287185481,-0.8231219720070975,198.57969665527344,False,0.0995415854939185,0.0019327799790517064,10.473476518909777,3.17611568177327,0.566582073981039,3.824
2019_saudi_aramco_attack,SAU_C19,2019-09,KOR_C20,KOR,2019-10,1,-0.6833598004958423,-25314442.34010797,3351548738.4089503,-3305323724.4089503,-0.9862078645999509,-86.23443911944152,-838729536.4944453,38329509.1631641,-0.6833598004958423,0.911279569188528,-1.5946393696843704,-1.1499891522785575,0.6477729489950157,-1.7977621012735732,6896581549.0,5759780557.0,-0.16483543099187095,165836921665.89392,-160077141108.89392,-0.9652684064613546,-3643.2890051727754,43937535.80394389,-0.16483543099187095,0.9289504611938524,-1.0937858921857233,-0.18012648488958405,0.65697605250676,-0.8371025373963441,198.57969665527344,False,0.0995415854939185,0.0019327799790517064,10.473476518909777,3.17611568177327,0.566582073981039,3.824
2019_saudi_aramco_attack,SAU_C19,2019-09,KOR_C20,KOR,2019-11,2,-0.8030817054491417,-45917885.09570408,3498225517.5162272,-3453854409.5162272,-0.9873161099026274,-90.1095392276897,-876419361.4744495,38329509.1631641,-0.8030817054491417,0.8409392004903802,-1.6440209059395219,-1.6249663666496836,0.6102758762019675,-2.235242242851651,6278829063.0,5525655131.0,-0.11995452088962212,172724658329.496,-167199003198.496,-0.9680088808138844,-3805.3796176591227,43937535.80394389,-0.11995452088962212,0.8600473630453533,-0.9800018839349754,-0.1277816920163346,0.6206019513988075,-0.7483836434151421,198.57969665527344,False,0.0995415854939185,0.0019327799790517064,10.473476518909777,3.17611568177327,0.566582073981039,3.824
2019_saudi_aramco_attack,SAU_C19,2019-09,KOR_C20,KOR,2019-12,3,-0.39813806516866346,-14976971.618975671,3621738079.125303,-3532514581.125303,-0.9753644531849889,-92.16174843481073,-896379466.6789862,38329509.1631641,-0.39813806516866346,0.789615447393226,-1.1877535125618894,-0.5077271996484392,0.582000762696012,-1.0897279623444511,6005656551.0,5972069056.0,-0.0055926433213047055,179402826446.09808,-173430757390.09808,-0.9667113992889387,-3947.2117454190666,43937535.80394389,-0.0055926433213047055,0.8023456742666016,-0.8079383175879064,-0.005608340703965098,0.5890889689018834,-0.5946973096058485,198.57969665527344,False,0.0995415854939185,0.0019327799790517064,10.473476518909777,3.17611568177327,0.566582073981039,3.824
2019_saudi_aramco_attack,SAU_C19,2019-09,KOR_C20,KOR,2020-01,4,1.2756378170022102,18253855.744636096,3666953644.232579,-3538625346.232579,-0.9650041122821839,-92.32117560308632,-897930080.057096,38329509.1631641,0.7775998969191706,0.772359059726119,0.005240837193051684,0.5752640758550029,0.5723114610879279,0.00295261476707509,6411045645.0,5336956813.0,-0.16753723050430722,186290951615.2002,-180953994802.2002,-0.971351497393046,-4118.43749293645,43937535.80394389,-0.15081134640179022,0.7504164110078205,-0.9012277574096108,-0.1634739104973555,0.5598537087733106,-0.7233276192706661,198.57969665527344,False,0.0995415854939185,0.0019327799790517064,10.473476518909777,3.17611568177327,0.566582073981039,3.824
2019_saudi_aramco_attack,SAU_C19,2019-09,EGY_D,EGY,2019-09,0,-0.15363371476321985,-13149797.24732422,6981784809.013936,-6741715770.807936,-0.9656149473561466,-1398.421462941941,-2034347625.211148,4820947.0102275135,-0.15363371476321985,1.0065916376431234,-1.1602253524063433,-0.1668030511638534,0.6964375799305849,-0.8632406310944383,2069500.0,5793280.84,1.7993625706692438,-13337615.64179653,19130896.48179653,,11.112404154951612,1721580.3362652115,1.7993625706692438,,,1.029391427337151,,,177.79849243164062,False,0.2238119496570322,0.01975558424815252,7.818310858788752,5.3311086189448,21.1748208164536,9.855
2019_saudi_aramco_attack,SAU_C19,2019-09,EGY_D,EGY,2019-10,1,-0.8132943164429995,-50330804.048209794,7191334013.731292,-7153043698.457292,-0.9946754920295889,-1483.7424438149383,-2158467956.183839,4820947.0102275135,-0.8132943164429995,0.9494130091191747,-1.7627073255621744,-1.678221765466919,0.6675283061632022,-2.345750071630121,1874413.0,953502.5,-0.49130607822288896,-15385878.565707482,16339381.065707482,,9.490919895817386,1721580.3362652115,-0.49130607822288896,,,-0.6759082605017781,,,177.79849243164062,False,0.2238119496570322,0.01975558424815252,7.818310858788752,5.3311086189448,21.1748208164536,9.855
2019_saudi_aramco_attack,SAU_C19,2019-09,EGY_D,EGY,2019-11,2,-0.5675388304774798,-37923165.38438329,7531047154.0406475,-7435283349.819648,-0.987284131640363,-1542.2868855529605,-2243635231.6978316,4820947.0102275135,-0.5675388304774798,0.8693551492960412,-1.436893979773521,-0.8382627321651768,0.6255935313314502,-1.463856263496627,1682388.0,845423.0,-0.49748631112442554,-16014585.002618436,16860008.002618436,,9.793332119019471,1721580.3362652115,-0.49748631112442554,,,-0.6881318094304163,,,177.79849243164062,False,0.2238119496570322,0.01975558424815252,7.818310858788752,5.3311086189448,21.1748208164536,9.855
2019_saudi_aramco_attack,SAU_C19,2019-09,EGY_D,EGY,2019-12,3,-0.8322736636034193,-59873526.71853233,7875925708.682503,-7835939040.262503,-0.9949229246314604,-1625.394144270568,-2364535159.859899,4820947.0102275135,-0.8322736636034193,0.8008019447760165,-1.6330756083794358,-1.7854215569670941,0.5882320904592646,-2.3736536474263588,1667554.0,1376341.0,-0.17463482441947906,-18060703.1022163,19437044.1022163,,11.290233567829274,1721580.3362652115,-0.17463482441947906,,,-0.19192922663173206,,,177.79849243164062,False,0.2238119496570322,0.01975558424815252,7.818310858788752,5.3311086189448,21.1748208164536,9.855
2019_saudi_aramco_attack,SAU_C19,2019-09,EGY_D,EGY,2020-01,4,-0.9950626726997472,-100636266.05314201,8197260097.985305,-8195605314.149304,-0.9997981296413411,-1699.999045159082,-2473066319.4377627,4820947.0102275135,-0.9942918744348376,0.7459924288699337,-1.7402843033047712,-5.165863980649286,0.557323121045485,-5.723187101694771,312569.0,4057000.0,11.979534118866555,-14483395.887940338,18540395.88794034,,10.769405003870915,1721580.3362652115,-0.5320743052624052,,,-0.7594456364486337,,,177.79849243164062,False,0.2238119496570322,0.01975558424815252,7.818310858788752,5.3311086189448,21.1748208164536,9.855
2019_saudi_aramco_attack,SAU_C19,2019-09,EGY_D,EGY,2020-02,5,-0.8529247017742793,-94262703.38832064,8537132464.760213,-8483266529.007213,-0.9936903947578007,-1759.6680716486167,-2559869579.795535,4820947.0102275135,-0.8355759709812883,0.6956342027382082,-1.5312101737194965,-1.8053066296142255,0.5280568316776915,-2.333363461291917,1323646.0,6219066.0,3.698435986661086,-16897637.673664376,23116703.673664376,,13.427606709201644,1721580.3362652115,-0.11870364793866843,,,-0.12636130906805754,,,177.79849243164062,False,0.2238119496570322,0.01975558424815252,7.818310858788752,5.3311086189448,21.1748208164536,9.855
2019_saudi_aramco_attack,SAU_C19,2019-09,EGY_D,EGY,2020-03,6,-0.7425192177470106,-79241201.12554213,8838206112.20657,-8747144896.541569,-0.9896968667047451,-1814.4038667060079,-2639496242.8866396,4820947.0102275135,-0.7434915897421087,0.6563832347248004,-1.399874824466909,-1.3605938182143085,0.5046364510501427,-1.8652302692644511,1300975.0,3071884.98,1.361217533004093,-18570962.075762246,21642847.055762246,,12.571499917752394,1721580.3362652115,0.01646926504733608,,,0.01633511221014672,,,177.79849243164062,False,0.2238119496570322,0.01975558424815252,7.818310858788752,5.3311086189448,21.1748208164536,9.855
2019_saudi_aramco_attack,SAU_C19,2019-09,EGY_D,EGY,2020-04,7,-0.8431806524175117,-56358256.416103125,9004810189.482925,-8970074027.508924,-0.9961424881543233,-1860.6456383941052,-2706766261.9131875,4820947.0102275135,-0.8509404562230727,0.636509157074156,-1.4874496132972288,-1.903409405703357,0.4925654103962245,-2.3959748160995815,998867.0,2193066.0,1.1955535621859568,-18980152.361486286,21173218.361486286,,12.29871061807047,1721580.3362652115,0.22335312506275562,,,0.20159544994781875,,,177.79849243164062,False,0.2238119496570322,0.01975558424815252,7.818310858788752,5.3311086189448,21.1748208164536,9.855
2019_saudi_aramco_attack,SAU_C19,2019-09,EGY_D,EGY,2020-05,8,-0.7768271447473346,-61781012.08957734,9410684271.69478,-9351865321.60578,-0.9937497690507039,-1939.8398907447108,-2821973760.8462296,4820947.0102275135,-0.8584029596962324,0.5927839726988882,-1.4511869323951205,-1.9547699851565277,0.465483411310494,-2.4202533964670216,2071253.0,3578911.0,0.727896592062872,-18786634.205397233,22365545.205397233,,12.991287559613363,1721580.3362652115,1.2931212341002463,,,0.8299135125526309,,,177.79849243164062,False,0.2238119496570322,0.01975558424815252,7.818310858788752,5.3311086189448,21.1748208164536,9.855
2019_saudi_aramco_attack,SAU_C19,2019-09,EGY_D,EGY,2020-06,9,-0.9261997980671878,-68883212.91723189,9573978813.423134,-9555789699.779135,-0.998100151044987,-1982.139542190938,-2883508997.359161,4820947.0102275135,-0.8940929254414542,0.5768412085897773,-1.4709341340312316,-2.2451931753095558,0.4554236107708256,-2.7006167860803814,1674867.0,4410251.0,1.633194755165634,-18858978.507495098,23269229.507495098,,13.516203117175037,1721580.3362652115,-0.3995896912394857,,,-0.5101419189445195,,,177.79849243164062,False,0.2238119496570322,0.01975558424815252,7.818310858788752,5.3311086189448,21.1748208164536,9.855
2019_saudi_aramco_attack,SAU_C19,2019-09,EGY_D,EGY,2020-07,10,-0.8607950082471074,-70763985.2010474,9881372396.95049,-9843448529.09749,-0.9961620849483717,-2041.8080738524757,-2970311537.8680267,4820947.0102275135,-0.7810807468529157,0.5490442277963916,-1.3301249746493073,-1.519052303649726,0.4376381134546996,-1.9566904171044257,1924986.0,6414241.22,2.3320975944760116,-20690636.893219136,27104878.113219135,,15.744184306856301,1721580.3362652115,-0.20822823845184943,,,-0.2334820760995342,,,177.79849243164062,False,0.2238119496570322,0.01975558424815252,7.818310858788752,5.3311086189448,21.1748208164536,9.855
2019_saudi_aramco_attack,SAU_C19,2019-09,EGY_D,EGY,2020-08,11,-0.6897773685399924,-58500247.22029614,10120190945.335846,-10033000778.193846,-0.9913845333933957,-2081.126541509188,-3027509910.0498295,4820947.0102275135,0.5878459394861245,0.52923079560979,0.058615143876334486,0.46237833593957944,0.42476486096445853,0.03761347497512091,1870413.0,7776885.0,3.157843748947425,-21624077.737130094,29400962.737130094,,17.077891817068735,1721580.3362652115,0.25083938724208593,,,0.22381480349158345,,,177.79849243164062,False,0.2238119496570322,0.01975558424815252,7.818310858788752,5.3311086189448,21.1748208164536,9.855
2019_saudi_aramco_attack,SAU_C19,2019-09,GBR_H51,GBR,2019-09,0,-0.22427652131812814,-11421680.882270493,2256862580.811273,-2021557589.756273,-0.8957380067995034,-70.65954189514159,-339397099.0264647,28609831.532112885,-0.22427652131812814,0.9627922026710284,-1.1870687239891566,-0.2539591632554554,0.674368052245125,-0.9283272155005804,42214642978.926,38246271327.486,-0.09400462425848433,1045027856371.1135,-1006781585043.6276,-0.9634016728890873,-479.2245042646882,2100855812.0132267,-0.09400462425848433,0.997077271727891,-1.0910818959863753,-0.09872107698778976,0.6916847475889369,-0.7904058245767267,145.87570190429688,False,0.05868546836812337,0.006781483922175007,10.685194855854348,1.55133095078786,1.96276612181809,4.12
2019_saudi_aramco_attack,SAU_C19,2019-09,GBR_H51,GBR,2019-10,1,-0.4257643920565819,-10175243.258719698,2280845409.7172127,-2199103726.819213,-0.9641616733208874,-76.86531548956678,-369205126.3455291,28609831.532112885,-0.4257643920565819,0.9431207284770446,-1.3688851205336265,-0.554715494871985,0.6642953031400474,-1.2190107980120324,43284411146.046,43482299473.578,0.004571815170692978,1089830714158.9548,-1046348414685.3768,-0.9601017856180222,-498.0581764355702,2100855812.0132267,0.004571815170692978,0.9184408220937127,-0.9138690069230198,0.004561396167378717,0.6515127843037121,-0.6469513881363333,145.87570190429688,False,0.05868546836812337,0.006781483922175007,10.685194855854348,1.55133095078786,1.96276612181809,4.12
2019_saudi_aramco_attack,SAU_C19,2019-09,GBR_H51,GBR,2019-11,2,0.6113082291856473,12405609.273677757,2368153200.5074954,-2173386604.7114954,-0.9177559138681308,-75.96642441854277,-364887506.76204693,28609831.532112885,0.6113082291856473,0.8778277838155986,-0.26651955462995125,0.4770464106173016,0.6301156743018872,-0.15306926368458562,39435543617.765,38407659421.126,-0.026064917643888057,1128330284963.5637,-1089922625542.4377,-0.9659606234690703,-518.7993480133113,2100855812.0132267,-0.026064917643888057,0.8601475782993169,-0.886212495943205,-0.026410628118576085,0.6206558277485215,-0.6470664558670975,145.87570190429688,False,0.05868546836812337,0.006781483922175007,10.685194855854348,1.55133095078786,1.96276612181809,4.12
2019_saudi_aramco_attack,SAU_C19,2019-09,CHN_C20,CHN,2019-09,0,-0.07205116271354076,-1879635.1555702912,2842720460.7638907,-2691462810.7638907,-0.9467912332261631,,-430752326.92203164,0.0,-0.07205116271354076,1.0193443430530003,-1.091395505766541,-0.07477867947384453,0.7027728757191518,-0.7775515551929963,12810740357.0,11315773455.0,-0.11669637041571336,280998856036.90295,-269683082581.90295,-0.9597301796363401,,0.0,-0.11669637041571336,1.0039507623660675,-1.1206471327817809,-0.12408627611077705,0.6951206132395953,-0.8192068893503723,103.65239715576172,False,0.1796361323010894,0.00011149493911961683,9.218969415946031,6.75671800166833,3.46789777292169,4.31
2019_saudi_aramco_attack,SAU_C19,2019-09,CHN_C20,CHN,2019-10,1,-0.733565077130277,-20666627.82148261,3014303529.5416684,-2967402446.5416684,-0.9844404909657086,,-474914794.9026166,0.0,-0.733565077130277,0.9085995820171121,-1.642164659147389,-1.3226252414136894,0.646369769699831,-1.9689950111135204,12004956403.0,10574922698.0,-0.11912027474274202,292112600355.83356,-281537677657.83356,-0.9637984712569116,,0.0,-0.11912027474274202,0.930223170504729,-1.049343445247471,-0.12683418306135152,0.657635628614571,-0.7844698116759226,103.65239715576172,False,0.1796361323010894,0.00011149493911961683,9.218969415946031,6.75671800166833,3.46789777292169,4.31
2019_saudi_aramco_attack,SAU_C19,2019-09,CHN_C20,CHN,2019-11,2,-0.15692930244224076,-2437682.7858767747,3046673724.3194466,-2964846486.3194466,-0.9731421066368772,,-474505728.9445662,0.0,-0.15692930244224076,0.8903507825139321,-1.0472800849561728,-0.17070445833480008,0.636762410771631,-0.8074668691064311,13051592343.0,11021878830.0,-0.1555146268484705,305124795911.2641,-294102917081.2641,-0.9638774725040525,,0.0,-0.1555146268484705,0.8565732436647339,-1.0120878705132044,-0.16902786299861106,0.6187324464070088,-0.7877603094056198,103.65239715576172,False,0.1796361323010894,0.00011149493911961683,9.218969415946031,6.75671800166833,3.46789777292169,4.31
2019_saudi_aramco_attack,SAU_C19,2019-09,CHN_C20,CHN,2019-12,3,-0.556523214440014,-16627644.545960229,3219390361.0972238,-3136600131.0972238,-0.9742838796436654,,-501993859.8782311,0.0,-0.556523214440014,0.8041721397579593,-1.3606953541979734,-0.8131098156008321,0.5901018379901934,-1.4032116535910255,12381603250.0,12001284435.0,-0.030716443365280663,317135068020.6947,-305133783585.6947,-0.9621571827111316,,0.0,-0.030716443365280663,0.7982394001081836,-0.8289558434734643,-0.031198081790059007,0.5868080751858287,-0.6180061569758877,103.65239715576172,False,0.1796361323010894,0.00011149493911961683,9.218969415946031,6.75671800166833,3.46789777292169,4.31
2019_saudi_aramco_attack,SAU_C19,2019-09,CHN_C20,CHN,2020-01,4,-0.8468101591066874,-13300092.617281735,3354449869.875002,-3339416396.875002,-0.9955183491829734,,-534453375.2287774,0.0,-0.9140142964107861,0.747588350964761,-1.6616026473755472,-2.453574173083698,0.5582367521169189,-3.011810925200617,11225756225.0,11434488195.0,0.018594023049881434,328117672903.12524,-316683184708.12524,-0.9651512577977598,,0.0,-0.06177249223317347,0.7514437913805089,-0.8132162836136824,-0.06376281378630466,0.5604404714342017,-0.6242032852205064,103.65239715576172,False,0.1796361323010894,0.00011149493911961683,9.218969415946031,6.75671800166833,3.46789777292169,4.31
2019_saudi_aramco_attack,SAU_C19,2019-09,CHN_C20,CHN,2020-02,5,-0.2945165131754661,-4631410.90598715,3425871689.65278,-3356552852.65278,-0.9797660731984316,,-537195961.2202886,0.0,-0.14190226055728292,0.7207692034673553,-0.8626714640246382,-0.15303726850054744,0.5427714019640248,-0.6958086704645723,9730469728.0,5843690250.0,-0.3994441775832839,337445965209.0558,-331602274959.0558,-0.9826825896514136,,0.0,-0.34715324100995915,0.715801834931328,-1.0629550759412871,-0.42641284948317804,0.5398805135859774,-0.9662933630691555,103.65239715576172,False,0.1796361323010894,0.00011149493911961683,9.218969415946031,6.75671800166833,3.46789777292169,4.31
2019_saudi_aramco_attack,SAU_C19,2019-09,CHN_C20,CHN,2020-03,6,0.03840546745634701,770998.5829851095,3572483200.4305577,-3442230048.4305577,-0.9635398839708185,,-550908077.6566876,0.0,0.1835932842624858,0.6713316762149899,-0.4877383919525041,0.16855496612581433,0.5136207193847611,-0.34506575325894673,12382202691.0,15107671986.0,0.22011183010119892,352680769563.9863,-337573097577.9863,-0.9571633236349195,,0.0,0.12905130448930408,0.6643394606356569,-0.5352881561463527,0.12137772654396173,0.5094283243772466,-0.3880505978332849,103.65239715576172,False,0.1796361323010894,0.00011149493911961683,9.218969415946031,6.75671800166833,3.46789777292169,4.31
2019_saudi_aramco_attack,SAU_C19,2019-09,BEL_C19,BEL,2019-09,0,1.1798020695098064,8780219.972810106,1528587197.6814106,-1473643039.7124104,-0.9640555945697175,-47.1465500597232,-435094985.9755343,31256646.30488686,1.1798020695098064,1.0601991330180027,0.11960293649180365,0.7792340574034,0.7228026439495956,0.056431413453804424,2418684218.8789997,1459009688.832,-0.3967754544211584,52862318540.05166,-51403308851.21966,-0.9723998165588108,,0.0,-0.3967754544211584,1.005249405812828,-1.4020248602339864,-0.5054657705717318,0.6957684449300814,-1.2012342155018132,81.77559661865234,False,0.08069618565420693,0.0035011795105523527,10.768236749513735,1.87796847383565,1.71728236623039,5.941
2019_saudi_aramco_attack,SAU_C19,2019-09,BEL_C19,BEL,2019-10,1,0.2852330831399346,5267964.196224903,1646807652.5916238,-1566411913.3096237,-0.9511808563948078,-50.114522781182735,-462485114.1605952,31256646.30488686,0.2852330831399346,0.914488901733213,-0.6292558185932784,0.2509400860081037,0.6494506944099605,-0.3985106084018568,2264023585.2530003,1689973513.7919998,-0.25355304388176303,55064577649.62524,-53374604135.83324,-0.9693092440562194,,0.0,-0.25355304388176303,0.927746180008742,-1.181299223890505,-0.2924307211514723,0.6563515381319078,-0.9487822592833801,81.77559661865234,False,0.08069618565420693,0.0035011795105523527,10.768236749513735,1.87796847383565,1.71728236623039,5.941
2019_saudi_aramco_attack,SAU_C19,2019-09,IDN_H51,IDN,2019-11,2,-0.7542890299811424,-27330368.689016864,2571612885.850413,-2532452622.850413,-0.9847721003361476,-175.18375783790182,-575742082.9939969,14455978.420063922,-0.7542890299811424,0.8139328531466283,-1.5682218831277708,-1.4035993331687067,0.5954973347853958,-1.9990966679541025,14905771636.993,13944486911.684,-0.0644907723477591,410097987678.9854,-396153500767.3014,-0.9659971827937878,-907.0483964495132,436750125.2612065,-0.0644907723477591,0.8573917812829326,-0.9218825536306917,-0.06666426944003234,0.6191732354975237,-0.685837504937556,72.57959747314453,False,0.17398769767551875,0.0018845944151843123,8.258928430525406,5.17429153955024,3.81832356943335,4.387
2019_saudi_aramco_attack,SAU_C19,2019-09,IDN_H51,IDN,2019-12,3,-0.4580496121994935,-8143604.325847055,2564853980.165285,-2522472411.165285,-0.9834760304766867,-174.49337138358368,-573473125.2995982,14455978.420063922,-0.4580496121994935,0.8178318782787718,-1.2758814904782654,-0.6125808063477791,0.5976445149659462,-1.2102253213137253,14333166251.78,14428818305.106,0.006673476860991647,425436498025.0803,-411007679719.9743,-0.9660846721612131,-941.0590998094472,436750125.2612065,0.006673476860991647,0.8016976210728599,-0.7950241442118683,0.006651307789020677,0.5887293432575973,-0.5820780354685766,72.57959747314453,False,0.17398769767551875,0.0018845944151843123,8.258928430525406,5.17429153955024,3.81832356943335,4.387
2019_saudi_aramco_attack,SAU_C19,2019-09,IDN_H51,IDN,2020-01,4,2.903639855033094,31044116.23354459,2694602955.3216166,-2511025371.3216166,-0.9318721210345853,-173.7015163108215,-570870690.6067466,14455978.420063922,,0.74895830043842,,,0.5590203535294229,,14553404752.27,13636412653.623,-0.06300876765651497,440988294339.9306,-427351881686.3076,-0.96907760857001,-978.4814175627812,436750125.2612065,-0.027920682304291962,0.7521596996434236,-0.7800803819477156,-0.02831787528135621,0.5608491411228442,-0.5891670164042004,72.57959747314453,False,0.17398769767551875,0.0018845944151843123,8.258928430525406,5.17429153955024,3.81832356943335,4.387
2014_russia_crimea_sanctions,RUS_C26,2014-03,BLR_C26,BLR,2014-03,0,-0.01999293133130394,-460950.6999960715,1161455724.1161635,-1118477024.1161635,-0.9629958343588985,-591.7564769373362,-588004980.834704,1890096.8011451173,-0.01999293133130394,1.016224573619174,-1.0362175049504778,-0.02019549395111042,0.7012267387745617,-0.7214222327256721,60383300.0,56028000.0,-0.07212755844745153,1420899227.3903978,-1364871227.3903978,-0.9605686322295353,-303.86515845493534,4491700.313159841,-0.07212755844745153,0.9981025440658232,-1.0702301025132748,-0.0748610095799691,0.6921980015631846,-0.7670590111431537,81.58270263671875,False,0.05232679963591727,0.0980996172849653,8.987081839620107,0.998719299661161,21.2630002283286,5.937
2014_russia_crimea_sanctions,RUS_C26,2014-03,BLR_C26,BLR,2014-04,1,-0.19375538741499856,-5104944.887365252,1212660293.939396,-1172253893.939396,-0.9666795390251152,-620.2083899772671,-616276520.2834,1890096.8011451173,-0.19375538741499856,0.9332679060079897,-1.1270232934229882,-0.21536808816442843,0.6592117858220092,-0.8745798739864377,45263500.0,46860400.0,0.035280082185425346,1462433471.7732682,-1415573071.7732682,-0.9679572432493769,-315.1530540953287,4491700.313159841,0.035280082185425346,0.9430238678847096,-0.9077437856992843,0.034672000163130434,0.6642454537124465,-0.629573453549316,81.58270263671875,False,0.05232679963591727,0.0980996172849653,8.987081839620107,0.998719299661161,21.2630002283286,5.937
2014_russia_crimea_sanctions,RUS_C26,2014-03,BLR_C26,BLR,2014-05,2,0.2482706365591266,4254804.17458737,1255059013.7626283,-1214367013.7626283,-0.9675776202124499,-642.4893227833107,-638416201.0105184,1890096.8011451173,0.2482706365591266,0.8741789939531592,-0.6259083573940326,0.22175909655335602,0.6281706929411861,-0.4064115963878301,49771700.0,65402900.0,0.31405798877675467,1527419891.9522223,-1462016991.9522223,-0.9571807985842011,-325.49299597499555,4491700.313159841,0.31405798877675467,0.8680723306242839,-0.5540143418475292,0.2731200457759151,0.624907059379634,-0.3517870136037189,81.58270263671875,False,0.05232679963591727,0.0980996172849653,8.987081839620107,0.998719299661161,21.2630002283286,5.937
2014_russia_crimea_sanctions,RUS_C26,2014-03,KOR_C26,KOR,2014-03,0,-0.18200991922743287,-682275.4053917767,961298.0,2308938.0,2.4018961861982446,,2164940.040313662,0.0,-0.18200991922743287,0.0,-0.18200991922743287,-0.2009050129913259,0.0,-0.2009050129913259,12106896171.0,13404340397.0,0.10716571841987096,11504325288.0,1900015109.0,0.16515658775590072,,0.0,0.10716571841987096,0.0,0.10716571841987096,0.1018033429841303,0.0,0.1018033429841303,48.128501892089844,False,0.16709311700828766,0.00023948527593756975,10.255916061987897,3.2913959543442,1.07703832086861,2.747
2014_russia_crimea_sanctions,RUS_C26,2014-03,KOR_C26,KOR,2014-04,1,0.38617259592658815,669489.8206815259,961298.0,1601688.0,1.6661721963428615,,1501798.0055289092,0.0,0.38617259592658815,0.0,0.38617259592658815,0.3265462704274391,0.0,0.3265462704274391,12395003300.0,13054389446.0,0.053197738640376156,11504325288.0,1550064158.0,0.1347375112573399,,0.0,0.053197738640376156,0.0,0.053197738640376156,0.05183100150144426,0.0,0.05183100150144426,48.128501892089844,False,0.16709311700828766,0.00023948527593756975,10.255916061987897,3.2913959543442,1.07703832086861,2.747
2014_russia_crimea_sanctions,RUS_C26,2014-03,UKR_G,UKR,2014-03,0,0.09558460187005793,597914.7611983706,1146828598.2880342,-1113399262.3280342,-0.9708506257954304,-272.8982926336695,-228255073.16238073,4079905.5632884745,0.09558460187005793,1.0212144500954636,-0.9256298482254057,0.09128810093069717,0.7036985427851086,-0.6124104418544114,5432106037.1,5090080473.39,-0.06296371266945937,142897666030.84537,-137807585557.45535,-0.9643795408646403,,0.0,-0.06296371266945937,1.0015076270526746,-1.064471339722134,-0.06503327034083739,0.6939007101045576,-0.758933980445395,45.067901611328125,False,0.04824165444945721,0.002740275670327596,8.326249847036435,0.045439094492707,4.30879343709354,7.17
2014_russia_crimea_sanctions,RUS_C26,2014-03,UKR_G,UKR,2014-04,1,-0.39579192802781715,-3501704.4050034992,1208723244.9829373,-1182647930.0129373,-0.9784273901588051,-289.87139816532977,-242451561.55933282,4079905.5632884745,-0.39579192802781715,0.9207716299276016,-1.3165635579554187,-0.5038366351714174,0.6527269951288197,-1.1565636303002371,6061110948.42,5079200184.58,-0.16200178023402836,149169795051.52747,-144090594866.94748,-0.9659502100755352,,0.0,-0.16200178023402836,0.9206293461180032,-1.0826311263520316,-0.17673930285469552,0.6526529167603989,-0.8293922196150945,45.067901611328125,False,0.04824165444945721,0.002740275670327596,8.326249847036435,0.045439094492707,4.30879343709354,7.17
2014_russia_crimea_sanctions,RUS_C26,2014-03,UKR_G,UKR,2014-05,2,-0.1572795482938089,-999900.4039660079,1243580816.2673306,-1217447259.8773305,-0.9789852367870701,-298.40084310580147,-249585681.23495612,4079905.5632884745,-0.1572795482938089,0.8724452604180563,-1.0297248087118651,-0.1711199812190891,0.6272452018587735,-0.7983651830778626,5216838820.01,5003901344.25,-0.040817338450872834,154972100222.06958,-149968198877.81958,-0.9677109535388655,,0.0,-0.040817338450872834,0.8566326083933378,-0.8974499468442106,-0.04167375137366491,0.6187644213235224,-0.6604381726971873,45.067901611328125,False,0.04824165444945721,0.002740275670327596,8.326249847036435,0.045439094492707,4.30879343709354,7.17
2014_russia_crimea_sanctions,RUS_C26,2014-03,UKR_G,UKR,2014-06,3,-0.1748039024653902,-1190251.0684463726,1292527650.041979,-1265119791.011979,-0.9787951468356519,-310.0855574687054,-259358902.2619062,4079905.5632884745,-0.1748039024653902,0.8125606142379342,-0.9873645167033245,-0.19213422053297435,0.5947405488970183,-0.7868747694299927,4784458453.11,4425723888.26,-0.07497913679589262,160368304307.91663,-155942580419.65662,-0.9724027518569857,,0.0,-0.07497913679589262,0.8046151614083547,-0.8795942982042473,-0.07793898689187273,0.5903473620720092,-0.668286348963882,45.067901611328125,False,0.04824165444945721,0.002740275670327596,8.326249847036435,0.045439094492707,4.30879343709354,7.17
2014_russia_crimea_sanctions,RUS_C26,2014-03,UKR_G,UKR,2014-07,4,-0.20274659769179654,-1226247.753762905,1340706335.0016277,-1317185565.7416277,-0.9824564346076791,-322.84707214643305,-270032770.6775569,4079905.5632884745,-0.20274659769179654,0.7611361265312457,-0.9638827242230423,-0.22658269692620792,0.5659591266579866,-0.7925418235841946,5208682923.69,4807875127.4,-0.07694993190448512,166720470946.68372,-161912595819.28372,-0.9711620588635601,,0.0,-0.07694993190448512,0.7509377130341313,-0.8278876449386163,-0.08007180097726518,0.560151480441565,-0.6402232814188302,45.067901611328125,False,0.04824165444945721,0.002740275670327596,8.326249847036435,0.045439094492707,4.30879343709354,7.17
2014_russia_crimea_sanctions,RUS_C26,2014-03,UKR_G,UKR,2014-08,5,0.08538616715741044,362675.21190170397,1387883239.4512758,-1365395534.891276,-0.9837971207369787,-334.6635145620242,-279916170.4674941,4079905.5632884745,0.08538616715741044,0.7167202362038377,-0.6313340690464273,0.08193583430368534,0.540415630559874,-0.4584797962561886,5205291092.1,4258339850.8,-0.18192090020425086,172755135995.5158,-168496796144.71582,-0.9753504298077105,,0.0,-0.18192090020425086,0.7061816994389815,-0.8881025996432323,-0.20079624799490858,0.5342579495130053,-0.7350541975079139,45.067901611328125,False,0.04824165444945721,0.002740275670327596,8.326249847036435,0.045439094492707,4.30879343709354,7.17
2014_russia_crimea_sanctions,RUS_C26,2014-03,DEU_C26,DEU,2014-03,0,-0.5744112368396944,-4421406.468394656,601680696.5834507,-591845444.0934507,-0.9836537011311017,-171.88642629132326,-197128974.7257396,3443235.494874715,-0.5744112368396944,0.984210478776044,-1.5586217156157383,-0.8542816852488571,0.6852210896927318,-1.5395027749415888,13272129058.54,14179994498.231998,0.0684039038264044,302009102646.4429,-287829108148.2109,-0.9530477910302184,-1726.4151382352054,166720681.3550295,0.0684039038264044,0.9933563396838334,-0.924952435857429,0.06616585614183634,0.6898198208719464,-0.62365396473011,29.664899826049805,False,0.03041367950719318,0.0006391904866852342,10.762315161004778,0.396995583779145,1.99569888138804,5.316
2014_russia_crimea_sanctions,RUS_C26,2014-03,DEU_C26,DEU,2014-04,1,-0.4318603602625485,-3460805.7697594054,623956066.8307141,-610286749.6577141,-0.9780925005787169,-177.24223352312995,-203271314.24151582,3443235.494874715,-0.4318603602625485,0.9168587098208314,-1.34871907008338,-0.5653880142742196,0.6506877560806537,-1.2160757703548732,12716032076.562,13481243222.588001,0.06017688076113198,313295336393.9563,-299814093171.3683,-0.956969537504906,-1798.3017507763066,166720681.3550295,0.06017688076113198,0.9244886471637802,-0.8643117664026483,0.05843576284106433,0.6546602946118192,-0.5962245317707549,29.664899826049805,False,0.03041367950719318,0.0006391904866852342,10.762315161004778,0.396995583779145,1.99569888138804,5.316
2014_russia_crimea_sanctions,RUS_C26,2014-03,DEU_C26,DEU,2014-05,2,-0.5816689621256625,-3784195.8601128743,649035075.5983553,-640864067.3373553,-0.9874105290018924,-186.1226361924088,-213455857.08831203,3443235.494874715,-0.5816689621256625,0.851272145551889,-1.4329411076775516,-0.8714821320654753,0.6158730477025536,-1.487355179768029,12382554538.935997,13122270321.602001,0.05973854428341296,325468361880.3558,-312346091558.7538,-0.9596818866024655,-1873.4693801641615,166720681.3550295,0.05973854428341296,0.8601689878718874,-0.8004304435884745,0.05802222135834256,0.6206673372900866,-0.562645115931744,29.664899826049805,False,0.03041367950719318,0.0006391904866852342,10.762315161004778,0.396995583779145,1.99569888138804,5.316
2014_russia_crimea_sanctions,RUS_C26,2014-03,DEU_C26,DEU,2014-06,3,-0.3651360133350948,-1605031.9688558595,667483141.2556188,-659104616.5376188,-0.9874475860135749,-191.42013885448776,-219531329.66002384,3443235.494874715,-0.3651360133350948,0.8087172395440116,-1.1738532528791064,-0.45434445368081455,0.592617885380065,-1.0469623390608795,13297701052.721998,13675412328.884998,0.02840425383797328,338973822335.8967,-325298410007.0117,-0.9596564353121825,-1951.1581128575947,166720681.3550295,0.02840425383797328,0.7985314815861159,-0.7701272277481426,0.028008332764166255,0.5869704883550177,-0.5589621555908515,29.664899826049805,False,0.03041367950719318,0.0006391904866852342,10.762315161004778,0.396995583779145,1.99569888138804,5.316
2014_russia_crimea_sanctions,RUS_C26,2014-03,DEU_C26,DEU,2014-07,4,-0.3658298571114737,-1744316.0211103216,692861799.7925711,-683783392.5765711,-0.986897232292619,-198.58746042621496,-227751215.21730232,3443235.494874715,-0.3658298571114737,0.7566803313562765,-1.1225101884677502,-0.45543795607395055,0.5634258515234869,-1.0188638075974374,13002106847.279997,14166553054.627998,0.08955827090373436,351066945525.5273,-336900392470.8993,-0.9596471464055909,-2020.7474545612872,166720681.3550295,0.08955827090373436,0.750383963535395,-0.6608256926316607,0.08577235804468586,0.5598351716014385,-0.4740628135567526,29.664899826049805,False,0.03041367950719318,0.0006391904866852342,10.762315161004778,0.396995583779145,1.99569888138804,5.316
2014_russia_crimea_sanctions,RUS_C26,2014-03,DEU_C26,DEU,2014-08,5,-0.3809872672474203,-1656275.2993737403,719793007.4875234,-711713600.3895234,-0.9887753742896147,-206.69907749525558,-237054071.70625886,3443235.494874715,-0.3809872672474203,0.7083156023582995,-1.0893028696057199,-0.47962938947882705,0.5355078562111082,-1.0151372456899352,12160795926.07,12333679375.095999,0.014216458369749961,362908596191.2547,-350574916816.1587,-0.966014364210331,-2102.768018741562,166720681.3550295,0.014216458369749961,0.7085502620419954,-0.6943338036722455,0.014116352179058822,0.5356452109515217,-0.5215288587724629,29.664899826049805,False,0.03041367950719318,0.0006391904866852342,10.762315161004778,0.396995583779145,1.99569888138804,5.316
2014_russia_crimea_sanctions,RUS_C26,2014-03,DEU_C26,DEU,2014-09,6,0.13098849375262156,344434.6961764015,741641017.0984757,-732712285.3124757,-0.9879608441548555,-212.7976103879982,-244048210.58282143,3443235.494874715,0.13098849375262156,0.6733980176177821,-0.5424095238651605,0.1230920088950942,0.514856299327306,-0.39176429043221184,13753974317.057,14513532097.324001,0.05522460364965464,376535099071.1007,-362021566973.77673,-0.961455035312436,-2171.4256685579194,166720681.3550295,0.05522460364965464,0.6658351421782231,-0.6106105385285685,0.05375363872006389,0.510326584571807,-0.45657294585174313,29.664899826049805,False,0.03041367950719318,0.0006391904866852342,10.762315161004778,0.396995583779145,1.99569888138804,5.316
2014_russia_crimea_sanctions,RUS_C26,2014-03,SVK_C26,SVK,2014-03,0,5.677649846727952,1020622.3759999997,6763917.038174666,-5563533.246174667,-0.8225312662433336,-4.7256478600770535,-5563533.246174667,1177305.9294528035,5.677649846727952,1.050013535178918,4.627636311549034,1.8987613764464921,0.7178462404173604,1.1809151360291317,1219219965.539,1349460145.982,0.10682254566379473,28229136739.060627,-26879676593.07863,-0.9521961950712169,-773.0570288561067,34770625.69737256,0.10682254566379473,1.0063697848854458,-0.899547239221651,0.10149333877754074,0.6963270119401201,-0.5948336731625794,23.069799423217773,False,0.05860254615683274,0.004283309049753934,9.815409089047554,0.703323545247201,0.534061870297393,14.226
2014_russia_crimea_sanctions,RUS_C26,2014-03,SVK_C26,SVK,2014-04,1,-0.3555839618500836,-1004632.5700000003,7146036.118890226,-5325365.306890226,-0.7452194780842013,-4.523348752150927,-5325365.306890226,1177305.9294528035,-0.3555839618500836,0.941030054383273,-1.2966140162333566,-0.43941054418450065,0.6632186563501392,-1.1026292005346399,1320084501.428,1443207191.8079998,0.09326879472246817,29498220635.656574,-28055013443.848576,-0.9510747712672712,-806.8596086831002,34770625.69737256,0.09326879472246817,0.9231061512141945,-0.8298373564917263,0.08917210270376685,0.6539416658912529,-0.5647695631874861,23.069799423217773,False,0.05860254615683274,0.004283309049753934,9.815409089047554,0.703323545247201,0.534061870297393,14.226
2014_russia_crimea_sanctions,RUS_C26,2014-03,SVK_C26,SVK,2014-05,2,2.9359103613705773,321594.3980000001,7127209.302817165,-6696076.683817165,-0.9395089156663904,-5.6876267385567445,-6696076.683817165,1177305.9294528035,2.9359103613705773,0.945867031368624,1.9900433300019533,1.3701353951660096,0.665707519512976,0.7044278756530336,1305971565.2509997,1431366796.5629997,0.0960168158698768,30652327060.18652,-29220960263.62352,-0.9533031605152692,-840.392132081523,34770625.69737256,0.0960168158698768,0.8585111050174121,-0.7624942891475354,0.09168253128800785,0.6197756859675358,-0.528093154679528,23.069799423217773,False,0.05860254615683274,0.004283309049753934,9.815409089047554,0.703323545247201,0.534061870297393,14.226
2014_russia_crimea_sanctions,RUS_C26,2014-03,MLT_C26,MLT,2014-03,0,0.08261721032724414,26151.81599999999,3673201.1401953544,-3330507.3361953543,-0.9067043184077379,-27.228962324821392,-3330507.3361953543,122314.88282457714,0.08261721032724414,1.0245628194515364,-0.9419456091242923,0.07938121139050835,0.7053535066926582,-0.6259722953021498,126965539.76400001,112607956.78100002,-0.11308251837220924,3156999263.7001157,-3044391306.9191155,-0.9643306990673733,-375.2279370118904,8113445.206566918,-0.11308251837220924,0.9913956454850883,-1.1044781638572976,-0.12000333085529391,0.688835721995332,-0.808839052850626,9.943400382995605,False,0.4895965574665135,0.004980961976436748,10.143156078714407,6.29233375866998,2.25515086483909,6.106
2014_russia_crimea_sanctions,RUS_C26,2014-03,MLT_C26,MLT,2014-04,1,0.07661398312811461,27129.707999999984,3836842.532503908,-3455603.732503908,-0.9006373608584857,-28.251702922038543,-3455603.732503908,122314.88282457714,0.07661398312811461,0.9397982528758992,-0.8631842697477846,0.0738207143300258,0.6625837293641759,-0.5887630150341501,106101921.36100002,71678170.966,-0.324440405540603,3268713332.5060363,-3197035161.540036,-0.978071441673031,-394.0416284505622,8113445.206566918,-0.324440405540603,0.9261330523268344,-1.2505734578674375,-0.39221389820911057,0.6555143929115381,-1.0477282911206487,9.943400382995605,False,0.4895965574665135,0.004980961976436748,10.143156078714407,6.29233375866998,2.25515086483909,6.106
2019_brumadinho_dam_collapse,BRA_B07,2019-01,CHN_C24A,CHN,2019-01,0,0.04502091283507673,41173406.81893916,34459308404.05556,-32785579257.055557,-0.9514288236033485,,-18720833061.852837,0.0,0.04502091283507673,0.9913282778534014,-0.9463073650183247,0.044036897472004455,0.6888018923526396,-0.6447649948806351,6805293583.0,7823902875.0,0.14967896382083243,149736673459.0184,-141912770584.0184,-0.9477489201926118,-576.5346198377675,246147873.34705344,0.14967896382083243,0.9997641075291575,-0.850085143708325,0.13948274148816253,0.6930292273616416,-0.5535464858734791,8932.0380859375,False,0.12021664248623215,0.010755757892773266,9.218969415946031,6.75671800166833,3.46789777292169,4.31
2019_brumadinho_dam_collapse,BRA_B07,2019-01,CHN_C24A,CHN,2019-02,1,0.1761064839278398,173404706.1092025,35972112588.66667,-33944010237.66667,-0.9436201489139403,,-19382306596.65494,0.0,0.1761064839278398,0.9116319081952327,-0.7355254242673929,0.16220939284810854,0.6479572794358681,-0.4857478865877596,6268807531.0,5326135576.0,-0.15037500359332695,154929812168.30212,-149603676592.30212,-0.9656222679066172,-607.779683643133,246147873.34705344,-0.15037500359332695,0.9349221719010018,-1.0852971754943288,-0.16296020751640938,0.6600671044270214,-0.8230273119434308,8932.0380859375,False,0.12021664248623215,0.010755757892773266,9.218969415946031,6.75671800166833,3.46789777292169,4.31
2019_brumadinho_dam_collapse,BRA_B07,2019-01,JPN_C24A,JPN,2019-01,0,-0.1986328364647849,-30489347.411825113,5823274003.460827,-5627487912.749826,-0.9663786916784882,-443.69943498064754,-3535585658.352663,12683108.133764641,-0.1986328364647849,1.0139043463624324,-1.2125371828272173,-0.22143605448169978,0.7000752986360901,-0.9215113531177899,4320512151.995,3626462589.475,-0.16064057641859011,101036997521.63199,-97410534932.15698,-0.9641075776356223,-23228.673584769458,4193547.021816475,-0.16064057641859011,1.0051829074622096,-1.1658234838807997,-0.1751162689954029,0.6957352822547129,-0.8708515512501158,1409.5830078125,False,0.35599066185240424,0.0074250526894662225,10.590418781492266,0.643391023533141,-0.000237506459967562,2.467
2019_brumadinho_dam_collapse,BRA_B07,2019-01,JPN_C24A,JPN,2019-02,1,0.34888366479210575,49621071.231230736,6086333346.2983055,-5780972604.025306,-0.9498284558372538,-455.8009395690123,-3632015589.729469,12683108.133764641,0.34888366479210575,0.9293555835481823,-0.5804719187560765,0.29927733425622094,0.6571860524742874,-0.35790871821806647,4216371208.8389997,3647403651.073,-0.13494247294290487,105420562414.6277,-101773158763.5547,-0.9654014020838984,-24268.991914026683,4193547.021816475,-0.13494247294290487,0.9247343958177873,-1.0596768687606921,-0.1449592689563204,0.6547879820128308,-0.7997472509691512,1409.5830078125,False,0.35599066185240424,0.0074250526894662225,10.590418781492266,0.643391023533141,-0.000237506459967562,2.467
2019_brumadinho_dam_collapse,BRA_B07,2019-01,KOR_C24B,KOR,2019-01,0,-0.5631291410889927,-50338503.41713294,2139954967.8153336,-2063727335.8153336,-0.9643788616365978,-110.21710916082928,-1057268424.7219481,18724201.27444945,-0.5631291410889927,0.9284929358915509,-1.4916220769805437,-0.8281176375390551,0.6567388352188388,-1.484856472757894,3380060590.0,3386102438.0,0.001787496951349029,71857383280.17296,-68471280842.17296,-0.952877459720492,-893.8030842149319,76606673.27223916,0.001787496951349029,1.0016716519516948,-0.9998841550003458,0.0017859012793692841,0.6939826574138372,-0.692196756134468,365.1944885253906,False,0.08071596294100787,0.01288181293970521,10.473476518909777,3.17611568177327,0.566582073981039,3.824
2019_brumadinho_dam_collapse,BRA_B07,2019-01,KOR_C24B,KOR,2019-02,1,0.462664451008914,15084820.718068995,2114225664.6531332,-2021139361.6531332,-0.9559714440344418,-107.94262099773124,-1035450174.0387592,18724201.27444945,0.462664451008914,0.9505327811613271,-0.4878683301524131,0.3802597339664189,0.6681025559163487,-0.28784282194992983,3223661751.0,3216148240.0,-0.0023307380179292264,74798684011.25757,-71582535771.25757,-0.9570026093037151,-934.4164511213379,76606673.27223916,-0.0023307380179292264,0.9258163861353141,-0.9281471241532434,-0.0023334584149026227,0.6553499745174527,-0.6576834329323553,365.1944885253906,False,0.08071596294100787,0.01288181293970521,10.473476518909777,3.17611568177327,0.566582073981039,3.824
2019_brumadinho_dam_collapse,BRA_B07,2019-01,DEU_F,DEU,2019-01,0,0.06980525466732701,3707931.976170064,4760524901.346276,-4615404911.087276,-0.9695159686659848,,-1807302862.110893,0.0,0.06980525466732701,1.0202219083357122,-0.9504166536683852,0.06747662644407271,0.7032073607768581,-0.6357307343327854,131098626181.375,124866602367.08,-0.0475369116810804,2847397516672.906,-2722530914305.8257,-0.9561471127104927,,0.0,-0.0475369116810804,1.0033703802052523,-1.0509072918863327,-0.04870392515287847,0.6948309523226044,-0.7435348774754829,337.656005859375,False,0.05184365775837563,0.00152198584162712,10.797883711209074,1.13569604599849,1.87085953898291,3.384
2019_brumadinho_dam_collapse,BRA_B07,2019-01,DEU_F,DEU,2019-02,1,0.44660088772431195,35082960.19664924,5010105313.254457,-4719900743.075458,-0.94207615368658,,-1848221399.025655,0.0,0.44660088772431195,0.9225144105612101,-0.47591352283689814,0.36921658755653297,0.6536339179259905,-0.2844173303694575,129740362503.89,124044401297.728,-0.04390276931738356,2966824497767.535,-2842780096469.807,-0.9581895048422755,,0.0,-0.04390276931738356,0.9255959155765635,-0.9694986848939471,-0.04489566536710754,0.6552354863668839,-0.7001311517339914,337.656005859375,False,0.05184365775837563,0.00152198584162712,10.797883711209074,1.13569604599849,1.87085953898291,3.384
2019_brumadinho_dam_collapse,BRA_B07,2019-01,PHL_C24B,PHL,2019-01,0,-0.06162157849166037,-2583159.3527103537,773947461.2333076,-731421353.2333076,-0.94505297823158,-98.6010899696313,-676563226.8069851,7417984.461009326,-0.06162157849166037,0.9868833595202294,-1.0485049380118898,-0.06360197544081814,0.6865672587699372,-0.7501692342107553,343316877.0,328625411.0,-0.042792728771093885,9902722113.151272,-9574096702.151272,-0.9668146387180178,-179.12815966290253,53448306.06292478,-0.042792728771093885,0.9964306608054982,-1.039223389576592,-0.04373532649374923,0.6913609164419974,-0.7350962429357466,180.66310119628906,False,0.0757163149781992,0.12392976512454598,8.061332396296967,6.34148557153473,3.74065383022071,2.338
2019_brumadinho_dam_collapse,BRA_B07,2019-01,PHL_C24B,PHL,2019-02,1,1.305523227468034,13399963.797267675,789929472.7574441,-764346690.7574441,-0.9676138403714739,-103.03967267322146,-707019095.3710704,7417984.461009326,1.305523227468034,0.9479882252460129,0.35753500222202106,0.8353075963897645,0.6667971594670803,0.1685104369226842,291662401.0,350867786.0,0.20299286022815125,10270987691.393183,-9920119905.393183,-0.9658389439708882,-185.60213851706,53448306.06292478,0.20299286022815125,0.92756464574329,-0.7245717855151388,0.18481250142394146,0.6562573644502514,-0.47144486302630995,180.66310119628906,False,0.0757163149781992,0.12392976512454598,8.061332396296967,6.34148557153473,3.74065383022071,2.338
2019_brumadinho_dam_collapse,BRA_B07,2019-01,CAN_C24B,CAN,2019-01,0,0.028460761973443334,138122.72883828235,97024504.9353959,-91782342.3863959,-0.9459707364393097,,-87388645.42757757,0.0,0.028460761973443334,1.0091603665694624,-0.980699604596019,0.028063273223184027,0.6977168963223264,-0.6696536230991423,3873296714.297,3386906841.5259995,-0.12557516468481547,77411413388.07784,-74024506546.55183,-0.9562479653414051,,0.0,-0.12557516468481547,0.9966757983411642,-1.1222509630259796,-0.13418893979259394,0.6914836968955953,-0.8256726366881892,171.1416015625,False,0.14599250406996772,0.0055830842995517795,10.748071221916598,2.74296344906655,1.65111818043586,5.837
2019_brumadinho_dam_collapse,BRA_B07,2019-01,CAN_C24B,CAN,2019-02,1,0.5375000792413669,2828117.120451831,100388836.87087508,-91892374.57187508,-0.9153644711520211,,-87493410.28095187,0.0,0.5375000792413669,0.9434334476357094,-0.40593336839434246,0.4301577089760116,0.6644562177632309,-0.23429850878721936,2962088623.0460005,2697574743.5390005,-0.08929978578257149,80191030541.25642,-77493455797.71742,-0.966360642514113,,0.0,-0.08929978578257149,0.9299996756425664,-1.0192994614251378,-0.09354150915245896,0.6575198348443365,-0.7510613439967955,171.1416015625,False,0.14599250406996772,0.0055830842995517795,10.748071221916598,2.74296344906655,1.65111818043586,5.837
2019_brumadinho_dam_collapse,BRA_B07,2019-01,MYS_C24A,MYS,2019-01,0,0.04429836251561474,1723677.408235901,1387528227.1082501,-1309692557.7322502,-0.943903361491811,,-683728382.8608409,0.0,0.04429836251561474,0.9975535847515126,-0.9532552222358979,0.04334523591195705,0.6919232234876809,-0.6485779875757238,981242946.913,997426135.6459999,0.016492540184785423,17177435660.647413,-16180009525.001413,-0.9419339326689461,,0.0,0.016492540184785423,1.0031925863159858,-0.9867000461312004,0.016358015316569663,0.6947422009378563,-0.6783841856212867,158.3990020751953,False,0.0771629976682538,0.030465681337901705,9.296775098984025,4.84308697634881,0.624674674586643,3.3
2019_brumadinho_dam_collapse,BRA_B07,2019-01,MYS_C24A,MYS,2019-02,1,-0.2301338799441287,-11790872.583828047,1463698169.6501253,-1388142624.1371253,-0.9483803784962986,,-724683442.6736618,0.0,-0.2301338799441287,0.8989739210199391,-1.1291078009640678,-0.2615386462629772,0.6413136981147929,-0.9028523443777701,968802189.7150002,869908700.864,-0.10207810211503798,17889897686.72147,-17019988985.85747,-0.9513743054265941,,0.0,-0.10207810211503798,0.9262356797874541,-1.0283137819024921,-0.10767218774704546,0.6555676733287612,-0.7632398610758067,158.3990020751953,False,0.0771629976682538,0.030465681337901705,9.296775098984025,4.84308697634881,0.624674674586643,3.3
2019_brumadinho_dam_collapse,BRA_B07,2019-01,MYS_C24A,MYS,2019-03,2,-0.2680318335080899,-8735775.101131618,1512513795.285,-1466816235.2120001,-0.9697870127099308,,-765755204.5588996,0.0,-0.2680318335080899,0.8454307172644541,-1.113462550772544,-0.31201824850015925,0.6127127007799125,-0.9247309492800717,1163873742.566,1098391171.682,-0.05626260692128874,18739876309.009525,-17641485137.327526,-0.9413874908473153,,0.0,-0.05626260692128874,0.8485752270199872,-0.9048378339412759,-0.05790733678409765,0.6144151947722065,-0.6723225315563042,158.3990020751953,False,0.0771629976682538,0.030465681337901705,9.296775098984025,4.84308697634881,0.624674674586643,3.3
2019_brumadinho_dam_collapse,BRA_B07,2019-01,MYS_C24A,MYS,2019-04,3,1.9745987494744897,32796291.864810806,1534684686.891875,-1440047891.2028751,-0.938334697350331,,-751780721.423016,0.0,1.9745987494744897,0.8231634142390285,1.1514353352354612,1.0901091349100192,0.6005731314274172,0.48953600348260196,1442731256.8079998,1227609413.0010002,-0.14910735647534967,19601857995.85408,-18374248582.85308,-0.9373728034729847,,0.0,-0.14910735647534967,0.7820758857844491,-0.9311832422597988,-0.16146931156533384,0.5777789127173101,-0.7392482242826439,158.3990020751953,False,0.0771629976682538,0.030465681337901705,9.296775098984025,4.84308697634881,0.624674674586643,3.3
2019_brumadinho_dam_collapse,BRA_B07,2019-01,VNM_B07,VNM,2019-01,0,0.7999205682789031,11265076.47481176,16647024.016508594,44162877.76749141,2.6528992643787723,18.5730150988637,18408723.883197624,2377797.9790795143,0.7999205682789031,0.27264346680850426,0.5272771014703989,0.5877425220400312,0.24109619076333288,0.3466463312766983,12678068.495,3791149.248,-0.7009679156178119,231958665.85025445,-228167516.60225445,-0.983655927515778,-5157.301597786838,44241.64696906002,-0.7009679156178119,1.0117718156683602,-1.712739731286172,-1.207204220826382,0.6990158297483902,-1.9062200505747722,155.38209533691406,False,0.5184704968287344,0.00554305898941115,8.078164070566023,7.46500685572751,3.62664730027259,1.161
2019_brumadinho_dam_collapse,BRA_B07,2019-01,VNM_B07,VNM,2019-02,1,735.8760453444173,7984837.039920237,-1351991.5606479198,20533798.32664792,,8.63563620934563,8559248.010481238,2377797.9790795143,735.8760453444173,,,6.602381327417872,,,3949678.461,4490226.335,0.13685870364828157,238299633.36962122,-233809407.0346212,-0.9811572251643572,-5284.826019206148,44241.64696906002,0.13685870364828157,0.9590299122627233,-0.8221712086144417,0.1282689053692163,0.6724494039702762,-0.5441804986010599,155.38209533691406,False,0.5184704968287344,0.00554305898941115,8.078164070566023,7.46500685572751,3.62664730027259,1.161
2019_brumadinho_dam_collapse,BRA_B07,2019-01,ARG_C24A,ARG,2019-01,0,-0.04512942661103414,-890555.6515270453,701311473.20043,-648892704.46043,-0.9252560798687817,-404.7829648784101,-233255468.30754417,1603063.2728216376,-0.04512942661103414,0.9948046772273902,-1.0399341038384242,-0.04617947207200146,0.6905461379785329,-0.7367256100505344,423559656.06999993,173672257.32999998,-0.5899697838518929,11563982201.284742,-11390309943.954742,-0.984981621874971,-140.52856228342986,81053344.30862392,-0.5899697838518929,0.9766699488655299,-1.5666397327174229,-0.8915244206800992,0.681413584727288,-1.5729380054073872,114.74310302734375,False,0.11359109371584515,0.02482970920293609,9.371931862380567,-2.61739646282038,42.0336689575031,9.22
2019_brumadinho_dam_collapse,BRA_B07,2019-01,ARG_C24A,ARG,2019-02,1,-0.05396115225603238,-745721.4756103114,726352657.9333965,-689982476.8433964,-0.9499276547104822,-430.41499892198345,-248025882.63637978,1603063.2728216376,-0.05396115225603238,0.9286591264281373,-0.9826202786841697,-0.055471644021285016,0.6568250070394193,-0.7122966510607043,256314710.86,137435586.58,-0.4638014099195898,11890071308.760748,-11752635722.180748,-0.9884411469863317,-144.99877608295418,81053344.30862392,-0.4638014099195898,0.9251050591420897,-1.3889064690616795,-0.6232506792749035,0.654980542350426,-1.2782312216253295,114.74310302734375,False,0.11359109371584515,0.02482970920293609,9.371931862380567,-2.61739646282038,42.0336689575031,9.22
2019_brumadinho_dam_collapse,BRA_B07,2019-01,ARG_C24A,ARG,2019-03,2,-0.3050611927112791,-5931307.16888171,767731710.4113629,-730143549.8013629,-0.9510399790704754,-455.46770497473756,-262462460.23410982,1603063.2728216376,-0.3050611927112791,0.8367260528566692,-1.1417872455679483,-0.36393147624441724,0.6079846665628921,-0.9719161428073093,123387977.05,127370446.13000001,0.03227598972942245,12250478627.636755,-12123108181.506756,-0.989602818795777,-149.56949999923543,81053344.30862392,0.03227598972942245,0.8740987302228286,-0.8418227404934061,0.031766062960784325,0.6281278665742036,-0.5963618036134193,114.74310302734375,False,0.11359109371584515,0.02482970920293609,9.371931862380567,-2.61739646282038,42.0336689575031,9.22
2019_brumadinho_dam_collapse,BRA_B07,2019-01,ARG_C24A,ARG,2019-04,3,-0.30808373702941055,-7791386.88962499,796182018.0843292,-747503136.3843292,-0.9388596067302237,-466.2967139585257,-268702657.52743924,1603063.2728216376,-0.30808373702941055,0.7834039082456997,-1.0914876452751103,-0.36829033162547375,0.5785238451900092,-0.946814176815483,97901575.74,163464202.39,0.6696789725235529,12691298337.481274,-12527834135.091274,-0.9871199779531429,-154.56282824542672,81053344.30862392,0.6696789725235529,0.8188759187389031,-0.14919694621535018,0.5126313718311017,0.5982186831474756,-0.08558731131637387,114.74310302734375,False,0.11359109371584515,0.02482970920293609,9.371931862380567,-2.61739646282038,42.0336689575031,9.22
2019_brumadinho_dam_collapse,BRA_B07,2019-01,ARG_C24A,ARG,2019-05,4,-0.359418578388536,-7104066.676088049,821497909.8722957,-786275269.9322958,-0.9571238836803914,-490.4829916964728,-282639957.3396381,1603063.2728216376,-0.359418578388536,0.7413639712648376,-1.1007825496533736,-0.4453790335665815,0.5546686967730032,-1.0000477303395847,129477234.46999998,103640824.82000001,-0.19954403378909286,13240525829.307281,-13136885004.487282,-0.9921724540130729,-162.07702614301064,81053344.30862392,-0.19954403378909286,0.7591227049072259,-0.9586667386963188,-0.22257375398947232,0.5648152215977937,-0.7873889755872661,114.74310302734375,False,0.11359109371584515,0.02482970920293609,9.371931862380567,-2.61739646282038,42.0336689575031,9.22
2019_brumadinho_dam_collapse,BRA_B07,2019-01,ARG_C24A,ARG,2019-06,5,-0.23200305131376361,-3794307.9648195044,844599053.610262,-809657723.540262,-0.9586296836106525,-505.0690994343224,-291045176.1516462,1603063.2728216376,-0.23200305131376361,0.7067552451108315,-0.9387582964245952,-0.26396951226736576,0.5345940496318065,-0.7985635618991722,141783005.53,130303469.47000001,-0.08096552909912057,13734784837.083284,-13604481367.613285,-0.9905128860032677,-167.84602145239052,81053344.30862392,-0.08096552909912057,0.7123453067894387,-0.7933108358885593,-0.08443164756721444,0.537863955220427,-0.6222956027876414,114.74310302734375,False,0.11359109371584515,0.02482970920293609,9.371931862380567,-2.61739646282038,42.0336689575031,9.22
2019_brumadinho_dam_collapse,BRA_B07,2019-01,ARG_C24A,ARG,2019-07,6,-0.022659766696304828,-318176.8436753095,865772425.6682285,-827595586.3482285,-0.9559043021143414,-516.2588404208981,-297493244.62421113,1603063.2728216376,-0.022659766696304828,0.6777561688617101,-0.700415935558015,-0.022920444078120994,0.5174572861324869,-0.5403777302106079,115186125.09,155070997.34,0.3462645541625451,14219788161.53929,-14064717164.19929,-0.9890947041138471,-173.52420537572846,81053344.30862392,0.3462645541625451,0.6717283059144367,-0.3254637517518916,0.2973337580884774,0.5138580049486343,-0.21652424686015692,114.74310302734375,False,0.11359109371584515,0.02482970920293609,9.371931862380567,-2.61739646282038,42.0336689575031,9.22
2019_brumadinho_dam_collapse,BRA_B07,2019-01,ARG_C24A,ARG,2019-08,7,-0.00685060769950585,-111214.06792637407,897684643.506195,-852832183.586195,-0.9500353935600209,-532.0015735156102,-306564966.75449085,1603063.2728216376,-0.00685060769950585,0.6382835677030877,-0.6451341754025935,-0.006874180681585074,0.4936490879924591,-0.5005232686740442,170114591.95000005,158121427.77,-0.07050050229391878,14752037592.330296,-14593916164.560295,-0.9892813838915236,-180.0532265391982,81053344.30862392,-0.07050050229391878,0.6321713738665606,-0.7026718761604794,-0.0731090117664408,0.4899112594827244,-0.5630202712491652,114.74310302734375,False,0.11359109371584515,0.02482970920293609,9.371931862380567,-2.61739646282038,42.0336689575031,9.22
2019_brumadinho_dam_collapse,BRA_B07,2019-01,ARG_C24A,ARG,2019-09,8,-0.19044888775348914,-2675846.2573002772,929534333.0441614,-897892032.7541615,-0.9659589762689307,-560.1101640696525,-322762492.3967017,1603063.2728216376,-0.19044888775348914,0.6032207544869858,-0.7936696422404749,-0.21127536132439317,0.4720145768387063,-0.6832899381630995,100749965.86,165920105.76000002,0.6468502430120826,15205660037.271301,-15039739931.511301,-0.9890882667800474,-185.55360127084973,81053344.30862392,0.6468502430120826,0.6019596396906874,0.04489060332139516,0.49886451602989723,0.4712276545880201,0.02763686144187716,114.74310302734375,False,0.11359109371584515,0.02482970920293609,9.371931862380567,-2.61739646282038,42.0336689575031,9.22
2019_brumadinho_dam_collapse,BRA_B07,2019-01,ARG_C24A,ARG,2019-10,9,-0.4689346975933044,-9463011.841441903,961707155.6721278,-931894133.7121278,-0.9689998958787366,-581.3208683097399,-334985123.2382455,1603063.2728216376,-0.4689346975933044,0.5715076261119086,-1.040442323705213,-0.6328702695221615,0.45203542940917174,-1.0849056989313333,124201672.53999999,195985572.21,0.5779624235485358,15774485145.977306,-15578499573.767307,-0.987575786442705,-192.20057736852425,81053344.30862392,0.5779624235485358,0.5679253784380845,0.010037045110451226,0.4561344064842636,0.4497533304779253,0.006381076006338304,114.74310302734375,False,0.11359109371584515,0.02482970920293609,9.371931862380567,-2.61739646282038,42.0336689575031,9.22
2019_brumadinho_dam_collapse,BRA_B07,2019-01,ARG_C24A,ARG,2019-11,10,-0.7903641720852094,-16328785.891062448,996160834.0400943,-984112327.5800942,-0.9879050590544347,-613.8948750587401,-353755837.0729383,1603063.2728216376,-0.7903641720852094,0.5410466409100343,-1.3314108129952436,-1.562383340836437,0.4324618219883689,-1.9948451628248058,184362047.13000003,109189663.41000001,-0.40774326869452354,16240378597.593311,-16131188934.183311,-0.9932766552975445,-199.01941211409067,81053344.30862392,-0.40774326869452354,0.5427898223280659,-0.9505330910225895,-0.523815066624806,0.4335923504132104,-0.9574074170380165,114.74310302734375,False,0.11359109371584515,0.02482970920293609,9.371931862380567,-2.61739646282038,42.0336689575031,9.22
2019_brumadinho_dam_collapse,BRA_B07,2019-01,ARG_C24A,ARG,2019-12,11,-0.9933614691611403,-15286576.533814121,1005825057.0492517,-1005540862.3592516,-0.9997174511730362,-627.2621171024306,-361458686.6822787,1603063.2728216376,-0.9933614691611403,0.5330769194538602,-1.5264383886150004,-5.014861103833793,0.4272767738699166,-5.4421378777037095,208679661.43000004,143706824.76,-0.31135203222377605,16757345604.229317,-16613638779.469316,-0.9914242489142355,-204.97166305945572,81053344.30862392,-0.31135203222377605,0.5173810344544635,-0.8287330666782395,-0.37302506848216765,0.41698584510088565,-0.7900109135830533,114.74310302734375,False,0.11359109371584515,0.02482970920293609,9.371931862380567,-2.61739646282038,42.0336689575031,9.22
2014_indonesia_mineral_export_ban,IDN_B07,2014-01,JPN_C24A,JPN,2014-01,0,1.6977445034037237,38783018.70368462,2084453629.2579134,-1980957472.7799134,-0.9503485445656829,-110.05136451401658,-1179562679.6321568,18000299.056061324,1.6977445034037237,1.0028719438522005,0.6948725595515233,0.9924160383813962,0.6945821219831778,0.29783391639821843,4971189964.336,4234389478.5959997,-0.14821410789487197,140691688472.3267,-136457298993.7307,-0.9699030587764331,,0.0,-0.14821410789487197,1.0081090730783937,-1.1563231809732657,-0.16042008404513552,0.6971935196092254,-0.8576136036543609,1067.8970947265625,False,0.3425539937153633,0.005022542682248939,10.61887673310568,2.00510017681211,-0.354375054368859,4.038
2014_indonesia_mineral_export_ban,IDN_B07,2014-01,JPN_C24A,JPN,2014-02,1,-0.4689214337578559,-32113733.921770565,2208699031.645111,-2147618385.385111,-0.972345419006905,-119.31015027563852,-1278801050.6541522,18000299.056061324,-0.4689214337578559,0.8959151992128016,-1.3648366329706576,-0.6328453019832132,0.6397016762733685,-1.2725469782565817,5251501762.841999,4715411851.2,-0.10208316322679457,147088699640.54584,-142373287789.34583,-0.9679417122952103,,0.0,-0.10208316322679457,0.9237644840408354,-1.0258476472676301,-0.10767782433076079,0.6542839352023897,-0.7619617595331505,1067.8970947265625,False,0.3425539937153633,0.005022542682248939,10.61887673310568,2.00510017681211,-0.354375054368859,4.038
2014_indonesia_mineral_export_ban,IDN_B07,2014-01,JPN_C24A,JPN,2014-05,4,-0.9999586915561423,-74059220.8355498,2482962950.0527105,-2482957812.1007104,-0.9999979307174116,-137.93980890915324,-1478479175.0956001,18000299.056061324,-0.9999586915561423,0.7251883381793256,-1.7251470297354679,-10.094249024033187,0.5453362257846166,-10.639585249817804,4946612453.731001,4842026457.6640005,-0.021142953292837004,164859617896.79922,-160017591439.13522,-0.9706293965773045,,0.0,-0.021142953292837004,0.7495503864339632,-0.7706933397268002,-0.021369666815850508,0.5593588328830208,-0.5807284996988713,1067.8970947265625,False,0.3425539937153633,0.005022542682248939,10.61887673310568,2.00510017681211,-0.354375054368859,4.038
2014_indonesia_mineral_export_ban,IDN_B07,2014-01,JPN_C24A,JPN,2014-09,8,-0.42129405786097374,-31075480.53517686,2796812157.438993,-2725124466.838993,-0.9743680710163805,-151.39328843102467,-1622677499.4441714,18000299.056061324,-0.42129405786097374,0.5953606220626585,-1.0166546799236322,-0.5469607964963075,0.46709980580532573,-1.0140606023016332,4608794809.339001,4929048690.749999,0.06948755469912742,188270708805.77774,-183341660115.02774,-0.9738193544709344,,0.0,0.06948755469912742,0.6003862124902881,-0.5308986577911607,0.06717961289856333,0.4702449829208355,-0.40306537002227216,1067.8970947265625,False,0.3425539937153633,0.005022542682248939,10.61887673310568,2.00510017681211,-0.354375054368859,4.038
2014_indonesia_mineral_export_ban,IDN_B07,2014-01,JPN_C24A,JPN,2014-11,10,1.2574309696538082,67801022.64161459,2944724179.996888,-2740305443.551888,-0.9305813638392387,-152.2366620141865,-1631717023.9251118,18000299.056061324,1.2574309696538082,0.5490371821431311,0.708393787510677,0.8142274214637872,0.4376335649260632,0.37659385653772404,4295933044.028999,4123355361.86,-0.040172339838691916,199783171161.87952,-195659815800.01953,-0.9793608473732809,,0.0,-0.040172339838691916,0.5468689901638678,-0.5870413300025598,-0.04100153129158102,0.43623288161804297,-0.477234412909624,1067.8970947265625,False,0.3425539937153633,0.005022542682248939,10.61887673310568,2.00510017681211,-0.354375054368859,4.038
2014_indonesia_mineral_export_ban,IDN_B07,2014-01,KOR_C24A,KOR,2014-01,0,1.4603304713834238,21450118.559297826,25163236.0,47929573.0,1.9047459953083936,,23697411.093054082,0.0,1.4603304713834238,0.0,1.4603304713834238,0.9002956589033495,0.0,0.9002956589033495,3378438108.0,3176878784.0,-0.05966050510817882,3245879853.0,-69001069.0,-0.021258047779010015,,0.0,-0.05966050510817882,0.0,-0.05966050510817882,-0.06151430412507253,0.0,-0.06151430412507253,167.35040283203125,False,0.11947372713425744,0.002351200794655692,10.255916061987897,3.2913959543442,1.07703832086861,2.747
2014_indonesia_mineral_export_ban,IDN_B07,2014-01,KOR_C24A,KOR,2014-02,1,-0.9999947294965406,-10600379.033801952,25163236.0,-25163123.0,-0.9999955093216151,,-12441188.869262079,0.0,-0.9999947294965406,0.0,-0.9999947294965406,-12.144574083825464,0.0,-12.144574083825464,3214628770.0,3130827267.0,-0.026068796429019703,3245879853.0,-115052586.0,-0.03544573157680584,,0.0,-0.026068796429019703,0.0,-0.026068796429019703,-0.026414610709899478,0.0,-0.026414610709899478,167.35040283203125,False,0.11947372713425744,0.002351200794655692,10.255916061987897,3.2913959543442,1.07703832086861,2.747
2014_indonesia_mineral_export_ban,IDN_B07,2014-01,KOR_C24A,KOR,2014-04,3,-0.9999994611766643,-20187074.849169344,25163236.0,-25163214.0,-0.999999125708633,,-12441233.86161804,0.0,-0.9999994611766643,0.0,-0.9999994611766643,-14.389426344720764,0.0,-14.389426344720764,3240046981.0,3543026601.0,0.0935108724585497,3245879853.0,297146748.0,0.09154582469383842,,0.0,0.0935108724585497,0.0,0.0935108724585497,0.0893935038650362,0.0,0.0893935038650362,167.35040283203125,False,0.11947372713425744,0.002351200794655692,10.255916061987897,3.2913959543442,1.07703832086861,2.747
2014_indonesia_mineral_export_ban,IDN_B07,2014-01,KOR_C24A,KOR,2014-10,9,0.47224719340978355,15072233.07312435,25163236.0,69873521.0,2.7768098268442105,,34546970.64912611,0.0,0.47224719340978355,0.0,0.47224719340978355,0.38678993154442765,0.0,0.38678993154442765,3294588967.0,3576835237.0,0.0856696458426524,3245879853.0,330955384.0,0.10196168650361934,,0.0,0.0856696458426524,0.0,0.0856696458426524,0.08219698169650513,0.0,0.08219698169650513,167.35040283203125,False,0.11947372713425744,0.002351200794655692,10.255916061987897,3.2913959543442,1.07703832086861,2.747
2014_indonesia_mineral_export_ban,IDN_B07,2014-01,ESP_C24B,ESP,2014-01,0,-0.7003667680227806,-20339315.74586021,76687250.351,-54226014.383999996,-0.7071059939664781,,-21007521.698814563,0.0,-0.7003667680227806,0.0,-0.7003667680227806,-1.2051960811569735,0.0,-1.2051960811569735,1671261773.2159998,1723550325.891,0.03128687169956722,41844271105.17628,-40120720779.28528,-0.9588103632738918,,0.0,0.03128687169956722,1.0045415809279414,-0.9732547092283742,0.030807412384767474,0.6954153966517111,-0.6646079842669437,88.76270294189453,False,0.055913343672025315,0.007449638072731752,10.282945608684807,-1.42732224757626,0.438175032697188,26.094
2014_indonesia_mineral_export_ban,IDN_B07,2014-01,MYS_C24A,MYS,2014-01,0,5.418858361127218,949072.7095976196,10788890.502038509,-7701548.598038509,-0.7138406490068037,-21.474120763344306,-2804418.422021127,358643.25636022433,5.418858361127218,0.9650734182608167,4.453784942866402,1.8592385213358806,0.6755295181551979,1.1837090031806827,664306061.1459999,806121583.7609999,0.2134791941689541,14340232523.009087,-13534110939.248087,-0.9437860172443112,,0.0,0.2134791941689541,0.9974752100846698,-0.7839960159157157,0.19349160046488834,0.6918839880409706,-0.4983923875760823,33.14400100708008,False,0.08797276389288619,0.008554489509251664,9.279366380877141,4.69372252557893,0.17447448132144,3.16
2014_indonesia_mineral_export_ban,IDN_B07,2014-01,MYS_C24A,MYS,2014-02,1,2.9141808514692316,606744.1939944148,11269261.384939393,-9031234.671939394,-0.801404312443141,-25.181665936214745,-3288606.2543360875,358643.25636022433,2.9141808514692316,0.8874286634419943,2.0267521880272374,1.3646047720899794,0.6352153284761943,0.7293894436137851,555285694.2679999,768880702.796,0.3846578630295342,14913405772.611628,-14144525069.815628,-0.9484436543523784,,0.0,0.3846578630295342,0.9237264854596074,-0.5390686224300733,0.3254530783184215,0.6542641827514544,-0.32881110443303285,33.14400100708008,False,0.08797276389288619,0.008554489509251664,9.279366380877141,4.69372252557893,0.17447448132144,3.16
2014_indonesia_mineral_export_ban,IDN_B07,2014-01,AUS_C24B,AUS,2014-01,0,-0.6227725558830366,-1062408.9736834618,78222162.22350988,-77424151.33050987,-0.9897981483723272,-60.3970942148751,-62435727.9282402,1281918.4819563918,-0.6227725558830366,0.9144759930476917,-1.5372485489307284,-0.9749061929960323,0.649443940624284,-1.6243501336203163,2117049788.0340002,1962612618.178,-0.07294923847748445,61062034007.17273,-59099421388.99473,-0.9678587087690617,-417.7699066771864,141464046.22356212,-0.07294923847748445,1.0045288319748904,-1.0774780704523748,-0.07574695595436154,0.6954090366048185,-0.77115599255918,32.769500732421875,False,0.13483694197370766,0.0013496908437394101,11.1342631149376,2.65445302592404,-0.13127264372919,5.663
2014_indonesia_mineral_export_ban,IDN_B07,2014-01,DEU_C23,DEU,2014-01,0,205.5772875165795,7085285.112796032,243275584.95209816,-215325456.08709815,-0.8851091905893331,-24.307586354449036,-54849962.03764318,8858364.337259136,205.5772875165795,1.0415542950575232,204.53573322152198,5.330667260947189,0.7137114228110946,4.616955838136095,2069872625.0449998,2292670550.691,0.1076384715417725,49364484040.20089,-47071813489.50989,-0.9535562744092712,,0.0,0.1076384715417725,1.0021321360684214,-0.8944936645266489,0.1022302458120059,0.6942126807268707,-0.5919824349148648,18.798500061035156,False,0.047608096752747645,0.0005224939798890105,10.762315161004778,0.396995583779145,1.99569888138804,5.316
2014_indonesia_mineral_export_ban,IDN_B07,2014-01,DEU_C23,DEU,2014-03,2,-0.9998127429410739,-18800.254709411536,264860014.08330026,-264860000.26030025,-0.9999999478101665,-29.89942501532405,-67467921.45974278,8858364.337259136,-0.9998127429410739,0.8818247484317571,-1.8816374913728309,-8.513195628041347,0.6322419136422646,-9.145437541683611,2162821229.4469995,2411785170.574,0.11511073487597337,53676973006.85634,-51265187836.28234,-0.9550685324549517,,0.0,0.11511073487597337,0.8529462332030429,-0.7378354983270695,0.10895371372317442,0.6167769307859707,-0.5078232170627963,18.798500061035156,False,0.047608096752747645,0.0005224939798890105,10.762315161004778,0.396995583779145,1.99569888138804,5.316
2014_indonesia_mineral_export_ban,IDN_B07,2014-01,DEU_C23,DEU,2014-04,3,1.480673199720431,16226.6994322769,275652173.6609013,-275545450.2799013,-0.999612833160056,-31.10568043819676,-70189831.53289817,8858364.337259136,1.480673199720431,0.819023604468957,0.661649595251474,0.9085161011324896,0.5982998730990161,0.3102162280334735,2231832932.042,2470832836.934,0.10708682601673455,55660661875.792564,-53189829038.85857,-0.9556089928925443,,0.0,0.10708682601673455,0.7982818311337602,-0.6911950051170256,0.10173208422685676,0.5868316707669976,-0.48509958654014085,18.798500061035156,False,0.047608096752747645,0.0005224939798890105,10.762315161004778,0.396995583779145,1.99569888138804,5.316
2021_texas_winter_storm_uri,USA_C20,2021-02,CHN_C20,CHN,2021-02,0,0.47199443412614217,140509131.7337525,27461928098.34724,-26088982637.34724,-0.9500054964792283,,-8326791662.9295025,0.0,0.1513955445703305,1.0119382705515425,-0.860542725981212,0.14097472356593244,0.6990985710895963,-0.5581238475236638,8951090236.0,11831062056.0,0.32174536777845975,264449930295.81256,-252618868239.81256,-0.9552616177937131,,0.0,1.0245874695360522,1.0297823810298694,-0.005194911493817234,0.7053659609707879,0.7079285858401967,-0.002562624869408836,3281.202880859375,False,0.2233349114629942,0.0032362153501831383,9.244152345041725,6.06850235053705,1.31550650702985,4.56
2021_texas_winter_storm_uri,USA_C20,2021-02,CHN_C20,CHN,2021-03,1,0.40216970895206633,171824468.25120938,28900869211.541687,-27023906358.541687,-0.9350551417930909,,-8625190230.452507,0.0,0.34827934589923376,0.915432562013913,-0.5671532161146793,0.29882922073098683,0.649943478040889,-0.3511142573099022,13380855171.0,17149320835.0,0.28163115255647514,282457793058.75,-265308472223.75,-0.9392853684464177,,0.0,0.13513987137740072,0.9047312092438691,-0.7695913378664684,0.1267558780264615,0.644340901110489,-0.5175850230840275,3281.202880859375,False,0.2233349114629942,0.0032362153501831383,9.244152345041725,6.06850235053705,1.31550650702985,4.56
2021_texas_winter_storm_uri,USA_C20,2021-02,MEX_C20,MEX,2021-02,0,0.02326098969365118,8077467.712020948,43561310679.28474,-41792872914.28474,-0.959403476676358,,-8397420578.872018,0.0,0.023860550146517345,1.0014600199692087,-0.9775994698226914,0.023580335832740218,0.69387692419388,-0.6702965883611398,665504634.0,657572125.0,-0.011919539842002062,16749750751.388884,-16092178626.388884,-0.9607413784980965,,0.0,-0.007442675131820816,1.0042683628873013,-1.011711038019122,-0.00747051002382193,0.69527908781345,-0.702749597837272,2527.405517578125,False,0.08099985678749758,0.08744501760407486,9.246725854131645,-0.392690505066824,4.31901022798927,3.477
2021_texas_winter_storm_uri,USA_C20,2021-02,MEX_C20,MEX,2021-03,1,0.22590750791095543,81216148.94407448,45475521012.41669,-43282081038.41669,-0.9517665784763389,,-8696646405.568768,0.0,0.19264441744901203,0.9205019150552196,-0.7278574976062075,0.17617304113898768,0.652586565947999,-0.47641352480901134,733990910.0,866674198.0,0.18076966103027078,17518762358.79166,-16652088160.79166,-0.9505287999089121,,0.0,0.1817733000697766,0.9196431529240442,-0.7378698528542675,0.1670161068682532,0.6521393108614255,-0.4851232039931723,2527.405517578125,False,0.08099985678749758,0.08744501760407486,9.246725854131645,-0.392690505066824,4.31901022798927,3.477
2021_texas_winter_storm_uri,USA_C20,2021-02,CAN_C20,CAN,2021-02,0,0.04934750472387003,19170685.116145913,45102734927.393295,-43271211567.697296,-0.9593921884638614,,-9631154814.241379,0.0,0.05597760743846736,1.0055213677345252,-0.9495437602960578,0.05446697995146721,0.6959040607161207,-0.6414370807646534,2300760219.16,2690268566.8339996,0.16929549825761853,58384025017.67631,-55693756450.84231,-0.9539211528150124,,0.0,0.12287747613052069,1.0038997080015704,-0.8810222318710497,0.11589456568935574,0.695095136045687,-0.5792005703563312,2280.567138671875,False,0.053661439017135694,0.099309310857042,10.744060048513347,1.90843194590616,1.54607073393581,5.69
2021_texas_winter_storm_uri,USA_C20,2021-02,CAN_C20,CAN,2021-03,1,0.2207927818530369,96929844.1700831,47270240026.011856,-44862357542.43486,-0.9490613442569366,,-9985306516.020733,0.0,0.16582601365996277,0.9171289623458502,-0.7513029486858874,0.15342986031043182,0.6508287347839108,-0.49739887447347897,2737697264.8090005,3337695020.7070003,0.2191614696082401,61129067393.80572,-57791372373.09872,-0.9453992157412626,,0.0,0.29166414329578055,0.9174591176840554,-0.6257949743882749,0.25593142047044637,0.6510009333828464,-0.3950695129124,2280.567138671875,False,0.053661439017135694,0.099309310857042,10.744060048513347,1.90843194590616,1.54607073393581,5.69
2021_texas_winter_storm_uri,USA_C20,2021-02,KOR_C20,KOR,2021-02,0,-0.006146684745155116,-1363896.2515820474,14136861994.200638,-13587838934.200638,-0.9611637250031,-1153.7312361709148,-5457861257.965767,11777300.040256277,0.0081242292396865,1.0042460833588465,-0.99612185411916,0.008091405333889412,0.6952679717000052,-0.6871765663661158,5507349646.0,6466571506.0,0.17417122965793264,134717948331.88196,-128251376825.88196,-0.9519991835826552,,0.0,0.22323996471560825,1.0024732476843896,-0.7792332829687814,0.20150304733033408,0.6943830404052171,-0.49287999307488306,1168.8553466796875,False,0.11968066348148802,0.008797401627651238,10.429042495227343,2.31380210595475,-0.624210765169693,3.746
2021_texas_winter_storm_uri,USA_C20,2021-02,KOR_C20,KOR,2021-03,1,0.10682809446027773,25402094.766553894,14800717807.302881,-14145490297.302881,-0.9557300180619144,-1201.0809140424235,-5681854476.082801,11777300.040256277,0.08208153643762942,0.917859191427308,-0.8357776549896786,0.078886534611037,0.6512095594327967,-0.5723230248217597,5930109554.0,7963101200.0,0.3428253099689699,140863606786.95834,-132900505586.95834,-0.9434694213669867,,0.0,0.35154190569136645,0.9185623576745252,-0.5670204519831588,0.30124609301038063,0.6515761335188479,-0.3503300405084673,1168.8553466796875,False,0.11968066348148802,0.008797401627651238,10.429042495227343,2.31380210595475,-0.624210765169693,3.746
2021_texas_winter_storm_uri,USA_C20,2021-02,JPN_C20,JPN,2021-02,0,-0.22073829321796154,-52528210.89467359,17679482710.646854,-17112235232.309855,-0.9679149278504967,,-5594128419.60555,0.0,-0.22879695659581192,0.9980677088226783,-1.2268646654184903,-0.2598035889673831,0.6921805678953525,-0.9519841568627356,5773686183.399,6284497714.259,0.08847234065625682,139471794839.87125,-133187297125.61224,-0.9549407267507076,,0.0,0.07296606641445468,0.9994786162898748,-0.9265125498754201,0.07042683817364193,0.6928864547116866,-0.6224596165380447,1155.3016357421875,False,0.14548689184125171,0.008304063570809442,10.607004697795462,-0.402169200894946,0.634803165679926,2.351
2021_texas_winter_storm_uri,USA_C20,2021-02,JPN_C20,JPN,2021-03,1,-0.06343603290752722,-14393692.842174655,18394275678.8137,-17744223872.1467,-0.9646601030658836,,-5800730629.251656,0.0,-0.09537252297409621,0.9234671040229436,-1.01883962699704,-0.10023204747307446,0.6541293408681703,-0.7543613883412448,6558249255.659,7315791548.951,0.11550983559191953,145882072572.39307,-138566281023.44208,-0.9498513325184589,,0.0,0.1684344856181375,0.9153587528467878,-0.7469242672286502,0.1556648063228927,0.6499049433819017,-0.49424013705900904,1155.3016357421875,False,0.14548689184125171,0.008304063570809442,10.607004697795462,-0.402169200894946,0.634803165679926,2.351
2021_texas_winter_storm_uri,USA_C20,2021-02,JPN_C20,JPN,2021-04,2,-0.02091592253950743,-4588929.50152259,19176885600.06855,-18519789849.57255,-0.9657350122329744,,-6054269434.480637,0.0,-0.2048397087880895,0.8536105444985866,-1.0584502532866762,-0.2292115601735638,0.6171353827344781,-0.8463469429080419,6308056949.038,7630751500.200001,0.20968335603940863,151411061545.5664,-143780310045.3664,-0.9496024172718479,,0.0,0.2851935470844305,0.8534074612517825,-0.5682139141673519,0.25090932726687853,0.6170258158671835,-0.366116488600305,1155.3016357421875,False,0.14548689184125171,0.008304063570809442,10.607004697795462,-0.402169200894946,0.634803165679926,2.351
2021_texas_winter_storm_uri,USA_C20,2021-02,JPN_C20,JPN,2021-05,3,-0.07966617250739272,-19645136.856218684,19869146544.926895,-19174920662.625896,-0.9650601055897767,,-6268437008.155715,0.0,0.07246196789899381,0.8000751478086773,-0.7276131799096834,0.06995690992045667,0.5878284127729927,-0.517871502852536,5379795678.18,6657874590.756999,0.23757015861416067,156143950764.02823,-149486076173.27124,-0.9573606626566106,,0.0,0.41670595912036684,0.8066730079024803,-0.38996704878211347,0.3483344296706683,0.5914870366812437,-0.2431526070105754,1155.3016357421875,False,0.14548689184125171,0.008304063570809442,10.607004697795462,-0.402169200894946,0.634803165679926,2.351
2021_texas_winter_storm_uri,USA_C20,2021-02,JPN_C20,JPN,2021-06,4,0.23204905342314697,49365710.11434671,20576065952.01924,-19774299469.95624,-0.9610340244858946,,-6464378799.200355,0.0,0.1715990227071468,0.7519189324902398,-0.580319909783093,0.15836950160474927,0.5607117199974212,-0.4023422183926719,5997448008.493,7064219282.449001,0.177870866482768,162365449133.63055,-155301229851.18155,-0.9564918563638808,,0.0,0.4437509093068957,0.752503148839871,-0.3087522395329753,0.3672445250479086,0.5610451366906126,-0.193800611642704,1155.3016357421875,False,0.14548689184125171,0.008304063570809442,10.607004697795462,-0.402169200894946,0.634803165679926,2.351
2021_texas_winter_storm_uri,USA_C20,2021-02,BRA_A01,BRA,2021-02,0,-0.027330744613554253,-4747758.097287549,18806728776.50366,-18227424815.50366,-0.9691969843408516,-233.02103860108082,-5316442551.76917,78222228.02254352,-0.03263184988277625,1.0068110536458434,-1.0394429035286197,-0.03317614225729315,0.6965469216546545,-0.7297230639119476,3179860798.0,2373379059.0,-0.2536217118394753,91521593334.08446,-89148214275.08446,-0.9740675509184333,-244.5437382529361,364549159.63898784,-0.14142128915248425,1.0282999776270474,-1.1697212667795316,-0.15247691863223523,0.7071979927409728,-0.8596749113732081,982.8328247070312,False,0.11728998667506413,0.012966550283066718,9.108399895091848,1.22077782271943,4.22425886378237,11.936
2021_texas_winter_storm_uri,USA_C20,2021-02,BRA_A01,BRA,2021-03,1,0.32822897436773335,54024743.323699996,19659704848.09385,-18910168089.09385,-0.9618744653192149,-241.74929003101226,-5515580138.586246,78222228.02254352,0.14553437396815264,0.9228175111728365,-0.7772831372046839,0.1358712300960505,0.6537915640705592,-0.5179203339745087,4220470789.0,6442079326.0,0.5263887959585638,97233762326.54533,-90791683000.54533,-0.9337464768218552,-249.05196075738075,364549159.63898784,0.330873249451994,0.9127519750771954,-0.5818787256252014,0.28583530526424994,0.6485430297050279,-0.3627077244407779,982.8328247070312,False,0.11728998667506413,0.012966550283066718,9.108399895091848,1.22077782271943,4.22425886378237,11.936
2021_texas_winter_storm_uri,USA_C20,2021-02,NLD_C20,NLD,2021-02,0,0.14335255477849787,31053319.6570578,8901303876.89772,-8483777291.64972,-0.9530937724380312,,-5032547571.633179,0.0,0.022813986929961793,1.0004841810187468,-0.977670194088785,0.022557639423592235,0.6933892416577407,-0.6708316022341485,5918939146.184,6765027552.476999,0.14294595456999773,133411814596.2678,-126646787043.7908,-0.9492921404828395,,0.0,0.2679487794419375,0.9984733244110193,-0.7305245449690818,0.23740046039765517,0.69238355126733,-0.4549830908696748,789.6807250976562,False,0.06688944387000234,0.015285312672786211,10.888481261199246,2.30009157916757,3.02788370008784,3.379
2021_texas_winter_storm_uri,USA_C20,2021-02,NLD_C20,NLD,2021-03,1,0.17065183768807024,38414944.76082236,9335623758.434916,-8891383037.497915,-0.952414457519711,,-5274337901.097754,0.0,-0.15822602447888084,0.9115121198310961,-1.069738144309977,-0.172243738042841,0.6478946145184636,-0.8201383525613046,5981626339.634,7546011536.971001,0.26153174881076263,139289589750.437,-131743578213.466,-0.9458250142706925,,0.0,0.2773855538272594,0.9176743879988707,-0.6402888341716113,0.24481545300069385,0.6511131956187626,-0.4062977426180687,789.6807250976562,False,0.06688944387000234,0.015285312672786211,10.888481261199246,2.30009157916757,3.02788370008784,3.379