shock_event,shock_node,shock_date,target_node,target_country,observation_date,months_after_shock,shock_yoy_change,shock_value,shock_expected,shock_dev_abs,shock_dev_pct,shock_dev_z,shock_dev_abs_weighted,shock_resid_std,shock_yoy_actual,shock_yoy_expected,shock_yoy_dev,shock_logyoy_actual,shock_logyoy_expected,shock_logyoy_dev,export_baseline,export_observed,yoy_change,prop_expected,prop_dev_abs,prop_dev_pct,prop_dev_z,prop_resid_std,prop_yoy_actual,prop_yoy_expected,prop_yoy_dev,prop_logyoy_actual,prop_logyoy_expected,prop_logyoy_dev,icio_edge_value,is_domestic,supplier_hhi,shocked_supplier_share,target_log_gdp_per_capita,target_gdp_growth,target_inflation,target_unemployment_rate
2011_japan_earthquake,JPN_C29,2011-03,USA_C29,USA,2011-04,1,-0.3642335597660213,-739356270.4285493,3844652464.0,-1646773351.0,-0.4283282732106004,,-966944238.554232,0.0,-0.3642335597660213,0.0,-0.3642335597660213,-0.4529240152591143,0.0,-0.4529240152591143,10650365373.0,12523754614.0,0.1758990584256644,10816296544.0,1707458070.0,0.1578597686420828,,0.0,0.1758990584256644,0.0,0.1758990584256644,0.162033011106331,0.0,0.162033011106331,7684.94287109375,False,0.0893258770917755,0.0215174895371092,10.792275733004598,2.69519257744442,1.21525703756249,9.633
2011_japan_earthquake,JPN_C29,2011-03,USA_C29,USA,2011-05,2,-0.4127756698933908,-841085278.2082642,3844652464.0,-1806848597.0,-0.469964090101435,,-1060936430.4735748,0.0,-0.4127756698933908,0.0,-0.4127756698933908,-0.5323483682323804,0.0,-0.5323483682323804,10776034810.0,12715418495.0,0.1799719209518774,10816296544.0,1899121951.0,0.1755796860112418,,0.0,0.1799719209518774,0.0,0.1799719209518774,0.1654906423768025,0.0,0.1654906423768025,7684.94287109375,False,0.0893258770917755,0.0215174895371092,10.792275733004598,2.69519257744442,1.21525703756249,9.633
2011_japan_earthquake,JPN_C29,2011-03,USA_C29,USA,2011-06,3,-0.3174811478339236,-782595912.1905457,3844652464.0,-979374991.0,-0.2547369366075425,,-575064567.5414218,0.0,-0.3174811478339236,0.0,-0.3174811478339236,-0.3819651299723468,0.0,-0.3819651299723468,10799940009.0,12380200654.0,0.1463212428664519,10816296544.0,1563904110.0,0.1445877619606802,,0.0,0.1463212428664519,0.0,0.1463212428664519,0.1365578956367557,0.0,0.1365578956367557,7684.94287109375,False,0.0893258770917755,0.0215174895371092,10.792275733004598,2.69519257744442,1.21525703756249,9.633
2011_japan_earthquake,JPN_C29,2011-03,USA_C29,USA,2011-07,4,-0.0267364823617679,-63788201.089662395,3844652464.0,109914477.0,0.0285889239740656,,64539039.45209741,0.0,-0.0267364823617679,0.0,-0.0267364823617679,-0.0271004034076405,0.0,-0.0271004034076405,8778806945.0,11261143485.0,0.2827646803890389,10816296544.0,444846941.0,0.041127472715859,,0.0,0.2827646803890389,0.0,0.2827646803890389,0.2490176552155567,0.0,0.2490176552155567,7684.94287109375,False,0.0893258770917755,0.0215174895371092,10.792275733004598,2.69519257744442,1.21525703756249,9.633
2011_japan_earthquake,JPN_C29,2011-03,CHN_C29,CHN,2011-04,1,-0.212266926243698,-262019936.51255628,1585852004.0,-135589232.0,-0.0854992973228288,,-90909566.75964922,0.0,-0.212266926243698,0.0,-0.212266926243698,-0.2385959852508108,0.0,-0.2385959852508108,5365551767.0,7745080412.0,0.4434825621541711,4431386115.0,3313694297.0,0.7477782822361893,,0.0,0.4434825621541711,0.0,0.4434825621541711,0.3670586397371949,0.0,0.3670586397371949,3854.80810546875,False,0.1420345497811106,0.0079407038392692,8.440365173125944,10.5962719761682,6.92845731295996,4.53
2011_japan_earthquake,JPN_C29,2011-03,CHN_C29,CHN,2011-05,2,-0.1211919124250194,-119027734.53693178,1585852004.0,-298538910.0,-0.1882514315629669,,-200163704.5115641,0.0,-0.1211919124250194,0.0,-0.1211919124250194,-0.1291887354442593,0.0,-0.1291887354442593,5820057537.0,7493523252.0,0.2875342218459583,4431386115.0,3062137137.0,0.6910111323034643,,0.0,0.2875342218459583,0.0,0.2875342218459583,0.2527289332386715,0.0,0.2527289332386715,3854.80810546875,False,0.1420345497811106,0.0079407038392692,8.440365173125944,10.5962719761682,6.92845731295996,4.53
2011_japan_earthquake,JPN_C29,2011-03,CHN_C29,CHN,2011-06,3,-0.0233967093977387,-26972881.777031235,1585852004.0,93363224.0,0.0588725957810121,,62597966.814386,0.0,-0.0233967093977387,0.0,-0.0233967093977387,-0.0236747578989913,0.0,-0.0236747578989913,6223336828.0,7594672813.0,0.2203538106486689,4431386115.0,3163286698.0,0.7138368483153493,,0.0,0.2203538106486689,0.0,0.2203538106486689,0.1991408254001676,0.0,0.1991408254001676,3854.80810546875,False,0.1420345497811106,0.0079407038392692,8.440365173125944,10.5962719761682,6.92845731295996,4.53
2011_japan_earthquake,JPN_C29,2011-03,USA_G,USA,2011-04,1,-0.3642335597660213,-168631412.0801621,3844652464.0,-1646773351.0,-0.4283282732106004,,-220539378.47266147,0.0,-0.3642335597660213,0.0,-0.3642335597660213,-0.4529240152591143,0.0,-0.4529240152591143,102137719916.0,123752794272.0,0.2116267562441833,109745138312.0,14007655960.0,0.127638054636889,,0.0,0.2116267562441833,0.0,0.2116267562441833,0.1919638833227139,0.0,0.1919638833227139,1752.771728515625,False,0.0950629042010858,0.0017079360019392,10.792275733004598,2.69519257744442,1.21525703756249,9.633
2011_japan_earthquake,JPN_C29,2011-03,USA_G,USA,2011-05,2,-0.4127756698933908,-191833631.2504463,3844652464.0,-1806848597.0,-0.469964090101435,,-241976994.79081523,0.0,-0.4127756698933908,0.0,-0.4127756698933908,-0.5323483682323804,0.0,-0.5323483682323804,105311563308.0,123812686212.0,0.1756798809442283,109745138312.0,14067547900.0,0.1281837912492001,,0.0,0.1756798809442283,0.0,0.1756798809442283,0.1618466023376861,0.0,0.1618466023376861,1752.771728515625,False,0.0950629042010858,0.0017079360019392,10.792275733004598,2.69519257744442,1.21525703756249,9.633
2011_japan_earthquake,JPN_C29,2011-03,USA_G,USA,2011-06,3,-0.3174811478339236,-178493453.07420063,3844652464.0,-979374991.0,-0.2547369366075425,,-131159975.15726644,0.0,-0.3174811478339236,0.0,-0.3174811478339236,-0.3819651299723468,0.0,-0.3819651299723468,106917060044.0,122880455194.0,0.1493063421630797,109745138312.0,13135316882.0,0.1196892826783537,,0.0,0.1493063421630797,0.0,0.1493063421630797,0.139158579659508,0.0,0.139158579659508,1752.771728515625,False,0.0950629042010858,0.0017079360019392,10.792275733004598,2.69519257744442,1.21525703756249,9.633
2011_japan_earthquake,JPN_C29,2011-03,USA_G,USA,2011-07,4,-0.0267364823617679,-14548729.55573672,3844652464.0,109914477.0,0.0285889239740656,,14719979.78835865,0.0,-0.0267364823617679,0.0,-0.0267364823617679,-0.0271004034076405,0.0,-0.0271004034076405,104004950680.0,120429505660.0,0.1579208958094186,109745138312.0,10684367348.0,0.097356179165084,,0.0,0.1579208958094186,0.0,0.1579208958094186,0.146626065770782,0.0,0.146626065770782,1752.771728515625,False,0.0950629042010858,0.0017079360019392,10.792275733004598,2.69519257744442,1.21525703756249,9.633
2011_japan_earthquake,JPN_C29,2011-03,CAN_C29,CAN,2011-03,0,-0.0167458358096258,-7620468.73080756,582693616.765,-35761124.89099991,-0.0613720896575778,,-29256212.23982192,0.0,-0.0167458358096258,0.0,-0.0167458358096258,-0.0168876325197864,0.0,-0.0168876325197864,4973685605.948001,5397587540.88,0.0852289365506049,4505164840.376,892422700.5039997,0.1980888007706102,,0.0,0.0852289365506049,0.0,0.0852289365506049,0.0817909661480911,0.0,0.0817909661480911,1158.798583984375,False,0.0795924270090925,0.0239745565635986,10.76978239226268,3.09080634469335,2.84863779561802,8.178
2011_japan_earthquake,JPN_C29,2011-03,CAN_C29,CAN,2011-04,1,-0.5331769719875231,-222812351.55235067,582693616.765,-344234888.737,-0.5907648184789189,,-281618908.6875103,0.0,-0.5331769719875231,0.0,-0.5331769719875231,-0.7618050459043069,0.0,-0.7618050459043069,4607919081.815,4870502424.465,0.0569852330276972,4505164840.376,365337584.08899975,0.0810930558666325,,0.0,0.0569852330276972,0.0,0.0569852330276972,0.0554207361333034,0.0,0.0554207361333034,1158.798583984375,False,0.0795924270090925,0.0239745565635986,10.76978239226268,3.09080634469335,2.84863779561802,8.178
2011_japan_earthquake,JPN_C29,2011-03,CAN_C29,CAN,2011-05,2,-0.2608328108551719,-90909517.45228475,582693616.765,-267786203.028,-0.4595660486461069,,-219076162.02126,0.0,-0.2608328108551719,0.0,-0.2608328108551719,-0.302231145790909,0.0,-0.302231145790909,4741371939.601,4789176565.07,0.0100824457726517,4505164840.376,284011724.6939993,0.0630413613612184,,0.0,0.0100824457726517,0.0,0.0100824457726517,0.0100319569974303,0.0,0.0100319569974303,1158.798583984375,False,0.0795924270090925,0.0239745565635986,10.76978239226268,3.09080634469335,2.84863779561802,8.178
2011_japan_earthquake,JPN_C29,2011-03,CAN_C29,CAN,2011-06,3,-0.4447127466090299,-215731309.71713075,582693616.765,-253429517.857,-0.4349275683917574,,-207330943.44373176,0.0,-0.4447127466090299,0.0,-0.4447127466090299,-0.5882697241027124,0.0,-0.5882697241027124,5207503756.669,4823614062.493,-0.0737185630801265,4505164840.376,318449222.1169996,0.0706853652197156,,0.0,-0.0737185630801265,0.0,-0.0737185630801265,-0.0765771629380438,0.0,-0.0765771629380438,1158.798583984375,False,0.0795924270090925,0.0239745565635986,10.76978239226268,3.09080634469335,2.84863779561802,8.178
2011_japan_earthquake,JPN_C29,2011-03,CAN_C29,CAN,2011-07,4,-0.0584248819531232,-19714509.57840144,582693616.765,-194332106.61,-0.3335064964138333,,-158983291.86576357,0.0,-0.0584248819531232,0.0,-0.0584248819531232,-0.0602011484186419,0.0,-0.0602011484186419,3292208465.571,3480320017.4119997,0.0571384083991696,4505164840.376,-1024844822.9640008,-0.2274822030437553,,0.0,0.0571384083991696,0.0,0.0571384083991696,0.0555656428584825,0.0,0.0555656428584825,1158.798583984375,False,0.0795924270090925,0.0239745565635986,10.76978239226268,3.09080634469335,2.84863779561802,8.178
2011_japan_earthquake,JPN_C29,2011-03,USA_C28,USA,2011-04,1,-0.3642335597660213,-82328776.52001357,3844652464.0,-1646773351.0,-0.4283282732106004,,-107671144.89622664,0.0,-0.3642335597660213,0.0,-0.3642335597660213,-0.4529240152591143,0.0,-0.4529240152591143,14454918121.0,17342792113.0,0.1997848737589539,14067535652.0,3275256461.0,0.2328237540691324,,0.0,0.1997848737589539,0.0,0.1997848737589539,0.1821422688437728,0.0,0.1821422688437728,855.7335205078125,False,0.067570333312346,0.0039769410585988,10.792275733004598,2.69519257744442,1.21525703756249,9.633
2011_japan_earthquake,JPN_C29,2011-03,USA_C28,USA,2011-05,2,-0.4127756698933908,-93656501.84280604,3844652464.0,-1806848597.0,-0.469964090101435,,-118137360.53901616,0.0,-0.4127756698933908,0.0,-0.4127756698933908,-0.5323483682323804,0.0,-0.5323483682323804,14941503925.0,17305269863.0,0.1582013396954617,14067535652.0,3237734211.0,0.2301564603136219,,0.0,0.1582013396954617,0.0,0.1582013396954617,0.1468682325045094,0.0,0.1468682325045094,855.7335205078125,False,0.067570333312346,0.0039769410585988,10.792275733004598,2.69519257744442,1.21525703756249,9.633
2011_japan_earthquake,JPN_C29,2011-03,USA_C28,USA,2011-06,3,-0.3174811478339236,-87143595.76996118,3844652464.0,-979374991.0,-0.2547369366075425,,-64034571.90976954,0.0,-0.3174811478339236,0.0,-0.3174811478339236,-0.3819651299723468,0.0,-0.3819651299723468,14951555522.0,16974528175.0,0.1353018185982963,14067535652.0,2906992523.0,0.2066454704585525,,0.0,0.1353018185982963,0.0,0.1353018185982963,0.126898535044944,0.0,0.126898535044944,855.7335205078125,False,0.067570333312346,0.0039769410585988,10.792275733004598,2.69519257744442,1.21525703756249,9.633
2011_japan_earthquake,JPN_C29,2011-03,USA_C28,USA,2011-07,4,-0.0267364823617679,-7102941.791621705,3844652464.0,109914477.0,0.0285889239740656,,7186549.121695114,0.0,-0.0267364823617679,0.0,-0.0267364823617679,-0.0271004034076405,0.0,-0.0271004034076405,14569226853.0,16662575525.0,0.1436828936168943,14067535652.0,2595039873.0,0.1844701116951539,,0.0,0.1436828936168943,0.0,0.1436828936168943,0.1342536636301616,0.0,0.1342536636301616,855.7335205078125,False,0.067570333312346,0.0039769410585988,10.792275733004598,2.69519257744442,1.21525703756249,9.633
2011_japan_earthquake,JPN_C29,2011-03,MEX_C29,MEX,2011-04,1,-0.2220397295847227,-44092139.49864772,347856735.0,-111624838.0,-0.3208931343531411,,-72997872.9787109,0.0,-0.2220397295847227,0.0,-0.2220397295847227,-0.2510798214720218,0.0,-0.2510798214720218,5688334281.0,6619857583.0,0.1637602953665092,6351719554.0,268138029.0,0.042215029602675,,0.0,0.1637602953665092,0.0,0.1637602953665092,0.1516563962619272,0.0,0.1516563962619272,729.2385864257812,False,0.0450870785433187,0.009332180276882,9.182948700537848,4.9713345832195,4.37296440049234,5.303
2011_japan_earthquake,JPN_C29,2011-03,MYS_G,MYS,2011-04,1,-0.2010527263415537,-20904583.1852696,215226638.13299996,-45332362.45199996,-0.210626169907401,,-22165588.750418432,0.0,-0.2010527263415537,0.0,-0.2010527263415537,-0.2244603246248857,0.0,-0.2244603246248857,16223224160.397,19183961247.186,0.1824999184820823,17007213042.609,2176748204.5770016,0.1279897064335872,,0.0,0.1824999184820823,0.0,0.1824999184820823,0.1676307724375085,0.0,0.1676307724375085,544.0996704101562,False,0.0923617916021237,0.0111583644016865,9.0938453252436,7.42484738326097,7.26684593389439,3.39
2011_japan_earthquake,JPN_C29,2011-03,MYS_G,MYS,2011-05,2,-0.0384174926152986,-3281439.9516805997,215226638.13299996,-47249150.91299996,-0.2195320770833311,,-23102816.427291885,0.0,-0.0384174926152986,0.0,-0.0384174926152986,-0.0391749062936241,0.0,-0.0391749062936241,16066672639.078,18284408950.245,0.1380333290523971,17007213042.609,1277195907.6359997,0.0750973075033621,,0.0,0.1380333290523971,0.0,0.1380333290523971,0.1293016226599874,0.0,0.1293016226599874,544.0996704101562,False,0.0923617916021237,0.0111583644016865,9.0938453252436,7.42484738326097,7.26684593389439,3.39
2020_china_covid,CHN_C26,2020-02,MEX_C26,MEX,2020-02,0,-0.1753702197201488,-279688651.37888163,80727560517.46526,-78434515106.46526,-0.9715952594590802,,-44985502280.67069,0.0,-0.1753702197201488,1.0161860810629972,-1.191556300783146,-0.1928207444658589,0.7012076480515397,-0.8940283925173986,6776861697.0,7119303898.0,0.0505310889185761,187986485981.72223,-180867182083.72223,-0.9621286399348292,,0.0,0.0505310889185761,1.012388223263645,-0.9618571343450688,0.0492958352592225,0.6993221875272688,-0.6500263522680463,12354.5185546875,False,0.1065790549419522,0.1779058844038372,9.246725854131643,-0.392690505066824,4.31901022798927,3.477
2020_china_covid,CHN_C26,2020-02,MEX_C26,MEX,2020-03,1,-0.1429025439935707,-243535883.8870801,84337726052.20831,-81790967053.20831,-0.9698028495880544,,-46910569025.843,0.0,-0.1429025439935707,0.9321400752300149,-1.0750426192235856,-0.1542036491665008,0.6586282358581279,-0.8128318850246288,6716735968.0,6944743587.0,0.0339461935211207,196151176434.1667,-189206432847.1667,-0.9645949429758794,,0.0,0.0339461935211207,0.9310149964794816,-0.8970688029583608,0.0333827375137509,0.6580457695841737,-0.6246630320704227,12354.5185546875,False,0.1065790549419522,0.1779058844038372,9.246725854131643,-0.392690505066824,4.31901022798927,3.477
2020_china_covid,CHN_C26,2020-02,MEX_C26,MEX,2020-04,2,-0.2234299144568242,-398205013.2584809,88044909981.95137,-85631780068.95137,-0.9725920565596048,,-49113437271.34449,0.0,-0.2234299144568242,0.8591707487376533,-1.0826006631944776,-0.2528683821083177,0.6201305542898048,-0.8729989363981225,7775598428.0,6287719824.0,-0.1913522949747682,204569075258.6111,-198281355434.6111,-0.969263585827666,,0.0,-0.1913522949747682,0.8597660082049795,-1.0511183031797475,-0.2123919264221783,0.6204506777668328,-0.8328426041890111,12354.5185546875,False,0.1065790549419522,0.1779058844038372,9.246725854131643,-0.392690505066824,4.31901022798927,3.477
2020_china_covid,CHN_C26,2020-02,MEX_C26,MEX,2020-05,3,-0.2898737407973451,-540010150.8792964,91652845159.69444,-89346293090.69443,-0.9748338192340772,,-51243867143.759544,0.0,-0.2898737407973451,0.7983480066785027,-1.0882217474758478,-0.3423124947680662,0.5868684694134281,-0.9291809641814944,8494435743.0,4654264952.0,-0.4520807393433478,213360938019.55557,-208706673067.55557,-0.978185955708662,,0.0,-0.4520807393433478,0.7961326750305063,-1.248213414373854,-0.6016273373599468,0.585635839659254,-1.1872631770192008,12354.5185546875,False,0.1065790549419522,0.1779058844038372,9.246725854131643,-0.392690505066824,4.31901022798927,3.477
2020_china_covid,CHN_C26,2020-02,JPN_C26,JPN,2020-02,0,-0.3884668497130634,-642731644.7797177,113342258832.36333,-110841448613.70332,-0.9779357651380604,-459.0418498407946,-44845325584.4591,241462621.8767318,-0.3884668497130634,1.0113059338167167,-1.3997727835297802,-0.4917861137430606,0.698784229403266,-1.1905703431463266,8564060427.605999,9488155917.220997,0.1079038964550277,249261243270.51813,-239773087353.29712,-0.961934892915046,-1397.8432888910856,171530735.4256499,0.1079038964550277,1.009978082275514,-0.9020741858204864,0.1024698485005117,0.6981238176669393,-0.5956539691664275,8975.640625,False,0.0732325947911381,0.0886980315340163,10.607004697795462,-0.402169200894946,0.634803165679926,2.351
2020_china_covid,CHN_C26,2020-02,USA_C26,USA,2020-02,0,-0.4113832314156895,-579040331.3599808,431301129190.652,-425490481251.652,-0.986527631054656,-883.3012120475512,-60668065259.50277,481704853.8463303,-0.4113832314156895,1.0243175144876786,-1.4357007459033682,-0.5299799545875779,0.705232613866162,-1.2352125684537398,19673945484.0,19615451278.0,-0.0029731812588161,516422020257.0347,-496806568979.0347,-0.9620166249529076,,0.0,-0.0029731812588161,1.0078350911505665,-1.0108082724093823,-0.0029776099424303,0.6970570725339797,-0.7000346824764101,4187.91259765625,False,0.1913718557136782,0.0339842084784634,11.0782496070166,2.58382533412825,1.50677251688072,3.669
2020_china_covid,CHN_C26,2020-02,USA_C26,USA,2020-03,1,-0.2818650892834033,-476374075.1525914,451984238111.50055,-443472023342.50055,-0.9811670097068736,-920.6301738532482,-63231942519.04806,481704853.8463303,-0.2818650892834033,0.9336792533279012,-1.2155443426113046,-0.3310978296174269,0.6594245370123062,-0.9905223666297333,22918802300.0,20884437575.0,-0.0887640068783175,541554908467.4166,-520670470892.4166,-0.9614361586452936,,0.0,-0.0887640068783175,0.9181200691258832,-1.0068840760042008,-0.0929533668330364,0.6513455757128348,-0.7442989425458713,4187.91259765625,False,0.1913718557136782,0.0339842084784634,11.0782496070166,2.58382533412825,1.50677251688072,3.669
2020_china_covid,CHN_C26,2020-02,USA_C26,USA,2020-04,2,-0.0538964108095659,-94110690.89342406,470441107215.34906,-458854734080.34906,-0.975371256981384,-952.5640657686404,-65425268433.57044,481704853.8463303,-0.0538964108095659,0.8653493725582803,-0.9192457833678462,-0.0554032136050786,0.6234483666801012,-0.6788515802851798,20260571228.0,17284215972.0,-0.1469038173951726,560913555954.2987,-543629339982.2987,-0.9691855976941156,,0.0,-0.1469038173951726,0.8592077029373932,-1.006111520332566,-0.1588829798025273,0.6201504308115275,-0.7790334106140548,4187.91259765625,False,0.1913718557136782,0.0339842084784634,11.0782496070166,2.58382533412825,1.50677251688072,3.669
2020_china_covid,CHN_C26,2020-02,USA_C26,USA,2020-05,3,-0.051824249877924,-103342041.426386,490403955007.6976,-477143373809.6976,-0.9729598812110072,-990.5305499826084,-68032932852.62809,481704853.8463303,-0.051824249877924,0.8018769401292244,-0.8537011900071484,-0.053215403481758,0.5888288661362928,-0.6420442696180508,21235285647.0,16002549781.0,-0.2464170227321265,583084715412.6805,-567082165631.6805,-0.9725553605539564,,0.0,-0.2464170227321265,0.8003882370062992,-1.046805259738426,-0.2829161445108354,0.5880023288693224,-0.8709184733801578,4187.91259765625,False,0.1913718557136782,0.0339842084784634,11.0782496070166,2.58382533412825,1.50677251688072,3.669
2020_china_covid,CHN_C26,2020-02,USA_C26,USA,2020-06,4,-0.074985528263829,-157384762.89500904,509208534291.0461,-495592097963.0461,-0.9732596069958692,-1028.829363054635,-70663422723.04178,481704853.8463303,-0.074985528263829,0.750053412066531,-0.8250389403303601,-0.077945896466403,0.5596463086490608,-0.6375922051154639,21043174052.0,18796452937.0,-0.1067672162691856,605182464335.0626,-586386011398.0626,-0.9689408500002518,,0.0,-0.1067672162691856,0.749265039029334,-0.8560322552985196,-0.1129080559997213,0.5591957220213253,-0.6721037780210466,4187.91259765625,False,0.1913718557136782,0.0339842084784634,11.0782496070166,2.58382533412825,1.50677251688072,3.669
2020_china_covid,CHN_C26,2020-02,USA_O,USA,2020-02,0,-0.4113832314156895,-552418982.4301742,431301129190.652,-425490481251.652,-0.986527631054656,-883.3012120475512,-57878854134.30147,481704853.8463303,-0.4113832314156895,1.0243175144876786,-1.4357007459033682,-0.5299799545875779,0.705232613866162,-1.2352125684537398,130441636572.0,131992099314.0,0.011886256434265,3353502747007.8345,-3221510647693.8345,-0.9606405274509556,,0.0,0.011886256434265,1.005953425080724,-0.9940671686464588,0.0118161697206105,0.6961194714636889,-0.6843033017430784,3995.37353515625,False,0.0689074833340268,0.0034441351249548,11.0782496070166,2.58382533412825,1.50677251688072,3.669
2020_china_covid,CHN_C26,2020-02,USA_O,USA,2020-03,1,-0.2818650892834033,-454472801.9788113,451984238111.50055,-443472023342.50055,-0.9811670097068736,-920.6301738532482,-60324857271.021416,481704853.8463303,-0.2818650892834033,0.9336792533279012,-1.2155443426113046,-0.3310978296174269,0.6594245370123062,-0.9905223666297333,148092232697.0,134400749545.0,-0.0924524055222604,3513485188534.8765,-3379084438989.8765,-0.9617471705918744,,0.0,-0.0924524055222604,0.918095238664004,-1.0105476441862646,-0.0970092685121741,0.6513326304232052,-0.7483418989353794,3995.37353515625,False,0.0689074833340268,0.0034441351249548,11.0782496070166,2.58382533412825,1.50677251688072,3.669
2020_china_covid,CHN_C26,2020-02,USA_O,USA,2020-04,2,-0.0538964108095659,-89783956.80494572,470441107215.34906,-458854734080.34906,-0.975371256981384,-952.5640657686404,-62417345141.412834,481704853.8463303,-0.0538964108095659,0.8653493725582803,-0.9192457833678462,-0.0554032136050786,0.6234483666801012,-0.6788515802851798,135081092045.0,95683779400.0,-0.2916567526110571,3641400021905.4185,-3545716242505.4185,-0.9737233539780308,,0.0,-0.2916567526110571,0.8581678711253218,-1.149824623736379,-0.3448264900728262,0.619590986754254,-0.96441747682708,3995.37353515625,False,0.0689074833340268,0.0034441351249548,11.0782496070166,2.58382533412825,1.50677251688072,3.669
2020_china_covid,CHN_C26,2020-02,USA_O,USA,2020-05,3,-0.051824249877924,-98590896.48028377,490403955007.6976,-477143373809.6976,-0.9729598812110072,-990.5305499826084,-64905122325.2782,481704853.8463303,-0.051824249877924,0.8018769401292244,-0.8537011900071484,-0.053215403481758,0.5888288661362928,-0.6420442696180508,142149166766.0,90584959523.0,-0.3627471649403533,3788956706563.46,-3698371747040.46,-0.9760923740917696,,0.0,-0.3627471649403533,0.7980754893394943,-1.1608226542798477,-0.45058878683475,0.5867169203399989,-1.037305707174749,3995.37353515625,False,0.0689074833340268,0.0034441351249548,11.0782496070166,2.58382533412825,1.50677251688072,3.669
2020_china_covid,CHN_C26,2020-02,USA_O,USA,2020-06,4,-0.074985528263829,-150149006.6577493,509208534291.0461,-495592097963.0461,-0.9732596069958692,-1028.829363054635,-67414675561.56808,481704853.8463303,-0.074985528263829,0.750053412066531,-0.8250389403303601,-0.077945896466403,0.5596463086490608,-0.6375922051154639,137999278054.0,104967248780.0,-0.2393637832009117,3927179344280.502,-3822212095500.502,-0.9732715927697896,,0.0,-0.2393637832009117,0.748948578586892,-0.9883123617878038,-0.2736000685279478,0.5590147951391735,-0.8326148636671213,3995.37353515625,False,0.0689074833340268,0.0034441351249548,11.0782496070166,2.58382533412825,1.50677251688072,3.669
2020_china_covid,CHN_C26,2020-02,JPN_C27,JPN,2020-02,0,-0.3884668497130634,-260623489.08806816,113342258832.36333,-110841448613.70332,-0.9779357651380604,-459.0418498407946,-18184486975.303448,241462621.8767318,-0.3884668497130634,1.0113059338167167,-1.3997727835297802,-0.4917861137430606,0.698784229403266,-1.1905703431463266,4289487634.4830008,4489864551.075,0.0467134850748089,115977937358.24393,-111488072807.16891,-0.9612869080676416,-759.2816943054645,146833610.82364836,0.0467134850748089,1.0071102328082546,-0.9603967477334456,0.045655241204443,0.6966959924667755,-0.6510407512623324,3639.563720703125,False,0.0624600860267063,0.0398425812702535,10.607004697795462,-0.402169200894946,0.634803165679926,2.351
2020_china_covid,CHN_C26,2020-02,CZE_C26,CZE,2020-02,0,-0.0484040634732439,-23045107.613108978,34788366417.629135,-33770185736.629135,-0.9707321502603228,-402.4340057778556,-15026508950.42596,83914841.32002093,-0.0484040634732439,1.0254221542282702,-1.073826217701514,-0.0496147706633394,0.7057781500257576,-0.755392920689097,2924490186.0,2777501684.0,-0.0502612396183298,81053878672.60416,-78276376988.60416,-0.9657326493255308,,0.0,-0.0502612396183298,1.014178414464712,-1.0644396540830416,-0.0515683212578075,0.7002113774827485,-0.7517796987405561,3623.504638671875,False,0.1504544659467618,0.3615842669844162,10.088460549542686,3.56577658128261,3.8413178989087,2.015
2020_china_covid,CHN_C26,2020-02,DEU_C26,DEU,2020-02,0,-0.1841309970122759,-198823977.0465002,99572224484.86214,-97038992953.23514,-0.9745588536890414,,-33746884191.186016,0.0,-0.1841309970122759,1.0176915316692057,-1.2018225286814814,-0.2035014723868151,0.7019540517977134,-0.9054555241845286,14412504112.283,13560820346.485,-0.0590933927347263,378786969684.1035,-365226149337.6185,-0.9641993483624997,-2488.1923079776116,146783730.568829,-0.0590933927347263,1.004338997787002,-1.0634323905217284,-0.0609113927075668,0.6953143294862869,-0.7562257221938538,3455.6845703125,False,0.0329368980912035,0.0727571643036006,10.771788993990526,0.977734697038784,2.00929122727773,3.163
2020_china_covid,CHN_C26,2020-02,DEU_C26,DEU,2020-03,1,-0.0038825035936776,-4899297.810384301,104242289890.99406,-100627815590.71606,-0.9653262192910608,,-34994955489.577805,0.0,-0.0038825035936776,0.929710831204069,-0.9335933347977468,-0.0038900600747382,0.6573701632908069,-0.6612602233655451,16039708175.992,14756214654.771,-0.0800197551687452,396179213703.0166,-381422999048.2456,-0.9627536878655312,-2598.537300899236,146783730.568829,-0.0800197551687452,0.919698672211269,-0.9997184273800142,-0.0834030821736817,0.6521682321641222,-0.735571314337804,3455.6845703125,False,0.0329368980912035,0.0727571643036006,10.771788993990526,0.977734697038784,2.00929122727773,3.163
2021_suez_canal,DEU_C29,2021-03,USA_C29,USA,2021-03,0,-0.0295461773206619,-44831147.82387087,58815857470.39769,-56328578393.39769,-0.957710740198732,-400.3634166699736,-33347072037.84031,140693619.96635747,-0.0085901098311235,0.9817307574950398,-0.9903208673261632,-0.008627217479816,0.6839705828163893,-0.6925978002962054,15826512611.0,15224089012.0,-0.0380642036440355,357086674549.3682,-341862585537.3682,-0.9573658439335148,,0.0,0.1532317137728782,0.9946828830771648,-0.8414511693042864,0.1425681870641106,0.6904850818531756,-0.5479168947890649,2397.790283203125,False,0.1025237782770128,0.0047981964649247,11.0782496070166,2.58382533412825,1.50677251688072,3.669
2021_suez_canal,DEU_C29,2021-03,GBR_C29,GBR,2021-03,0,-0.1474022453558577,-205928684.12455797,27704372234.07829,-25104915627.53829,-0.9061716113046412,-30.952859337690818,-11503582830.967056,811069354.0020847,2928.332375266951,1.0364149117211354,2927.29596035523,7.982528691260322,0.7111908655712647,7.2713378256890575,6015522694.588999,5906476791.2300005,-0.0181274194937516,127095844109.52348,-121189367318.29349,-0.953527380595229,-332.0159339696228,365010696.53296065,0.3136374266481859,0.992134494819916,-0.67849706817173,0.2727999509197971,0.689206674355276,-0.4164067234354789,2182.858642578125,False,0.0444068555821318,0.0449706408772717,10.672663421363636,1.25629899760824,2.46133048824501,3.613
2021_suez_canal,DEU_C29,2021-03,GBR_C29,GBR,2021-04,1,-0.1824222567959672,-208681668.84392512,28940836848.25058,-26899751433.36058,-0.92947386333048,-33.165784529557556,-12326013093.891895,811069354.0020847,2982.8652984695927,0.9500666279493648,2981.915231841643,8.000973357630977,0.6678635401382671,7.33310981749271,4163426203.545,4295796106.697,0.0317935029181714,128963549048.16096,-124667752941.46396,-0.966689842684984,-341.5454783260205,365010696.53296065,2.855515736257532,0.9639159420891626,1.891599794168369,1.3495047811267185,0.6749404096652754,0.6745643714614431,2182.858642578125,False,0.0444068555821318,0.0449706408772717,10.672663421363636,1.25629899760824,2.46133048824501,3.613
2021_suez_canal,DEU_C29,2021-03,GBR_C29,GBR,2021-05,2,-0.2237674297092735,-256151533.02952144,30177173557.881863,-28237995940.552868,-0.9357402503713768,-34.815759960868014,-12939223939.328333,811069354.0020847,5495.719402047875,0.8770068861187762,5494.842395161756,8.611903886862812,0.6296784262519992,7.982225460610813,4885665390.5130005,3966415237.088,-0.1881524991887498,135624063527.84772,-131657648290.75972,-0.9707543400933892,-360.6953153463846,365010696.53296065,2.3987051347561605,0.8751500322069422,1.5235551025492184,1.2233945157595798,0.6286886733917534,0.5947058423678264,2182.858642578125,False,0.0444068555821318,0.0449706408772717,10.672663421363636,1.25629899760824,2.46133048824501,3.613
2021_suez_canal,DEU_C29,2021-03,ESP_C29,ESP,2021-03,0,-0.1658872372607691,-132068259.98031762,26551282042.08649,-25461628304.54749,-0.9589604096777026,-146.7515735701069,-15517005322.63782,173501569.25154763,0.3540700000912147,1.0046926176142918,-0.6506226175230772,0.3031148715667839,0.6954907410447824,-0.3923758694779984,5797457338.006,6187145926.108001,0.0672171549322745,130152369272.38002,-123965223346.27202,-0.9524622873890242,-128.9452170457342,961378996.3400048,0.5845436855810785,1.0038017861057138,-0.4192581005246353,0.4602964702524481,0.6950462691941901,-0.2347497989417419,2101.037109375,False,0.0516363107090277,0.0390601670265998,10.301844946212388,1.96117850841711,1.42867123652391,14.104
2021_suez_canal,DEU_C29,2021-03,ESP_C29,ESP,2021-04,1,-0.2031118995598236,-149907384.07730904,26997043136.44619,-26031963250.05919,-0.9642523856590748,-150.0387769537536,-15864582872.641205,173501569.25154763,7.069735527888619,0.971979527238553,6.097756000650065,2.088120702162616,0.679037874365676,1.40908282779694,5029876559.376,5270879417.298,0.0479142688845426,131831590424.1823,-126560711006.8843,-0.96001808519234,-131.6449719504007,961378996.3400048,7.433881104557236,0.978504529990394,6.455376574566842,2.132257056655188,0.6823412714417891,1.449915785213399,2101.037109375,False,0.0516363107090277,0.0390601670265998,10.301844946212388,1.96117850841711,1.42867123652391,14.104
2021_suez_canal,DEU_C29,2021-03,ESP_C29,ESP,2021-05,2,-0.292399487171925,-230928533.02355164,28716311885.266647,-27799315985.233646,-0.968067072690366,-160.22515591734728,-16941655456.94967,173501569.25154763,1.3877472473439747,0.8635344952282913,0.5242127521156834,0.8703503455944634,0.6224749507249321,0.2478753948695313,5867057598.901999,5027413904.629001,-0.1431115478447212,140490558396.87418,-135463144492.24518,-0.96421528989566,-140.90503849986004,961378996.3400048,1.0035759561879642,0.8659698311503837,0.1376061250375805,0.6949335619242341,0.6237809346304033,0.0711526272938307,2101.037109375,False,0.0516363107090277,0.0390601670265998,10.301844946212388,1.96117850841711,1.42867123652391,14.104
2021_suez_canal,DEU_C29,2021-03,ESP_C29,ESP,2021-06,3,-0.1499842805919634,-101564928.757315,29964464078.473583,-29019961286.750584,-0.968479236296386,-167.2605118901063,-17685549736.378307,173501569.25154763,0.1445374641528199,0.7988305193511223,-0.6542930551983023,0.1350005938001857,0.5871367422498963,-0.4521361484497106,5619510242.173001,5619048196.101999,-8.222176863999068e-05,147118051780.31702,-141499003584.21503,-0.9618058550388324,-147.1833731784296,961378996.3400048,0.1213060695206191,0.795909754318953,-0.6746036847983339,0.114494139380433,0.5855117204600866,-0.4710175810796535,2101.037109375,False,0.0516363107090277,0.0390601670265998,10.301844946212388,1.96117850841711,1.42867123652391,14.104
2021_suez_canal,DEU_C29,2021-03,ESP_C29,ESP,2021-07,4,-0.3628660059158829,-278434607.5896795,31157732838.447548,-30355526716.470547,-0.9742533859528087,-174.95822572336633,-18499479451.862934,173501569.25154763,0.0282738829671774,0.745431905823558,-0.7171580228563805,0.0278815546332147,0.557002035505402,-0.5291204808721872,5376172749.574,5346111660.032,-0.0055915408492747,153063126603.20328,-147717014943.17126,-0.9650725045366992,-153.65117763705453,961378996.3400048,-0.0027767167021282,0.7420563970923991,-0.7448331137945274,-0.0027805789306292,0.5550662528109385,-0.5578468317415677,2101.037109375,False,0.0516363107090277,0.0390601670265998,10.301844946212388,1.96117850841711,1.42867123652391,14.104
2021_suez_canal,DEU_C29,2021-03,ESP_C29,ESP,2021-08,5,-0.2891651246271114,-133262650.2533776,31882938570.270744,-31345400131.874744,-0.9831402479664396,-180.6634964000197,-19102735098.824898,173501569.25154763,0.139694884779145,0.7163306440467027,-0.5766357592675576,0.1307605813926571,0.5401886654932149,-0.4094280841005577,2442171632.9610004,2817297097.317,0.153603235453677,155415493071.6726,-152598195974.35562,-0.9818724823269857,-158.72844794331996,961378996.3400048,0.0124092624485081,0.7227073716768168,-0.7102981092283086,0.0123328986434714,0.5438971065977398,-0.5315642079542684,2101.037109375,False,0.0516363107090277,0.0390601670265998,10.301844946212388,1.96117850841711,1.42867123652391,14.104
2021_suez_canal,DEU_C29,2021-03,ESP_C29,ESP,2021-09,6,-0.276446865573733,-185626493.14240697,33421613185.64344,-32624395391.13344,-0.9761466392994924,-188.03516032661148,-19882189421.54789,173501569.25154763,-0.1533471336776994,0.6615354434939413,-0.8148825771716408,-0.1664645071974817,0.5077421407914535,-0.6742066479889353,5141000796.575001,4756972970.078,-0.0746990404578122,164577317796.74234,-159820344826.66434,-0.971095816642528,-166.2407286149423,961378996.3400048,-0.190833442178606,0.6560795406920407,-0.8469129828706468,-0.2117505019599264,0.504453086624455,-0.7162035885843814,2101.037109375,False,0.0516363107090277,0.0390601670265998,10.301844946212388,1.96117850841711,1.42867123652391,14.104
2021_suez_canal,DEU_C29,2021-03,ESP_C29,ESP,2021-10,7,-0.3731299919739819,-270556305.7593242,34677147518.62463,-33931294488.749634,-0.9784915114637266,-195.5676518380941,-20678649098.49004,173501569.25154763,-0.3237332530681912,0.6226695696565665,-0.9464028227247576,-0.3911676842847065,0.4840726754617925,-0.875240359746499,5843738802.193,4987489016.231998,-0.1465243083143404,169967841416.81192,-164980352400.57993,-0.970656278419156,-171.60802662494655,961378996.3400048,-0.2310239166310738,0.6223229939046903,-0.8533469105357641,-0.2626954108644987,0.4838590689753594,-0.7465544798398582,2101.037109375,False,0.0516363107090277,0.0390601670265998,10.301844946212388,1.96117850841711,1.42867123652391,14.104
2021_suez_canal,DEU_C29,2021-03,ESP_C29,ESP,2021-11,8,-0.1297562520870023,-87582355.54953913,35763578780.25534,-34799733099.83034,-0.973049518160718,-200.57301642832215,-21207899089.47026,173501569.25154763,-0.1207552749791282,0.5925456953337609,-0.7133009703128892,-0.1286920069283539,0.4653338021230802,-0.5940258090514341,5450470673.229,5130277580.299,-0.0587459528041657,174361961151.9664,-169231683571.6674,-0.970576853194329,-176.0301444237256,961378996.3400048,-0.1683114963712346,0.5972725732005719,-0.7655840695718066,-0.1842973029082699,0.4682975329376866,-0.6525948358459566,2101.037109375,False,0.0516363107090277,0.0390601670265998,10.301844946212388,1.96117850841711,1.42867123652391,14.104
2021_suez_canal,DEU_C29,2021-03,ESP_C29,ESP,2021-12,9,-0.2170950457899169,-120648130.1648513,36665246900.02654,-35951313025.356544,-0.9805283221843112,-207.21030467011676,-21909703059.746647,173501569.25154763,-0.1433726636491877,0.5696726993833789,-0.7130453630325667,-0.1547523014886351,0.4508671258810963,-0.6056194273697315,4285372461.079,4124003504.1799994,-0.0376557599986,180153884697.63144,-176029881193.45145,-0.9771084397591444,-183.1014426814002,961378996.3400048,-0.1688259308146728,0.5671792306336623,-0.7360051614483352,-0.1849160364843349,0.4492773350263874,-0.6341933715107224,2101.037109375,False,0.0516363107090277,0.0390601670265998,10.301844946212388,1.96117850841711,1.42867123652391,14.104
2021_suez_canal,DEU_C29,2021-03,POL_C29,POL,2021-04,1,-0.0316258934868482,-17395115.029713646,20808236161.999992,-19912283873.999992,-0.9569424202501032,,-11837605470.184004,0.0,3.194632393646314,0.9418394523760796,2.2527929412702346,1.433805702870529,0.6636356951273612,0.7701700077431681,4024567718.0,3999410159.0,-0.0062509965697637,91698090447.41666,-87698680288.41666,-0.9563850224199224,,0.0,2.5564078668015258,0.9408398440989564,1.6155680227025693,1.2687510086357818,0.6631207887161281,0.6056302199196537,1885.6883544921875,False,0.0438610899368194,0.0669180657720901,9.672533708456433,4.58045817256199,3.02644690867653,3.267
2021_suez_canal,DEU_C29,2021-03,POL_C29,POL,2021-05,2,-0.0170996052541604,-9884586.02704666,21747876758.729156,-20792138164.729156,-0.956053705628234,,-12360667919.01239,0.0,1.7646725883058825,0.8659096284198236,0.8987629598860587,1.0169222132072768,0.623748670569352,0.3931735426379248,4197187690.0,3740736864.0,-0.1087515878995633,95939747427.27776,-92199010563.27776,-0.9610095193669812,,0.0,0.9152223769938164,0.8633324694197169,0.0518899075740995,0.6498337394026663,0.6223665348510004,0.0274672045516659,1885.6883544921875,False,0.0438610899368194,0.0669180657720901,9.672533708456433,4.58045817256199,3.02644690867653,3.267
2016_fort_mcmurray_wildfire,CAN_B06,2016-05,USA_C19,USA,2016-05,0,-0.0476567255176836,-1010749645.9567108,714769258912.3668,-691339098125.3668,-0.9672199657513914,-1387.5905985240204,-595975995970.0702,498229880.5286977,-0.0476567255176836,1.0045308400285695,-1.0521875655462531,-0.0488297267435555,0.6954100383778083,-0.7442397651213639,9001063075.0,7303346617.0,-0.1886128831510271,267862842455.00015,-260559495838.00015,-0.972734752793393,-374.23329466938816,696248836.0854913,-0.1886128831510271,0.9975012233435132,-1.1861141064945404,-0.209010005991832,0.6918970110916831,-0.9009070170835152,34621.8046875,False,0.2086100636341359,0.1088091052916158,10.943303361165048,2.94555045484053,0.765879740073601,5.28
2016_fort_mcmurray_wildfire,CAN_B06,2016-05,USA_C19,USA,2016-06,1,-0.1091768626560781,-2604641090.802572,748020577855.4263,-723367501733.4263,-0.9670422487671658,-1451.8749878385922,-623586411454.1705,498229880.5286977,-0.1091768626560781,0.9188469940323662,-1.0280238566884443,-0.1156093702632787,0.6517244817102643,-0.7673338519735431,8608901931.0,7471839758.0,-0.1320798148374214,278843216281.85455,-271371376523.85455,-0.9732041544433792,-389.7620541092485,696248836.0854913,-0.1320798148374214,0.9220050391751176,-1.0540848540125392,-0.1416555211096799,0.6533689323806477,-0.7950244534903277,34621.8046875,False,0.2086100636341359,0.1088091052916158,10.943303361165048,2.94555045484053,0.765879740073601,5.28
2016_fort_mcmurray_wildfire,CAN_B06,2016-05,USA_C19,USA,2016-07,2,-0.1236340838647861,-2677874629.482424,775651039211.4857,-753631924455.4857,-0.9716120863083167,-1512.6188811794418,-649676169032.1049,498229880.5286977,-0.1236340838647861,0.8580309860686808,-0.981665069933467,-0.1319715627745843,0.6195173173605646,-0.7514888801351489,8694587987.0,6894794079.0,-0.2070016325892637,290301437308.709,-283406643229.709,-0.9762495351627624,-407.0479238760406,696248836.0854913,-0.2070016325892637,0.8545162034100963,-1.06151783599936,-0.2319341160700325,0.6176238552534379,-0.8495579713234704,34621.8046875,False,0.2086100636341359,0.1088091052916158,10.943303361165048,2.94555045484053,0.765879740073601,5.28
2016_fort_mcmurray_wildfire,CAN_B06,2016-05,USA_C19,USA,2016-08,3,-0.0264772688718311,-578991294.8815129,806071567654.545,-781376666300.545,-0.969363884864646,-1568.3055088373774,-673593809736.7584,498229880.5286977,-0.0264772688718311,0.7997524158593767,-0.826229684731208,-0.0268341045408817,0.5876491086959135,-0.6144832132367952,7802959270.0,6908413278.0,-0.1146418891918681,300782343562.5634,-293873930284.5634,-0.977031852348198,-422.0817544727344,696248836.0854913,-0.1146418891918681,0.800892765587185,-0.9155346547790532,-0.1217630708233734,0.5882825228233628,-0.7100455936467363,34621.8046875,False,0.2086100636341359,0.1088091052916158,10.943303361165048,2.94555045484053,0.765879740073601,5.28
2016_fort_mcmurray_wildfire,CAN_B06,2016-05,USA_C19,USA,2016-09,4,-0.0556011469923028,-1227360298.2000768,837284257983.5222,-813101483725.5222,-0.971117605487722,-1631.9805686136242,-700942515622.3191,498229880.5286977,-0.0556011469923028,0.7476487839111351,-0.8032499309034379,-0.057206688288808,0.5582713325084505,-0.6154780207972586,7576217966.0,6831309265.0,-0.0983219733570162,312387432862.3123,-305556123597.3123,-0.9781319331497852,-438.8605161844659,696248836.0854913,-0.0983219733570162,0.7488591345697294,-0.8471811079267457,-0.1034977775699594,0.5589636522357466,-0.6624614298057061,34621.8046875,False,0.2086100636341359,0.1088091052916158,10.943303361165048,2.94555045484053,0.765879740073601,5.28
2016_fort_mcmurray_wildfire,CAN_B06,2016-05,USA_D,USA,2016-05,0,-0.0476567255176836,-103299973.68789531,714769258912.3668,-691339098125.3668,-0.9672199657513914,-1387.5905985240204,-60909548619.285065,498229880.5286977,-0.0476567255176836,1.0045308400285695,-1.0521875655462531,-0.0488297267435555,0.6954100383778083,-0.7442397651213639,237528045.0,75130435.0,-0.6836986765078624,6154139032.021961,-6079008597.021961,-0.9877918853296828,-87.75155997272334,69275219.71018587,-0.6836986765078624,0.9755661851928908,-1.6592648617007533,-1.1510599552853051,0.6808550331578722,-1.8319149884431776,3538.39501953125,False,0.0628377731350158,0.0191328194382497,10.943303361165048,2.94555045484053,0.765879740073601,5.28
2016_fort_mcmurray_wildfire,CAN_B06,2016-05,USA_D,USA,2016-06,1,-0.1091768626560781,-266197823.7861683,748020577855.4263,-723367501733.4263,-0.9670422487671658,-1451.8749878385922,-63731370229.046555,498229880.5286977,-0.1091768626560781,0.9188469940323662,-1.0280238566884443,-0.1156093702632787,0.6517244817102643,-0.7673338519735431,105525555.0,92174227.0,-0.1265222248771873,6283860184.945536,-6191685957.945536,-0.9853315916829556,-89.37807752683521,69275219.71018587,-0.1265222248771873,0.936565413868594,-1.0630876387457815,-0.1352725918361095,0.6609159986843558,-0.7961885905204653,3538.39501953125,False,0.0628377731350158,0.0191328194382497,10.943303361165048,2.94555045484053,0.765879740073601,5.28
2016_fort_mcmurray_wildfire,CAN_B06,2016-05,USA_D,USA,2016-07,2,-0.1236340838647861,-273682389.9682714,775651039211.4857,-753631924455.4857,-0.9716120863083167,-1512.6188811794418,-66397778554.89189,498229880.5286977,-0.1236340838647861,0.8580309860686808,-0.981665069933467,-0.1319715627745843,0.6195173173605646,-0.7514888801351489,169425422.0,47684201.0,-0.7185534470736039,6609483694.869109,-6561799493.869109,-0.9927854877625288,-94.72073161688286,69275219.71018587,-0.7185534470736039,0.8511515612672776,-1.5697050083408817,-1.2678126996304329,0.6158079108600134,-1.8836206104904465,3538.39501953125,False,0.0628377731350158,0.0191328194382497,10.943303361165048,2.94555045484053,0.765879740073601,5.28
2016_fort_mcmurray_wildfire,CAN_B06,2016-05,USA_D,USA,2016-08,3,-0.0264772688718311,-59173689.31667406,806071567654.545,-781376666300.545,-0.969363884864646,-1568.3055088373774,-68842193613.90349,498229880.5286977,-0.0264772688718311,0.7997524158593767,-0.826229684731208,-0.0268341045408817,0.5876491086959135,-0.6144832132367952,38814834.0,88349422.0,1.2761767318134092,6730924209.673699,-6642574787.673699,-0.9868741023895315,-95.88673721228211,69275219.71018587,1.2761767318134092,0.8231540666522228,0.4530226651611864,0.8224971489864537,0.6005680047033017,0.2219291442831519,3538.39501953125,False,0.0628377731350158,0.0191328194382497,10.943303361165048,2.94555045484053,0.765879740073601,5.28
2016_fort_mcmurray_wildfire,CAN_B06,2016-05,USA_D,USA,2016-09,4,-0.0556011469923028,-125437873.77697024,837284257983.5222,-813101483725.5222,-0.971117605487722,-1631.9805686136242,-71637268150.58792,498229880.5286977,-0.0556011469923028,0.7476487839111351,-0.8032499309034379,-0.057206688288808,0.5582713325084505,-0.6154780207972586,35356206.0,139584372.0,2.947945432832923,6992425777.097274,-6852841405.097274,-0.9800377756661802,-98.92197287523965,69275219.71018587,2.947945432832923,0.7687059093895297,2.1792395234433934,1.373195278885376,0.5702481544351556,0.8029471244502204,3538.39501953125,False,0.0628377731350158,0.0191328194382497,10.943303361165048,2.94555045484053,0.765879740073601,5.28
2016_fort_mcmurray_wildfire,CAN_B06,2016-05,USA_B06,USA,2016-05,0,-0.0476567255176836,-47848456.501094334,714769258912.3668,-691339098125.3668,-0.9672199657513914,-1387.5905985240204,-28213249079.972073,498229880.5286977,-0.0476567255176836,1.0045308400285695,-1.0521875655462531,-0.0488297267435555,0.6954100383778083,-0.7442397651213639,128142016091.0,119570205510.0,-0.0668930522750066,3308179986598.89,-3188609781088.89,-0.9638561970647403,-2073.29053645554,1537946431.0583696,-0.0668930522750066,0.9998827705951618,-1.0667758228701685,-0.0692354569167932,0.6930885641393161,-0.7623240210561093,1638.9814453125,False,0.081037084529256,0.0182015830745256,10.943303361165048,2.94555045484053,0.765879740073601,5.28
2016_fort_mcmurray_wildfire,CAN_B06,2016-05,USA_B06,USA,2016-06,1,-0.1091768626560781,-123302596.67443644,748020577855.4263,-723367501733.4263,-0.9670422487671658,-1451.8749878385922,-29520314355.28823,498229880.5286977,-0.1091768626560781,0.9188469940323662,-1.0280238566884443,-0.1156093702632787,0.6517244817102643,-0.7673338519735431,130946483350.0,125067918292.0,-0.0448928822493651,3449714931128.817,-3324647012836.817,-0.963745433814418,-2161.7443531819845,1537946431.0583696,-0.0448928822493651,0.9210741573743656,-0.9659670396237308,-0.04593177960718,0.6528844865675332,-0.6988162661747133,1638.9814453125,False,0.081037084529256,0.0182015830745256,10.943303361165048,2.94555045484053,0.765879740073601,5.28
2016_fort_mcmurray_wildfire,CAN_B06,2016-05,USA_B06,USA,2016-07,2,-0.1236340838647861,-126769441.11406754,775651039211.4857,-753631924455.4857,-0.9716120863083167,-1512.6188811794418,-30755392334.87068,498229880.5286977,-0.1236340838647861,0.8580309860686808,-0.981665069933467,-0.1319715627745843,0.6195173173605646,-0.7514888801351489,124094043067.0,115775187293.0,-0.0670367051342548,3581592968116.7427,-3465817780823.7427,-0.967674945667018,-2253.5360860642386,1537946431.0583696,-0.0670367051342548,0.8580582536999495,-0.9250949588342045,-0.0693894198880009,0.6195319928062375,-0.6889214126942385,1638.9814453125,False,0.081037084529256,0.0182015830745256,10.943303361165048,2.94555045484053,0.765879740073601,5.28
2016_fort_mcmurray_wildfire,CAN_B06,2016-05,USA_B06,USA,2016-08,3,-0.0264772688718311,-27409200.58540082,806071567654.545,-781376666300.545,-0.969363884864646,-1568.3055088373774,-31887643229.484825,498229880.5286977,-0.0264772688718311,0.7997524158593767,-0.826229684731208,-0.0268341045408817,0.5876491086959135,-0.6144832132367952,123021273830.0,122619384394.0,-0.0032668287645546,3719250676150.669,-3596631291756.669,-0.9670311589427718,-2338.5933470267705,1537946431.0583696,-0.0032668287645546,0.800865228417453,-0.8041320571820076,-0.0032721764995464,0.5882672318652418,-0.5915394083647882,1638.9814453125,False,0.081037084529256,0.0182015830745256,10.943303361165048,2.94555045484053,0.765879740073601,5.28
2016_fort_mcmurray_wildfire,CAN_B06,2016-05,USA_B06,USA,2016-09,4,-0.0556011469923028,-58102712.25374414,837284257983.5222,-813101483725.5222,-0.971117605487722,-1631.9805686136242,-33182319284.194534,498229880.5286977,-0.0556011469923028,0.7476487839111351,-0.8032499309034379,-0.057206688288808,0.5582713325084505,-0.6154780207972586,125330879433.0,124440266680.0,-0.0071060919466068,3860290759024.596,-3735850492344.596,-0.9677640171561992,-2429.116136232192,1537946431.0583696,-0.0071060919466068,0.7496690109322057,-0.7567751028788127,-0.0071314604700738,0.5594266334364733,-0.5665580939065471,1638.9814453125,False,0.081037084529256,0.0182015830745256,10.943303361165048,2.94555045484053,0.765879740073601,5.28
2016_fort_mcmurray_wildfire,CAN_B06,2016-05,USA_C20,USA,2016-05,0,-0.0476567255176836,-9183087.214377254,714769258912.3668,-691339098125.3668,-0.9672199657513914,-1387.5905985240204,-5414693510.466882,498229880.5286977,-0.0476567255176836,1.0045308400285695,-1.0521875655462531,-0.0488297267435555,0.6954100383778083,-0.7442397651213639,13395353857.0,11964794616.0,-0.1067951810957523,330948530082.42377,-318983735466.42377,-0.9638469625079764,,0.0,-0.1067951810957523,0.9984604154715284,-1.1052555965672808,-0.1129393639207236,0.692377091850485,-0.8053164557712087,314.5537109375,False,0.1486994547734907,0.0010640037899605,10.943303361165048,2.94555045484053,0.765879740073601,5.28
2016_fort_mcmurray_wildfire,CAN_B06,2016-05,USA_C20,USA,2016-06,1,-0.1091768626560781,-23664263.840875115,748020577855.4263,-723367501733.4263,-0.9670422487671658,-1451.8749878385922,-5665545790.682813,498229880.5286977,-0.1091768626560781,0.9188469940323662,-1.0280238566884443,-0.1156093702632787,0.6517244817102643,-0.7673338519735431,13040181767.0,11845274913.0,-0.0916326839111919,344642078160.58356,-332796803247.58356,-0.9656302127232392,,0.0,-0.0916326839111919,0.922203724365776,-1.013836408276968,-0.0961064490371228,0.6534723009562242,-0.7495787499933471,314.5537109375,False,0.1486994547734907,0.0010640037899605,10.943303361165048,2.94555045484053,0.765879740073601,5.28
2016_fort_mcmurray_wildfire,CAN_B06,2016-05,USA_C20,USA,2016-07,2,-0.1236340838647861,-24329621.45480532,775651039211.4857,-753631924455.4857,-0.9716120863083167,-1512.6188811794418,-5902582251.886176,498229880.5286977,-0.1236340838647861,0.8580309860686808,-0.981665069933467,-0.1319715627745843,0.6195173173605646,-0.7514888801351489,13134274592.0,11649561352.0,-0.1130411298774223,358581098207.7432,-346931536855.7432,-0.9675120595864458,,0.0,-0.1130411298774223,0.8556802583142814,-0.9687213881917036,-0.1199566673855585,0.6182513449054987,-0.7382080122910573,314.5537109375,False,0.1486994547734907,0.0010640037899605,10.943303361165048,2.94555045484053,0.765879740073601,5.28
2016_fort_mcmurray_wildfire,CAN_B06,2016-05,USA_C20,USA,2016-08,3,-0.0264772688718311,-5260380.331105125,806071567654.545,-781376666300.545,-0.969363884864646,-1568.3055088373774,-6119884114.351908,498229880.5286977,-0.0264772688718311,0.7997524158593767,-0.826229684731208,-0.0268341045408817,0.5876491086959135,-0.6144832132367952,12645621632.0,12269683471.0,-0.0297287212871118,372252181585.903,-359982498114.903,-0.9670393242056298,,0.0,-0.0297287212871118,0.7991419736118768,-0.8288706948989886,-0.030179577806134,0.587309869924578,-0.617489447730712,314.5537109375,False,0.1486994547734907,0.0010640037899605,10.943303361165048,2.94555045484053,0.765879740073601,5.28
2016_fort_mcmurray_wildfire,CAN_B06,2016-05,USA_C20,USA,2016-09,4,-0.0556011469923028,-11151086.43067296,837284257983.5222,-813101483725.5222,-0.971117605487722,-1631.9805686136242,-6368358652.386237,498229880.5286977,-0.0556011469923028,0.7476487839111351,-0.8032499309034379,-0.057206688288808,0.5582713325084505,-0.6154780207972586,12056349754.0,12066978466.0,0.0008815862360391,385499739615.0627,-373432761149.0627,-0.9686978297882914,,0.0,0.0008815862360391,0.7510541351345053,-0.7501725488984662,0.0008811978670557,0.5602179695197442,-0.5593367716526885,314.5537109375,False,0.1486994547734907,0.0010640037899605,10.943303361165048,2.94555045484053,0.765879740073601,5.28
2016_fort_mcmurray_wildfire,CAN_B06,2016-05,GBR_C19,GBR,2016-05,0,-0.0987221094342738,-43317673.03050265,21361025236.70769,-20570033327.774693,-0.9629703209388224,-112.34549151636077,-10284243809.881124,183096206.62240013,-0.0987221094342738,1.0057043349766357,-1.1044264444109095,-0.1039416442008303,0.6959952882889802,-0.7999369324898105,1661162296.784,1132724446.758,-0.318113318035843,45564057744.47269,-44431333297.71468,-0.9751399567371628,-208.9662889947172,212624407.08241668,-0.318113318035843,0.991155343713238,-1.309268661749081,-0.3828917901409596,0.6887150449766111,-1.0716068351175707,199.543701171875,False,0.2135085112811309,0.008568022101577,10.72009815856061,2.14040560033371,0.669172003330104,5.517
2016_fort_mcmurray_wildfire,CAN_B06,2016-05,GBR_D,GBR,2016-05,0,-0.0987221094342738,-34958561.660525,21361025236.70769,-20570033327.774693,-0.9629703209388224,-112.34549151636077,-8299669539.184155,183096206.62240013,-0.0987221094342738,1.0057043349766357,-1.1044264444109095,-0.1039416442008303,0.6959952882889802,-0.7999369324898105,13101842.858,10798826.041,-0.175778082668254,446880797.8348036,-436081971.7938036,-0.9758351083928382,-74.9478363793448,5818473.1255829185,-0.175778082668254,1.0260893965409026,-1.2018674792091566,-0.1933154519043256,0.7061075272069139,-0.8994229791112396,161.03729248046875,False,0.4392422520974676,0.0013931366003697,10.72009815856061,2.14040560033371,0.669172003330104,5.517
2016_fort_mcmurray_wildfire,CAN_B06,2016-05,ESP_C19,ESP,2016-05,0,-0.1133098124043069,-8065746.770014357,2703262884.4111047,-2617530218.349105,-0.9682854869364004,,-1927056018.6661751,0.0,-0.1133098124043069,0.9936304254856332,-1.1069402378899402,-0.1202596375411175,0.6899573107068449,-0.8102169482479624,1069716987.026,748972012.1889999,-0.2998409660939639,33449340376.176224,-32700368363.987225,-0.9776087658600752,-224.068009056366,145939478.38292792,-0.2998409660939639,0.9987765820019664,-1.2986175480959303,-0.3564477780480928,0.6925352843607833,-1.048983062408876,91.52839660644533,False,0.1336337366619389,0.0035868753248851,10.165214753343864,4.06086672473866,0.552441816045786,22.057
2016_fort_mcmurray_wildfire,CAN_B06,2016-05,ITA_C19,ITA,2016-05,0,-0.4244812915257644,-36649193.88670459,4596301671.914945,-4499488319.790945,-0.9789366845271352,-75.67718573692078,-2309368244.0345154,59456337.811406896,-0.4244812915257644,0.9933391092084072,-1.4178204007341717,-0.5524835387551228,0.6898111766703039,-1.242294715425427,1513490394.12,993668738.29,-0.3434588404720228,36827696539.52978,-35834027801.23978,-0.9730184390646472,-636.677934693121,56282817.18057623,-0.3434588404720228,0.9956957588633576,-1.3391545993353806,-0.4207698914621467,0.6909927408251413,-1.111762632287288,89.50810241699219,False,0.1310862439137384,0.0028349049495774,10.330090441165911,0.885667635240807,0.782776477740896,11.896
2016_fort_mcmurray_wildfire,CAN_B06,2016-05,CHL_C19,CHL,2016-06,1,-0.2896416771226632,-12936120.319758566,2193576009.7409654,-2145483048.5049653,-0.978075543759398,-248.4257233781911,-1415350604.537608,8636315.995500948,-0.2896416771226632,0.9216424702075904,-1.2112841473302538,-0.3419857501234915,0.6531802731610767,-0.9951660232845684,33929860.410000004,42430685.428,0.2505411137941074,1769880611.1005228,-1727449925.6725228,-0.9760262442777898,-186.27326411557448,9273740.565370211,0.2505411137941074,0.9388682939011632,-0.6883271801070556,0.2235763427744856,0.6621044486686252,-0.4385281058941395,66.85310363769531,False,0.2099625347253915,0.0226076435575944,9.505612588669004,2.15194249981184,4.95436553002575,6.313
2016_fort_mcmurray_wildfire,CAN_B06,2016-05,CHL_C19,CHL,2016-07,2,-0.3275174643996459,-16096409.268192122,2289857546.8962297,-2239757676.1082296,-0.9781209661466026,-259.34179310657714,-1477542497.064476,8636315.995500948,-0.3275174643996459,0.8499526260887242,-1.17747009048837,-0.3967791306735648,0.6151600308715643,-1.0119391615451292,37744376.991,38260605.939,0.0136769762585589,1846937811.6676185,-1808677205.7286184,-0.979284301995824,-195.03211168991925,9273740.565370211,0.0136769762585589,0.8657835244110874,-0.8521065481525284,0.0135842902117033,0.6236810847288368,-0.6100967945171334,66.85310363769531,False,0.2099625347253915,0.0226076435575944,9.505612588669004,2.15194249981184,4.95436553002575,6.313
2016_fort_mcmurray_wildfire,CAN_B06,2016-05,CHL_C19,CHL,2016-08,3,-0.5176062258944673,-28740492.989949252,2389011412.5454936,-2348408473.726494,-0.9830042926518558,-271.92248117714627,-1549218184.3646674,8636315.995500948,-0.5176062258944673,0.786916375283668,-1.3045226011781352,-0.7289945269875062,0.5804914386050086,-1.3094859655925148,33723575.672,94853547.344,1.8126776432771627,1916159694.3347137,-1821306146.9907136,-0.950498099075749,-196.3939075233345,9273740.565370211,1.8126776432771627,0.8091977754775632,1.0034798677995995,1.0341369084797236,0.5928835286371203,0.4412533798426032,66.85310363769531,False,0.2099625347253915,0.0226076435575944,9.505612588669004,2.15194249981184,4.95436553002575,6.313
2016_fort_mcmurray_wildfire,CAN_B06,2016-05,USA_C19,USA,2016-05,0,-0.29392678973685,-1154954880.514048,203483154329.50937,-200264769802.50937,-0.9841835333366794,-511.3968323257082,-172640309168.691,391603461.6244179,-0.29392678973685,1.0119664130438748,-1.3058932027807248,-0.3480363495171694,0.6991125587750311,-1.0471489082922003,9001063075.0,7303346617.0,-0.1886128831510271,267862842455.00015,-260559495838.00015,-0.972734752793393,-374.23329466938816,696248836.0854913,-0.1886128831510271,0.9975012233435132,-1.1861141064945404,-0.209010005991832,0.6918970110916831,-0.9009070170835152,34621.8046875,False,0.2086100636341359,0.1088091052916158,10.943303361165048,2.94555045484053,0.765879740073601,5.28
2016_fort_mcmurray_wildfire,CAN_B06,2016-05,USA_C19,USA,2016-06,1,-0.2297771759418109,-1002913246.206578,212767981869.28372,-208868245807.28372,-0.9816714149011582,-533.3666994180114,-180057024344.5774,391603461.6244179,-0.2297771759418109,0.9268747237692052,-1.156651899711016,-0.2610754240445985,0.6558993762970289,-0.9169748003416274,8608901931.0,7471839758.0,-0.1320798148374214,278843216281.85455,-271371376523.85455,-0.9732041544433792,-389.7620541092485,696248836.0854913,-0.1320798148374214,0.9220050391751176,-1.0540848540125392,-0.1416555211096799,0.6533689323806477,-0.7950244534903277,34621.8046875,False,0.2086100636341359,0.1088091052916158,10.943303361165048,2.94555045484053,0.765879740073601,5.28
2016_fort_mcmurray_wildfire,CAN_B06,2016-05,USA_C19,USA,2016-07,2,-0.34967131861115,-1698972201.6265953,222120929600.05807,-218455528376.05807,-0.983498172681882,-557.8488184702925,-188321840110.1912,391603461.6244179,-0.34967131861115,0.8544967949740131,-1.2041681135851632,-0.4302773801266966,0.6176133896995211,-1.0478907698262176,8694587987.0,6894794079.0,-0.2070016325892637,290301437308.709,-283406643229.709,-0.9762495351627624,-407.0479238760406,696248836.0854913,-0.2070016325892637,0.8545162034100963,-1.06151783599936,-0.2319341160700325,0.6176238552534379,-0.8495579713234704,34621.8046875,False,0.2086100636341359,0.1088091052916158,10.943303361165048,2.94555045484053,0.765879740073601,5.28
2016_fort_mcmurray_wildfire,CAN_B06,2016-05,USA_C19,USA,2016-08,3,-0.1854940932125552,-850842060.4717448,230667241575.73093,-226333375818.73093,-0.9812116114650934,-577.965717871525,-195113019704.22577,391603461.6244179,-0.1854940932125552,0.7975862180813891,-0.9830803112939444,-0.205173598882471,0.5864447750122253,-0.7916183738946962,7802959270.0,6908413278.0,-0.1146418891918681,300782343562.5634,-293873930284.5634,-0.977031852348198,-422.0817544727344,696248836.0854913,-0.1146418891918681,0.800892765587185,-0.9155346547790532,-0.1217630708233734,0.5882825228233628,-0.7100455936467363,34621.8046875,False,0.2086100636341359,0.1088091052916158,10.943303361165048,2.94555045484053,0.765879740073601,5.28
2016_fort_mcmurray_wildfire,CAN_B06,2016-05,USA_C19,USA,2016-09,4,-0.1242369975453797,-519788023.9214196,238897698952.6068,-234647353136.6068,-0.9822085108620356,-599.1963200817008,-202280169552.8737,391603461.6244179,-0.1242369975453797,0.7495126096773961,-0.8737496072227758,-0.1326597697635847,0.5593372403857444,-0.6919970101493291,7576217966.0,6831309265.0,-0.0983219733570162,312387432862.3123,-305556123597.3123,-0.9781319331497852,-438.8605161844659,696248836.0854913,-0.0983219733570162,0.7488591345697294,-0.8471811079267457,-0.1034977775699594,0.5589636522357466,-0.6624614298057061,34621.8046875,False,0.2086100636341359,0.1088091052916158,10.943303361165048,2.94555045484053,0.765879740073601,5.28
2016_fort_mcmurray_wildfire,CAN_B06,2016-05,GBR_C19,GBR,2016-05,0,-0.441710892257098,-10225308.715926455,67001032.621,-41151058.881,-0.6141854426897609,,-20573983.319489416,0.0,-0.441710892257098,0.0,-0.441710892257098,-0.5828783194535916,0.0,-0.5828783194535916,1661162296.784,1132724446.758,-0.318113318035843,45564057744.47269,-44431333297.71468,-0.9751399567371628,-208.9662889947172,212624407.08241668,-0.318113318035843,0.991155343713238,-1.309268661749081,-0.3828917901409596,0.6887150449766111,-1.0716068351175707,199.543701171875,False,0.2135085112811309,0.008568022101577,10.72009815856061,2.14040560033371,0.669172003330104,5.517
2016_fort_mcmurray_wildfire,CAN_B06,2016-05,GBR_C19,GBR,2016-10,5,-0.4680547400636682,-14886672.79355076,67001032.621,-33161015.843,-0.4949329069386076,,-16579262.001110068,0.0,-0.4680547400636682,0.0,-0.4680547400636682,-0.6312146759596544,0.0,-0.6312146759596544,1407517285.039,1097021918.58,-0.2205979065119593,54917004730.74298,-53819982812.16298,-0.9800240030577292,-253.12231813209232,212624407.08241668,-0.2205979065119593,0.7035832616626199,-0.9241811681745792,-0.2492281998548478,0.5327338337314913,-0.7819620335863391,199.543701171875,False,0.2135085112811309,0.008568022101577,10.72009815856061,2.14040560033371,0.669172003330104,5.517
2016_fort_mcmurray_wildfire,CAN_B06,2016-05,ESP_C19,ESP,2016-09,4,-0.6051776642680619,-29406584.56839971,10260837.836,15798343.825,1.539673862652009,,11630923.432901297,0.0,-0.6051776642680619,0.0,-0.6051776642680619,-0.929319374997629,0.0,-0.929319374997629,896072939.1190002,799576192.503,-0.1076884954375184,39232821793.57716,-38433245601.074165,-0.9796197123747572,-263.3505753681665,145939478.38292792,-0.1076884954375184,0.7422570800640432,-0.8499455755015617,-0.113939986869159,0.5551814450567925,-0.6691214319259515,91.52839660644533,False,0.1336337366619389,0.0035868753248851,10.165214753343864,4.06086672473866,0.552441816045786,22.057
2018_us_china_tariffs,CHN_C26,2018-07,KOR_C26,KOR,2018-08,1,-0.0063806579079948,-12870460.529068625,66036892467.83335,-63086214887.83335,-0.9553177402852916,,-42851041026.46137,0.0,-0.0063806579079948,0.9249184699039577,-0.9312991278119525,-0.0064011013114857,0.6548836135321707,-0.6612847148436565,15124280771.0,17710190272.0,0.1709773535782503,293699516966.75,-275989326694.75,-0.9396996275141816,,0.0,0.1709773535782503,0.9181495972154236,-0.7471722436371732,0.1578387450322829,0.6513609698792386,-0.4935222248469557,13967.865234375,False,0.1471370877543618,0.0655875592505845,10.41325214993025,3.433191763972,2.01882021582307,3.653
2018_us_china_tariffs,CHN_C26,2018-07,KOR_C26,KOR,2018-09,2,-0.1030528259604789,-211106367.74529925,68651138505.5139,-65946050570.5139,-0.9605966048941385,,-44793572154.46406,0.0,-0.1030528259604789,0.8594275008787402,-0.9624803268392192,-0.108758310437139,0.6202686451074371,-0.7290269555445761,16609949939.0,18087263086.0,0.0889414569234361,306071752009.1459,-287984488923.1459,-0.940905153882154,,0.0,0.0889414569234361,0.849506903626455,-0.7605654467030187,0.0852060839365265,0.6149190649794427,-0.5297129810429162,13967.865234375,False,0.1471370877543618,0.0655875592505845,10.41325214993025,3.433191763972,2.01882021582307,3.653
2018_us_china_tariffs,CHN_C26,2018-07,MEX_C26,MEX,2018-08,1,-0.0070795184616403,-14950310.794737533,72675642066.3667,-69219117674.3667,-0.9524390250471604,-1702.9945087446135,-41990147948.82728,40645531.925638765,-0.0070795184616403,0.9129976300940564,-0.9200771485556968,-0.007104697156155,0.6486714516021586,-0.6557761487583136,7918942109.0,8479530875.0,0.0707908655327688,178163315344.12506,-169683784469.12506,-0.952405853816642,,0.0,0.0707908655327688,0.9204007513159956,-0.8496098857832268,0.0683975021120133,0.6525338888983114,-0.5841363867862981,12637.3388671875,False,0.0951281108716083,0.1757325507426526,9.174742019588464,1.87172853327193,6.56759492961866,3.419
2018_us_china_tariffs,CHN_C26,2018-07,MEX_C26,MEX,2018-09,2,-0.0121557085113715,-24426147.234420422,75549886346.46324,-72277671264.46324,-0.956688021117676,-1778.243950569909,-43845547469.54568,40645531.925638765,-0.0121557085113715,0.8487813617405758,-0.8609370702519473,-0.0122301933585582,0.6145266986419564,-0.6267568920005147,7372041904.0,7917620553.0,0.0740064497875377,185027232059.2501,-177109611506.2501,-0.9572083500094484,,0.0,0.0740064497875377,0.8569956495279576,-0.7829891997404199,0.0713960014480648,0.6189599396211136,-0.5475639381730488,12637.3388671875,False,0.0951281108716083,0.1757325507426526,9.174742019588464,1.87172853327193,6.56759492961866,3.419
2018_us_china_tariffs,CHN_C26,2018-07,USA_C26,USA,2018-08,1,-0.0056854533978311,-18194483.484651618,368779231514.0418,-351335981734.0418,-0.9527000213423464,,-64090498604.3581,0.0,-0.0056854533978311,0.9193996776502352,-0.9250851310480664,-0.0057016771096698,0.6520124692559008,-0.6577141463655707,20577734994.0,21182186857.0,0.029374071693325,489116036576.4583,-467933849719.4583,-0.9566929209574409,,0.0,0.029374071693325,0.9229526732374804,-0.8935786015441552,0.0289509201321394,0.6538618554009545,-0.6249109352688151,5149.7197265625,False,0.1532414517794182,0.0443807678978698,10.996016348224313,2.45762229852507,1.68508382434676,4.355
2018_us_china_tariffs,CHN_C26,2018-07,MEX_C29,MEX,2018-08,1,-0.0070795184616403,-3897442.284635676,72675642066.3667,-69219117674.3667,-0.9524390250471604,-1702.9945087446135,-10946540202.460089,40645531.925638765,-0.0070795184616403,0.9129976300940564,-0.9200771485556968,-0.007104697156155,0.6486714516021586,-0.6557761487583136,11592244585.0,13019865904.0,0.1231531398886542,242917551118.95825,-229897685214.95825,-0.9464021193856672,,0.0,0.1231531398886542,0.9194761257987716,-0.7963229859101174,0.1161400332250366,0.6520522976587877,-0.5359122644337511,3294.466552734375,False,0.0380071899745721,0.0261269822131945,9.174742019588464,1.87172853327193,6.56759492961866,3.419
2018_us_china_tariffs,CHN_C26,2018-07,MEX_C29,MEX,2018-09,2,-0.0121557085113715,-6367727.092046601,75549886346.46324,-72277671264.46324,-0.956688021117676,-1778.243950569909,-11430229982.97529,40645531.925638765,-0.0121557085113715,0.8487813617405758,-0.8609370702519473,-0.0122301933585582,0.6145266986419564,-0.6267568920005147,11249474274.0,13079043968.0,0.1626360174207017,252557300564.5971,-239478256596.5971,-0.948213558116271,,0.0,0.1626360174207017,0.8543959458104865,-0.6917599283897847,0.1506898558553402,0.6175590073435231,-0.4668691514881828,3294.466552734375,False,0.0380071899745721,0.0261269822131945,9.174742019588464,1.87172853327193,6.56759492961866,3.419
2018_us_china_tariffs,CHN_C26,2018-07,USA_C29,USA,2018-08,1,-0.0056854533978311,-11546411.815495783,368779231514.0418,-351335981734.0418,-0.9527000213423464,,-40672508838.771576,0.0,-0.0056854533978311,0.9193996776502352,-0.9250851310480664,-0.0057016771096698,0.6520124692559008,-0.6577141463655707,14670337195.0,14387289843.0,-0.019293854547288,326937978761.1667,-312550688918.1667,-0.9559938251973162,,0.0,-0.019293854547288,0.9180440387777052,-0.9373378933249932,-0.0194824102080382,0.6513059369757102,-0.6707883471837484,3268.066650390625,False,0.0779719104653593,0.0083654346694911,10.996016348224313,2.45762229852507,1.68508382434676,4.355
2018_us_china_tariffs,CHN_C26,2018-07,USA_O,USA,2018-08,1,-0.0056854533978311,-11247141.023136055,368779231514.0418,-351335981734.0418,-0.9527000213423464,,-39618320391.14478,0.0,-0.0056854533978311,0.9193996776502352,-0.9250851310480664,-0.0057016771096698,0.6520124692559008,-0.6577141463655707,129131227632.0,140067275895.0,0.0846894160579476,2946653608137.7417,-2806586332242.7417,-0.9524656459421704,-1777.897482809626,1578598518.4069612,0.0846894160579476,0.9231699620990989,-0.8384805460411512,0.0812936935326007,0.6539748465275927,-0.572681152994992,3183.36181640625,False,0.0570975978568352,0.0029218865983199,10.996016348224313,2.45762229852507,1.68508382434676,4.355
2011_thailand_floods,THA_C26,2011-10,CHN_C26,CHN,2011-10,0,-0.0705411489626309,-62038784.5812883,28722435591.187504,-27484839599.187504,-0.9569118716248524,,-18153703241.88883,0.0,-0.0705411489626309,1.002481203988875,-1.0730223529515062,-0.073152742741037,0.6943870136087007,-0.7675397563497377,49489405505.0,53251462044.0,0.0760174122241155,890782506830.5975,-837531044786.5975,-0.9402194568981056,,0.0,0.0760174122241155,0.9984786490684956,-0.92246123684438,0.0732666439716496,0.6923862156326912,-0.6191195716610416,4253.7744140625,False,0.1431577273231884,0.0061557744549176,8.440365173125944,10.5962719761682,6.92845731295996,4.53
2011_thailand_floods,THA_C26,2011-10,CHN_C26,CHN,2011-11,1,-0.2928526163717018,-252326940.47909084,29890742504.875,-28968272130.875,-0.969138592865348,,-19133508631.053795,0.0,-0.2928526163717018,0.9269766855297504,-1.2198293019014523,-0.3465161710872131,0.6559522904851356,-1.0024684615723487,55071335551.0,56652581832.0,0.0287126917329915,929904719869.667,-873252138037.667,-0.939077003674161,,0.0,0.0287126917329915,0.917912512757284,-0.8891998210242926,0.0283082067208795,0.65123736163331,-0.6229291549124305,4253.7744140625,False,0.1431577273231884,0.0061557744549176,8.440365173125944,10.5962719761682,6.92845731295996,4.53
2011_thailand_floods,THA_C26,2011-10,CHN_C26,CHN,2011-12,2,-0.3544274571984553,-352100462.02837414,31172349341.562504,-30201364920.562504,-0.9688510990826932,,-19947964924.055466,0.0,-0.3544274571984553,0.8562331726158032,-1.2106606298142586,-0.4376176923031778,0.6185492582428331,-1.056166950546011,52091662742.0,55495520012.0,0.0653436095303513,964746131481.2365,-909250611469.2365,-0.9424765560585412,,0.0,0.0653436095303513,0.8563736615658627,-0.7910300520355114,0.0632973851804123,0.6186249403744135,-0.5553275551940011,4253.7744140625,False,0.1431577273231884,0.0061557744549176,8.440365173125944,10.5962719761682,6.92845731295996,4.53
2011_thailand_floods,THA_C26,2011-10,CHN_C26,CHN,2012-01,3,-0.1969359391696347,-150641251.82127413,32301607929.25,-31371577618.25,-0.9712079252204088,,-20720888992.5058,0.0,-0.335190461142681,0.802284030320724,-1.1374744914634052,-0.408254686721758,0.5890547662305181,-0.997309452952276,33606536082.0,42301307583.0,0.2587226329956989,996904995681.8058,-954603688098.8058,-0.9575673632229428,,0.0,-0.0330443457605866,0.8064690414058837,-0.8395133871664703,-0.0336026436908838,0.5913741341237646,-0.6249767778146484,4253.7744140625,False,0.1431577273231884,0.0061557744549176,8.440365173125944,10.5962719761682,6.92845731295996,4.53
2011_thailand_floods,THA_C26,2011-10,MYS_C26,MYS,2011-11,1,-0.0903135445193427,-10301053.890207244,4178776653.720751,-3988306074.16375,-0.9544195358257764,,-2172606512.62556,0.0,-0.0903135445193427,0.9187370841014588,-1.0090506286208014,-0.0946552927864523,0.6516672006979363,-0.7463224934843886,6261132499.974001,5821894282.474998,-0.0701531579951113,158701737524.80597,-152879843242.33096,-0.963315497528406,,0.0,-0.0701531579951113,0.9246177501027506,-0.994770908097862,-0.0727353924012668,0.654727376640821,-0.7274627690420878,552.0642700195312,False,0.0642392794935297,0.0219675328113169,9.0938453252436,7.42484738326097,7.26684593389439,3.39
2011_thailand_floods,THA_C26,2011-10,MYS_C26,MYS,2011-12,2,-0.3464446905416166,-37926629.684583545,4339158468.225605,-4207817536.929605,-0.969731243452441,,-2292184103.8968253,0.0,-0.3464446905416166,0.8557207012867122,-1.2021653918283288,-0.4253281111180023,0.6182731386223921,-1.0436012497403944,6783991125.183,6455053675.9800005,-0.0484873053536204,165292129790.2604,-158837076114.2804,-0.960947604195246,,0.0,-0.0484873053536204,0.8561882549257573,-0.9046755602793778,-0.0497022506076305,0.6185250596707981,-0.6682273102784286,552.0642700195312,False,0.0642392794935297,0.0219675328113169,9.0938453252436,7.42484738326097,7.26684593389439,3.39
2011_thailand_floods,THA_C26,2011-10,MYS_C26,MYS,2012-01,3,-0.2433599753722791,-22589342.631602377,4493975893.695459,-4365046733.529459,-0.9713106693903558,,-2377833793.3027096,0.0,-0.289326468446676,0.802581377797216,-1.0919078462438918,-0.341542120382865,0.589219736162196,-0.930761856545061,6466079589.361001,5531138044.827001,-0.1445917161416187,171225566947.6543,-165694428902.8273,-0.9676967748250008,,0.0,-0.0770575919885656,0.802703345489832,-0.8797609374783977,-0.0801884429327515,0.589287396841172,-0.6694758397739236,552.0642700195312,False,0.0642392794935297,0.0219675328113169,9.0938453252436,7.42484738326097,7.26684593389439,3.39
2011_thailand_floods,THA_C26,2011-10,JPN_C26,JPN,2011-10,0,-0.1173699693775764,-23806151.727476142,8357313593.452891,-7996072445.236892,-0.9567754465383476,,-3962692856.0451264,0.0,-0.1173699693775764,1.0003585874882606,-1.117728556865837,-0.1248491572222647,0.6933264581131766,-0.8181756153354414,14008898551.953,13122755174.100002,-0.0632557495199691,281159663585.348,-268036908411.248,-0.9533263235317662,,0.0,-0.0632557495199691,0.9979540149448388,-1.061209764464808,-0.0653449790538402,0.6921236644148259,-0.7574686434686662,534.0665893554688,False,0.1070339449598521,0.0032160468201631,10.713732116746254,4.09791791943181,-1.88074195006213,5.102
2011_thailand_floods,THA_C26,2011-10,JPN_C26,JPN,2011-11,1,-0.3585905636556556,-76338446.01784745,8712502398.543493,-8436974162.823493,-0.9683755340180956,,-4181194889.195064,0.0,-0.3585905636556556,0.9219759258636392,-1.2805664895192947,-0.4440872784245329,0.6533537847986111,-1.097441063223144,12384863070.689,11828845612.17,-0.0448949217561327,291979361121.719,-280150515509.549,-0.9594873912774992,,0.0,-0.0448949217561327,0.9267034406812736,-0.9715983624374064,-0.0459339149756914,0.6558104806896417,-0.7017443956653331,534.0665893554688,False,0.1070339449598521,0.0032160468201631,10.713732116746254,4.09791791943181,-1.88074195006213,5.102
2011_thailand_floods,THA_C26,2011-10,JPN_C26,JPN,2011-12,2,-0.3485953760887829,-75505435.2820116,9061294326.036598,-8776590214.7086,-0.9685801938350094,,-4349501781.337471,0.0,-0.3485953760887829,0.8561043347481125,-1.2046997108368955,-0.4286242865201259,0.6184798475322673,-1.0471041340523932,13400467728.0,12739982776.091995,-0.049288201375832,304118878727.3774,-291378895951.2854,-0.9581085435096828,,0.0,-0.049288201375832,0.8579746643336783,-0.9072628657095104,-0.0505443132304535,0.6194870043075191,-0.6700313175379726,534.0665893554688,False,0.1070339449598521,0.0032160468201631,10.713732116746254,4.09791791943181,-1.88074195006213,5.102
2011_thailand_floods,THA_C26,2011-10,JPN_C26,JPN,2012-01,3,-0.0450248433248226,-7066369.974840392,9373356762.399702,-9070928381.895702,-0.9677353174353543,,-4495369863.494297,0.0,-0.1850441369631523,0.8046679600136324,-0.9897120969767847,-0.2046213223788981,0.5903766191059603,-0.7949979414848585,10685658631.180002,10169263793.031996,-0.0483259718442813,314437157661.43536,-304267893868.4034,-0.967658835652046,,0.0,-0.0560937409208251,0.8070967533346555,-0.8631904942554807,-0.0577284195847802,0.5917215538014844,-0.6494499733862646,534.0665893554688,False,0.1070339449598521,0.0032160468201631,10.713732116746254,4.09791791943181,-1.88074195006213,5.102
2011_thailand_floods,THA_C26,2011-10,JPN_C26,JPN,2012-02,4,-0.0069658779203952,-1149306.7063751551,9725112505.899809,-9394506634.726809,-0.9660049309483631,,-4655728744.6384,0.0,-0.1023040383721756,0.753629094256708,-0.8559331326288836,-0.1079238404967277,0.5616874087155992,-0.669611249212327,10794711657.364002,12006244347.95,0.1122339094402311,326732316723.5763,-314726072375.6263,-0.9632535756843802,,0.0,0.0012354458358364,0.7538301276772024,-0.7525946818413659,0.0012346833005096,0.5618020407268922,-0.5605673574263825,534.0665893554688,False,0.1070339449598521,0.0032160468201631,10.713732116746254,4.09791791943181,-1.88074195006213,5.102
2011_thailand_floods,THA_C26,2011-10,JPN_C26,JPN,2012-03,5,-0.0692874467215093,-12646808.538803462,10102299133.17041,-9759509036.87441,-0.9660681106570618,,-4836616601.937794,0.0,-0.1369461604982463,0.7056358579077399,-0.8425820184059862,-0.1472782030004857,0.5339379783311315,-0.6812161813316173,12628422936.155998,13243279142.159,0.0486882811188267,339827846013.35126,-326584566871.19226,-0.9610294468286784,,0.0,0.0120694405166233,0.7043205895653839,-0.6922511490487605,0.0119971856216061,0.5331665501253582,-0.5211693645037521,534.0665893554688,False,0.1070339449598521,0.0032160468201631,10.713732116746254,4.09791791943181,-1.88074195006213,5.102
2011_thailand_floods,THA_C26,2011-10,CHN_C27,CHN,2011-10,0,-0.0705411489626309,-5483304.608345822,28722435591.187504,-27484839599.187504,-0.9569118716248524,,-1604517002.0112665,0.0,-0.0705411489626309,1.002481203988875,-1.0730223529515062,-0.073152742741037,0.6943870136087007,-0.7675397563497377,13092641682.0,15196716249.0,0.1607066486737141,253521215827.75696,-238324499578.75696,-0.940057418076897,,0.0,0.1607066486737141,1.0010679419521369,-0.8403612932784226,0.1490289995240843,0.6936810090202954,-0.5446520094962111,375.9703063964844,False,0.0951484554482748,0.0007028501145207,8.440365173125944,10.5962719761682,6.92845731295996,4.53
2011_thailand_floods,THA_C26,2011-10,CHN_C27,CHN,2011-11,1,-0.2928526163717018,-22301943.61280424,29890742504.875,-28968272130.875,-0.969138592865348,,-1691117206.0924854,0.0,-0.2928526163717018,0.9269766855297504,-1.2198293019014523,-0.3465161710872131,0.6559522904851356,-1.0024684615723487,14447883247.0,16934683345.0,0.1721221064349593,264528915428.5833,-247594232083.5833,-0.9359817307020564,,0.0,0.1721221064349593,0.921043231737262,-0.7489211253023027,0.1588158720955839,0.6528683883382769,-0.494052516242693,375.9703063964844,False,0.0951484554482748,0.0007028501145207,8.440365173125944,10.5962719761682,6.92845731295996,4.53
2011_thailand_floods,THA_C26,2011-10,CHN_C27,CHN,2011-12,2,-0.3544274571984553,-31120436.982628983,31172349341.562504,-30201364920.562504,-0.9688510990826932,,-1763103012.630341,0.0,-0.3544274571984553,0.8562331726158032,-1.2106606298142586,-0.4376176923031778,0.6185492582428331,-1.056166950546011,14864211820.0,17348519574.0,0.1671335005235414,275067158533.4097,-257718638959.40973,-0.9369298768108196,,0.0,0.1671335005235414,0.8555666431410613,-0.68843314261752,0.1545507430875332,0.6181901174110109,-0.4636393743234777,375.9703063964844,False,0.0951484554482748,0.0007028501145207,8.440365173125944,10.5962719761682,6.92845731295996,4.53
2011_thailand_floods,THA_C26,2011-10,CHN_C27,CHN,2012-01,3,-0.1969359391696347,-13314443.14864466,32301607929.25,-31371577618.25,-0.9712079252204088,,-1831417989.0606408,0.0,-0.335190461142681,0.802284030320724,-1.1374744914634052,-0.408254686721758,0.5890547662305181,-0.997309452952276,10164226962.0,14534552583.0,0.4299712744844156,285261614940.2361,-270727062357.23608,-0.9490483408149916,,0.0,-0.004002915514851,0.8005148722874948,-0.8045177878023458,-0.004010948625293,0.5880726641573446,-0.5920836127826377,375.9703063964844,False,0.0951484554482748,0.0007028501145207,8.440365173125944,10.5962719761682,6.92845731295996,4.53
2011_thailand_floods,THA_C26,2011-10,CHN_M,CHN,2011-10,0,-0.0705411489626309,-5104169.62292231,28722435591.187504,-27484839599.187504,-0.9569118716248524,,-1493575047.5476358,0.0,-0.0705411489626309,1.002481203988875,-1.0730223529515062,-0.073152742741037,0.6943870136087007,-0.7675397563497377,40947534.0,23914031.0,-0.415983609660108,887877670.9652777,-863963639.9652777,-0.9730660745483088,,0.0,-0.415983609660108,1.0139225399431242,-1.429906149603232,-0.5378262135022851,0.7000843316119543,-1.2379105451142394,349.9743957519531,False,0.0567117315467596,0.0012324552360268,8.440365173125944,10.5962719761682,6.92845731295996,4.53
2011_thailand_floods,THA_C26,2011-10,CHN_M,CHN,2011-11,1,-0.2928526163717018,-20759908.714052312,29890742504.875,-28968272130.875,-0.969138592865348,,-1574187408.629574,0.0,-0.2928526163717018,0.9269766855297504,-1.2198293019014523,-0.3465161710872131,0.6559522904851356,-1.0024684615723487,54531548.0,35990201.0,-0.3400113820352211,931069316.9583333,-895079115.9583333,-0.96134530443171,,0.0,-0.3400113820352211,0.9234526588669274,-1.2634640409021485,-0.4155326801709478,0.6541218299409515,-1.0696545101118993,349.9743957519531,False,0.0567117315467596,0.0012324552360268,8.440365173125944,10.5962719761682,6.92845731295996,4.53
2011_thailand_floods,THA_C26,2011-10,CHN_M,CHN,2011-12,2,-0.3544274571984553,-28968660.40544886,31172349341.562504,-30201364920.562504,-0.9688510990826932,,-1641195863.0664923,0.0,-0.3544274571984553,0.8562331726158032,-1.2106606298142586,-0.4376176923031778,0.6185492582428331,-1.056166950546011,51070078.0,31898310.0,-0.3754011889310214,965738220.9513888,-933839910.9513888,-0.966970024269542,,0.0,-0.3754011889310214,0.8617344844085357,-1.237135673339557,-0.4706457258741636,0.6215085708067569,-1.0921542966809206,349.9743957519531,False,0.0567117315467596,0.0012324552360268,8.440365173125944,10.5962719761682,6.92845731295996,4.53
2011_thailand_floods,THA_C26,2011-10,CHN_M,CHN,2012-01,3,-0.1969359391696347,-12393835.673838254,32301607929.25,-31371577618.25,-0.9712079252204088,,-1704787301.5132031,0.0,-0.335190461142681,0.802284030320724,-1.1374744914634052,-0.408254686721758,0.5890547662305181,-0.997309452952276,29787870.0,37340261.0,0.2535391419393196,1007998807.9444442,-970658546.9444442,-0.962956046469791,,0.0,-0.4053338568397292,0.7968182774995616,-1.2021521343392907,-0.5197551239914056,0.5860174764102339,-1.1057726004016395,349.9743957519531,False,0.0567117315467596,0.0012324552360268,8.440365173125944,10.5962719761682,6.92845731295996,4.53
2011_thailand_floods,THA_C26,2011-10,CHN_C28,CHN,2011-10,0,-0.0705411489626309,-4438962.93847517,28722435591.187504,-27484839599.187504,-0.9569118716248524,,-1298923188.626202,0.0,-0.0705411489626309,1.002481203988875,-1.0730223529515062,-0.073152742741037,0.6943870136087007,-0.7675397563497377,13913308918.0,16468108780.0,0.1836227368383081,292756427993.2572,-276288319213.2572,-0.9437480881534076,-436.53911435845293,632906216.4779812,0.1836227368383081,1.0040162574714253,-0.8203935206331172,0.1685798512488254,0.6951532956969722,-0.5265734444481467,304.36358642578125,False,0.0992451174434885,0.0004404064210524,8.440365173125944,10.5962719761682,6.92845731295996,4.53
2011_thailand_floods,THA_C26,2011-10,CHN_C28,CHN,2011-11,1,-0.2928526163717018,-18054350.108969446,29890742504.875,-28968272130.875,-0.969138592865348,,-1369029652.490314,0.0,-0.2928526163717018,0.9269766855297504,-1.2198293019014523,-0.3465161710872131,0.6559522904851356,-1.0024684615723487,15642850294.0,17670360571.0,0.1296125858711104,305591824475.0836,-287921463904.0836,-0.9421765925794892,-454.9196332851953,632906216.4779812,0.1296125858711104,0.9229256068281309,-0.7933130209570204,0.1218747295705,0.6538477798584879,-0.5319730502879878,304.36358642578125,False,0.0992451174434885,0.0004404064210524,8.440365173125944,10.5962719761682,6.92845731295996,4.53
2011_thailand_floods,THA_C26,2011-10,CHN_C28,CHN,2011-12,2,-0.3544274571984553,-25193286.94320272,31172349341.562504,-30201364920.562504,-0.9688510990826932,,-1427305154.2436595,0.0,-0.3544274571984553,0.8562331726158032,-1.2106606298142586,-0.4376176923031778,0.6185492582428331,-1.056166950546011,16361032481.0,18918244871.0,0.1562989617537695,318650738996.1601,-299732494125.1601,-0.9406301553525412,-473.5812136482433,632906216.4779812,0.1562989617537695,0.8528449873961015,-0.6965460256423319,0.1452243542402591,0.6167222888612365,-0.4714979346209773,304.36358642578125,False,0.0992451174434885,0.0004404064210524,8.440365173125944,10.5962719761682,6.92845731295996,4.53
2011_thailand_floods,THA_C26,2011-10,CHN_C28,CHN,2012-01,3,-0.1969359391696347,-10778595.008804008,32301607929.25,-31371577618.25,-0.9712079252204088,,-1482608966.4840646,0.0,-0.335190461142681,0.802284030320724,-1.1374744914634052,-0.408254686721758,0.5890547662305181,-0.997309452952276,11878575544.0,17325454327.0,0.4585464614695554,329970791574.2364,-312645337247.2364,-0.947493975923314,-493.98367263171497,632906216.4779812,0.0488654354838531,0.8001756411854593,-0.7513102057016061,0.0477090423305242,0.5878842385755938,-0.5401751962450696,304.36358642578125,False,0.0992451174434885,0.0004404064210524,8.440365173125944,10.5962719761682,6.92845731295996,4.53
2011_thailand_floods,THA_C26,2011-10,USA_C26,USA,2011-11,1,-0.3479779549715001,-72818084.29142265,18129420628.291676,-17586724615.291676,-0.9700654519453809,,-4421586540.414784,0.0,-0.3479779549715001,0.9242052237195248,-1.272183178691025,-0.4276769055924667,0.6545130116391036,-1.0821899172315703,19695448081.0,20436070576.0,0.0376037392982427,432590289250.93054,-412154218674.93054,-0.9527588318929052,-740.5066263824598,556584106.057762,0.0376037392982427,0.923143648612944,-0.8855399093147012,0.0369139578072932,0.6539611640813234,-0.6170472062740302,266.4036865234375,False,0.1022070289051686,0.0021486201392266,10.792275733004598,2.69519257744442,1.21525703756249,9.633
2011_thailand_floods,THA_C26,2011-10,USA_C26,USA,2011-12,2,-0.3236079898466719,-67408266.26207808,18846648211.48612,-18286246795.48612,-0.9702651946536328,,-4597457711.671995,0.0,-0.3236079898466719,0.8588274168955923,-1.1824354067422642,-0.3909824737602996,0.6199458678567744,-1.010928341617074,20893555670.0,20947194359.0,0.0025672360342675,451310088244.393,-430362893885.393,-0.9535858051822304,-773.2216734207824,556584106.057762,0.0025672360342675,0.8522204835695684,-0.8496532475353008,0.0025639463128435,0.61638518073946,-0.6138212344266165,266.4036865234375,False,0.1022070289051686,0.0021486201392266,10.792275733004598,2.69519257744442,1.21525703756249,9.633
2011_thailand_floods,THA_C26,2011-10,USA_C26,USA,2012-01,3,-0.088946063789559,-15071442.377448646,19523562005.180565,-18909546969.180565,-0.968550050659963,,-4754165439.741451,0.0,-0.1747954489976048,0.805077708657989,-0.9798731576555938,-0.1921239824860094,0.5906036427049841,-0.7827276251909936,16902110371.0,18803570779.0,0.1124984020493946,466305239380.9006,-447501668601.9006,-0.9596754031673224,-804.014458428425,556584106.057762,0.0119156725605852,0.8028140555948021,-0.7908983830342169,0.0118452398834065,0.5893488083380767,-0.5775035684546701,266.4036865234375,False,0.1022070289051686,0.0021486201392266,10.792275733004598,2.69519257744442,1.21525703756249,9.633
2011_thailand_floods,THA_C26,2011-10,CHN_J62_63,CHN,2011-10,0,-0.0705411489626309,-2960796.753411818,28722435591.187504,-27484839599.187504,-0.9569118716248524,,-866384246.3025547,0.0,-0.0705411489626309,1.002481203988875,-1.0730223529515062,-0.073152742741037,0.6943870136087007,-0.7675397563497377,146440216.0,128155236.0,-0.1248631045449974,2125735113.685057,-1997579877.685057,-0.9397125092515232,-114.49398095732354,17447029.6253358,-0.1248631045449974,0.983361051118359,-1.1082241556633563,-0.1333749519389648,0.6847929056829685,-0.8181678576219333,203.01109313964844,False,0.0788739294262903,0.0022427590073197,8.440365173125944,10.5962719761682,6.92845731295996,4.53
2011_thailand_floods,THA_C26,2011-10,CHN_J62_63,CHN,2011-11,1,-0.2928526163717018,-12042285.986275762,29890742504.875,-28968272130.875,-0.969138592865348,,-913145391.524765,0.0,-0.2928526163717018,0.9269766855297504,-1.2198293019014523,-0.3465161710872131,0.6559522904851356,-1.0024684615723487,140586014.0,133915077.0,-0.0474509292225896,2206312168.8425927,-2072397091.8425927,-0.9393036584345856,-118.78223034786105,17447029.6253358,-0.0474509292225896,0.914601072718064,-0.9620520019406538,-0.0486136550773999,0.6495092833985403,-0.6981229384759402,203.01109313964844,False,0.0788739294262903,0.0022427590073197,8.440365173125944,10.5962719761682,6.92845731295996,4.53
2011_thailand_floods,THA_C26,2011-10,CHN_J62_63,CHN,2011-12,2,-0.3544274571984553,-16803970.4820852,31172349341.562504,-30201364920.562504,-0.9688510990826932,,-952015262.4352032,0.0,-0.3544274571984553,0.8562331726158032,-1.2106606298142586,-0.4376176923031778,0.6185492582428331,-1.056166950546011,177106491.0,165143130.0,-0.0675489697325661,2308076563.5001287,-2142933433.5001287,-0.9284498908694928,-122.8251157657379,17447029.6253358,-0.0675489697325661,0.840386960535051,-0.9079359302676172,-0.0699386428925805,0.6099758537844799,-0.6799144966770605,203.01109313964844,False,0.0788739294262903,0.0022427590073197,8.440365173125944,10.5962719761682,6.92845731295996,4.53
2011_thailand_floods,THA_C26,2011-10,CHN_J62_63,CHN,2012-01,3,-0.1969359391696347,-7189343.445919882,32301607929.25,-31371577618.25,-0.9712079252204088,,-988903010.7679108,0.0,-0.335190461142681,0.802284030320724,-1.1374744914634052,-0.408254686721758,0.5890547662305181,-0.997309452952276,108135824.0,132371544.0,0.2241229511507675,2399943801.157665,-2267572257.157665,-0.9448438984545606,-129.9689578026965,17447029.6253358,-0.3170833640858057,0.7830285397420429,-1.1001119038278486,-0.3813824802278809,0.5783133450121838,-0.9596958252400648,203.01109313964844,False,0.0788739294262903,0.0022427590073197,8.440365173125944,10.5962719761682,6.92845731295996,4.53
2011_thailand_floods,THA_C26,2011-10,CZE_C26,CZE,2011-10,0,-0.3965535426037825,-25111440.835226044,1400393092.357862,-1342660267.977862,-0.9587738437906784,,-888693233.280315,0.0,-0.3965535426037825,0.9845376047054172,-1.3810911473091998,-0.5050979556504736,0.6853859415674819,-1.1904838972179554,2828224872.0829997,2937605458.6339993,0.0386746427523071,43716500357.63402,-40778894899.000015,-0.9328032794344888,-1176.12572101378,34672224.38078304,0.0386746427523071,0.9798864537679004,-0.9412118110155934,0.0379455184559311,0.6830394964577842,-0.645093978001853,179.352294921875,False,0.0931851755269287,0.0179697158522733,9.911526925389676,2.71466509907701,-0.485125297413731,7.281
2011_thailand_floods,THA_C26,2011-10,CZE_C26,CZE,2011-11,1,-0.4704230972839777,-24171923.88174271,1448951798.0189593,-1407840055.9149592,-0.971626563312728,,-931835074.7928988,0.0,-0.4704230972839777,0.9211496599186136,-1.391572757202591,-0.6356768765641831,0.6529237874136307,-1.2886006639778138,2931602413.007,2906129789.82,-0.0086889760610041,45438854720.46062,-42532724930.64062,-0.9360430669369094,-1226.7088625041963,34672224.38078304,-0.0086889760610041,0.908982125208656,-0.9176711012696602,-0.0087269453131426,0.6465701812479487,-0.6552971265610914,179.352294921875,False,0.0931851755269287,0.0179697158522733,9.911526925389676,2.71466509907701,-0.485125297413731,7.281
2011_thailand_floods,THA_C26,2011-10,CZE_C26,CZE,2011-12,2,-0.2934103181699655,-8065642.514477161,1488480880.2630565,-1459135135.0680566,-0.9802847684615112,,-965786768.1818682,0.0,-0.2934103181699655,0.8752754358163969,-1.1686857539863624,-0.3473051367268311,0.6287555471478044,-0.9760606838746356,2597414602.7,2534680419.201,-0.0241525490130792,47021950083.1869,-44487269663.9859,-0.9460958038805948,-1283.0809230873235,34672224.38078304,-0.0241525490130792,0.852296582474002,-0.8764491314870813,-0.0244490049939862,0.616426265109169,-0.6408752701031553,179.352294921875,False,0.0931851755269287,0.0179697158522733,9.911526925389676,2.71466509907701,-0.485125297413731,7.281
2011_thailand_floods,THA_C26,2011-10,DEU_C26,DEU,2011-10,0,-0.1885517095839463,-12645508.125618096,3977725136.9505386,-3808742739.0585384,-0.9575178293939264,-2012.2418966129455,-1226610931.757707,1892785.7259455272,-0.1885517095839463,0.9925610536825512,-1.1811127632664975,-0.2089346139326444,0.6894207727110846,-0.898355386643729,15454098921.963997,14043447412.097998,-0.0912800880199572,282842303564.4818,-268798856152.38385,-0.9503488437368904,-3863.110557494827,69580937.99073048,-0.0912800880199572,0.9848225454436652,-1.0761026334636226,-0.095718359913949,0.6855295123780785,-0.7812478722920275,98.19930267333984,False,0.0286433317049187,0.0018255701404542,10.654855682466964,4.13463778522758,0.699760025176531,7.043
2011_thailand_floods,THA_C26,2011-10,DEU_C26,DEU,2011-11,1,-0.4002120203224507,-28313134.829480752,4165217848.40547,-4033461850.42947,-0.9683675613686236,-2130.9659065685228,-1298982036.205312,1892785.7259455272,-0.4002120203224507,0.907342795626374,-1.3075548159488246,-0.5111790503814504,0.6457110667361547,-1.1568901171176051,15760795382.557,15265608957.733002,-0.031418872766538,294550106258.52277,-279284497300.7898,-0.9481731337610364,-4013.807593941833,69580937.99073048,-0.031418872766538,0.9100538497209608,-0.941472722487499,-0.0319230337832046,0.6471314352292019,-0.6790544690124065,98.19930267333984,False,0.0286433317049187,0.0018255701404542,10.654855682466964,4.13463778522758,0.699760025176531,7.043
2011_thailand_floods,THA_C26,2011-10,DEU_C26,DEU,2011-12,2,-0.3977634131899454,-22790222.69852108,4286955672.046401,-4179812208.8854017,-0.9750070979600648,-2208.28599433642,-1346114374.052073,1892785.7259455272,-0.3977634131899454,0.8594325534872671,-1.2571959666772126,-0.507104905820075,0.6202713622083529,-1.1273762680284278,14354019934.155,13681718018.375,-0.0468371869945836,305233120399.65625,-291551402381.28125,-0.955176168298968,-4190.1045142582225,69580937.99073048,-0.0468371869945836,0.8510938232819126,-0.8979310102764962,-0.0479695473084547,0.6157767201926454,-0.6637462675011001,98.19930267333984,False,0.0286433317049187,0.0018255701404542,10.654855682466964,4.13463778522758,0.699760025176531,7.043
2011_thailand_floods,THA_C26,2011-10,DEU_C26,DEU,2012-01,3,-0.2946566558436471,-14916688.036546992,4448893667.359822,-4338019203.572823,-0.9750781942485044,-2291.870201739712,-1397065158.1977336,1892785.7259455272,-0.2910712299424423,0.8030283981844359,-1.0940996281268782,-0.3440002202348644,0.5894676944349087,-0.9334679146697732,11422527771.514996,12200872825.498,0.0681412266664832,314974731284.14716,-302773858458.6492,-0.9612639630621947,-4351.390872295865,69580937.99073048,-0.0400542704409822,0.8036175143874946,-0.8436717848284769,-0.0408785278243044,0.5897943783087776,-0.630672906133082,98.19930267333984,False,0.0286433317049187,0.0018255701404542,10.654855682466964,4.13463778522758,0.699760025176531,7.043
2011_thailand_floods,THA_C26,2011-10,DEU_C26,DEU,2012-02,4,-0.0043919575671973,-185440.52039563283,4588004310.261764,-4457474500.096764,-0.9715497629605424,-2354.981041433026,-1435535903.6933572,1892785.7259455272,-0.0752479052664484,0.7601713368203261,-0.8354192420867745,-0.0782295825066299,0.5654111546122209,-0.6436407371188508,11109898163.585,12891378571.425003,0.1603507414387626,326394101062.43964,-313502722491.01465,-0.9605036410601095,-4505.583447765238,69580937.99073048,0.0101686286820791,0.7542942658506815,-0.7441256371686024,0.0101172760074277,0.5620666483200765,-0.5519493723126487,98.19930267333984,False,0.0286433317049187,0.0018255701404542,10.654855682466964,4.13463778522758,0.699760025176531,7.043
2011_thailand_floods,THA_C26,2011-10,DEU_C26,DEU,2012-03,5,-0.3302565025476165,-20731952.469927985,4800679588.412694,-4670131011.715694,-0.9728062299737515,-2467.3321167311556,-1504022231.001911,1892785.7259455272,-0.2491056465758976,0.7028262627144007,-0.9519319092902984,-0.2864903097405964,0.5322893779590459,-0.8187796876996423,13537384707.088,14177241907.080996,0.0472659390153828,340736126396.34607,-326558884489.2651,-0.9583923135564736,-4693.223372941149,69580937.99073048,-0.1093832917065762,0.7003107205713521,-0.8096940122779284,-0.1158411255470746,0.5308110111651487,-0.6466521367122233,98.19930267333984,False,0.0286433317049187,0.0018255701404542,10.654855682466964,4.13463778522758,0.699760025176531,7.043
2015_tianjin_explosion,CHN_C20,2015-08,USA_C20,USA,2015-08,0,-0.0632022793732472,-23790402.865333688,24609564151.27485,-23513064771.27485,-0.955444177180066,-607.2282875524556,-7561635350.173673,38721952.276051804,-0.0632022793732472,0.9939425505806696,-1.0571448299539168,-0.0652878997921639,0.6901138599411141,-0.755401759733278,13881932078.0,12645621632.0,-0.0890589608891184,329863004587.8821,-317217382955.8821,-0.9616640197411682,,0.0,-0.0890589608891184,0.9974938973764508,-1.0865528582655692,-0.0932771048734295,0.691893343519915,-0.7851704483933446,2249.6416015625,False,0.1519282749149622,0.0071244077798807,10.914623278788484,2.52381981363968,1.63535305156384,6.168
2015_tianjin_explosion,CHN_C20,2015-08,USA_C20,USA,2015-09,1,-0.1760020733771219,-75558038.8268558,25647593020.034977,-24547618762.034977,-0.9571119887491688,-633.9457935135372,-7894340597.417837,38721952.276051804,-0.1760020733771219,0.916832964666284,-1.092835038043406,-0.1935872651501959,0.6506743265153219,-0.8442615916655178,13224263619.0,12056349754.0,-0.0883159848176344,342898603685.0835,-330842253931.0835,-0.9648398983710283,,0.0,-0.0883159848176344,0.9245150762151164,-1.0128310610327511,-0.0924618235174037,0.6546740275431056,-0.7471358510605093,2249.6416015625,False,0.1519282749149622,0.0071244077798807,10.914623278788484,2.52381981363968,1.63535305156384,6.168
2015_tianjin_explosion,CHN_C20,2015-08,USA_C20,USA,2015-10,2,-0.2509747685778524,-104954522.93933184,26666739228.2951,-25692734525.2951,-0.9634749230244648,-663.5185731889137,-8262601728.824544,38721952.276051804,-0.2509747685778524,0.8519420072686514,-1.102916775846504,-0.2889826089626872,0.6162348221319149,-0.9052174310946022,13980063294.0,12053396859.0,-0.1378152869899302,357375968123.78485,-345322571264.78485,-0.966272503094486,,0.0,-0.1378152869899302,0.8550396289005596,-0.99285491589049,-0.1482857470281793,0.6179060591175229,-0.7661918061457023,2249.6416015625,False,0.1519282749149622,0.0071244077798807,10.914623278788484,2.52381981363968,1.63535305156384,6.168
2015_tianjin_explosion,CHN_C20,2015-08,USA_C20,USA,2015-11,3,-0.1150059108268566,-39015342.10110721,27483513053.555225,-26549938216.555225,-0.9660314591085642,-685.6559820971488,-8538272373.939705,38721952.276051804,-0.1150059108268566,0.8062112757564545,-0.9212171865833112,-0.1221743127737262,0.5912314335918829,-0.7134057463656092,12609080652.0,11198945477.0,-0.1118348921637145,370130958017.98627,-358932012540.98627,-0.969743288870055,,0.0,-0.1118348921637145,0.801944775249477,-0.9137796674131916,-0.1185976210151693,0.588866512348929,-0.7074641333640983,2249.6416015625,False,0.1519282749149622,0.0071244077798807,10.914623278788484,2.52381981363968,1.63535305156384,6.168
2015_tianjin_explosion,CHN_C20,2015-08,USA_C20,USA,2015-12,4,-0.126163453974378,-47694537.39130956,28599211659.81535,-27572002733.81535,-0.9640826139468968,-712.0509456045088,-8866961094.829634,38721952.276051804,-0.126163453974378,0.7511353984501544,-0.8772988524245324,-0.1348619389711984,0.5602643766443798,-0.6951263156155782,12974114416.0,11403689042.0,-0.121042972463948,383857104581.1876,-372453415539.1876,-0.9702918380149764,,0.0,-0.121042972463948,0.7517121075564559,-0.872755080020404,-0.1290192703812245,0.5605936568389005,-0.689612927220125,2249.6416015625,False,0.1519282749149622,0.0071244077798807,10.914623278788484,2.52381981363968,1.63535305156384,6.168
2015_tianjin_explosion,CHN_C20,2015-08,USA_C20,USA,2016-01,5,-0.0884816989787753,-34476231.58009172,29697328638.07548,-28592931586.07548,-0.962811569166392,-738.4165803995172,-9195284593.886786,38721952.276051804,-0.0460983966381909,0.7038125091049279,-0.7499109057431188,-0.0471947539416994,0.5328683924616939,-0.5800631464033934,13018769520.0,11048477327.0,-0.1513424283280498,397239526789.88904,-386191049462.88904,-0.972186863134484,,0.0,-0.0843448440556964,0.7084472390341494,-0.7927920830898458,-0.0881154524916922,0.5355849106395922,-0.6237003631312845,2249.6416015625,False,0.1519282749149622,0.0071244077798807,10.914623278788484,2.52381981363968,1.63535305156384,6.168
2015_tianjin_explosion,CHN_C20,2015-08,KOR_C20,KOR,2015-08,0,-0.0482614225481636,-12124296.763294514,15510119645.46528,-14920013053.46528,-0.9619534468148008,,-6045230282.02419,0.0,-0.0482614225481636,1.0085390621604866,-1.0568004847086503,-0.0494648853364161,0.6974076229874946,-0.7468725083239107,5712794726.0,4523437890.0,-0.2081917683103532,139214330508.01392,-134690892618.01392,-0.9675073832306396,,0.0,-0.2081917683103532,1.0009586752039168,-1.20915044351427,-0.2334360481452932,0.6936264033091426,-0.927062451454436,2150.50927734375,False,0.1140992080672865,0.0241697855393427,10.330978019982323,3.21468019683108,1.05128607800876,3.082
2015_tianjin_explosion,CHN_C20,2015-08,KOR_C20,KOR,2015-09,1,-0.1434248949329171,-39471910.86478482,16202696650.208334,-15620880981.208334,-0.9640914298674772,,-6329205101.97301,0.0,-0.1434248949329171,0.9255303165299572,-1.0689552114628744,-0.1548132764713266,0.6552014188489395,-0.810014695320266,5617217793.0,4623768303.0,-0.1768579262207004,144879636078.29172,-140255867775.29172,-0.9680854505977544,,0.0,-0.1768579262207004,0.9255891513865364,-1.1024470776072368,-0.19462646402906,0.655231973577127,-0.8498584376061871,2150.50927734375,False,0.1140992080672865,0.0241697855393427,10.330978019982323,3.21468019683108,1.05128607800876,3.082
2015_tianjin_explosion,CHN_C20,2015-08,KOR_C20,KOR,2015-10,2,-0.0587288357823852,-16713616.83478934,16875177595.451391,-16214042581.451391,-0.9608220411156914,,-6569539909.662098,0.0,-0.0587288357823852,0.8570378150995289,-0.915766650881914,-0.0605240148074344,0.6189826456555423,-0.6795066604629767,5945783262.0,4563858538.0,-0.232420971822501,151052312856.0695,-146488454318.0695,-0.9697862386102708,,0.0,-0.232420971822501,0.8554105927142174,-1.0878315645367185,-0.2645138364612833,0.6181060153420646,-0.8826198518033479,2150.50927734375,False,0.1140992080672865,0.0241697855393427,10.330978019982323,3.21468019683108,1.05128607800876,3.082
2015_tianjin_explosion,CHN_C20,2015-08,KOR_C20,KOR,2015-11,3,-0.1471803745784112,-39899580.95520136,17523520413.694447,-16952920146.694448,-0.967438034508518,,-6868915320.133217,0.0,-0.1471803745784112,0.7999626949211123,-0.9471430694995236,-0.1592072126534098,0.587765939597876,-0.7469731522512859,5188953648.0,4265900504.0,-0.1778881074329458,156390084052.34723,-152124183548.34723,-0.9727226919158628,,0.0,-0.1778881074329458,0.8027764868436007,-0.9806645942765464,-0.1958787708037164,0.5893279691679538,-0.7852067399716702,2150.50927734375,False,0.1140992080672865,0.0241697855393427,10.330978019982323,3.21468019683108,1.05128607800876,3.082
2015_tianjin_explosion,CHN_C20,2015-08,KOR_C20,KOR,2015-12,4,-0.0750251349170314,-20945320.519998163,18181267217.4375,-17543934063.4375,-0.9649456142755144,,-7108379938.145935,0.0,-0.0750251349170314,0.7493362278523524,-0.8243613627693839,-0.0779887146044622,0.5592364175723041,-0.6372251321767664,5458414688.0,4751033617.0,-0.1295946005266209,162502660176.125,-157751626559.125,-0.9707633486624114,,0.0,-0.1295946005266209,0.7499343695764283,-0.8795289701030492,-0.1387961994333402,0.5595782841283636,-0.6983744835617038,2150.50927734375,False,0.1140992080672865,0.0241697855393427,10.330978019982323,3.21468019683108,1.05128607800876,3.082
2015_tianjin_explosion,CHN_C20,2015-08,KOR_C20,KOR,2016-01,5,-0.1340155465785001,-36287668.82451871,18829980221.180557,-18251257762.180557,-0.9692659019179938,,-7394970481.164379,0.0,-0.1443660629374723,0.705312833017075,-0.8496788959545474,-0.1559126376750903,0.5337485736430807,-0.689661211318171,5399657348.0,4007396486.0,-0.2578424467092685,167895816983.9028,-163888420497.9028,-0.9761316478397778,,0.0,-0.1635738049648775,0.7087710577495681,-0.8723448627144457,-0.1786169930882586,0.5357744324576927,-0.7143914255459514,2150.50927734375,False,0.1140992080672865,0.0241697855393427,10.330978019982323,3.21468019683108,1.05128607800876,3.082
2015_tianjin_explosion,CHN_C20,2015-08,KOR_C20,KOR,2016-02,6,-0.0670919417934106,-14801213.149637831,19391281293.423615,-18883329907.423615,-0.973805166439813,,-7651070905.417015,0.0,-0.1907063594402756,0.6711937035358195,-0.8619000629760952,-0.2115934600875704,0.5135381635879561,-0.7251316236755265,5280085739.0,4076925647.0,-0.2278675293306634,173406373231.18057,-169329447584.18057,-0.9764891821965233,,0.0,-0.0438380289015491,0.6711312903762069,-0.7149693192777561,-0.0448279544357177,0.5135008164668022,-0.55832877090252,2150.50927734375,False,0.1140992080672865,0.0241697855393427,10.330978019982323,3.21468019683108,1.05128607800876,3.082
2015_tianjin_explosion,CHN_C20,2015-08,JPN_C20,JPN,2015-08,0,-0.0466463705171904,-9105695.996343374,17568675785.20186,-16925738755.556858,-0.9634043545736926,,-4899237659.966975,0.0,-0.0466463705171904,1.0052896089318055,-1.0519359794489962,-0.0477693743231348,0.6957884936278838,-0.7435578679510186,5636198992.027999,4707877876.0199995,-0.1647069447549746,150396645059.68948,-145688767183.6695,-0.9686969222341928,,0.0,-0.1647069447549746,1.000583449958354,-1.1652903947133286,-0.1799726513045811,0.6934388629890123,-0.8734115142935934,1360.26611328125,False,0.1491252656103901,0.0151851178512204,10.557800221758049,0.296205514141889,1.68629478626745,3.589
2015_tianjin_explosion,CHN_C20,2015-08,JPN_C20,JPN,2015-09,1,-0.0791147243330074,-16953737.542657286,18320081058.36513,-17638319057.58913,-0.9627860816442894,,-5105497504.921807,0.0,-0.0791147243330074,0.925881017285796,-1.0049957416188031,-0.0824198153349087,0.6553835343069316,-0.7378033496418404,5465645698.125,4568497131.662,-0.164143198446026,156330020322.71957,-151761523191.0576,-0.9707765845470304,,0.0,-0.164143198446026,0.9273883550520524,-1.0915315534980785,-0.1792979705405208,0.656165902619879,-0.8354638731603998,1360.26611328125,False,0.1491252656103901,0.0151851178512204,10.557800221758049,0.296205514141889,1.68629478626745,3.589
2015_tianjin_explosion,CHN_C20,2015-08,JPN_C20,JPN,2015-10,2,-0.1426200495572987,-31313557.377264436,19122936106.2094,-18472590403.5864,-0.9659913258606858,,-5346981416.257687,0.0,-0.1426200495572987,0.8538192137129664,-0.9964392632702652,-0.1538741090073152,0.6172479508627831,-0.7711220598700983,5982357747.058001,4874125919.206,-0.1852500092287201,163142243293.9682,-158268117374.7622,-0.9701234590085706,,0.0,-0.1852500092287201,0.8555340184932329,-1.040784027721953,-0.2048739725535178,0.6181725352138336,-0.8230465077673514,1360.26611328125,False,0.1491252656103901,0.0151851178512204,10.557800221758049,0.296205514141889,1.68629478626745,3.589
2015_tianjin_explosion,CHN_C20,2015-08,JPN_C20,JPN,2015-11,3,-0.0137734480871498,-2690082.9982142593,19797094072.108173,-19131638876.97917,-0.9663862184669542,,-5537746212.24212,0.0,-0.0137734480871498,0.8014415265746421,-0.8152149746617919,-0.0138691820772933,0.5885871924509267,-0.6024563745282201,5105927440.76,4359971380.267,-0.1460960950087389,168816156602.02533,-164456185221.75833,-0.9741732576548028,,0.0,-0.1460960950087389,0.8036703611648608,-0.9497664561735996,-0.1579366149207324,0.5898236783121078,-0.7477602932328402,1360.26611328125,False,0.1491252656103901,0.0151851178512204,10.557800221758049,0.296205514141889,1.68629478626745,3.589
2015_tianjin_explosion,CHN_C20,2015-08,JPN_C20,JPN,2015-12,4,-0.0800281320073121,-15924245.983620249,20533785876.500942,-19901359651.214943,-0.9692007002951292,,-5760545645.652775,0.0,-0.0800281320073121,0.7510917494093239,-0.8311198814166361,-0.083412187548852,0.5602394501864119,-0.6436516377352639,5687860698.921,5010981158.903999,-0.1190042400555635,175623184941.26044,-170612203782.35645,-0.9714674280586588,,0.0,-0.1190042400555635,0.749183835345767,-0.8681880754013306,-0.1267024658096858,0.5591492993398539,-0.6858517651495397,1360.26611328125,False,0.1491252656103901,0.0151851178512204,10.557800221758049,0.296205514141889,1.68629478626745,3.589
2015_tianjin_explosion,CHN_C20,2015-08,JPN_C20,JPN,2016-01,5,-0.2038953466507565,-50127757.76553845,21377960083.010212,-20701783302.99721,-0.9683703787738672,,-5992232176.7622385,0.0,-0.1150189419141921,0.7006518486602433,-0.8156707905744355,-0.1221890373260308,0.5310116179232942,-0.653200655249325,5645567231.163,4520945343.908,-0.1992044096202048,181513103680.5381,-176992158336.63007,-0.975093008426186,,0.0,-0.1393405536972048,0.7076699245069122,-0.847010478204117,-0.1500563855166632,0.5351298240561704,-0.6851862095728336,1360.26611328125,False,0.1491252656103901,0.0151851178512204,10.557800221758049,0.296205514141889,1.68629478626745,3.589
2015_tianjin_explosion,CHN_C20,2015-08,JPN_C20,JPN,2016-02,6,-0.0337385747431775,-5694528.828781153,21923892647.256485,-21360456336.458485,-0.974300352594159,,-6182888299.826805,0.0,-0.1334047151298513,0.6714891858247066,-0.8048939009545579,-0.14318321040734,0.5137149570835362,-0.6568981674908763,6592230798.431999,4577998784.502,-0.305546343190699,188002311585.59717,-183424312801.09515,-0.9756492420444648,,0.0,-0.0129236894395322,0.6669523020359355,-0.6798759914754677,-0.0130079268704363,0.5109969902999225,-0.5240049171703589,1360.26611328125,False,0.1491252656103901,0.0151851178512204,10.557800221758049,0.296205514141889,1.68629478626745,3.589
2015_tianjin_explosion,CHN_C20,2015-08,JPN_C20,JPN,2016-03,7,-0.1230904496888935,-26129026.09121084,22686531572.385258,-22043440041.633255,-0.9716531577909956,,-6380581265.425572,0.0,0.1624920603857166,0.6345915004597719,-0.4720994400740552,0.1505660284276508,0.4913929262907359,-0.340826897863085,6218984444.009999,5103721282.5720005,-0.179332039093971,194588408430.9443,-189484687148.3723,-0.973771709611453,,0.0,-0.0781980265884343,0.6301534384707962,-0.7083514650592306,-0.0814248578586962,0.4886741444162652,-0.5700990022749615,1360.26611328125,False,0.1491252656103901,0.0151851178512204,10.557800221758049,0.296205514141889,1.68629478626745,3.589
2015_tianjin_explosion,CHN_C20,2015-08,JPN_C20,JPN,2016-04,8,-0.0667537410814083,-13604343.838667218,23489747941.575027,-22832669265.30303,-0.9720270018262298,,-6609027514.7025795,0.0,-0.0834681758209728,0.5998751129204449,-0.6833432887414178,-0.0871584885786056,0.4699255717490693,-0.557084060327675,5936497710.0,5166747506.17,-0.1296640277538319,200654844484.5379,-195488096978.3679,-0.9742505718242545,,0.0,-0.0261228378622666,0.5996771120906609,-0.6257999499529275,-0.026470100189659,0.4698018039340539,-0.4962719041237129,1360.26611328125,False,0.1491252656103901,0.0151851178512204,10.557800221758049,0.296205514141889,1.68629478626745,3.589
2015_tianjin_explosion,CHN_C20,2015-08,JPN_C20,JPN,2016-05,9,-0.1276198186494889,-26817431.83028163,24201809474.313797,-23568488342.989796,-0.9738316619674176,,-6822013936.647775,0.0,-0.021373823974331,0.5721279602676287,-0.5935017842419598,-0.0216055520087614,0.4524300903319407,-0.4740356423407021,5562895829.792,4571900904.607,-0.178143714264384,206549888887.92404,-201977987983.31705,-0.9778653916047964,,0.0,-0.0519309832261435,0.5727591724398804,-0.6246901556660239,-0.053327976861663,0.4528315115511496,-0.5061594884128127,1360.26611328125,False,0.1491252656103901,0.0151851178512204,10.557800221758049,0.296205514141889,1.68629478626745,3.589
2015_tianjin_explosion,CHN_C20,2015-08,JPN_C20,JPN,2016-06,10,-0.0149565343521838,-3158446.2505125394,24966287265.50907,-24247637913.72007,-0.9712152093682822,,-7018597093.325635,0.0,0.0258809279650369,0.5450603735522046,-0.5191794455871677,0.025551685362732,0.4350629862972184,-0.4095113009344864,5506794347.865001,4942570854.044,-0.1024595178571998,212834890295.27463,-207892319441.23065,-0.9767774407326404,,0.0,0.0293304108633569,0.5466006744410027,-0.5172702635776457,0.028908504297302,0.4360594092699266,-0.4071509049726245,1360.26611328125,False,0.1491252656103901,0.0151851178512204,10.557800221758049,0.296205514141889,1.68629478626745,3.589
2015_tianjin_explosion,CHN_C20,2015-08,JPN_C20,JPN,2016-07,11,-0.1288867364831002,-28152126.547944624,25732548029.20734,-25075197932.447346,-0.97445452754955,,-7258138378.24004,0.0,-0.1068551051490637,0.5203834207345879,-0.6272385258836517,-0.1130064548331617,0.4189625535114381,-0.5319690083445998,5723706720.41,4934467656.384,-0.1378895010835679,219282173803.5933,-214347706147.2093,-0.9774971783123432,,0.0,0.0210604203497625,0.5221383494689625,-0.5010779291192,0.0208417150470836,0.4201161550884755,-0.3992744400413919,1360.26611328125,False,0.1491252656103901,0.0151851178512204,10.557800221758049,0.296205514141889,1.68629478626745,3.589
2015_tianjin_explosion,CHN_C20,2015-08,DEU_C20,DEU,2015-09,1,-0.0214719503923002,-3012389.2201780756,8084762479.545713,-7725740831.536714,-0.9555928020251284,,-2954148807.7500153,0.0,-0.0214719503923002,0.9235880873014992,-0.9450600376937996,-0.0217058265719707,0.6541922373692088,-0.6758980639411796,11252227845.491,9402755555.973,-0.1643649875308134,308655143895.1263,-299252388339.15326,-0.969536371766518,-757.8713183998284,394859102.1639341,-0.1643649875308134,0.9266940135712232,-1.091059001102037,-0.1795633491677435,0.6558055878075422,-0.8353689369752857,956.1583251953124,False,0.0432330134874578,0.0110373368347061,10.79877115404584,2.18018602168017,1.89470416699187,4.979
2015_tianjin_explosion,CHN_C20,2015-08,USA_C22,USA,2015-08,0,-0.0632022793732472,-9698123.596708594,24609564151.27485,-23513064771.27485,-0.955444177180066,-607.2282875524556,-3082489802.05727,38721952.276051804,-0.0632022793732472,0.9939425505806696,-1.0571448299539168,-0.0652878997921639,0.6901138599411141,-0.755401759733278,4001144871.0,3781519145.0,-0.0548907208013963,91017883770.2292,-87236364625.2292,-0.9584530095805536,,0.0,-0.0548907208013963,0.9969496538542562,-1.0518403746556526,-0.0564547187959938,0.6916208432157198,-0.7480755620117137,917.0631713867188,False,0.1313250667055483,0.0061206899325794,10.914623278788484,2.52381981363968,1.63535305156384,6.168
2015_tianjin_explosion,CHN_C20,2015-08,USA_C22,USA,2015-09,1,-0.1760020733771219,-30801126.12701972,25647593020.034977,-24547618762.034977,-0.9571119887491688,-633.9457935135372,-3218116618.774572,38721952.276051804,-0.1760020733771219,0.916832964666284,-1.092835038043406,-0.1935872651501959,0.6506743265153219,-0.8442615916655178,3889664885.0,3817172263.0,-0.0186372410331693,94576076092.00005,-90758903829.00005,-0.9596391347502428,,0.0,-0.0186372410331693,0.924756318365312,-0.9433935593984812,-0.0188131028859288,0.6547993718548746,-0.6736124747408034,917.0631713867188,False,0.1313250667055483,0.0061206899325794,10.914623278788484,2.52381981363968,1.63535305156384,6.168
2015_tianjin_explosion,CHN_C20,2015-08,USA_C22,USA,2015-10,2,-0.2509747685778524,-42784560.70125699,26666739228.2951,-25692734525.2951,-0.9634749230244648,-663.5185731889137,-3368237740.6598234,38721952.276051804,-0.2509747685778524,0.8519420072686514,-1.102916775846504,-0.2889826089626872,0.6162348221319149,-0.9052174310946022,4214017867.0,3983027318.0,-0.0548148005752155,98740383505.77087,-94757356187.77087,-0.9596616179056342,,0.0,-0.0548148005752155,0.8525067785049965,-0.907321579080212,-0.0563743924485713,0.6165397372847856,-0.672914129733357,917.0631713867188,False,0.1313250667055483,0.0061206899325794,10.914623278788484,2.52381981363968,1.63535305156384,6.168
2015_tianjin_explosion,CHN_C20,2015-08,USA_C22,USA,2015-11,3,-0.1150059108268566,-15904548.233428955,27483513053.555225,-26549938216.555225,-0.9660314591085642,-685.6559820971488,-3480614483.6449924,38721952.276051804,-0.1150059108268566,0.8062112757564545,-0.9212171865833112,-0.1221743127737262,0.5912314335918829,-0.7134057463656092,3713734280.0,3628733204.0,-0.0228883031448335,102110963977.04172,-98482230773.04172,-0.9644628445108414,,0.0,-0.0228883031448335,0.8018033240917293,-0.8246916272365628,-0.0231543071063278,0.5887880100984049,-0.6119423172047327,917.0631713867188,False,0.1313250667055483,0.0061206899325794,10.914623278788484,2.52381981363968,1.63535305156384,6.168
2015_tianjin_explosion,CHN_C20,2015-08,USA_C22,USA,2015-12,4,-0.126163453974378,-19442609.741710726,28599211659.81535,-27572002733.81535,-0.9640826139468968,-712.0509456045088,-3614603969.1563745,38721952.276051804,-0.126163453974378,0.7511353984501544,-0.8772988524245324,-0.1348619389711984,0.5602643766443798,-0.6951263156155782,3489755353.0,3465047751.0,-0.0070800384269802,105580298529.31252,-102115250778.31252,-0.9671809248575104,,0.0,-0.0070800384269802,0.755549854550647,-0.7626298929776273,-0.0071052208289863,0.5627821152764163,-0.5698873361054027,917.0631713867188,False,0.1313250667055483,0.0061206899325794,10.914623278788484,2.52381981363968,1.63535305156384,6.168
2015_tianjin_explosion,CHN_C20,2015-08,USA_C22,USA,2016-01,5,-0.0884816989787753,-14054186.341656463,29697328638.07548,-28592931586.07548,-0.962811569166392,-738.4165803995172,-3748444572.5115976,38721952.276051804,-0.0460983966381909,0.7038125091049279,-0.7499109057431188,-0.0471947539416994,0.5328683924616939,-0.5800631464033934,3490556780.0,3400670834.0,-0.0257511771517436,109495601345.58336,-106094930511.58336,-0.9689423977565362,,0.0,-0.0416642329270279,0.70936841307922,-0.751032646006248,-0.0425570748553632,0.5361239532054434,-0.5786810280608066,917.0631713867188,False,0.1313250667055483,0.0061206899325794,10.914623278788484,2.52381981363968,1.63535305156384,6.168
2015_tianjin_explosion,CHN_C20,2015-08,JPN_G,JPN,2015-08,0,-0.0466463705171904,-6046368.287287181,17568675785.20186,-16925738755.556858,-0.9634043545736926,,-3253193960.2423673,0.0,-0.0466463705171904,1.0052896089318055,-1.0519359794489962,-0.0477693743231348,0.6957884936278838,-0.7435578679510186,55410892105.536,47717704869.945,-0.1388388986941141,1471714950359.109,-1423997245489.1638,-0.9675768022480836,,0.0,-0.1388388986941141,1.0032476711309313,-1.1420865698250455,-0.1494736825236557,0.6947696991292887,-0.8442433816529444,903.2445068359376,False,0.0456444453390958,0.0030113366177954,10.557800221758049,0.296205514141889,1.68629478626745,3.589
2015_tianjin_explosion,CHN_C20,2015-08,JPN_G,JPN,2015-09,1,-0.0791147243330074,-11257628.309804987,18320081058.36513,-17638319057.58913,-0.9627860816442894,,-3390154713.816447,0.0,-0.0791147243330074,0.925881017285796,-1.0049957416188031,-0.0824198153349087,0.6553835343069316,-0.7378033496418404,59512962235.475,53320203444.978,-0.104057310506476,1536076432455.6072,-1482756229010.6292,-0.9652880531734094,,0.0,-0.104057310506476,0.9224361475969964,-1.0264934581034724,-0.1098788306697855,0.653593208631964,-0.7634720393017496,903.2445068359376,False,0.0456444453390958,0.0030113366177954,10.557800221758049,0.296205514141889,1.68629478626745,3.589
2015_tianjin_explosion,CHN_C20,2015-08,JPN_G,JPN,2015-10,2,-0.1426200495572987,-20792842.234582715,19122936106.2094,-18472590403.5864,-0.9659913258606858,,-3550504967.545286,0.0,-0.1426200495572987,0.8538192137129664,-0.9964392632702652,-0.1538741090073152,0.6172479508627831,-0.7711220598700983,61884399166.016,54482401977.932,-0.1196100679304781,1600164753134.271,-1545682351156.339,-0.9659520047100048,,0.0,-0.1196100679304781,0.8539430367939932,-0.9735531047244712,-0.1273903650250964,0.6173147421802909,-0.7447051072053874,903.2445068359376,False,0.0456444453390958,0.0030113366177954,10.557800221758049,0.296205514141889,1.68629478626745,3.589
2015_tianjin_explosion,CHN_C20,2015-08,JPN_G,JPN,2015-11,3,-0.0137734480871498,-1786270.1035818495,19797094072.108173,-19131638876.97917,-0.9663862184669542,,-3677176691.8411856,0.0,-0.0137734480871498,0.8014415265746421,-0.8152149746617919,-0.0138691820772933,0.5885871924509267,-0.6024563745282201,53243599334.235,48792284480.662,-0.0836028162865175,1655983777692.311,-1607191493211.649,-0.9705357714622928,,0.0,-0.0836028162865175,0.8020717357094858,-0.8856745519960033,-0.0873054016123937,0.5889369673330904,-0.6762423689454842,903.2445068359376,False,0.0456444453390958,0.0030113366177954,10.557800221758049,0.296205514141889,1.68629478626745,3.589
2015_tianjin_explosion,CHN_C20,2015-08,JPN_G,JPN,2015-12,4,-0.0800281320073121,-10574024.86893775,20533785876.500942,-19901359651.214943,-0.9692007002951292,,-3825120070.265054,0.0,-0.0800281320073121,0.7510917494093239,-0.8311198814166361,-0.083412187548852,0.5602394501864119,-0.6436516377352639,57760213455.833,51983013884.442,-0.1000203985708709,1719995748327.3967,-1668012734442.9548,-0.969777242801331,,0.0,-0.1000203985708709,0.7498387249244436,-0.8498591234953146,-0.1053831809915024,0.5595236265022194,-0.6649068074937219,903.2445068359376,False,0.0456444453390958,0.0030113366177954,10.557800221758049,0.296205514141889,1.68629478626745,3.589
2015_tianjin_explosion,CHN_C20,2015-08,JPN_G,JPN,2016-01,5,-0.2038953466507565,-33285855.906904787,21377960083.010212,-20701783302.99721,-0.9683703787738672,,-3978964663.237891,0.0,-0.1150189419141921,0.7006518486602433,-0.8156707905744355,-0.1221890373260308,0.5310116179232942,-0.653200655249325,50528693764.872,45235460192.47,-0.1047569841609858,1774582848227.0386,-1729347388034.5686,-0.9745092429819976,,0.0,-0.1289166567783366,0.7103878880761059,-0.8393045448544425,-0.1380176198828202,0.5367201799231971,-0.6747377998060173,903.2445068359376,False,0.0456444453390958,0.0030113366177954,10.557800221758049,0.296205514141889,1.68629478626745,3.589
2015_tianjin_explosion,CHN_C20,2015-08,JPN_G,JPN,2016-02,6,-0.0337385747431775,-3781283.554295214,21923892647.256485,-21360456336.458485,-0.974300352594159,,-4105564226.493423,0.0,-0.1334047151298513,0.6714891858247066,-0.8048939009545579,-0.14318321040734,0.5137149570835362,-0.6568981674908763,62248291391.838,49559473220.817,-0.2038420314406373,1841307503957.696,-1791748030736.8792,-0.9730846297458224,,0.0,-0.0108734076376525,0.6674627493352484,-0.678336156972901,-0.0109329551841739,0.5113031593285164,-0.5222361145126904,903.2445068359376,False,0.0456444453390958,0.0030113366177954,10.557800221758049,0.296205514141889,1.68629478626745,3.589
2015_tianjin_explosion,CHN_C20,2015-08,JPN_G,JPN,2016-03,7,-0.1230904496888935,-17350207.474424772,22686531572.385258,-22043440041.633255,-0.9716531577909956,,-4236836397.044269,0.0,0.1624920603857166,0.6345915004597719,-0.4720994400740552,0.1505660284276508,0.4913929262907359,-0.340826897863085,62415667917.224,57103862513.676,-0.0851037180374732,1906887050689.1697,-1849783188175.4937,-0.9700538831112004,,0.0,-0.0075873279914458,0.6300456395286502,-0.6376329675200961,-0.0076162581925203,0.4886080141371849,-0.4962242723297052,903.2445068359376,False,0.0456444453390958,0.0030113366177954,10.557800221758049,0.296205514141889,1.68629478626745,3.589
2015_tianjin_explosion,CHN_C20,2015-08,JPN_G,JPN,2016-04,8,-0.0667537410814083,-9033562.419446088,23489747941.575027,-22832669265.30303,-0.9720270018262298,,-4388529376.639996,0.0,-0.0834681758209728,0.5998751129204449,-0.6833432887414178,-0.0871584885786056,0.4699255717490693,-0.557084060327675,59155026050.25,53555881119.716,-0.0946520575576744,1965654516373.1743,-1912098635253.4585,-0.9727541739030864,,0.0,-0.0223543054965108,0.5999088472947341,-0.622263152791245,-0.0226079501433495,0.4699466571817616,-0.4925546073251112,903.2445068359376,False,0.0456444453390958,0.0030113366177954,10.557800221758049,0.296205514141889,1.68629478626745,3.589
2015_tianjin_explosion,CHN_C20,2015-08,JPN_G,JPN,2016-05,9,-0.1276198186494885,-17807322.958092928,24201809474.313797,-23568488342.989796,-0.9738316619674176,,-4529956714.845591,0.0,-0.0213738239743306,0.5721279602676287,-0.5935017842419593,-0.0216055520087614,0.4524300903319407,-0.4740356423407021,55073430028.768,46686278700.007,-0.1522903389961349,2021773263360.6785,-1975086984660.6711,-0.9769082520052704,,0.0,-0.0180405085916986,0.5737038694938214,-0.59174437808552,-0.0182052225898452,0.4534319934723747,-0.47163721606222,903.2445068359376,False,0.0456444453390958,0.0030113366177954,10.557800221758049,0.296205514141889,1.68629478626745,3.589
2015_tianjin_explosion,CHN_C20,2015-08,JPN_G,JPN,2016-06,10,-0.0149565343521838,-2097272.877753558,24966287265.50907,-24247637913.72007,-0.9712152093682822,,-4660491949.585378,0.0,0.0258809279650369,0.5450603735522046,-0.5191794455871677,0.025551685362732,0.4350629862972184,-0.4095113009344864,58206214549.828,57118709484.84,-0.0186836590113077,2087627660534.3171,-2030508951049.477,-0.972639417188877,,0.0,0.0866413807295127,0.5457299616167172,-0.4590885808872044,0.0830916371709378,0.4354962658378625,-0.3524046286669247,903.2445068359376,False,0.0456444453390958,0.0030113366177954,10.557800221758049,0.296205514141889,1.68629478626745,3.589
2015_tianjin_explosion,CHN_C20,2015-08,JPN_G,JPN,2016-07,11,-0.1288867364831002,-18693587.535488043,25732548029.20734,-25075197932.447346,-0.97445452754955,,-4819552259.657679,0.0,-0.1068551051490637,0.5203834207345879,-0.6272385258836517,-0.1130064548331617,0.4189625535114381,-0.5319690083445998,60247358705.31,55103076355.362,-0.0853860228978735,2151175051208.5864,-2096071974853.224,-0.974384661850553,,0.0,0.0192469719809416,0.521206157255902,-0.5019591852749603,0.0190640918818942,0.4195035446942903,-0.400439452812396,903.2445068359376,False,0.0456444453390958,0.0030113366177954,10.557800221758049,0.296205514141889,1.68629478626745,3.589
2015_tianjin_explosion,CHN_C20,2015-08,THA_C20,THA,2015-08,0,-0.0527585058764085,-5428707.984443838,7145171418.21154,-6841323312.231541,-0.95747504318713,-844.3726868177685,-2194564194.047093,8102255.578653064,-0.0527585058764085,1.0001282129102922,-1.0528867187867008,-0.0542012084976519,0.6932112848203893,-0.7474124933180413,2008940825.009,1616030996.48,-0.1955805883566727,51665766345.431496,-50049735348.95149,-0.9687214356664062,-566.7530657928548,88309597.90033919,-0.1955805883566727,1.0008746810842577,-1.1964552694409305,-0.217634489424686,0.6935844254772014,-0.9112189149018874,816.8690185546875,False,0.0870762885519144,0.0442261302485972,8.665992071583414,0.984468863619426,1.44146536528029,0.576
2015_tianjin_explosion,CHN_C20,2015-08,THA_C20,THA,2015-09,1,-0.1655973520598761,-17842766.551293187,7461799646.657572,-7181529845.767571,-0.962439382700989,-886.3618008655121,-2303695869.7485185,8102255.578653064,-0.1655973520598761,0.9187010975412464,-1.0842984496011223,-0.1810392012436459,0.6516484452820066,-0.8326876465256525,2073533812.607,1690360360.13,-0.1847924784960444,53967606640.91723,-52277246280.78723,-0.96867824116461,-591.9769484148726,88309597.90033919,-0.1847924784960444,0.91895531281259,-1.1037477913086344,-0.2043125704318455,0.6517809300321282,-0.8560935004639738,816.8690185546875,False,0.0870762885519144,0.0442261302485972,8.665992071583414,0.984468863619426,1.44146536528029,0.576
2015_tianjin_explosion,CHN_C20,2015-08,THA_C20,THA,2015-10,2,-0.2622790081056458,-29017884.452827293,7738733386.005285,-7484292920.175285,-0.9671211743397016,-923.729552532764,-2400816407.991003,8102255.578653064,-0.2622790081056458,0.8576294946856471,-1.119908502791293,-0.3041895845972178,0.6193012095700325,-0.9234907941672504,2098091988.295,1653398780.62,-0.2119512443476688,55969111536.7433,-54315712756.1233,-0.9704587274083392,-615.0601299014031,88309597.90033919,-0.2119512443476688,0.8578997943548118,-1.0698510387024809,-0.2381953182548564,0.6194467069277536,-0.85764202518261,816.8690185546875,False,0.0870762885519144,0.0442261302485972,8.665992071583414,0.984468863619426,1.44146536528029,0.576
2015_tianjin_explosion,CHN_C20,2015-08,THA_C20,THA,2015-11,3,-0.1057584066327414,-11283196.888820954,8031849151.552498,-7734433404.132498,-0.9629704515351224,-954.602496681336,-2481056637.040352,8102255.578653064,-0.1057584066327414,0.8012530011280258,-0.9070114077607672,-0.1117793012950834,0.5884825343667579,-0.7002618356618413,1802603113.141,1601152506.51,-0.1117553859540252,58038328843.644226,-56437176337.134224,-0.972412153512836,-639.0831538019885,88309597.90033919,-0.1117553859540252,0.802759933686812,-0.9145153196408372,-0.1185081075860452,0.5893187870821066,-0.7078268946681519,816.8690185546875,False,0.0870762885519144,0.0442261302485972,8.665992071583414,0.984468863619426,1.44146536528029,0.576
2015_tianjin_explosion,CHN_C20,2015-08,THA_C20,THA,2015-12,4,-0.1534656139546325,-15664590.198128698,8311585049.434212,-8042218051.344212,-0.967591380406035,-992.5900230218568,-2579787998.711362,8102255.578653064,-0.1534656139546325,0.7539539737158627,-0.9074195876704952,-0.1666044562284909,0.5618726527600586,-0.7284771089885496,1903613739.993,1644133899.97,-0.1363090812866029,60195959745.19011,-58551825845.22011,-0.9726869725654408,-663.0290165209236,88309597.90033919,-0.1363090812866029,0.7523386905762466,-0.8886477718628495,-0.1465403070674824,0.5609512903574192,-0.7074915974249016,816.8690185546875,False,0.0870762885519144,0.0442261302485972,8.665992071583414,0.984468863619426,1.44146536528029,0.576
2015_tianjin_explosion,CHN_C20,2015-08,THA_C20,THA,2016-01,5,-0.2033725294741671,-22349765.467089385,8646210446.116926,-8373295208.496926,-0.9684352770128828,-1033.4523673331123,-2685991147.0489388,8102255.578653064,-0.1455790168937332,0.7042255154669094,-0.8498045323606426,-0.1573312516652905,0.5331107643264552,-0.6904420159917457,1981000732.5290003,1447101535.9499998,-0.2695098430869382,62309513674.967354,-60862412139.01736,-0.9767755925122656,-689.1936277153357,88309597.90033919,-0.1432169320765375,0.7087326664058569,-0.8519495984823944,-0.154570521938993,0.5357519649732154,-0.6903224869122084,816.8690185546875,False,0.0870762885519144,0.0442261302485972,8.665992071583414,0.984468863619426,1.44146536528029,0.576
2015_tianjin_explosion,CHN_C20,2015-08,BRA_C20,BRA,2015-08,0,-0.2316085362353443,-32167309.778450552,9387854404.819788,-9004386398.819788,-0.9591527531782847,-235.44338467124624,-2505922867.563273,38244380.5392654,-0.2316085362353443,0.9743813292566266,-1.205989865491971,-0.2634559566492385,0.6802550981666471,-0.9437110548158856,3002914388.0,1989234697.0,-0.3375652982485227,102669564333.95135,-100680329636.95135,-0.980624884210771,,0.0,-0.3375652982485227,1.0064325389235111,-1.3439978371720338,-0.4118332892037486,0.6963582888807025,-1.1081915780844511,683.8928833007812,False,0.1229478712316905,0.0127292236450315,9.415400940260636,0.503955740273241,7.84670975119843,6.755
2015_tianjin_explosion,CHN_C20,2015-08,BRA_C20,BRA,2015-09,1,-0.1951781517582149,-25233877.384059437,9740251360.94156,-9366365562.94156,-0.9616143583830616,-244.90828275608064,-2606661754.676456,38244380.5392654,-0.1951781517582149,0.9071493881389264,-1.1023275398971415,-0.2171343320653953,0.6456096601842667,-0.862743992249662,3468934008.0,2370161472.0,-0.3167464510613428,107314242609.04164,-104944081137.04164,-0.977913821927302,,0.0,-0.3167464510613428,0.9226814841035486,-1.2394279351648914,-0.3808892598516067,0.6537208179875194,-1.034610077839126,683.8928833007812,False,0.1229478712316905,0.0127292236450315,9.415400940260636,0.503955740273241,7.84670975119843,6.755
2015_tianjin_explosion,CHN_C20,2015-08,BRA_C20,BRA,2015-10,2,-0.299323163458889,-42290306.12165507,10170263149.06333,-9814546095.06333,-0.9650238102213942,-256.627142515402,-2731390502.921625,38244380.5392654,-0.299323163458889,0.8367018772333458,-1.1360250406922348,-0.3557085009085554,0.6079715051381314,-0.9636800060466868,3125955235.0,2110941086.0,-0.3247052733306336,111788427226.63193,-109677486140.63193,-0.9811166402607988,,0.0,-0.3247052733306336,0.8542072573911859,-1.1789125307218191,-0.3926060511490803,0.6174572502036959,-1.0100633013527762,683.8928833007812,False,0.1229478712316905,0.0127292236450315,9.415400940260636,0.503955740273241,7.84670975119843,6.755
2015_tianjin_explosion,CHN_C20,2015-08,BRA_C20,BRA,2015-11,3,-0.4011015725760182,-55607067.355748385,10547631666.185102,-10249289098.185102,-0.9717147339381916,-267.9946427073694,-2852379583.663293,38244380.5392654,-0.4011015725760182,0.7833179840876897,-1.184419556663708,-0.5126632641446847,0.5784756650748655,-1.09113892921955,2630842870.0,1822460508.0,-0.3072712442153567,115750306221.72218,-113927845713.72218,-0.984255242448266,,0.0,-0.3072712442153567,0.8015346361384453,-1.108805880353802,-0.367116762037039,0.5886388772915012,-0.9557556393285402,683.8928833007812,False,0.1229478712316905,0.0127292236450315,9.415400940260636,0.503955740273241,7.84670975119843,6.755
2015_tianjin_explosion,CHN_C20,2015-08,BRA_C20,BRA,2015-12,4,-0.1968698455972093,-17595773.205127575,10770256800.59496,-10512327006.59496,-0.976051657933936,-274.8724612182431,-2925583095.8767037,38244380.5392654,-0.1968698455972093,0.754903519396293,-0.9517733649935024,-0.2192384922224448,0.5624138806336063,-0.7816523728560512,3154714352.0,2274147421.0,-0.2791273100341859,120418992316.31248,-118144844895.31248,-0.9811147114150702,,0.0,-0.2791273100341859,0.7472378639680453,-1.0263651740022313,-0.3272927314154294,0.558036177554559,-0.8853289089699885,683.8928833007812,False,0.1229478712316905,0.0127292236450315,9.415400940260636,0.503955740273241,7.84670975119843,6.755
2015_tianjin_explosion,CHN_C20,2015-08,BRA_C20,BRA,2016-01,5,-0.3102440568309952,-34587842.78654762,11178460628.428644,-10902147270.428644,-0.9752816271233904,-285.06533814125817,-3034070167.634133,38244380.5392654,-0.2220816518806262,0.7078242518124964,-0.9299059036931226,-0.2511337105111302,0.535220192943509,-0.7863539034546392,3683496443.0,1575214011.0,-0.5723590248082127,124111536411.90274,-122536322400.90274,-0.987308077423422,,0.0,-0.3098828175280836,0.7092386071813801,-1.0191214247094638,-0.3708938659440903,0.5360480123933904,-0.9069418783374807,683.8928833007812,False,0.1229478712316905,0.0127292236450315,9.415400940260636,0.503955740273241,7.84670975119843,6.755
2015_tianjin_explosion,CHN_C20,2015-08,BRA_C20,BRA,2016-02,6,-0.1024888949501315,-8138226.124281814,11491100911.838505,-11235018826.838505,-0.9777147475281348,-293.769141202419,-3126708400.6266856,38244380.5392654,-0.1051578935307373,0.6755565652597996,-0.7807144587905369,-0.1111079932127907,0.5161453877932516,-0.6272533810060423,3221799745.0,1613543529.0,-0.499179447293674,128166315888.493,-126552772359.493,-0.9874105491929424,,0.0,-0.2234702450463996,0.6717282340340454,-0.8951984790804449,-0.2529203176669767,0.5138579619929757,-0.7667782796599525,683.8928833007812,False,0.1229478712316905,0.0127292236450315,9.415400940260636,0.503955740273241,7.84670975119843,6.755
2015_tianjin_explosion,CHN_C20,2015-08,BRA_C20,BRA,2016-03,7,-0.0794645509398876,-5688206.092888564,11872390543.460274,-11635619367.460274,-0.9800569923021591,-304.24389683901444,-3238195625.9676466,38244380.5392654,-0.2187937629175993,0.6399757442449532,-0.8587695071625525,-0.246916095110965,0.4946814515782876,-0.7415975466892526,3328535225.0,1818715370.0,-0.4535988814719544,132773998849.5833,-130955283479.5833,-0.9863021722192732,,0.0,-0.2455416259222349,0.6336461120226167,-0.8791877379448516,-0.2817551723695537,0.4908143952671615,-0.7725695676367152,683.8928833007812,False,0.1229478712316905,0.0127292236450315,9.415400940260636,0.503955740273241,7.84670975119843,6.755
2015_tianjin_explosion,CHN_C20,2015-08,BRA_C20,BRA,2016-04,8,-0.0337197147277931,-2549210.132013185,12230199485.582048,-11967710377.582048,-0.9785376266094888,-312.92729046283887,-3330616632.7433457,38244380.5392654,0.1388906637036867,0.6098344170616042,-0.4709437533579175,0.1300546860918245,0.4761313271118546,-0.34607664102003,3121010577.0,1825072825.0,-0.4152301698527694,136913168137.67355,-135088095312.67355,-0.9866698517766764,,0.0,-0.1393562666461662,0.602939501895315,-0.7422957685414812,-0.1500746425093382,0.4718391323589266,-0.6219137748682648,683.8928833007812,False,0.1229478712316905,0.0127292236450315,9.415400940260636,0.503955740273241,7.84670975119843,6.755
2015_tianjin_explosion,CHN_C20,2015-08,BRA_C20,BRA,2016-05,9,-0.1342817623570051,-12695144.537340114,12669036670.915731,-12374944401.915731,-0.9767865326591764,-323.57549599242196,-3443949958.172534,38244380.5392654,-0.0137791551027472,0.5765320906023427,-0.5903112457050899,-0.0138749687865491,0.4552275553496301,-0.4691025241361792,3719500865.0,2297110743.0,-0.3824142468642765,141482059078.26385,-139184948335.26385,-0.9837639432309272,,0.0,0.2192827569047526,0.5723251189552261,-0.3530423620504734,0.1982627815898503,0.4525554912927454,-0.2542927097028951,683.8928833007812,False,0.1229478712316905,0.0127292236450315,9.415400940260636,0.503955740273241,7.84670975119843,6.755
2015_tianjin_explosion,CHN_C20,2015-08,BRA_C20,BRA,2016-06,10,-0.0873771106453929,-8269779.20284563,13072850619.825588,-12762484707.825588,-0.9762587425630554,-333.7087574139782,-3551802517.099733,38244380.5392654,0.0353215557397537,0.5489472092508402,-0.5136256535110864,0.0347120602260631,0.4375754802766991,-0.402863420050636,3455813925.0,2104788523.0,-0.3909427507732494,145942529512.85413,-143837740989.85413,-0.9855779632570052,,0.0,-0.0819673269535198,0.5452946913736798,-0.6272620183271996,-0.0855222974021678,0.435214630910842,-0.5207369283130099,683.8928833007812,False,0.1229478712316905,0.0127292236450315,9.415400940260636,0.503955740273241,7.84670975119843,6.755
2015_tianjin_explosion,CHN_C20,2015-08,BRA_C20,BRA,2016-07,11,-0.1542663986189828,-16774816.727917816,13536145912.44736,-13205695382.44736,-0.9755875466962772,-345.29766716679086,-3675148152.825496,38244380.5392654,-0.1778555241771677,0.5203814349971694,-0.6982369591743371,-0.1958391374903065,0.418961247415627,-0.6148003849059336,3539928933.0,2018402337.0,-0.4298184016678958,150525709971.4444,-148507307634.4444,-0.9865909794587058,,0.0,-0.2234122993435994,0.5200571262447402,-0.7434694255883396,-0.2528456991234549,0.4187479172042536,-0.6715936163277085,683.8928833007812,False,0.1229478712316905,0.0127292236450315,9.415400940260636,0.503955740273241,7.84670975119843,6.755
2015_tianjin_explosion,CHN_C20,2015-08,IDN_A01,IDN,2015-09,1,-0.0866547956256623,-9302269.23991578,8039398221.23611,-7706912273.23611,-0.958642930869908,,-2272680449.948967,0.0,-0.0866547956256623,0.922735442556436,-1.0093902381820985,-0.0906413706018192,0.6537488816538364,-0.7443902522556556,768774504.0,738052897.1919999,-0.0399617919795114,21460788225.222057,-20722735328.030056,-0.9656092362756464,-486.4167726414361,42602838.74566533,-0.0399617919795114,0.919298037081944,-0.9592598290614552,-0.040782195236769,0.6519595134603158,-0.6927417086970848,614.8455810546875,False,0.2954270397457085,0.0083649095537615,8.14382775712207,5.006668425755,5.44317454935612,4.049
2015_tianjin_explosion,CHN_C20,2015-08,IDN_A01,IDN,2015-10,2,-0.1768246168160702,-17160353.19106566,8365843698.074073,-8094938143.074073,-0.9676176647834857,,-2387104849.3958926,0.0,-0.1768246168160702,0.855911012951199,-1.0327356297672692,-0.1945859980663193,0.6183756875040807,-0.8129616855704,706767842.0,685923698.84,-0.0294922065228881,22266515514.32506,-21580591815.48506,-0.969194834351216,-506.5529070567111,42602838.74566533,-0.0294922065228881,0.85750739645143,-0.8869996029743181,-0.0299358459892005,0.6192354795021977,-0.6491713254913982,614.8455810546875,False,0.2954270397457085,0.0083649095537615,8.14382775712207,5.006668425755,5.44317454935612,4.049
2010_russia_wheat_ban,RUS_A01,2010-08,TUR_C10T12,TUR,2010-09,1,-0.6158524845204985,-16219746.76832318,1173948177.222201,-1154642902.222201,-0.9835552579112308,-83.07327486089868,-605113856.720603,13899089.739216166,-0.6158524845204985,0.9174123003913128,-1.5332647849118113,-0.9567286133677372,0.6509765159996839,-1.607705129367421,552976395.0,628171045.0,0.1359816633764267,12851414334.4889,-12223243289.4889,-0.9511204736964866,-261.8992683664627,46671544.2380905,0.1359816633764267,0.9172230442706468,-0.78124138089422,0.1274971785582224,0.6508778079128348,-0.5233806293546124,180.65289306640625,False,0.2551348290422237,0.0036191389411436,9.113600890667618,-4.88269401706633,5.58017075378858,14.026
2010_russia_wheat_ban,RUS_A01,2010-08,TUR_C10T12,TUR,2010-10,2,-0.8621368111992237,-33426003.150743183,1244504538.3064675,-1234305313.3064675,-0.9918045899504078,-88.80475890618114,-646862546.9122533,13899089.739216166,-0.8621368111992237,0.8226143321911825,-1.684751143390406,-1.9814933865445603,0.6002719159845853,-2.5817653025291456,638007739.0,759282436.0,0.1900834262450851,13448737162.561646,-12689454726.561646,-0.943542473406821,-271.8884693814197,46671544.2380905,0.1900834262450851,0.8421759847543953,-0.6520925585093101,0.1740234105040805,0.6109474732472258,-0.4369240627431452,180.65289306640625,False,0.2551348290422237,0.0036191389411436,9.113600890667618,-4.88269401706633,5.58017075378858,14.026
2010_russia_wheat_ban,RUS_A01,2010-08,TUR_C10T12,TUR,2010-11,3,-0.5434277793278546,-13834803.700740114,1275277789.0915155,-1253098315.0915155,-0.982608123351854,-90.15686196743584,-656711397.814659,13899089.739216166,-0.5434277793278546,0.7871392632262512,-1.3305670425541058,-0.7840083617624778,0.5806161638197409,-1.3646245255822187,532115838.0,633689712.0,0.190886770786176,13855136745.634394,-13221447033.634394,-0.9542631932377232,-283.28711315371146,46671544.2380905,0.190886770786176,0.7977662166646573,-0.6068794458784812,0.1746982148439251,0.586544903436014,-0.4118466885920888,180.65289306640625,False,0.2551348290422237,0.0036191389411436,9.113600890667618,-4.88269401706633,5.58017075378858,14.026
2010_russia_wheat_ban,RUS_A01,2010-08,TUR_C10T12,TUR,2010-12,4,-0.810954594672087,-26917878.58560233,1320162014.175782,-1308188517.175782,-0.9909302821385332,-94.12044541915137,-685582527.2232151,13899089.739216166,-0.810954594672087,0.7405584896123136,-1.5515130842844007,-1.6657679852161031,0.5542060322068529,-2.219974017422956,583212691.0,792565305.0,0.3589644348119989,14418525082.707138,-13625959777.707138,-0.9450314577632796,-291.95433749086135,46671544.2380905,0.3589644348119989,0.7434205625966487,-0.3844561277846497,0.3067229642573856,0.5558490240117067,-0.249126059754321,180.65289306640625,False,0.2551348290422237,0.0036191389411436,9.113600890667618,-4.88269401706633,5.58017075378858,14.026
2010_russia_wheat_ban,RUS_A01,2010-08,TUR_C10T12,TUR,2011-01,5,-0.6035377483721751,-12294905.37651374,1351981638.7600486,-1336570554.7600486,-0.988601114424798,-96.16245235030938,-700456705.3705463,13899089.739216166,-0.6449716034120136,0.7107412152524836,-1.355712818664497,-1.035557460465938,0.5369267352845384,-1.5724841957504765,504449645.0,628004339.0,0.2449296876797286,14834506190.937227,-14206501851.937227,-0.9576659761425922,-304.39322469091854,46671544.2380905,0.325155758691808,0.7078183685421249,-0.3826626098503168,0.2815300057411924,0.5352167480610213,-0.2536867423198288,180.65289306640625,False,0.2551348290422237,0.0036191389411436,9.113600890667618,-4.88269401706633,5.58017075378858,14.026
2010_russia_wheat_ban,RUS_A01,2010-08,TUR_C10T12,TUR,2011-02,6,-0.7649451686755957,-10963495.252047284,1383345304.8443153,-1376916969.8443153,-0.9953530510585544,-99.06526223507684,-721601056.3984736,13899089.739216166,-0.7321276622697556,0.6836112313646446,-1.4157388936344002,-1.3172446498249355,0.520941028438866,-1.8381856782638015,489016801.0,637352165.0,0.3033338807514714,15346186617.509972,-14708834452.509972,-0.9584683686647744,-315.1563697458613,46671544.2380905,0.305726945022463,0.6684423888052285,-0.3627154437827655,0.2667599311966704,0.5118904898343501,-0.2451305586376797,180.65289306640625,False,0.2551348290422237,0.0036191389411436,9.113600890667618,-4.88269401706633,5.58017075378858,14.026
2010_russia_wheat_ban,RUS_A01,2010-08,TUR_C10T12,TUR,2011-03,7,-0.8670784252958508,-20586240.92582827,1460336679.9285817,-1454314901.9285817,-0.995876445423329,-104.63382345285852,-762163000.7845457,13899089.739216166,-0.9092622325634744,0.6250428672660265,-1.534305099829501,-2.39978145801496,0.4855341948617635,-2.8853156528767236,481722012.0,693290647.0,0.4391923759547861,15872776918.08272,-15179486271.08272,-0.9563220317038424,-325.240711848873,46671544.2380905,0.3230409807787586,0.6322456498871458,-0.3092046691083872,0.2799328598324528,0.4899567659391515,-0.2100239061066986,180.65289306640625,False,0.2551348290422237,0.0036191389411436,9.113600890667618,-4.88269401706633,5.58017075378858,14.026
2010_russia_wheat_ban,RUS_A01,2010-08,TUR_C10T12,TUR,2011-04,8,-0.9535355787246969,-31861013.92086758,1503773681.512848,-1500811212.512848,-0.998029976826686,-107.97910083840397,-786530328.3511685,13899089.739216166,-0.9279611248142442,0.5962237332690922,-1.5241848580833364,-2.6305490593029894,0.467640672558872,-3.0981897318618614,485529830.0,653892286.0,0.3467602721752441,16377067759.155464,-15723175473.155464,-0.9600726884924532,-336.8899771763531,46671544.2380905,0.2968807205282174,0.6010752391040112,-0.3041945185757937,0.2599619349828863,0.4706754279417318,-0.2107134929588454,180.65289306640625,False,0.2551348290422237,0.0036191389411436,9.113600890667618,-4.88269401706633,5.58017075378858,14.026
2010_russia_wheat_ban,RUS_A01,2010-08,TUR_C10T12,TUR,2011-05,9,-0.9390237895806052,-27156294.334248036,1546509963.5971146,-1543145119.5971146,-0.9978242338690314,-111.0249051233293,-808716264.5713718,13899089.739216166,-0.9189385307073276,0.5703505487884336,-1.489289079495761,-2.5125472588573494,0.4512988735513445,-2.963846132408694,420470356.0,685105952.0,0.6293799128136396,16812685324.385551,-16127579372.385551,-0.9592506527790474,-345.5548693677719,46671544.2380905,0.4842047669184008,0.5765226469119681,-0.0923178799935672,0.394879117618288,0.4552215651759859,-0.0603424475576979,180.65289306640625,False,0.2551348290422237,0.0036191389411436,9.113600890667618,-4.88269401706633,5.58017075378858,14.026
2010_russia_wheat_ban,RUS_A01,2010-08,TUR_C10T12,TUR,2011-06,10,-0.8434376375605088,-11827883.947999565,1570330812.681381,-1566141410.681381,-0.9973321532213671,-112.67942290224416,-820767933.8463389,13899089.739216166,-0.8248198690485867,0.5568806826713407,-1.3817005517199277,-1.7419403178401112,0.4426842567228561,-2.1846245745629673,451543944.0,722411867.0,0.5998705698508936,17364164893.300953,-16641753026.300953,-0.9583963944457412,-356.57172476240794,46671544.2380905,0.5595501910596783,0.5481753247596594,0.0113748663000189,0.4443974398448773,0.4370770276113305,0.0073204122335468,180.65289306640625,False,0.2551348290422237,0.0036191389411436,9.113600890667618,-4.88269401706633,5.58017075378858,14.026
2010_russia_wheat_ban,RUS_A01,2010-08,ITA_C10T12,ITA,2010-09,1,-0.7917080268111912,-8138001.437560266,183493899.4573602,-180620185.10936025,-0.9843389106858684,-276.8258114601142,-134569901.63726798,652468.7281026337,-0.7917080268111912,0.8424464398950438,-1.634154466706235,-1.5688141908171485,0.6110942708112717,-2.17990846162842,2175582355.6969995,2185107829.389,0.0043783558305926,45502769726.724106,-43317661897.335106,-0.9519785753150392,-3553.3019991867195,12190819.104947925,0.0043783558305926,0.9072664692053096,-0.9028881133747172,0.0043687987148395,0.6456710489842337,-0.6413022502693941,30.31909942626953,False,0.0891388801710103,0.0002462034968001,10.521388782038953,-5.30515401233991,1.77253535397509,7.749
2010_russia_wheat_ban,RUS_A01,2010-08,ITA_C10T12,ITA,2010-10,2,-0.3465650287974898,-1448544.6138663553,182594697.46665183,-178928905.11565182,-0.9799238838703436,-274.2336872388866,-133309824.4080446,652468.7281026337,-0.3465650287974898,0.8501220299587491,-1.1966870587562388,-0.4255121648177908,0.6152515943989023,-1.0407637592166932,2303270717.851,2394699535.501001,0.0396952112235013,47324778580.19525,-44930079044.69425,-0.9493986108895786,-3685.566872734446,12190819.104947925,0.0396952112235013,0.8428944381537792,-0.8031992269302778,0.0389276040531854,0.6113373998475851,-0.5724097957943997,30.31909942626953,False,0.0891388801710103,0.0002462034968001,10.521388782038953,-5.30515401233991,1.77253535397509,7.749
2010_russia_wheat_ban,RUS_A01,2010-08,DEU_C10T12,DEU,2010-09,1,-0.1694968624367182,-670872.652548101,117440935.85487571,-113304693.04387572,-0.9647802294754254,-335.82948797786213,-90045409.20393349,337387.56452305574,-0.1694968624367182,0.9077326689308962,-1.0772295313676146,-0.1857235310366025,0.6459154448571951,-0.8316389758937976,4491126600.827001,4634120189.139998,0.0318391354825461,100895240318.54858,-96261120129.40858,-0.954069982146739,-515.4435734131038,186753943.77700356,0.0318391354825461,0.9187250556105784,-0.8868859201280322,0.0313427784321014,0.6516609319265108,-0.6203181534944093,29.26140022277832,False,0.0853067737000286,0.0002070543536681,10.65662119515594,-5.54455451920674,1.97300267360873,7.88
2010_russia_wheat_ban,RUS_A01,2010-08,DEU_C10T12,DEU,2010-10,2,-0.2031955817902418,-1035665.9784828016,125203086.96615034,-120092820.98015034,-0.959184185391678,-355.94916235255516,-95440064.45897934,337387.56452305574,-0.2031955817902418,0.8060925812794036,-1.0092881630696455,-0.2271459880229311,0.5911657104094914,-0.8183116984324226,4787898258.599,5171048699.290999,0.0800247666089951,105323157838.34204,-100152109139.05104,-0.9509030226075454,-536.2784159387778,186753943.77700356,0.0800247666089951,0.8473715266568516,-0.7673467600478564,0.0769839729030827,0.6137638323922232,-0.5367798594891404,29.26140022277832,False,0.0853067737000286,0.0002070543536681,10.65662119515594,-5.54455451920674,1.97300267360873,7.88
2010_russia_wheat_ban,RUS_A01,2010-08,DEU_C10T12,DEU,2010-11,3,-0.2724196421896105,-1175986.5687101411,128063502.24842872,-124111372.15442872,-0.9691392939860936,-367.8599486317091,-98633684.02736492,337387.56452305574,-0.2724196421896105,0.7741493521816709,-1.0465689943712817,-0.3180307596353291,0.5733210638034976,-0.8913518234388267,4588593180.683999,4904985358.345,0.0689518911793871,108775879433.21158,-103870894074.86658,-0.954907417123144,-556.1911677693683,186753943.77700356,0.0689518911793871,0.7989843578402547,-0.7300324666608675,0.0666786274421546,0.5872222600039905,-0.5205436325618358,29.26140022277832,False,0.0853067737000286,0.0002070543536681,10.65662119515594,-5.54455451920674,1.97300267360873,7.88
2017_british_columbia_wildfires,CAN_C16,2017-07,USA_F,USA,2017-07,0,-0.1000257637118332,-37002168.57816913,17627924889.305553,-16845706348.305552,-0.9556261700732256,,-7169791038.316984,0.0,-0.1000257637118332,0.999761991388636,-1.099787755100469,-0.1053891422861745,0.6930281691159728,-0.7984173114021473,115775187293.0,122074198895.0,0.054407267647589,2836427439102.1113,-2714353240207.1113,-0.9569619877412964,,0.0,0.054407267647589,0.9998325088832516,-0.9454252412356624,0.0529787774274055,0.693063431494366,-0.6400846540669605,2481.631591796875,False,0.0780578310059114,0.0037041785128355,10.961956467700576,1.81945147788167,0.85147588450198,4.869
2017_british_columbia_wildfires,CAN_C16,2017-07,USA_F,USA,2017-08,1,-0.0739810671120066,-28733250.33210827,18409689407.666664,-17564669853.666664,-0.9540991955221094,,-7475792935.241512,0.0,-0.0739810671120066,0.9183202183697302,-0.9923012854817368,-0.0768605985740578,0.651449916787687,-0.7283105153617448,122619384394.0,129131227632.0,0.0531061485113656,2957183235667.333,-2828052008035.333,-0.9563330313541224,,0.0,0.0531061485113656,0.9213863460338424,-0.8682801975224769,0.0517440338746304,0.6530469807088792,-0.6013029468342488,2481.631591796875,False,0.0780578310059114,0.0037041785128355,10.961956467700576,1.81945147788167,0.85147588450198,4.869
2017_british_columbia_wildfires,CAN_C16,2017-07,JPN_F,JPN,2017-08,1,-0.0172844865296679,-642025.1341237411,1954630220.13534,-1876441374.35434,-0.9599981393024886,-1298.6167888925436,-876019065.0391449,1444953.8850907383,-0.0172844865296679,0.9262771135873236,-0.9435616001169916,-0.0174356069391699,0.6555891829195062,-0.6730247898586761,52501787896.375,57121477018.677,0.087991081968867,1219205985781.1436,-1162084508762.4666,-0.9531486248551516,-1186.2088810251755,979662627.174179,0.087991081968867,0.924802375404438,-0.8368112934355709,0.0843329516788244,0.654823300341306,-0.5704903486624815,170.91360473632812,False,0.077059405135475,0.0007507187533161,10.58092378906814,0.753826745789127,0.419944376171273,3.132
2017_british_columbia_wildfires,CAN_C16,2017-07,GBR_F,GBR,2017-07,0,-0.249941328787624,-3194651.9016565927,618998261.7994919,-602091196.2994919,-0.9726864087617154,-171.8169360233049,-341408828.0599545,3504259.884007159,-0.249941328787624,1.0155792515127695,-1.2655205803003935,-0.2876038324450398,0.7009066221798399,-0.9885104546248796,31381799198.532,38870610660.822,0.2386355038126786,862774373580.7745,-823903762919.9525,-0.95494695733776,-377.07977080422427,2184958798.406914,0.2386355038126786,0.9939062923776726,-0.755270788564994,0.2140103735749754,0.690095675638652,-0.4760853020636766,72.40570068359375,False,0.2059459003825117,0.000329737328441,10.627622333404677,2.20652020635357,1.73539354292218,4.867
2017_british_columbia_wildfires,CAN_C16,2017-07,AUS_F,AUS,2017-07,0,-0.1615232067962719,-607403.013481771,115577752.90190408,-112110693.07790408,-0.9700023599961954,-138.85668110024986,-101957402.54998603,807384.2193949885,-0.1615232067962719,1.0028149230189618,-1.1643381298152338,-0.1761683280747892,0.6945536438473283,-0.8707219719221175,15712288764.612,19571853838.141,0.2456399020759919,320653391116.8984,-301081537278.7574,-0.9389625858314848,,0.0,0.2456399020759919,0.9909123335458904,-0.7452724314698984,0.2196493754339705,0.6885929927413486,-0.468943617307378,18.85449981689453,False,0.2176573955088704,8.072740165749568e-05,10.821485707146891,2.75564065529868,-0.673417495929741,5.711
2017_british_columbia_wildfires,CAN_C16,2017-07,AUS_F,AUS,2017-08,1,-0.2051206018613036,-1037030.2301099428,121872225.37280378,-117453351.05080378,-0.963741744203958,-145.47392459418785,-106816203.38936096,807384.2193949885,-0.2051206018613036,0.90419021847816,-1.1093108203394637,-0.2295648298707657,0.6440568286227695,-0.8736216584935352,16225192720.572,19917428309.167,0.2275618941594201,333833951010.96234,-313916522701.79535,-0.940337319649933,,0.0,0.2275618941594201,0.9159533778716388,-0.6883914837122187,0.2050300023443831,0.6502153461974913,-0.4451853438531081,18.85449981689453,False,0.2176573955088704,8.072740165749568e-05,10.821485707146891,2.75564065529868,-0.673417495929741,5.711
2017_british_columbia_wildfires,CAN_C16,2017-07,AUS_F,AUS,2017-09,2,-0.0721094149319634,-248648.68209059557,125295454.2878598,-121777264.7528598,-0.971920852556094,-150.82938435942347,-110748522.40201378,807384.2193949885,-0.0721094149319634,0.8582838968843239,-0.9303933118162876,-0.0748414366725089,0.6196534189006826,-0.6944948555731916,15981147423.056,20149145769.101,0.2608072021181552,346513620064.2998,-326364474295.1988,-0.9418517928231448,,0.0,0.2608072021181552,0.8538195049901532,-0.593012302871998,0.2317521524321257,0.617248108027713,-0.3854959555955872,18.85449981689453,False,0.2176573955088704,8.072740165749568e-05,10.821485707146891,2.75564065529868,-0.673417495929741,5.711
2017_british_columbia_wildfires,CAN_C16,2017-07,AUS_F,AUS,2017-10,3,-0.488065323033054,-2438882.505500647,131548208.1446032,-128735298.7136032,-0.9786168928435124,-159.4473803439838,-117076402.91024522,807384.2193949885,-0.488065323033054,0.7854449231647164,-1.2735102461977703,-0.6695580726220687,0.5796676348764507,-1.2492257074985194,16234747235.233,19131645036.244,0.1784381215818432,359725734640.61774,-340594089604.3737,-0.9468160234480932,,0.0,0.1784381215818432,0.7974525808319578,-0.6190144592501146,0.1641899359237868,0.5863704296408763,-0.4221804937170894,18.85449981689453,False,0.2176573955088704,8.072740165749568e-05,10.821485707146891,2.75564065529868,-0.673417495929741,5.711
2017_british_columbia_wildfires,CAN_C16,2017-07,AUS_F,AUS,2017-11,4,-0.0225004659050322,-94613.66652699326,134358455.3406592,-129838780.4576592,-0.9663610684452972,-160.81411716834594,-118079947.97179525,807384.2193949885,-0.0225004659050322,0.7565870098477766,-0.7790874757528088,-0.022757458773583,0.5633727217882196,-0.5861301805618027,17587504305.703,18604899276.037,0.0578476031988287,372994974699.82025,-354390075423.78326,-0.9501202414563096,,0.0,0.0578476031988287,0.747866898246471,-0.6900192950476423,0.0562362807127492,0.5583961291642261,-0.5021598484514769,18.85449981689453,False,0.2176573955088704,8.072740165749568e-05,10.821485707146891,2.75564065529868,-0.673417495929741,5.711
2017_british_columbia_wildfires,CAN_C16,2017-07,PHL_F,PHL,2017-07,0,-0.0062414646008858,-18732.470205253987,186074005.9672939,-175947689.9672939,-0.9455790939343784,-145.871632945989,-51822875.1571635,1206181.6709246065,-0.0062414646008858,1.0101875302524108,-1.0164289948532967,-0.0062610233532502,0.6982280109230246,-0.7044890342762749,4673189341.0,5314009284.0,0.1371268947692312,104553474649.06816,-99239465365.06816,-0.9491742450278542,-445.0716056354921,222974155.41341895,0.1371268947692312,1.0017033005518012,-0.86457640578257,0.1285048134134108,0.6939984683779414,-0.5654936549645306,14.69200038909912,False,0.0470372668978998,0.0006084301950155,8.00175549512246,7.14945675000752,1.28031174373962,2.695
2017_british_columbia_wildfires,CAN_C16,2017-07,BEL_F,BEL,2017-08,1,-0.5974654362427696,-2952577.9891174743,178804491.0222363,-175242928.05023628,-0.9800812443152948,-86.50281012609129,-97879477.49868216,2025863.9897916897,-0.5974654362427696,0.8904772407208558,-1.4879426769636257,-0.9099741453679098,0.6368293005344334,-1.5468034459023432,21288818956.966,23467208688.086,0.1023255322675943,514970852473.6348,-491503643785.5488,-0.954430025358984,,0.0,0.1023255322675943,0.9301252124193288,-0.8277996801517344,0.0974220684357334,0.6575848777117805,-0.5601628092760471,10.357099533081056,False,0.1795307840116523,0.0001796401040352,10.641979679542205,1.19350273007754,1.89528913569444,7.83
2017_british_columbia_wildfires,CAN_C16,2017-07,NZL_F,NZL,2017-07,0,-0.3611956637405994,-734547.1798452409,70955098.91625172,-68961688.22025172,-0.9719060261144472,-97.45225960993108,-44942385.83203252,707645.8616381229,-0.3611956637405994,0.978367000339108,-1.3395626640797074,-0.4481568933365256,0.6822717433232555,-1.130428636659781,2820620426.595,3407079645.081,0.2079185178396948,63151288151.08525,-59744208506.00425,-0.9460489287735542,,0.0,0.2079185178396948,0.996929197529983,-0.7890106796902882,0.1888986450571437,0.6916105993727371,-0.5027119543155933,9.234600067138672,False,0.2245731257465444,0.0003117250332293,10.599498616719789,3.77911068354334,2.42047714591187,5.147
2019_saudi_aramco_attack,SAU_C19,2019-09,SGP_H50,SGP,2019-09,0,-0.6364810346350452,-81044056.63322602,4482158072.831858,-4362141230.062858,-0.9732234247835948,-54.52598616957253,-1682365299.9173613,80001143.24382618,-0.6364810346350452,0.9422084190593232,-1.5786894536943683,-1.0119238037473366,0.6638256857640492,-1.6757494895113858,33430787284.358,31513056734.752,-0.0573642054341715,826918539142.7062,-795405482407.9542,-0.9618909780793854,,0.0,-0.0573642054341715,1.005634374695773,-1.0629985801299446,-0.0590752909216121,0.6959604070715386,-0.7550356979931507,242.42230224609375,False,0.1134120710704627,0.0036658342608146,11.110694222829286,3.4519759658687,3.60726256505623,3.613
2019_saudi_aramco_attack,SAU_C19,2019-09,SGP_H50,SGP,2019-10,1,-0.7997251592084236,-147395590.3449619,4527507705.737035,-4431799417.8660345,-0.9788607123186728,-55.39670107411926,-1709230665.3043282,80001143.24382618,-0.7997251592084236,0.9240500050710811,-1.7237751642795047,-1.6080646434744743,0.6544323418633624,-2.2624969853378367,37456589551.984,34148966856.065,-0.0883054953876281,864356082619.2166,-830207115763.1516,-0.9604920153363358,,0.0,-0.0883054953876281,0.92192184155365,-1.0102273369412782,-0.0924503180339613,0.65332564455559,-0.7457759625895513,242.42230224609375,False,0.1134120710704627,0.0036658342608146,11.110694222829286,3.4519759658687,3.60726256505623,3.613
2019_saudi_aramco_attack,SAU_C19,2019-09,SGP_H50,SGP,2019-11,2,-0.8623012027226488,-139473676.75732577,4822166114.89431,-4764417333.38731,-0.98802430689216,-59.5543656028314,-1837512811.5464787,80001143.24382618,-0.8623012027226488,0.8212167053123715,-1.6835179080350202,-1.982686592723006,0.5995047969612521,-2.582191389684258,35405294252.167,33606598445.602,-0.050803018151866,898776300216.9376,-865169701771.3356,-0.9626084950866078,,0.0,-0.050803018151866,0.8563793666734324,-0.9071823848252984,-0.0521389341036631,0.618628013623514,-0.6707669477271772,242.42230224609375,False,0.1134120710704627,0.0036658342608146,11.110694222829286,3.4519759658687,3.60726256505623,3.613
2019_saudi_aramco_attack,SAU_C19,2019-09,SGP_H50,SGP,2019-12,3,-0.6970570935259133,-52285322.837436065,4903037916.663386,-4844119420.847386,-0.9879832673502768,-60.55062745895466,-1868251849.8310964,80001143.24382618,-0.6970570935259133,0.7968774049543533,-1.4939344984802667,-1.1942109068748472,0.5860503832495354,-1.7802612901243826,31739324644.242,33200999220.582,0.0460524788326008,931184799448.4652,-897983800227.8832,-0.9643454239800232,,0.0,0.0460524788326008,0.8026513300385724,-0.7565988512059716,0.0450235353508929,0.5892585422906258,-0.5442350069397328,242.42230224609375,False,0.1134120710704627,0.0036658342608146,11.110694222829286,3.4519759658687,3.60726256505623,3.613
2019_saudi_aramco_attack,SAU_C19,2019-09,KOR_C20,KOR,2019-10,1,-0.6833598004958423,-25314442.34010797,3351548738.4089503,-3305323724.4089503,-0.9862078645999508,-86.23443911944152,-838729536.4944453,38329509.1631641,-0.6833598004958423,0.911279569188528,-1.5946393696843704,-1.1499891522785577,0.6477729489950157,-1.7977621012735732,6896581549.0,5759780557.0,-0.1648354309918709,165836921665.89392,-160077141108.89392,-0.9652684064613546,-3643.289005172775,43937535.80394389,-0.1648354309918709,0.9289504611938524,-1.0937858921857233,-0.180126484889584,0.65697605250676,-0.8371025373963441,198.57969665527344,False,0.0995415854939185,0.0019327799790517,10.473476518909775,3.17611568177327,0.566582073981039,3.824
2019_saudi_aramco_attack,SAU_C19,2019-09,KOR_C20,KOR,2019-11,2,-0.8030817054491417,-45917885.09570408,3498225517.5162272,-3453854409.5162272,-0.9873161099026274,-90.1095392276897,-876419361.4744495,38329509.1631641,-0.8030817054491417,0.8409392004903802,-1.644020905939522,-1.6249663666496836,0.6102758762019675,-2.235242242851651,6278829063.0,5525655131.0,-0.1199545208896221,172724658329.496,-167199003198.496,-0.9680088808138844,-3805.3796176591222,43937535.80394389,-0.1199545208896221,0.8600473630453533,-0.9800018839349754,-0.1277816920163346,0.6206019513988075,-0.7483836434151421,198.57969665527344,False,0.0995415854939185,0.0019327799790517,10.473476518909775,3.17611568177327,0.566582073981039,3.824
2019_saudi_aramco_attack,SAU_C19,2019-09,KOR_C20,KOR,2019-12,3,-0.3981380651686634,-14976971.618975673,3621738079.125303,-3532514581.125303,-0.9753644531849888,-92.16174843481072,-896379466.6789862,38329509.1631641,-0.3981380651686634,0.789615447393226,-1.1877535125618894,-0.5077271996484392,0.582000762696012,-1.0897279623444511,6005656551.0,5972069056.0,-0.0055926433213047,179402826446.09808,-173430757390.09808,-0.9667113992889388,-3947.2117454190666,43937535.80394389,-0.0055926433213047,0.8023456742666016,-0.8079383175879064,-0.005608340703965,0.5890889689018834,-0.5946973096058485,198.57969665527344,False,0.0995415854939185,0.0019327799790517,10.473476518909775,3.17611568177327,0.566582073981039,3.824
2019_saudi_aramco_attack,SAU_C19,2019-09,EGY_D,EGY,2019-09,0,-0.1536337147632198,-13149797.24732422,6981784809.013936,-6741715770.807936,-0.9656149473561466,-1398.421462941941,-2034347625.211148,4820947.0102275135,-0.1536337147632198,1.0065916376431234,-1.1602253524063433,-0.1668030511638534,0.6964375799305849,-0.8632406310944383,2069500.0,5793280.84,1.7993625706692438,-13337615.64179653,19130896.48179653,,11.112404154951612,1721580.3362652117,1.7993625706692438,,,1.029391427337151,,,177.79849243164062,False,0.2238119496570322,0.0197555842481525,7.818310858788752,5.3311086189448,21.1748208164536,9.855
2019_saudi_aramco_attack,SAU_C19,2019-09,EGY_D,EGY,2019-10,1,-0.8132943164429995,-50330804.048209794,7191334013.731292,-7153043698.457292,-0.9946754920295888,-1483.7424438149385,-2158467956.183839,4820947.0102275135,-0.8132943164429995,0.9494130091191748,-1.7627073255621744,-1.678221765466919,0.6675283061632022,-2.345750071630121,1874413.0,953502.5,-0.4913060782228889,-15385878.565707482,16339381.065707482,,9.490919895817386,1721580.3362652117,-0.4913060782228889,,,-0.6759082605017781,,,177.79849243164062,False,0.2238119496570322,0.0197555842481525,7.818310858788752,5.3311086189448,21.1748208164536,9.855
2019_saudi_aramco_attack,SAU_C19,2019-09,EGY_D,EGY,2019-11,2,-0.5675388304774798,-37923165.38438329,7531047154.040648,-7435283349.819648,-0.987284131640363,-1542.2868855529605,-2243635231.6978316,4820947.0102275135,-0.5675388304774798,0.8693551492960412,-1.436893979773521,-0.8382627321651768,0.6255935313314502,-1.463856263496627,1682388.0,845423.0,-0.4974863111244255,-16014585.002618436,16860008.002618436,,9.793332119019473,1721580.3362652117,-0.4974863111244255,,,-0.6881318094304163,,,177.79849243164062,False,0.2238119496570322,0.0197555842481525,7.818310858788752,5.3311086189448,21.1748208164536,9.855
2019_saudi_aramco_attack,SAU_C19,2019-09,EGY_D,EGY,2019-12,3,-0.8322736636034193,-59873526.71853233,7875925708.682503,-7835939040.262503,-0.9949229246314604,-1625.394144270568,-2364535159.859899,4820947.0102275135,-0.8322736636034193,0.8008019447760165,-1.6330756083794358,-1.785421556967094,0.5882320904592646,-2.3736536474263588,1667554.0,1376341.0,-0.174634824419479,-18060703.1022163,19437044.1022163,,11.290233567829274,1721580.3362652117,-0.174634824419479,,,-0.191929226631732,,,177.79849243164062,False,0.2238119496570322,0.0197555842481525,7.818310858788752,5.3311086189448,21.1748208164536,9.855
2019_saudi_aramco_attack,SAU_C19,2019-09,EGY_D,EGY,2020-01,4,-0.9950626726997472,-100636266.053142,8197260097.985305,-8195605314.149304,-0.9997981296413412,-1699.999045159082,-2473066319.4377627,4820947.0102275135,-0.9942918744348376,0.7459924288699337,-1.7402843033047712,-5.165863980649286,0.557323121045485,-5.723187101694771,312569.0,4057000.0,11.979534118866557,-14483395.887940338,18540395.88794034,,10.769405003870917,1721580.3362652117,-0.5320743052624052,,,-0.7594456364486337,,,177.79849243164062,False,0.2238119496570322,0.0197555842481525,7.818310858788752,5.3311086189448,21.1748208164536,9.855
2019_saudi_aramco_attack,SAU_C19,2019-09,EGY_D,EGY,2020-02,5,-0.8529247017742793,-94262703.38832064,8537132464.760213,-8483266529.007213,-0.9936903947578009,-1759.668071648617,-2559869579.795535,4820947.0102275135,-0.8355759709812883,0.6956342027382082,-1.5312101737194963,-1.8053066296142255,0.5280568316776915,-2.333363461291917,1323646.0,6219066.0,3.698435986661086,-16897637.673664376,23116703.673664376,,13.427606709201644,1721580.3362652117,-0.1187036479386684,,,-0.1263613090680575,,,177.79849243164062,False,0.2238119496570322,0.0197555842481525,7.818310858788752,5.3311086189448,21.1748208164536,9.855
2019_saudi_aramco_attack,SAU_C19,2019-09,EGY_D,EGY,2020-03,6,-0.7425192177470106,-79241201.12554213,8838206112.20657,-8747144896.541569,-0.9896968667047452,-1814.403866706008,-2639496242.8866396,4820947.0102275135,-0.7434915897421087,0.6563832347248004,-1.399874824466909,-1.3605938182143085,0.5046364510501427,-1.8652302692644511,1300975.0,3071884.98,1.361217533004093,-18570962.07576225,21642847.055762246,,12.571499917752394,1721580.3362652117,0.016469265047336,,,0.0163351122101467,,,177.79849243164062,False,0.2238119496570322,0.0197555842481525,7.818310858788752,5.3311086189448,21.1748208164536,9.855
2019_saudi_aramco_attack,SAU_C19,2019-09,EGY_D,EGY,2020-04,7,-0.8431806524175117,-56358256.416103125,9004810189.482925,-8970074027.508924,-0.9961424881543232,-1860.6456383941052,-2706766261.9131875,4820947.0102275135,-0.8509404562230727,0.636509157074156,-1.4874496132972288,-1.903409405703357,0.4925654103962245,-2.3959748160995815,998867.0,2193066.0,1.1955535621859568,-18980152.36148629,21173218.36148629,,12.29871061807047,1721580.3362652117,0.2233531250627556,,,0.2015954499478187,,,177.79849243164062,False,0.2238119496570322,0.0197555842481525,7.818310858788752,5.3311086189448,21.1748208164536,9.855
2019_saudi_aramco_attack,SAU_C19,2019-09,EGY_D,EGY,2020-05,8,-0.7768271447473346,-61781012.08957734,9410684271.69478,-9351865321.60578,-0.993749769050704,-1939.8398907447108,-2821973760.8462296,4820947.0102275135,-0.8584029596962324,0.5927839726988882,-1.4511869323951203,-1.9547699851565277,0.465483411310494,-2.4202533964670216,2071253.0,3578911.0,0.727896592062872,-18786634.205397233,22365545.205397233,,12.991287559613363,1721580.3362652117,1.2931212341002465,,,0.8299135125526309,,,177.79849243164062,False,0.2238119496570322,0.0197555842481525,7.818310858788752,5.3311086189448,21.1748208164536,9.855
2019_saudi_aramco_attack,SAU_C19,2019-09,EGY_D,EGY,2020-06,9,-0.9261997980671878,-68883212.91723189,9573978813.423134,-9555789699.779137,-0.998100151044987,-1982.139542190938,-2883508997.359161,4820947.0102275135,-0.8940929254414542,0.5768412085897773,-1.4709341340312316,-2.245193175309556,0.4554236107708256,-2.700616786080382,1674867.0,4410251.0,1.633194755165634,-18858978.507495098,23269229.507495098,,13.516203117175037,1721580.3362652117,-0.3995896912394857,,,-0.5101419189445195,,,177.79849243164062,False,0.2238119496570322,0.0197555842481525,7.818310858788752,5.3311086189448,21.1748208164536,9.855
2019_saudi_aramco_attack,SAU_C19,2019-09,EGY_D,EGY,2020-07,10,-0.8607950082471074,-70763985.2010474,9881372396.95049,-9843448529.09749,-0.9961620849483716,-2041.8080738524757,-2970311537.8680267,4820947.0102275135,-0.7810807468529157,0.5490442277963916,-1.3301249746493071,-1.519052303649726,0.4376381134546996,-1.9566904171044257,1924986.0,6414241.22,2.3320975944760116,-20690636.893219136,27104878.113219135,,15.7441843068563,1721580.3362652117,-0.2082282384518494,,,-0.2334820760995342,,,177.79849243164062,False,0.2238119496570322,0.0197555842481525,7.818310858788752,5.3311086189448,21.1748208164536,9.855
2019_saudi_aramco_attack,SAU_C19,2019-09,EGY_D,EGY,2020-08,11,-0.6897773685399924,-58500247.22029614,10120190945.335846,-10033000778.193846,-0.9913845333933956,-2081.126541509188,-3027509910.0498295,4820947.0102275135,0.5878459394861245,0.52923079560979,0.0586151438763344,0.4623783359395794,0.4247648609644585,0.0376134749751209,1870413.0,7776885.0,3.157843748947425,-21624077.737130094,29400962.737130094,,17.077891817068735,1721580.3362652117,0.2508393872420859,,,0.2238148034915834,,,177.79849243164062,False,0.2238119496570322,0.0197555842481525,7.818310858788752,5.3311086189448,21.1748208164536,9.855
2019_saudi_aramco_attack,SAU_C19,2019-09,GBR_H51,GBR,2019-09,0,-0.2242765213181281,-11421680.882270493,2256862580.811273,-2021557589.756273,-0.8957380067995034,-70.65954189514159,-339397099.0264647,28609831.532112885,-0.2242765213181281,0.9627922026710284,-1.1870687239891566,-0.2539591632554554,0.674368052245125,-0.9283272155005804,42214642978.926,38246271327.486,-0.0940046242584843,1045027856371.1136,-1006781585043.6276,-0.9634016728890872,-479.2245042646882,2100855812.0132267,-0.0940046242584843,0.997077271727891,-1.0910818959863753,-0.0987210769877897,0.6916847475889369,-0.7904058245767267,145.87570190429688,False,0.0586854683681233,0.006781483922175,10.685194855854348,1.55133095078786,1.96276612181809,4.12
2019_saudi_aramco_attack,SAU_C19,2019-09,GBR_H51,GBR,2019-10,1,-0.4257643920565819,-10175243.258719698,2280845409.7172127,-2199103726.819213,-0.9641616733208874,-76.86531548956678,-369205126.3455291,28609831.532112885,-0.4257643920565819,0.9431207284770446,-1.3688851205336263,-0.554715494871985,0.6642953031400474,-1.2190107980120324,43284411146.046,43482299473.578,0.0045718151706929,1089830714158.9548,-1046348414685.3768,-0.9601017856180222,-498.0581764355702,2100855812.0132267,0.0045718151706929,0.9184408220937128,-0.9138690069230198,0.0045613961673787,0.6515127843037121,-0.6469513881363333,145.87570190429688,False,0.0586854683681233,0.006781483922175,10.685194855854348,1.55133095078786,1.96276612181809,4.12
2019_saudi_aramco_attack,SAU_C19,2019-09,CHN_C20,CHN,2019-09,0,-0.0720511627135407,-1879635.1555702912,2842720460.7638907,-2691462810.7638907,-0.9467912332261632,,-430752326.9220317,0.0,-0.0720511627135407,1.0193443430530005,-1.091395505766541,-0.0747786794738445,0.7027728757191518,-0.7775515551929963,12810740357.0,11315773455.0,-0.1166963704157133,280998856036.90295,-269683082581.90295,-0.95973017963634,,0.0,-0.1166963704157133,1.0039507623660675,-1.1206471327817809,-0.124086276110777,0.6951206132395953,-0.8192068893503723,103.65239715576172,False,0.1796361323010894,0.0001114949391196,9.218969415946033,6.75671800166833,3.46789777292169,4.31
2019_saudi_aramco_attack,SAU_C19,2019-09,CHN_C20,CHN,2019-10,1,-0.733565077130277,-20666627.82148261,3014303529.5416684,-2967402446.5416684,-0.9844404909657086,,-474914794.9026166,0.0,-0.733565077130277,0.908599582017112,-1.642164659147389,-1.3226252414136894,0.646369769699831,-1.9689950111135204,12004956403.0,10574922698.0,-0.119120274742742,292112600355.83356,-281537677657.83356,-0.9637984712569116,,0.0,-0.119120274742742,0.930223170504729,-1.049343445247471,-0.1268341830613515,0.657635628614571,-0.7844698116759226,103.65239715576172,False,0.1796361323010894,0.0001114949391196,9.218969415946033,6.75671800166833,3.46789777292169,4.31
2019_saudi_aramco_attack,SAU_C19,2019-09,CHN_C20,CHN,2019-11,2,-0.1569293024422407,-2437682.7858767747,3046673724.3194466,-2964846486.3194466,-0.9731421066368772,,-474505728.9445662,0.0,-0.1569293024422407,0.8903507825139321,-1.0472800849561728,-0.1707044583348,0.636762410771631,-0.8074668691064311,13051592343.0,11021878830.0,-0.1555146268484705,305124795911.2641,-294102917081.2641,-0.9638774725040524,,0.0,-0.1555146268484705,0.8565732436647339,-1.0120878705132044,-0.169027862998611,0.6187324464070088,-0.7877603094056198,103.65239715576172,False,0.1796361323010894,0.0001114949391196,9.218969415946033,6.75671800166833,3.46789777292169,4.31
2019_saudi_aramco_attack,SAU_C19,2019-09,CHN_C20,CHN,2019-12,3,-0.556523214440014,-16627644.545960229,3219390361.097224,-3136600131.097224,-0.9742838796436654,,-501993859.8782311,0.0,-0.556523214440014,0.8041721397579593,-1.3606953541979734,-0.8131098156008321,0.5901018379901934,-1.4032116535910255,12381603250.0,12001284435.0,-0.0307164433652806,317135068020.6947,-305133783585.6947,-0.9621571827111316,,0.0,-0.0307164433652806,0.7982394001081836,-0.8289558434734643,-0.031198081790059,0.5868080751858287,-0.6180061569758877,103.65239715576172,False,0.1796361323010894,0.0001114949391196,9.218969415946033,6.75671800166833,3.46789777292169,4.31
2019_saudi_aramco_attack,SAU_C19,2019-09,CHN_C20,CHN,2020-01,4,-0.8468101591066874,-13300092.617281737,3354449869.875002,-3339416396.875002,-0.9955183491829734,,-534453375.2287774,0.0,-0.914014296410786,0.747588350964761,-1.6616026473755472,-2.453574173083698,0.5582367521169189,-3.011810925200617,11225756225.0,11434488195.0,0.0185940230498814,328117672903.12524,-316683184708.12524,-0.9651512577977598,,0.0,-0.0617724922331734,0.7514437913805089,-0.8132162836136824,-0.0637628137863046,0.5604404714342017,-0.6242032852205064,103.65239715576172,False,0.1796361323010894,0.0001114949391196,9.218969415946033,6.75671800166833,3.46789777292169,4.31
2019_saudi_aramco_attack,SAU_C19,2019-09,CHN_C20,CHN,2020-02,5,-0.2945165131754661,-4631410.90598715,3425871689.65278,-3356552852.65278,-0.9797660731984316,,-537195961.2202886,0.0,-0.1419022605572829,0.7207692034673553,-0.8626714640246382,-0.1530372685005474,0.5427714019640248,-0.6958086704645723,9730469728.0,5843690250.0,-0.3994441775832839,337445965209.0558,-331602274959.0558,-0.9826825896514136,,0.0,-0.3471532410099591,0.715801834931328,-1.0629550759412871,-0.426412849483178,0.5398805135859774,-0.9662933630691556,103.65239715576172,False,0.1796361323010894,0.0001114949391196,9.218969415946033,6.75671800166833,3.46789777292169,4.31
2019_saudi_aramco_attack,SAU_C19,2019-09,IDN_H51,IDN,2019-11,2,-0.7542890299811424,-27330368.689016864,2571612885.850413,-2532452622.850413,-0.9847721003361476,-175.18375783790182,-575742082.9939969,14455978.420063922,-0.7542890299811424,0.8139328531466283,-1.5682218831277708,-1.4035993331687069,0.5954973347853958,-1.9990966679541025,14905771636.993,13944486911.684,-0.0644907723477591,410097987678.9854,-396153500767.3014,-0.9659971827937878,-907.0483964495132,436750125.2612065,-0.0644907723477591,0.8573917812829326,-0.9218825536306916,-0.0666642694400323,0.6191732354975237,-0.685837504937556,72.57959747314453,False,0.1739876976755187,0.0018845944151843,8.258928430525406,5.17429153955024,3.81832356943335,4.387
2019_saudi_aramco_attack,SAU_C19,2019-09,IDN_H51,IDN,2019-12,3,-0.4580496121994935,-8143604.325847055,2564853980.165285,-2522472411.165285,-0.9834760304766867,-174.49337138358368,-573473125.2995982,14455978.420063922,-0.4580496121994935,0.8178318782787718,-1.2758814904782654,-0.6125808063477791,0.5976445149659462,-1.2102253213137253,14333166251.78,14428818305.106,0.0066734768609916,425436498025.0803,-411007679719.9743,-0.9660846721612132,-941.0590998094472,436750125.2612065,0.0066734768609916,0.8016976210728599,-0.7950241442118683,0.0066513077890206,0.5887293432575973,-0.5820780354685766,72.57959747314453,False,0.1739876976755187,0.0018845944151843,8.258928430525406,5.17429153955024,3.81832356943335,4.387
2014_russia_crimea_sanctions,RUS_C26,2014-03,BLR_C26,BLR,2014-03,0,-0.0199929313313039,-460950.6999960715,1161455724.1161635,-1118477024.1161635,-0.9629958343588984,-591.7564769373362,-588004980.834704,1890096.8011451173,-0.0199929313313039,1.016224573619174,-1.0362175049504778,-0.0201954939511104,0.7012267387745617,-0.7214222327256721,60383300.0,56028000.0,-0.0721275584474515,1420899227.3903978,-1364871227.3903978,-0.9605686322295351,-303.86515845493534,4491700.313159841,-0.0721275584474515,0.9981025440658232,-1.0702301025132748,-0.0748610095799691,0.6921980015631846,-0.7670590111431537,81.58270263671875,False,0.0523267996359172,0.0980996172849653,8.987081839620107,0.998719299661161,21.2630002283286,5.937
2014_russia_crimea_sanctions,RUS_C26,2014-03,BLR_C26,BLR,2014-04,1,-0.1937553874149985,-5104944.887365252,1212660293.939396,-1172253893.939396,-0.9666795390251152,-620.2083899772671,-616276520.2834,1890096.8011451173,-0.1937553874149985,0.9332679060079896,-1.1270232934229882,-0.2153680881644284,0.6592117858220092,-0.8745798739864377,45263500.0,46860400.0,0.0352800821854253,1462433471.7732682,-1415573071.7732682,-0.9679572432493768,-315.1530540953287,4491700.313159841,0.0352800821854253,0.9430238678847096,-0.9077437856992844,0.0346720001631304,0.6642454537124465,-0.629573453549316,81.58270263671875,False,0.0523267996359172,0.0980996172849653,8.987081839620107,0.998719299661161,21.2630002283286,5.937
2014_russia_crimea_sanctions,RUS_C26,2014-03,KOR_C26,KOR,2014-03,0,-0.1820099192274328,-682275.4053917767,961298.0,2308938.0,2.4018961861982446,,2164940.040313662,0.0,-0.1820099192274328,0.0,-0.1820099192274328,-0.2009050129913259,0.0,-0.2009050129913259,12106896171.0,13404340397.0,0.1071657184198709,11504325288.0,1900015109.0,0.1651565877559007,,0.0,0.1071657184198709,0.0,0.1071657184198709,0.1018033429841303,0.0,0.1018033429841303,48.12850189208984,False,0.1670931170082876,0.0002394852759375,10.255916061987897,3.2913959543442,1.07703832086861,2.747
2014_russia_crimea_sanctions,RUS_C26,2014-03,UKR_G,UKR,2014-04,1,-0.3957919280278171,-3501704.4050034992,1208723244.982937,-1182647930.0129373,-0.9784273901588052,-289.87139816532977,-242451561.5593328,4079905.5632884745,-0.3957919280278171,0.9207716299276016,-1.316563557955419,-0.5038366351714174,0.6527269951288197,-1.1565636303002371,6061110948.42,5079200184.58,-0.1620017802340283,149169795051.52747,-144090594866.94748,-0.9659502100755352,,0.0,-0.1620017802340283,0.9206293461180032,-1.0826311263520316,-0.1767393028546955,0.6526529167603989,-0.8293922196150945,45.067901611328125,False,0.0482416544494572,0.0027402756703275,8.326249847036435,0.045439094492707,4.30879343709354,7.17
2014_russia_crimea_sanctions,RUS_C26,2014-03,UKR_G,UKR,2014-05,2,-0.1572795482938089,-999900.403966008,1243580816.2673306,-1217447259.8773303,-0.97898523678707,-298.40084310580147,-249585681.23495612,4079905.5632884745,-0.1572795482938089,0.8724452604180563,-1.0297248087118651,-0.1711199812190891,0.6272452018587735,-0.7983651830778626,5216838820.01,5003901344.25,-0.0408173384508728,154972100222.06958,-149968198877.81958,-0.9677109535388656,,0.0,-0.0408173384508728,0.8566326083933378,-0.8974499468442106,-0.0416737513736649,0.6187644213235224,-0.6604381726971873,45.067901611328125,False,0.0482416544494572,0.0027402756703275,8.326249847036435,0.045439094492707,4.30879343709354,7.17
2014_russia_crimea_sanctions,RUS_C26,2014-03,UKR_G,UKR,2014-06,3,-0.1748039024653902,-1190251.0684463726,1292527650.041979,-1265119791.011979,-0.978795146835652,-310.0855574687054,-259358902.2619062,4079905.5632884745,-0.1748039024653902,0.8125606142379342,-0.9873645167033244,-0.1921342205329743,0.5947405488970183,-0.7868747694299927,4784458453.11,4425723888.26,-0.0749791367958926,160368304307.91663,-155942580419.65662,-0.9724027518569855,,0.0,-0.0749791367958926,0.8046151614083547,-0.8795942982042473,-0.0779389868918727,0.5903473620720092,-0.668286348963882,45.067901611328125,False,0.0482416544494572,0.0027402756703275,8.326249847036435,0.045439094492707,4.30879343709354,7.17
2014_russia_crimea_sanctions,RUS_C26,2014-03,UKR_G,UKR,2014-07,4,-0.2027465976917965,-1226247.753762905,1340706335.0016277,-1317185565.7416277,-0.9824564346076792,-322.84707214643305,-270032770.6775569,4079905.5632884745,-0.2027465976917965,0.7611361265312457,-0.9638827242230424,-0.2265826969262079,0.5659591266579866,-0.7925418235841946,5208682923.69,4807875127.4,-0.0769499319044851,166720470946.68372,-161912595819.28372,-0.97116205886356,,0.0,-0.0769499319044851,0.7509377130341313,-0.8278876449386163,-0.0800718009772651,0.560151480441565,-0.6402232814188302,45.067901611328125,False,0.0482416544494572,0.0027402756703275,8.326249847036435,0.045439094492707,4.30879343709354,7.17
2014_russia_crimea_sanctions,RUS_C26,2014-03,DEU_C26,DEU,2014-03,0,-0.5744112368396944,-4421406.468394656,601680696.5834507,-591845444.0934507,-0.9836537011311016,-171.88642629132326,-197128974.7257396,3443235.494874715,-0.5744112368396944,0.984210478776044,-1.5586217156157385,-0.8542816852488571,0.6852210896927318,-1.5395027749415888,13272129058.54,14179994498.231998,0.0684039038264044,302009102646.4429,-287829108148.2109,-0.9530477910302184,-1726.4151382352054,166720681.3550295,0.0684039038264044,0.9933563396838334,-0.924952435857429,0.0661658561418363,0.6898198208719464,-0.62365396473011,29.664899826049805,False,0.0304136795071931,0.0006391904866852,10.762315161004778,0.396995583779145,1.99569888138804,5.316
2014_russia_crimea_sanctions,RUS_C26,2014-03,DEU_C26,DEU,2014-04,1,-0.4318603602625485,-3460805.7697594054,623956066.8307141,-610286749.6577141,-0.9780925005787168,-177.24223352312995,-203271314.24151585,3443235.494874715,-0.4318603602625485,0.9168587098208314,-1.34871907008338,-0.5653880142742196,0.6506877560806537,-1.2160757703548732,12716032076.562,13481243222.588,0.0601768807611319,313295336393.9563,-299814093171.3683,-0.956969537504906,-1798.3017507763066,166720681.3550295,0.0601768807611319,0.9244886471637802,-0.8643117664026483,0.0584357628410643,0.6546602946118192,-0.5962245317707549,29.664899826049805,False,0.0304136795071931,0.0006391904866852,10.762315161004778,0.396995583779145,1.99569888138804,5.316
2014_russia_crimea_sanctions,RUS_C26,2014-03,DEU_C26,DEU,2014-05,2,-0.5816689621256625,-3784195.8601128743,649035075.5983553,-640864067.3373553,-0.9874105290018924,-186.1226361924088,-213455857.08831203,3443235.494874715,-0.5816689621256625,0.851272145551889,-1.4329411076775516,-0.8714821320654753,0.6158730477025536,-1.487355179768029,12382554538.935995,13122270321.602,0.0597385442834129,325468361880.3558,-312346091558.7538,-0.9596818866024656,-1873.4693801641615,166720681.3550295,0.0597385442834129,0.8601689878718874,-0.8004304435884745,0.0580222213583425,0.6206673372900866,-0.562645115931744,29.664899826049805,False,0.0304136795071931,0.0006391904866852,10.762315161004778,0.396995583779145,1.99569888138804,5.316
2014_russia_crimea_sanctions,RUS_C26,2014-03,DEU_C26,DEU,2014-06,3,-0.3651360133350948,-1605031.9688558597,667483141.2556188,-659104616.5376188,-0.9874475860135749,-191.42013885448776,-219531329.66002384,3443235.494874715,-0.3651360133350948,0.8087172395440116,-1.1738532528791064,-0.4543444536808145,0.592617885380065,-1.0469623390608795,13297701052.721998,13675412328.884998,0.0284042538379732,338973822335.8967,-325298410007.0117,-0.9596564353121824,-1951.1581128575947,166720681.3550295,0.0284042538379732,0.7985314815861159,-0.7701272277481426,0.0280083327641662,0.5869704883550177,-0.5589621555908515,29.664899826049805,False,0.0304136795071931,0.0006391904866852,10.762315161004778,0.396995583779145,1.99569888138804,5.316
2014_russia_crimea_sanctions,RUS_C26,2014-03,DEU_C26,DEU,2014-07,4,-0.3658298571114737,-1744316.0211103216,692861799.7925711,-683783392.5765711,-0.986897232292619,-198.58746042621496,-227751215.21730232,3443235.494874715,-0.3658298571114737,0.7566803313562765,-1.1225101884677502,-0.4554379560739505,0.5634258515234869,-1.0188638075974374,13002106847.279997,14166553054.627998,0.0895582709037343,351066945525.5273,-336900392470.8993,-0.9596471464055908,-2020.7474545612872,166720681.3550295,0.0895582709037343,0.750383963535395,-0.6608256926316607,0.0857723580446858,0.5598351716014385,-0.4740628135567526,29.664899826049805,False,0.0304136795071931,0.0006391904866852,10.762315161004778,0.396995583779145,1.99569888138804,5.316
2014_russia_crimea_sanctions,RUS_C26,2014-03,DEU_C26,DEU,2014-08,5,-0.3809872672474203,-1656275.2993737403,719793007.4875234,-711713600.3895234,-0.9887753742896148,-206.6990774952556,-237054071.7062589,3443235.494874715,-0.3809872672474203,0.7083156023582995,-1.08930286960572,-0.479629389478827,0.5355078562111082,-1.0151372456899352,12160795926.07,12333679375.096,0.0142164583697499,362908596191.2547,-350574916816.1587,-0.966014364210331,-2102.768018741562,166720681.3550295,0.0142164583697499,0.7085502620419954,-0.6943338036722455,0.0141163521790588,0.5356452109515217,-0.5215288587724629,29.664899826049805,False,0.0304136795071931,0.0006391904866852,10.762315161004778,0.396995583779145,1.99569888138804,5.316
2014_russia_crimea_sanctions,RUS_C26,2014-03,SVK_C26,SVK,2014-04,1,-0.3555839618500836,-1004632.5700000004,7146036.118890226,-5325365.306890226,-0.7452194780842013,-4.523348752150927,-5325365.306890226,1177305.9294528037,-0.3555839618500836,0.941030054383273,-1.2966140162333566,-0.4394105441845006,0.6632186563501392,-1.10262920053464,1320084501.428,1443207191.8079998,0.0932687947224681,29498220635.656574,-28055013443.848576,-0.9510747712672712,-806.8596086831002,34770625.69737256,0.0932687947224681,0.9231061512141944,-0.8298373564917263,0.0891721027037668,0.6539416658912529,-0.5647695631874861,23.069799423217773,False,0.0586025461568327,0.0042833090497539,9.815409089047554,0.703323545247201,0.534061870297393,14.226
2019_brumadinho_dam_collapse,BRA_B07,2019-01,JPN_C24A,JPN,2019-01,0,-0.1986328364647849,-30489347.411825113,5823274003.460827,-5627487912.749826,-0.9663786916784882,-443.69943498064754,-3535585658.352663,12683108.13376464,-0.1986328364647849,1.0139043463624324,-1.2125371828272171,-0.2214360544816997,0.7000752986360901,-0.92151135311779,4320512151.995,3626462589.475,-0.1606405764185901,101036997521.632,-97410534932.15698,-0.9641075776356224,-23228.673584769454,4193547.021816475,-0.1606405764185901,1.0051829074622096,-1.1658234838807997,-0.1751162689954029,0.6957352822547129,-0.8708515512501158,1409.5830078125,False,0.3559906618524042,0.0074250526894662,10.590418781492266,0.643391023533141,-0.0002375064599675,2.467
2019_brumadinho_dam_collapse,BRA_B07,2019-01,KOR_C24B,KOR,2019-01,0,-0.5631291410889927,-50338503.41713294,2139954967.8153336,-2063727335.8153336,-0.9643788616365978,-110.21710916082928,-1057268424.721948,18724201.27444945,-0.5631291410889927,0.9284929358915508,-1.4916220769805435,-0.8281176375390551,0.6567388352188388,-1.484856472757894,3380060590.0,3386102438.0,0.001787496951349,71857383280.17296,-68471280842.17296,-0.952877459720492,-893.8030842149319,76606673.27223916,0.001787496951349,1.0016716519516948,-0.9998841550003458,0.0017859012793692,0.6939826574138372,-0.692196756134468,365.1944885253906,False,0.0807159629410078,0.0128818129397052,10.473476518909775,3.17611568177327,0.566582073981039,3.824
2019_brumadinho_dam_collapse,BRA_B07,2019-01,PHL_C24B,PHL,2019-01,0,-0.0616215784916603,-2583159.3527103537,773947461.2333076,-731421353.2333076,-0.94505297823158,-98.6010899696313,-676563226.8069851,7417984.461009326,-0.0616215784916603,0.9868833595202294,-1.0485049380118898,-0.0636019754408181,0.6865672587699372,-0.7501692342107553,343316877.0,328625411.0,-0.0427927287710938,9902722113.151272,-9574096702.151272,-0.9668146387180178,-179.12815966290253,53448306.06292478,-0.0427927287710938,0.9964306608054982,-1.039223389576592,-0.0437353264937492,0.6913609164419974,-0.7350962429357466,180.66310119628903,False,0.0757163149781992,0.1239297651245459,8.061332396296967,6.34148557153473,3.74065383022071,2.338
2019_brumadinho_dam_collapse,BRA_B07,2019-01,MYS_C24A,MYS,2019-02,1,-0.2301338799441287,-11790872.583828049,1463698169.6501253,-1388142624.1371253,-0.9483803784962986,,-724683442.6736618,0.0,-0.2301338799441287,0.8989739210199391,-1.1291078009640678,-0.2615386462629772,0.6413136981147929,-0.90285234437777,968802189.7150002,869908700.864,-0.1020781021150379,17889897686.72147,-17019988985.85747,-0.951374305426594,,0.0,-0.1020781021150379,0.926235679787454,-1.028313781902492,-0.1076721877470454,0.6555676733287612,-0.7632398610758067,158.3990020751953,False,0.0771629976682538,0.0304656813379017,9.296775098984025,4.84308697634881,0.624674674586643,3.3
2019_brumadinho_dam_collapse,BRA_B07,2019-01,MYS_C24A,MYS,2019-03,2,-0.2680318335080899,-8735775.101131618,1512513795.285,-1466816235.212,-0.9697870127099308,,-765755204.5588996,0.0,-0.2680318335080899,0.8454307172644541,-1.113462550772544,-0.3120182485001592,0.6127127007799125,-0.9247309492800716,1163873742.566,1098391171.682,-0.0562626069212887,18739876309.009525,-17641485137.327526,-0.9413874908473152,,0.0,-0.0562626069212887,0.8485752270199872,-0.904837833941276,-0.0579073367840976,0.6144151947722065,-0.6723225315563042,158.3990020751953,False,0.0771629976682538,0.0304656813379017,9.296775098984025,4.84308697634881,0.624674674586643,3.3
2019_brumadinho_dam_collapse,BRA_B07,2019-01,ARG_C24A,ARG,2019-01,0,-0.0451294266110341,-890555.6515270453,701311473.20043,-648892704.46043,-0.9252560798687816,-404.7829648784101,-233255468.30754417,1603063.2728216376,-0.0451294266110341,0.9948046772273902,-1.0399341038384242,-0.0461794720720014,0.6905461379785329,-0.7367256100505344,423559656.06999993,173672257.32999998,-0.5899697838518929,11563982201.284742,-11390309943.954742,-0.984981621874971,-140.52856228342986,81053344.30862392,-0.5899697838518929,0.97666994886553,-1.5666397327174229,-0.8915244206800992,0.681413584727288,-1.5729380054073872,114.74310302734376,False,0.1135910937158451,0.024829709202936,9.371931862380569,-2.61739646282038,42.0336689575031,9.22
2019_brumadinho_dam_collapse,BRA_B07,2019-01,ARG_C24A,ARG,2019-02,1,-0.0539611522560323,-745721.4756103114,726352657.9333965,-689982476.8433964,-0.9499276547104822,-430.41499892198345,-248025882.63637975,1603063.2728216376,-0.0539611522560323,0.9286591264281372,-0.9826202786841696,-0.055471644021285,0.6568250070394193,-0.7122966510607043,256314710.86,137435586.58,-0.4638014099195898,11890071308.760748,-11752635722.180748,-0.9884411469863316,-144.99877608295418,81053344.30862392,-0.4638014099195898,0.9251050591420896,-1.3889064690616797,-0.6232506792749035,0.654980542350426,-1.2782312216253295,114.74310302734376,False,0.1135910937158451,0.024829709202936,9.371931862380569,-2.61739646282038,42.0336689575031,9.22
2019_brumadinho_dam_collapse,BRA_B07,2019-01,ARG_C24A,ARG,2019-03,2,-0.3050611927112791,-5931307.16888171,767731710.4113629,-730143549.8013629,-0.9510399790704754,-455.4677049747376,-262462460.23410985,1603063.2728216376,-0.3050611927112791,0.8367260528566692,-1.1417872455679483,-0.3639314762444172,0.6079846665628921,-0.9719161428073092,123387977.05,127370446.13,0.0322759897294224,12250478627.636757,-12123108181.506756,-0.989602818795777,-149.56949999923543,81053344.30862392,0.0322759897294224,0.8740987302228286,-0.8418227404934061,0.0317660629607843,0.6281278665742036,-0.5963618036134193,114.74310302734376,False,0.1135910937158451,0.024829709202936,9.371931862380569,-2.61739646282038,42.0336689575031,9.22
2019_brumadinho_dam_collapse,BRA_B07,2019-01,ARG_C24A,ARG,2019-04,3,-0.3080837370294105,-7791386.88962499,796182018.0843292,-747503136.3843292,-0.9388596067302236,-466.2967139585257,-268702657.52743924,1603063.2728216376,-0.3080837370294105,0.7834039082456997,-1.0914876452751103,-0.3682903316254737,0.5785238451900092,-0.946814176815483,97901575.74,163464202.39,0.6696789725235529,12691298337.481274,-12527834135.091274,-0.9871199779531428,-154.56282824542672,81053344.30862392,0.6696789725235529,0.8188759187389031,-0.1491969462153501,0.5126313718311017,0.5982186831474756,-0.0855873113163738,114.74310302734376,False,0.1135910937158451,0.024829709202936,9.371931862380569,-2.61739646282038,42.0336689575031,9.22
2019_brumadinho_dam_collapse,BRA_B07,2019-01,ARG_C24A,ARG,2019-05,4,-0.359418578388536,-7104066.676088049,821497909.8722957,-786275269.9322958,-0.9571238836803914,-490.4829916964728,-282639957.3396381,1603063.2728216376,-0.359418578388536,0.7413639712648376,-1.1007825496533736,-0.4453790335665815,0.5546686967730032,-1.0000477303395847,129477234.46999998,103640824.82,-0.1995440337890928,13240525829.30728,-13136885004.487282,-0.9921724540130727,-162.07702614301064,81053344.30862392,-0.1995440337890928,0.7591227049072259,-0.9586667386963188,-0.2225737539894723,0.5648152215977937,-0.7873889755872661,114.74310302734376,False,0.1135910937158451,0.024829709202936,9.371931862380569,-2.61739646282038,42.0336689575031,9.22
2019_brumadinho_dam_collapse,BRA_B07,2019-01,ARG_C24A,ARG,2019-06,5,-0.2320030513137636,-3794307.964819504,844599053.610262,-809657723.540262,-0.9586296836106524,-505.0690994343224,-291045176.1516462,1603063.2728216376,-0.2320030513137636,0.7067552451108315,-0.9387582964245952,-0.2639695122673657,0.5345940496318065,-0.7985635618991722,141783005.53,130303469.47,-0.0809655290991205,13734784837.083284,-13604481367.613283,-0.9905128860032676,-167.84602145239052,81053344.30862392,-0.0809655290991205,0.7123453067894387,-0.7933108358885593,-0.0844316475672144,0.537863955220427,-0.6222956027876414,114.74310302734376,False,0.1135910937158451,0.024829709202936,9.371931862380569,-2.61739646282038,42.0336689575031,9.22
2019_brumadinho_dam_collapse,BRA_B07,2019-01,ARG_C24A,ARG,2019-07,6,-0.0226597666963048,-318176.8436753095,865772425.6682285,-827595586.3482285,-0.9559043021143414,-516.2588404208981,-297493244.62421113,1603063.2728216376,-0.0226597666963048,0.6777561688617101,-0.700415935558015,-0.0229204440781209,0.5174572861324869,-0.5403777302106079,115186125.09,155070997.34,0.3462645541625451,14219788161.53929,-14064717164.19929,-0.9890947041138471,-173.52420537572846,81053344.30862392,0.3462645541625451,0.6717283059144367,-0.3254637517518916,0.2973337580884774,0.5138580049486343,-0.2165242468601569,114.74310302734376,False,0.1135910937158451,0.024829709202936,9.371931862380569,-2.61739646282038,42.0336689575031,9.22
2019_brumadinho_dam_collapse,BRA_B07,2019-01,ARG_C24A,ARG,2019-08,7,-0.0068506076995058,-111214.06792637407,897684643.506195,-852832183.586195,-0.9500353935600208,-532.0015735156102,-306564966.75449085,1603063.2728216376,-0.0068506076995058,0.6382835677030877,-0.6451341754025935,-0.006874180681585,0.4936490879924591,-0.5005232686740442,170114591.95000005,158121427.77,-0.0705005022939187,14752037592.330296,-14593916164.560295,-0.9892813838915236,-180.0532265391982,81053344.30862392,-0.0705005022939187,0.6321713738665606,-0.7026718761604794,-0.0731090117664408,0.4899112594827244,-0.5630202712491652,114.74310302734376,False,0.1135910937158451,0.024829709202936,9.371931862380569,-2.61739646282038,42.0336689575031,9.22
2019_brumadinho_dam_collapse,BRA_B07,2019-01,ARG_C24A,ARG,2019-09,8,-0.1904488877534891,-2675846.2573002772,929534333.0441614,-897892032.7541615,-0.9659589762689308,-560.1101640696525,-322762492.3967017,1603063.2728216376,-0.1904488877534891,0.6032207544869858,-0.7936696422404749,-0.2112753613243931,0.4720145768387063,-0.6832899381630995,100749965.86,165920105.76000002,0.6468502430120826,15205660037.2713,-15039739931.5113,-0.9890882667800474,-185.55360127084973,81053344.30862392,0.6468502430120826,0.6019596396906874,0.0448906033213951,0.4988645160298972,0.4712276545880201,0.0276368614418771,114.74310302734376,False,0.1135910937158451,0.024829709202936,9.371931862380569,-2.61739646282038,42.0336689575031,9.22
2019_brumadinho_dam_collapse,BRA_B07,2019-01,ARG_C24A,ARG,2019-10,9,-0.4689346975933044,-9463011.841441903,961707155.6721278,-931894133.7121278,-0.9689998958787366,-581.3208683097399,-334985123.2382455,1603063.2728216376,-0.4689346975933044,0.5715076261119086,-1.040442323705213,-0.6328702695221615,0.4520354294091717,-1.0849056989313333,124201672.54,195985572.21,0.5779624235485358,15774485145.977306,-15578499573.767307,-0.987575786442705,-192.20057736852425,81053344.30862392,0.5779624235485358,0.5679253784380845,0.0100370451104512,0.4561344064842636,0.4497533304779253,0.0063810760063383,114.74310302734376,False,0.1135910937158451,0.024829709202936,9.371931862380569,-2.61739646282038,42.0336689575031,9.22
2019_brumadinho_dam_collapse,BRA_B07,2019-01,ARG_C24A,ARG,2019-11,10,-0.7903641720852094,-16328785.891062448,996160834.0400944,-984112327.5800942,-0.9879050590544348,-613.8948750587401,-353755837.0729383,1603063.2728216376,-0.7903641720852094,0.5410466409100343,-1.3314108129952436,-1.562383340836437,0.4324618219883689,-1.9948451628248056,184362047.13000005,109189663.41,-0.4077432686945235,16240378597.593311,-16131188934.183311,-0.9932766552975444,-199.01941211409067,81053344.30862392,-0.4077432686945235,0.5427898223280659,-0.9505330910225896,-0.523815066624806,0.4335923504132104,-0.9574074170380164,114.74310302734376,False,0.1135910937158451,0.024829709202936,9.371931862380569,-2.61739646282038,42.0336689575031,9.22
2019_brumadinho_dam_collapse,BRA_B07,2019-01,ARG_C24A,ARG,2019-12,11,-0.9933614691611404,-15286576.53381412,1005825057.0492516,-1005540862.3592516,-0.9997174511730362,-627.2621171024306,-361458686.6822787,1603063.2728216376,-0.9933614691611404,0.5330769194538602,-1.5264383886150004,-5.014861103833793,0.4272767738699166,-5.4421378777037095,208679661.43000004,143706824.76,-0.311352032223776,16757345604.229317,-16613638779.469316,-0.9914242489142356,-204.97166305945572,81053344.30862392,-0.311352032223776,0.5173810344544635,-0.8287330666782395,-0.3730250684821676,0.4169858451008856,-0.7900109135830533,114.74310302734376,False,0.1135910937158451,0.024829709202936,9.371931862380569,-2.61739646282038,42.0336689575031,9.22
2014_indonesia_mineral_export_ban,IDN_B07,2014-01,JPN_C24A,JPN,2014-02,1,-0.4689214337578559,-32113733.921770565,2208699031.645111,-2147618385.385111,-0.972345419006905,-119.31015027563852,-1278801050.6541522,18000299.056061324,-0.4689214337578559,0.8959151992128016,-1.3648366329706576,-0.6328453019832132,0.6397016762733685,-1.2725469782565817,5251501762.841999,4715411851.2,-0.1020831632267945,147088699640.54584,-142373287789.34583,-0.9679417122952104,,0.0,-0.1020831632267945,0.9237644840408354,-1.02584764726763,-0.1076778243307607,0.6542839352023897,-0.7619617595331505,1067.8970947265625,False,0.3425539937153633,0.0050225426822489,10.61887673310568,2.00510017681211,-0.354375054368859,4.038
2014_indonesia_mineral_export_ban,IDN_B07,2014-01,JPN_C24A,JPN,2014-05,4,-0.9999586915561424,-74059220.8355498,2482962950.0527105,-2482957812.1007104,-0.9999979307174116,-137.93980890915324,-1478479175.0956,18000299.056061324,-0.9999586915561424,0.7251883381793256,-1.725147029735468,-10.094249024033187,0.5453362257846166,-10.639585249817804,4946612453.731001,4842026457.6640005,-0.021142953292837,164859617896.79922,-160017591439.13522,-0.9706293965773044,,0.0,-0.021142953292837,0.7495503864339632,-0.7706933397268002,-0.0213696668158505,0.5593588328830208,-0.5807284996988713,1067.8970947265625,False,0.3425539937153633,0.0050225426822489,10.61887673310568,2.00510017681211,-0.354375054368859,4.038
2014_indonesia_mineral_export_ban,IDN_B07,2014-01,JPN_C24A,JPN,2014-09,8,-0.4212940578609737,-31075480.53517686,2796812157.438993,-2725124466.838993,-0.9743680710163805,-151.39328843102467,-1622677499.4441714,18000299.056061324,-0.4212940578609737,0.5953606220626585,-1.0166546799236322,-0.5469607964963075,0.4670998058053257,-1.0140606023016332,4608794809.339001,4929048690.749999,0.0694875546991274,188270708805.77777,-183341660115.02777,-0.9738193544709344,,0.0,0.0694875546991274,0.6003862124902881,-0.5308986577911607,0.0671796128985633,0.4702449829208355,-0.4030653700222721,1067.8970947265625,False,0.3425539937153633,0.0050225426822489,10.61887673310568,2.00510017681211,-0.354375054368859,4.038
2014_indonesia_mineral_export_ban,IDN_B07,2014-01,KOR_C24A,KOR,2014-02,1,-0.9999947294965406,-10600379.033801952,25163236.0,-25163123.0,-0.9999955093216152,,-12441188.86926208,0.0,-0.9999947294965406,0.0,-0.9999947294965406,-12.144574083825464,0.0,-12.144574083825464,3214628770.0,3130827267.0,-0.0260687964290197,3245879853.0,-115052586.0,-0.0354457315768058,,0.0,-0.0260687964290197,0.0,-0.0260687964290197,-0.0264146107098994,0.0,-0.0264146107098994,167.35040283203125,False,0.1194737271342574,0.0023512007946556,10.255916061987897,3.2913959543442,1.07703832086861,2.747
2014_indonesia_mineral_export_ban,IDN_B07,2014-01,KOR_C24A,KOR,2014-04,3,-0.9999994611766644,-20187074.849169344,25163236.0,-25163214.0,-0.999999125708633,,-12441233.86161804,0.0,-0.9999994611766644,0.0,-0.9999994611766644,-14.389426344720764,0.0,-14.389426344720764,3240046981.0,3543026601.0,0.0935108724585497,3245879853.0,297146748.0,0.0915458246938384,,0.0,0.0935108724585497,0.0,0.0935108724585497,0.0893935038650362,0.0,0.0893935038650362,167.35040283203125,False,0.1194737271342574,0.0023512007946556,10.255916061987897,3.2913959543442,1.07703832086861,2.747
2014_indonesia_mineral_export_ban,IDN_B07,2014-01,ESP_C24B,ESP,2014-01,0,-0.7003667680227806,-20339315.74586021,76687250.351,-54226014.384,-0.7071059939664781,,-21007521.698814563,0.0,-0.7003667680227806,0.0,-0.7003667680227806,-1.2051960811569735,0.0,-1.2051960811569735,1671261773.2159998,1723550325.891,0.0312868716995672,41844271105.17628,-40120720779.28528,-0.9588103632738918,,0.0,0.0312868716995672,1.0045415809279414,-0.9732547092283742,0.0308074123847674,0.6954153966517111,-0.6646079842669437,88.76270294189453,False,0.0559133436720253,0.0074496380727317,10.282945608684807,-1.42732224757626,0.438175032697188,26.094
2014_indonesia_mineral_export_ban,IDN_B07,2014-01,AUS_C24B,AUS,2014-01,0,-0.6227725558830366,-1062408.9736834618,78222162.22350988,-77424151.33050987,-0.9897981483723272,-60.3970942148751,-62435727.9282402,1281918.4819563918,-0.6227725558830366,0.9144759930476916,-1.5372485489307284,-0.9749061929960324,0.649443940624284,-1.6243501336203163,2117049788.034,1962612618.178,-0.0729492384774844,61062034007.17273,-59099421388.99473,-0.9678587087690615,-417.7699066771864,141464046.22356212,-0.0729492384774844,1.0045288319748904,-1.0774780704523748,-0.0757469559543615,0.6954090366048185,-0.77115599255918,32.769500732421875,False,0.1348369419737076,0.0013496908437394,11.1342631149376,2.65445302592404,-0.13127264372919,5.663
2014_indonesia_mineral_export_ban,IDN_B07,2014-01,DEU_C23,DEU,2014-03,2,-0.999812742941074,-18800.254709411536,264860014.08330023,-264860000.26030025,-0.9999999478101664,-29.89942501532405,-67467921.45974278,8858364.337259136,-0.999812742941074,0.8818247484317571,-1.8816374913728309,-8.513195628041347,0.6322419136422646,-9.145437541683611,2162821229.4469995,2411785170.574,0.1151107348759733,53676973006.85634,-51265187836.28234,-0.9550685324549516,,0.0,0.1151107348759733,0.8529462332030429,-0.7378354983270695,0.1089537137231744,0.6167769307859707,-0.5078232170627963,18.798500061035156,False,0.0476080967527476,0.000522493979889,10.762315161004778,0.396995583779145,1.99569888138804,5.316
2021_texas_winter_storm_uri,USA_C20,2021-02,KOR_C20,KOR,2021-02,0,-0.0061466847451551,-1363896.2515820474,14136861994.200638,-13587838934.200638,-0.9611637250031,-1153.7312361709148,-5457861257.965767,11777300.040256277,0.0081242292396865,1.0042460833588465,-0.99612185411916,0.0080914053338894,0.6952679717000052,-0.6871765663661158,5507349646.0,6466571506.0,0.1741712296579326,134717948331.88196,-128251376825.88196,-0.9519991835826552,,0.0,0.2232399647156082,1.0024732476843896,-0.7792332829687814,0.201503047330334,0.6943830404052171,-0.492879993074883,1168.8553466796875,False,0.119680663481488,0.0087974016276512,10.429042495227344,2.31380210595475,-0.624210765169693,3.746
2021_texas_winter_storm_uri,USA_C20,2021-02,JPN_C20,JPN,2021-02,0,-0.2207382932179615,-52528210.89467359,17679482710.646854,-17112235232.309856,-0.9679149278504968,,-5594128419.60555,0.0,-0.2287969565958119,0.9980677088226784,-1.2268646654184905,-0.2598035889673831,0.6921805678953525,-0.9519841568627356,5773686183.399,6284497714.259,0.0884723406562568,139471794839.87125,-133187297125.61224,-0.9549407267507076,,0.0,0.0729660664144546,0.9994786162898748,-0.92651254987542,0.0704268381736419,0.6928864547116866,-0.6224596165380447,1155.3016357421875,False,0.1454868918412517,0.0083040635708094,10.607004697795462,-0.402169200894946,0.634803165679926,2.351
2021_texas_winter_storm_uri,USA_C20,2021-02,JPN_C20,JPN,2021-03,1,-0.0634360329075272,-14393692.842174657,18394275678.8137,-17744223872.1467,-0.9646601030658836,,-5800730629.251656,0.0,-0.0953725229740962,0.9234671040229436,-1.01883962699704,-0.1002320474730744,0.6541293408681703,-0.7543613883412448,6558249255.659,7315791548.951,0.1155098355919195,145882072572.39307,-138566281023.44208,-0.9498513325184588,,0.0,0.1684344856181375,0.9153587528467878,-0.7469242672286502,0.1556648063228927,0.6499049433819017,-0.494240137059009,1155.3016357421875,False,0.1454868918412517,0.0083040635708094,10.607004697795462,-0.402169200894946,0.634803165679926,2.351
2021_texas_winter_storm_uri,USA_C20,2021-02,JPN_C20,JPN,2021-04,2,-0.0209159225395074,-4588929.50152259,19176885600.06855,-18519789849.57255,-0.9657350122329744,,-6054269434.480637,0.0,-0.2048397087880895,0.8536105444985866,-1.0584502532866762,-0.2292115601735638,0.6171353827344781,-0.8463469429080419,6308056949.038,7630751500.200001,0.2096833560394086,151411061545.5664,-143780310045.3664,-0.949602417271848,,0.0,0.2851935470844305,0.8534074612517825,-0.5682139141673519,0.2509093272668785,0.6170258158671835,-0.366116488600305,1155.3016357421875,False,0.1454868918412517,0.0083040635708094,10.607004697795462,-0.402169200894946,0.634803165679926,2.351
2021_texas_winter_storm_uri,USA_C20,2021-02,JPN_C20,JPN,2021-05,3,-0.0796661725073927,-19645136.856218684,19869146544.926895,-19174920662.625896,-0.9650601055897768,,-6268437008.155715,0.0,0.0724619678989938,0.8000751478086773,-0.7276131799096834,0.0699569099204566,0.5878284127729927,-0.517871502852536,5379795678.18,6657874590.756999,0.2375701586141606,156143950764.02823,-149486076173.27124,-0.9573606626566106,,0.0,0.4167059591203668,0.8066730079024803,-0.3899670487821134,0.3483344296706683,0.5914870366812437,-0.2431526070105754,1155.3016357421875,False,0.1454868918412517,0.0083040635708094,10.607004697795462,-0.402169200894946,0.634803165679926,2.351
2021_texas_winter_storm_uri,USA_C20,2021-02,BRA_A01,BRA,2021-02,0,-0.0273307446135542,-4747758.097287549,18806728776.50366,-18227424815.50366,-0.9691969843408516,-233.0210386010808,-5316442551.76917,78222228.02254352,-0.0326318498827762,1.0068110536458434,-1.0394429035286197,-0.0331761422572931,0.6965469216546545,-0.7297230639119476,3179860798.0,2373379059.0,-0.2536217118394753,91521593334.08446,-89148214275.08446,-0.9740675509184332,-244.5437382529361,364549159.63898784,-0.1414212891524842,1.0282999776270474,-1.1697212667795316,-0.1524769186322352,0.7071979927409728,-0.8596749113732081,982.8328247070312,False,0.1172899866750641,0.0129665502830667,9.108399895091848,1.22077782271943,4.22425886378237,11.936
2016_kumamoto_earthquakes,JPN_C29,2016-04,USA_C29,USA,2016-05,1,-0.0613857743980956,-164131854.68335906,108219124778.04158,-104337542911.04158,-0.9641322005240648,,-67459656415.37071,0.0,-0.0613857743980956,0.926979957657908,-0.9883657320560036,-0.0633507195287599,0.6559539885693226,-0.7193047080980826,14292499696.0,14103426074.0,-0.0132288701082089,357919662297.2121,-343816236223.2121,-0.9605961125927508,-4413.494786329567,77901131.15985867,-0.0132288701082089,0.9184853724039188,-0.931714242512128,-0.013317151045225,0.6515360061769755,-0.6648531572222005,10411.279296875,False,0.1023430676623775,0.0215298531326961,10.943303361165048,2.94555045484053,0.765879740073601,5.28
2016_kumamoto_earthquakes,JPN_C29,2016-04,CAN_C29,CAN,2016-04,0,-0.0310107524818058,-11029998.302543674,8754540447.81384,-8320566294.104841,-0.9504286768339312,,-6608016506.560683,0.0,-0.0310107524818058,0.9898169259287324,-1.0208276784105383,-0.0315017635539298,0.6880426373706179,-0.7195444009245477,5400879004.195,5899740136.266999,0.092366655813715,120580005441.7127,-114680265305.44572,-0.9510719864818808,,0.0,0.092366655813715,0.9987160019510825,-0.9063493461373672,0.0883465863476473,0.6925049753575863,-0.6041583890099389,1196.6590576171875,False,0.1106717807354905,0.0221172523316039,10.682702196301582,0.649971001734855,-0.86765132022812,6.945
2016_kumamoto_earthquakes,JPN_C29,2016-04,CAN_C29,CAN,2016-05,1,-0.0474367061437177,-12937306.29321332,9065869395.134085,-8738751017.748085,-0.9639175943168148,,-6940129905.931581,0.0,-0.0474367061437177,0.9244043501404772,-0.971841056284195,-0.0485987238011702,0.6546164912564549,-0.7032152150576252,5467662895.093,5725234012.341001,0.0471080829579233,125854285677.71465,-120129051665.37364,-0.9545090262003308,,0.0,0.0471080829579233,0.918422311864192,-0.8713142289062686,0.0460321576486002,0.6515031356708256,-0.6054709780222254,1196.6590576171875,False,0.1106717807354905,0.0221172523316039,10.682702196301582,0.649971001734855,-0.86765132022812,6.945
2016_kumamoto_earthquakes,JPN_C29,2016-04,KOR_C29,KOR,2016-04,0,-0.0060601575322627,-1061159.5351073134,4720201000.4000025,-4514126216.4000025,-0.9563419473063676,-2136.6385849622075,-3812463649.627336,2112723.344121321,-0.0060601575322627,0.9894995493753704,-0.9955597069076332,-0.0060785947838049,0.6878831241737444,-0.6939617189575493,7473856788.0,6182018115.0,-0.172847662143349,173246887791.30624,-167064869676.30624,-0.9643167147542248,-9262.01478370334,18037637.984584033,-0.172847662143349,0.9916792544729504,-1.1645269166162997,-0.189766395505277,0.6889781293612316,-0.8787445248665087,865.3765258789062,False,0.2136107378348384,0.0062618555700195,10.31469582553944,2.92029267301234,3.22846300743112,3.546
2016_kumamoto_earthquakes,JPN_C29,2016-04,GBR_C29,GBR,2016-05,1,-0.0339581628925851,-5472056.500136317,6690434178.935939,-6431469044.898939,-0.9612932244588368,-362.3893114882469,-3866083307.016764,17747402.699286085,-0.0339581628925851,0.9282350845865665,-0.9621932474791516,-0.0345481359413213,0.6566051204560353,-0.6911532563973566,5113168611.384001,5563737627.067,0.0881193345902673,137315566724.6784,-131751829097.6114,-0.9594821056361188,-3069.427450128486,42923910.481121264,0.0881193345902673,0.9208149001774,-0.8326955655871326,0.0844508249310429,0.652749523164978,-0.5682986982339351,523.1837158203125,False,0.0514335594091174,0.0101148154776875,10.72009815856061,2.14040560033371,0.669172003330104,5.517
2016_kumamoto_earthquakes,JPN_C29,2016-04,ZAF_C29,ZAF,2016-04,0,-0.3335732467083722,-25524486.98296706,2044982556.378852,-1987212205.810852,-0.9717501988524064,-686.6345339167518,-1754112632.5507894,2894133.7897400064,-0.3335732467083722,0.9844162926089424,-1.3179895393173149,-0.4058250371653678,0.6853248112748354,-1.0911498484402031,756899875.8809999,986084255.768,0.3027935228820576,23681332009.354874,-22695247753.586872,-0.958360270639402,-253.08979715898823,89672709.08724134,0.3027935228820576,1.010409622992423,-0.7076161001103656,0.2645108224103545,0.6983384937989818,-0.4338276713886273,416.5472106933594,False,0.1201662458159242,0.0346559753618248,8.718217722884457,1.32186223678229,5.54552812339873,25.149
2016_kumamoto_earthquakes,JPN_C29,2016-04,ZAF_C29,ZAF,2016-05,1,-0.246468371837132,-12941390.35475738,2103584171.0498252,-2058760440.7278252,-0.9786917343556404,-711.3563471137156,-1817268274.5791476,2894133.7897400064,-0.246468371837132,0.9314485309402456,-1.1779169027773777,-0.2829842812974092,0.658270255130013,-0.9412545364274224,897578194.3679999,892816026.6949999,-0.0053055741581969,24824051861.43439,-23931235834.73939,-0.9640342345528998,-266.87312202709325,89672709.08724134,-0.0053055741581969,0.921057487317702,-0.926363061475899,-0.0053196986921726,0.6528758090265399,-0.6581955077187125,416.5472106933594,False,0.1201662458159242,0.0346559753618248,8.718217722884457,1.32186223678229,5.54552812339873,25.149
2012_us_droughts,USA_A01,2012-07,MEX_C10T12,MEX,2012-07,0,-0.1748461838322866,-110125123.2751622,15739801984.409723,-15112454341.409723,-0.96014259622698,,-12519641508.256071,0.0,-0.1748461838322866,1.0091386268379698,-1.1839848106702564,-0.1921854659075883,0.6977060862940014,-0.8898915522015898,759170594.0,844527268.0,0.1124341151706937,18164353817.694447,-17319826549.694447,-0.9535063412397682,,0.0,0.1124341151706937,1.011400993025658,-0.8989668778549642,0.1065505108529372,0.6988314906711857,-0.5922809798182485,2937.3681640625,False,0.1426615060815746,0.0342391815929986,9.274768987377271,3.44404505794418,5.66963367375268,5.175
2012_us_droughts,USA_A01,2012-07,MEX_C10T12,MEX,2012-08,1,-0.1305743655551353,-90028838.04391798,16444252755.166668,-15720651569.166668,-0.9559967122390132,,-13023491583.552437,0.0,-0.1305743655551353,0.925882331150364,-1.0564566967054994,-0.1399224754678876,0.6553842165157526,-0.7953066919836402,843626476.0,835353088.0,-0.0098069326122002,19043358078.083332,-18208004990.083332,-0.9561341500498596,,0.0,-0.0098069326122002,0.9216883247884838,-0.9314952574006842,-0.009855337291782,0.6532041354293732,-0.6630594727211552,2937.3681640625,False,0.1426615060815746,0.0342391815929986,9.274768987377271,3.44404505794418,5.66963367375268,5.175
2012_us_droughts,USA_A01,2012-07,JPN_C10T12,JPN,2012-07,0,-0.2138996520646004,-123672776.564381,19495143959.181023,-18801175127.207024,-0.9644029901278476,-384.58555128483073,-12313656963.954948,48886847.32017545,-0.2138996520646004,0.9937609703500856,-1.2076606224146862,-0.2406708252647078,0.6900227898548543,-0.9306936151195622,292810852.28999996,285197887.70000005,-0.0259995984795673,8228694623.167833,-7943496735.4678335,-0.9653410533795936,-527.8669634010862,15048293.009828256,-0.0259995984795673,1.007992067925907,-1.0339916664054742,-0.0263435630098882,0.6971352514630809,-0.7234788144729691,2194.59521484375,False,0.1096570899383432,0.0092097215692862,10.794687711107184,0.0238095237995424,-1.62208025011698,4.55
2012_us_droughts,USA_A01,2012-07,JPN_C10T12,JPN,2012-08,1,-0.2525756311130526,-138323443.8179017,20149799936.460003,-19524815009.328003,-0.9689830703479532,-399.38789428276704,-12787598258.240326,48886847.32017545,-0.2525756311130526,0.9314022675993155,-1.1839778987123684,-0.2911221571786377,0.6582463025740353,-0.949368459752673,276954242.6,303516741.447,0.0959093408269745,8558595417.29964,-8255078675.85264,-0.9645366176751976,-548.5724308040208,15048293.009828256,0.0959093408269745,0.9328911281830156,-0.8369817873560411,0.0915844665649245,0.6590168758114103,-0.5674324092464857,2194.59521484375,False,0.1096570899383432,0.0092097215692862,10.794687711107184,0.0238095237995424,-1.62208025011698,4.55
2012_us_droughts,USA_A01,2012-07,JPN_C10T12,JPN,2012-09,2,-0.22911046982283,-116601759.71513651,20895911424.75026,-20296879097.406258,-0.9713325580699737,-415.1807737667264,-13293254541.44929,48886847.32017545,-0.22911046982283,0.8692375179977984,-1.0983479878206284,-0.260210196524941,0.6255306032883468,-0.8857407998132878,295969830.0,326944841.806,0.1046559772866038,8925815380.909967,-8598870539.103968,-0.9633708711357338,-571.4183351884444,15048293.009828256,0.1046559772866038,0.8614480328173946,-0.7567920555307908,0.0995339534031991,0.6213546970125279,-0.5218207436093287,2194.59521484375,False,0.1096570899383432,0.0092097215692862,10.794687711107184,0.0238095237995424,-1.62208025011698,4.55
2012_us_droughts,USA_A01,2012-07,CAN_C10T12,CAN,2012-07,0,-0.0402017809167219,-13833040.783956662,10588322834.277172,-10046929523.691172,-0.9488688322919878,,-6128762260.781617,0.0,-0.0402017809167219,0.990959939006192,-1.031161719922914,-0.0410322049936056,0.6886169037444461,-0.7296491087380517,2035484600.8919995,2141533775.9750004,0.0521002099630364,43104031314.47255,-40962497538.49755,-0.9503170884330728,-3549.9677338771407,11538836.57803274,0.0521002099630364,0.9973697548048868,-0.9452695448418504,0.0507883663734212,0.691831192406589,-0.6410428260331678,1444.8326416015625,False,0.1656941988540264,0.0215728373354213,10.863313883498243,3.13719442170364,3.24445514350185,7.637
2012_us_droughts,USA_A01,2012-07,TUR_C10T12,TUR,2012-07,0,-0.0901562950644849,-6861819.657305144,6141543958.1965275,-6007474109.1965275,-0.978170009054308,-429.3772981427928,-3102921764.2770004,13991131.192033106,-0.0901562950644849,1.0232915353483385,-1.1134478304128232,-0.0944824463681008,0.7047256580406014,-0.7992081044087023,735941755.0,739959804.0,0.0054597377750362,14887718417.840286,-14147758613.840286,-0.9502972998795242,,0.0,0.0054597377750362,1.004457789232514,-0.9989980514574776,0.0054448874274903,0.6953735948079967,-0.6899287073805063,275.3826904296875,False,0.2680631195521832,0.0044927474974422,9.339141206039002,10.9799625273598,8.33655636534398,9.789
2012_us_droughts,USA_A01,2012-07,TUR_C10T12,TUR,2012-08,1,-0.3583620510069319,-21579664.698856287,6415379458.983334,-6340573911.983334,-0.9883396535655812,-453.18522319294755,-3274971216.1691527,13991131.192033106,-0.3583620510069319,0.9386158833025476,-1.2969779343094794,-0.4437310719553053,0.6619742560784587,-1.105705328033764,796382156.0,779765871.0,-0.0208647128452235,15553441776.708342,-14773675905.708342,-0.9498653814252408,,0.0,-0.0208647128452235,0.9218322228209572,-0.9426969356661808,-0.0210854568456717,0.6532790136613826,-0.6743644705070544,275.3826904296875,False,0.2680631195521832,0.0044927474974422,9.339141206039002,10.9799625273598,8.33655636534398,9.789
2012_us_droughts,USA_A01,2012-07,THA_C10T12,THA,2012-07,0,-0.5850768293579752,-34761712.82038051,3134004252.232315,-3086514162.232315,-0.9848468329402638,-149.5521865881015,-1602216638.6994474,20638375.35677917,-0.5850768293579752,1.0125431430698466,-1.5976199724278215,-0.8796618945533901,0.699399167307952,-1.579061061861342,2599204284.0,2705649209.0,0.0409528891804488,55615458386.85427,-52909809177.85427,-0.9513507703167736,-340.6245039326095,155331776.09653753,0.0409528891804488,0.9942010687786974,-0.9532481795982484,0.040136533243448,0.6902435033381202,-0.6501069700946722,218.13250732421875,False,0.2970913324064442,0.0074760562759313,8.589443763709863,0.840132083053334,3.7430981204437,0.66
2012_us_droughts,USA_A01,2012-07,THA_C10T12,THA,2012-08,1,-0.5998518836083166,-35860124.48856258,3268099794.309553,-3222017342.309553,-0.9858993130869996,-156.11777994197612,-1672556652.8076017,20638375.35677917,-0.5998518836083166,0.9322646562713264,-1.532116539879643,-0.9159204964188064,0.6586927117710708,-1.5746132081898772,2841312997.0,2511732594.0,-0.1159958101581865,57705869459.43488,-55194136865.43488,-0.9564735334979112,-355.33062360100837,155331776.09653753,-0.1159958101581865,0.9248762492488763,-1.0408720594070628,-0.1232934766694846,0.654861679552802,-0.7781551562222866,218.13250732421875,False,0.2970913324064442,0.0074760562759313,8.589443763709863,0.840132083053334,3.7430981204437,0.66
2018_sweden_wildfires,SWE_C16,2018-07,DNK_F,DNK,2018-07,0,-0.0470580839039066,-844120.669201393,682587760.8968055,-657887292.9078056,-0.963813491240236,,-455284684.79018587,0.0,-0.0470580839039066,1.0132226240544022,-1.0602807079583088,-0.0482013237628073,0.69973673222988,-0.7479380559926874,7980532005.518,8841593511.609,0.1078952512809463,180593616412.23312,-171752022900.6241,-0.9510414947811516,-1616.9681556643918,106218556.19046088,0.1078952512809463,1.00517530996356,-0.8972800586826135,0.1024620452887354,0.695731493321432,-0.5932694480326965,87.3196029663086,False,0.1084897755225635,0.0030804739887009,10.959932349881608,3.05647723922718,1.10061874801856,5.833
2018_sweden_wildfires,SWE_C16,2018-07,DNK_F,DNK,2018-08,1,-0.0711667976701,-1515530.1683573143,714285040.1682917,-685702991.7952917,-0.9599850945131572,,-474534276.3793983,0.0,-0.0711667976701,0.926597035562592,-0.997763833232692,-0.0738260991915957,0.6557552513543925,-0.7295813505459883,8833205973.543,8654454924.329,-0.0202362596037485,188835027887.52472,-180180572963.1957,-0.954169228976502,-1696.319168941755,106218556.19046088,-0.0202362596037485,0.9209064592856028,-0.9411427188893514,-0.0204438176082462,0.652797188835212,-0.6732410064434582,87.3196029663086,False,0.1084897755225635,0.0030804739887009,10.959932349881608,3.05647723922718,1.10061874801856,5.833
2018_sweden_wildfires,SWE_C16,2018-07,CHN_F,CHN,2018-07,0,-0.1014666045996101,-647684.4778094931,323543185.0577287,-306927660.0577287,-0.9486451090075184,-149.0379590277777,-105948922.55130416,2059392.5336868272,-0.1014666045996101,0.979038154203582,-1.080504758803192,-0.1069913993954863,0.6826109429455229,-0.7896023423410092,192120235041.0,214362761223.0,0.1157739900601998,4015710735791.5186,-3801347974568.5186,-0.9466189734951744,-660.1999530218291,5757873742.900478,0.1157739900601998,0.9973472085501396,-0.8815732184899397,0.1095483255818621,0.6918199043933271,-0.582271578811465,50.17359924316406,False,0.1360185363513897,2.265807610168254e-05,9.10283049555193,6.8912663621211,4.14602237470578,4.47
2018_sweden_wildfires,SWE_C16,2018-07,CHN_F,CHN,2018-08,1,-0.1196367486577925,-810656.1023173365,336420757.12503546,-319139575.12503546,-0.9486322361685392,-154.96782177494634,-110164375.93672349,2059392.5336868272,-0.1196367486577925,0.90755116319178,-1.0271879118495724,-0.1274206641433366,0.6458203032379899,-0.7732409673813265,198044338612.0,216905658340.0,0.0952378637036037,4193052321834.048,-3976146663494.048,-0.948270223767414,-690.5581541096973,5757873742.900478,0.0952378637036037,0.9165052732652392,-0.8212674095616356,0.0909715668042068,0.6505033573425507,-0.5595317905383439,50.17359924316406,False,0.1360185363513897,2.265807610168254e-05,9.10283049555193,6.8912663621211,4.14602237470578,4.47
2018_sweden_wildfires,SWE_C16,2018-07,CHN_F,CHN,2018-09,2,-0.6697360219998132,-5148377.103263343,347377489.6923282,-340022748.6923282,-0.9788278134932864,-165.1082749550434,-117373076.9657881,2059392.5336868272,-0.6697360219998132,0.8544664485452137,-1.5242024705450268,-1.107862919902059,0.6175970234099388,-1.725459943311998,197943516418.0,225348905583.0,0.1384505522632409,4355644958424.864,-4130296052841.864,-0.9482627928277024,-717.3300835112204,5757873742.900478,0.1384505522632409,0.8531060914167137,-0.7146555391534728,0.1296681732223099,0.6168631995317142,-0.4871950263094042,50.17359924316406,False,0.1360185363513897,2.265807610168254e-05,9.10283049555193,6.8912663621211,4.14602237470578,4.47
2018_sweden_wildfires,SWE_C16,2018-07,CHN_F,CHN,2018-10,3,-0.3106744572674288,-1448948.600647907,354663879.2596097,-345350414.2596097,-0.9737400238799546,-167.69528325003012,-119212143.62553778,2059392.5336868272,-0.3106744572674288,0.822473688512341,-1.13314814577977,-0.3720416003734392,0.6001947454471726,-0.9722363458206118,187903059471.0,214728559126.0,0.1427624421365002,4512642306095.18,-4297913746969.18,-0.9524162243402344,-746.4411237340094,5757873742.900478,0.1427624421365002,0.7996911891298993,-0.6569287469933991,0.1334485260599578,0.5876150885890681,-0.4541665625291102,50.17359924316406,False,0.1360185363513897,2.265807610168254e-05,9.10283049555193,6.8912663621211,4.14602237470578,4.47
2018_sweden_wildfires,SWE_C16,2018-07,CHN_F,CHN,2018-11,4,-0.4431142583281588,-2963394.5906772353,370658936.4997532,-359869982.4997532,-0.97089250268216,-174.74569641927172,-124224180.04696684,2059392.5336868272,-0.4431142583281588,0.760007104435411,-1.2031213627635695,-0.585395150674529,0.5653178436025179,-1.1507129942770469,215838590872.0,224275394791.0,0.0390884868406286,4700266118704.494,-4475990723913.494,-0.9522845325930576,-777.3686822210091,5757873742.900478,0.0390884868406286,0.7440189088766123,-0.7049304220359837,0.0383438738809509,0.5561921676736148,-0.5178482937926638,50.17359924316406,False,0.1360185363513897,2.265807610168254e-05,9.10283049555193,6.8912663621211,4.14602237470578,4.47
2018_sweden_wildfires,SWE_C16,2018-07,CHN_F,CHN,2018-12,5,-0.4531843839586752,-3227560.582730067,386859975.39413214,-375578137.39413214,-0.9708374121967358,-182.37326359620883,-129646506.8780365,2059392.5336868272,-0.4531843839586752,0.7057178459238428,-1.158902229882518,-0.6036435754071192,0.5339860443077775,-1.1376296197148967,231545275483.0,220817963030.0,-0.04632922192268,4881223608754.311,-4660405645724.311,-0.9547617604254044,-809.396984689121,5757873742.900478,-0.04632922192268,0.6972059198746292,-0.7435351417973093,-0.0474367634481005,0.528983322363981,-0.5764200858120816,50.17359924316406,False,0.1360185363513897,2.265807610168254e-05,9.10283049555193,6.8912663621211,4.14602237470578,4.47
2018_sweden_wildfires,SWE_C16,2018-07,CHN_F,CHN,2019-01,6,-0.2999747931408944,-1910613.6854311544,403435288.6349389,-390518894.6349389,-0.9679839757109404,-189.62819775587536,-134803934.30398548,2059392.5336868272,-0.5463210485017039,0.6576546100320347,-1.203975658533739,-0.7903654440864116,0.505403716151541,-1.2957691602379526,180273315341.0,218008454233.0,0.2093218223707777,5016054378106.125,-4798045923873.125,-0.9565378606769984,-833.3016905397011,5757873742.900478,0.0929421792285749,0.665984066054382,-0.573041886825807,0.0888733068144063,0.5104159795057299,-0.4215426726913236,50.17359924316406,False,0.1360185363513897,2.265807610168254e-05,9.10283049555193,6.8912663621211,4.14602237470578,4.47
2018_sweden_wildfires,SWE_C16,2018-07,CHN_F,CHN,2019-02,7,-0.2959948750334933,-1034157.4604920624,408078938.70251137,-400953398.70251137,-0.9825388195169892,-194.69498512005603,-138405839.92275104,2059392.5336868272,-0.02430334376371,0.6453414587914194,-0.6696448025551294,-0.0246035405041684,0.4979479348288613,-0.5225514753330298,118847737758.0,135352185462.0,0.1388705247179939,5136193734613.94,-5000841549151.94,-0.9736473753803656,-868.5222657613903,5757873742.900478,-0.2064035213038332,0.640429685205348,-0.8468332065091813,-0.2311801601466001,0.4949582106931345,-0.7261383708397346,50.17359924316406,False,0.1360185363513897,2.265807610168254e-05,9.10283049555193,6.8912663621211,4.14602237470578,4.47
2018_sweden_wildfires,SWE_C16,2018-07,CHN_F,CHN,2019-03,8,-0.3245331139913499,-2697238.912880633,432795054.0957905,-416531931.0957905,-0.9624230386967396,-202.25961019198908,-143783422.12465513,2059392.5336868272,-0.3231234642098464,0.5868589730653789,-0.9099824372752252,-0.3902663724189246,0.4617565723867294,-0.852022944805654,179247906398.0,198244457793.0,0.1059792093349211,5319983586404.041,-5121739128611.041,-0.9627358892046882,-889.5191797017435,5757873742.900478,0.1398582654718867,0.6049208594356464,-0.4650625939637597,0.1309039261428317,0.4730744466033094,-0.3421705204604777,50.17359924316406,False,0.1360185363513897,2.265807610168254e-05,9.10283049555193,6.8912663621211,4.14602237470578,4.47
2018_sweden_wildfires,SWE_C16,2018-07,CHN_F,CHN,2019-04,9,-0.3355414868820078,-2046190.195435681,441570638.8376069,-429832286.8376069,-0.9734168194903082,-208.71799805358117,-148374596.34508693,2059392.5336868272,-0.4873690571389055,0.5685648288581975,-1.055933885997103,-0.6681990608187718,0.4501610782621732,-1.118360139080945,177763440464.0,193607937320.0,0.0891324831171276,5510459589389.57,-5316851652069.57,-0.964865373898614,-923.4053905098748,5757873742.900478,-0.0267780290060952,0.5720495326729943,-0.5988275616790896,-0.0271430922959154,0.4523802028444699,-0.4795232951403854,50.17359924316406,False,0.1360185363513897,2.265807610168254e-05,9.10283049555193,6.8912663621211,4.14602237470578,4.47
2018_sweden_wildfires,SWE_C16,2018-07,CHN_F,CHN,2019-05,10,-0.2399411758909419,-1580196.7502185097,455956713.9051143,-441455876.9051143,-0.9681968999298084,-214.36218189778415,-152386964.743552,2059392.5336868272,-0.360323350674628,0.5409221957873713,-0.9012455464619992,-0.4467924408834989,0.4323810644463499,-0.8791735053298488,189088364555.0,213909622840.0,0.1312680362084376,5687745914091.387,-5473836291251.387,-0.9623911429816092,-950.6697325554744,5757873742.900478,0.0110844476191041,0.5445098228749944,-0.5334253752558903,0.0110234653522276,0.4347065932622911,-0.4236831279100634,50.17359924316406,False,0.1360185363513897,2.265807610168254e-05,9.10283049555193,6.8912663621211,4.14602237470578,4.47
2018_sweden_wildfires,SWE_C16,2018-07,USA_F,USA,2018-08,1,-0.6861686052189928,-4659053.717915761,64598075.71811257,-59559640.71811257,-0.922003326817562,-8.798512833416153,-25189507.15076495,6769284.974150303,-0.6861686052189928,0.7822696899917553,-1.4684382952107482,-1.1588992603974742,0.577887646672945,-1.7367869070704192,129131227632.0,140067275895.0,0.0846894160579476,2946653608137.7417,-2806586332242.7417,-0.9524656459421704,-1777.897482809626,1578598518.4069612,0.0846894160579476,0.9231699620990989,-0.8384805460411512,0.0812936935326007,0.6539748465275927,-0.572681152994992,44.04899978637695,False,0.0764725883011495,6.41585624386281e-05,10.996016348224313,2.45762229852507,1.68508382434676,4.355
2018_sweden_wildfires,SWE_C16,2018-07,USA_F,USA,2018-09,2,-0.4258110789549048,-846408.4947880219,58072071.31587172,-55373398.31587172,-0.9535289005738904,-8.18009561236153,-23419023.285270218,6769284.974150303,-0.4258110789549048,0.9540494965220098,-1.3798605754769149,-0.5547966482883187,0.669903867742093,-1.2247005160304116,130225414170.0,139113130990.0,0.0682487122551802,3067483100261.0547,-2928369969271.0547,-0.9546490961993692,-1855.0441642541336,1578598518.4069612,0.0682487122551802,0.8556895451535597,-0.7874408328983794,0.0660205900693817,0.6182563494421949,-0.5522357593728131,44.04899978637695,False,0.0764725883011495,6.41585624386281e-05,10.996016348224313,2.45762229852507,1.68508382434676,4.355
2018_sweden_wildfires,SWE_C16,2018-07,DEU_F,DEU,2018-07,0,-0.0405268560669945,-244361.8590325276,448176935.1209423,-430149034.5879424,-0.9597750372224418,-1842.2235776106124,-138037513.90082192,233494.47907178084,-0.0405268560669945,1.0036696400710023,-1.0441964961379968,-0.0413709513258169,0.6949803171299003,-0.7363512684557172,117560562552.016,130139907460.967,0.107003102365941,2507522524628.2544,-2377382617167.2876,-0.9481002040130186,-4077.351855327948,583070262.6413562,0.107003102365941,0.9997238050288736,-0.8927207026629324,0.1016564562203434,0.6930090735376488,-0.5913526173173054,40.1963005065918,False,0.0587583242987624,0.0002723751940152,10.72667422063125,2.797906720551,1.47661425586129,3.781
2018_sweden_wildfires,SWE_C16,2018-07,DEU_F,DEU,2018-08,1,-0.2681917690391481,-1487457.3478004937,465246838.5977738,-452598945.3927738,-0.9728146606151694,-1938.3710792306824,-145241830.60413086,233494.47907178084,-0.2681917690391481,0.9325058232209112,-1.2006975922600591,-0.3122367577006848,0.6588175127802316,-0.9710542704809164,120506620440.584,122183988191.786,0.0139192995793042,2612841786949.116,-2490657798757.33,-0.95323712717621,-4271.625494111885,583070262.6413562,0.0139192995793042,0.922262051966657,-0.9083427523873528,0.0138233157880236,0.6535026446287873,-0.6396793288407636,40.1963005065918,False,0.0587583242987624,0.0002723751940152,10.72667422063125,2.797906720551,1.47661425586129,3.781
2018_sweden_wildfires,SWE_C16,2018-07,DEU_F,DEU,2018-09,2,-0.0149582991814943,-95501.25316445352,487545921.00264513,-467948302.68764514,-0.9598035436852856,-2004.1086390902997,-150167535.30317584,233494.47907178084,-0.0149582991814943,0.8534552327160526,-0.8684135318975469,-0.0150713020865644,0.6170515887291472,-0.6321228908157117,132025239444.827,127790479291.791,-0.0320753832437144,2727011177082.9595,-2599220697791.1685,-0.9531389968747812,-4457.81728949181,583070262.6413562,-0.0320753832437144,0.8507998240100715,-0.882875207253786,-0.0326010699895178,0.6156178829618213,-0.6482189529513391,40.1963005065918,False,0.0587583242987624,0.0002723751940152,10.72667422063125,2.797906720551,1.47661425586129,3.781
2019_amazon_forest_fires,BRA_C16,2019-08,USA_F,USA,2019-08,0,-0.2005534550171679,-10597606.010019043,2721732091.4158926,-2612650408.4158926,-0.9599219617007736,-950.8097901305764,-1011804305.8832432,2747816.0569393095,-0.2005534550171679,0.9903647557679012,-1.1909182107850689,-0.2238356076641423,0.6883179159319006,-0.912153523596043,140067275895.0,138599626805.0,-0.0104781725825824,3273845388950.2017,-3135245762145.2017,-0.9576645777858668,,0.0,-0.0104781725825824,1.0016870907920885,-1.012165263374671,-0.0105334551454276,0.6939903703712211,-0.7045238255166488,253.13429260253903,False,0.0822434242528932,0.0003574208345976,11.042935826650728,2.96650506901305,2.3830537225445,3.896
2019_amazon_forest_fires,BRA_C16,2019-08,USA_F,USA,2019-09,1,-0.071769307182794,-3519710.979379251,2831033468.210356,-2713487171.210356,-0.958479368640489,-987.5068472497422,-1050855481.8301338,2747816.0569393095,-0.071769307182794,0.9170633554444548,-0.9888326626272488,-0.0744749850812453,0.6507945124602585,-0.7252694975415039,139113130990.0,134555474833.0,-0.0327622282998405,3410273932421.1665,-3275718457588.1665,-0.9605440860472252,,0.0,-0.0327622282998405,0.9245646853820144,-0.9573269136818549,-0.033310927817542,0.6546998047026555,-0.6880107325201976,253.13429260253903,False,0.0822434242528932,0.0003574208345976,11.042935826650728,2.96650506901305,2.3830537225445,3.896
2019_amazon_forest_fires,BRA_C16,2019-08,CHN_F,CHN,2019-09,1,-0.0671716062820348,-631094.1757551432,430509892.7083335,-406590297.7083335,-0.9444389190466168,,-148974996.61944363,0.0,-0.0671716062820348,0.9107365437783108,-0.9779081500603456,-0.0695340218064224,0.6474887906236617,-0.7170228124300841,225348905583.0,218139119124.0,-0.0319938827319687,5015709493080.126,-4797570373956.126,-0.9565088210501518,,0.0,-0.0319938827319687,0.9202436488569152,-0.952237531588884,-0.0325168722336144,0.652452078434635,-0.6849689506682495,35.58290100097656,False,0.1056631446035776,1.3597851972813628e-05,9.218969415946033,6.75671800166833,3.46789777292169,4.31
2019_amazon_forest_fires,BRA_C16,2019-08,MEX_F,MEX,2019-08,0,-0.1348561956819265,-781221.9016338106,454188097.5997475,-433941031.5997475,-0.9554214077669584,-2399.860503620119,-107413885.52778918,180819.27301406072,-0.1348561956819265,0.984963669489325,-1.1198198651712516,-0.1448595314407974,0.6856006092787688,-0.8304601407195662,39540465268.0,40046504409.0,0.0127980067399342,866262342562.2351,-826215838153.2351,-0.9537709277647344,-888.5691315274508,929827301.9376328,0.0127980067399342,0.9950655370312612,-0.982267530291327,0.0127168043367333,0.6906769004433428,-0.6779600961066095,32.02730178833008,False,0.0672575543507838,0.0004515490255679,9.2188831539051,1.97208209405635,5.20449997881845,3.275
2019_amazon_forest_fires,BRA_C16,2019-08,MEX_F,MEX,2019-09,1,-0.3444613723870789,-2179480.329997281,472839291.8787879,-456082880.8787879,-0.964562143443241,-2522.313430843859,-112894681.0521592,180819.27301406072,-0.3444613723870789,0.9107280760604786,-1.2551894484475574,-0.4222980284863347,0.6474843591520738,-1.0697823876384085,37700329544.0,37179581745.0,-0.0138128182246321,897891109648.3411,-860711527903.3411,-0.9585923266802794,-925.668160216135,929827301.9376328,-0.0138128182246321,0.927503091657238,-0.9413159098818702,-0.0139091028676041,0.6562254304256534,-0.6701345332932576,32.02730178833008,False,0.0672575543507838,0.0004515490255679,9.2188831539051,1.97208209405635,5.20449997881845,3.275
2019_amazon_forest_fires,BRA_C16,2019-08,MEX_F,MEX,2019-10,2,-0.4275267039809521,-3288146.225133511,494344855.24873734,-476557417.24873734,-0.9640181589610152,-2635.5454775646604,-117962764.83711186,180819.27301406072,-0.4275267039809521,0.8379108755589703,-1.2654375795399224,-0.5577891651145279,0.6086295311602008,-1.1664186962747287,41354568355.0,40761934344.0,-0.0143305572896482,939833170723.462,-899071236379.462,-0.9566285425820602,-966.9228194374598,929827301.9376328,-0.0143305572896482,0.8508913575439894,-0.8652219148336375,-0.0144342313891243,0.6156673379424475,-0.6301015693315719,32.02730178833008,False,0.0672575543507838,0.0004515490255679,9.2188831539051,1.97208209405635,5.20449997881845,3.275
2019_amazon_forest_fires,BRA_C16,2019-08,MEX_F,MEX,2019-11,3,-0.201540913849041,-1392846.1616358766,509847468.5732323,-487554757.5732323,-0.9562757248508374,-2696.3649916639115,-120684948.19546044,180819.27301406072,-0.201540913849041,0.7922482745748485,-0.9937891884238896,-0.2250715419824089,0.5834708494819374,-0.8085423914643464,38595371788.0,37479822711.0,-0.0289037007630755,972952336693.5754,-935472513982.5754,-0.9614782540752518,-1006.0712478899889,929827301.9376328,-0.0289037007630755,0.7987907737057782,-0.8276944744688538,-0.0293296402863489,0.5871146467620001,-0.6164442870483491,32.02730178833008,False,0.0672575543507838,0.0004515490255679,9.2188831539051,1.97208209405635,5.20449997881845,3.275
2019_amazon_forest_fires,BRA_C16,2019-08,MEX_F,MEX,2019-12,4,-0.1494152620564166,-826837.9163435259,524485903.3977273,-505470160.3977273,-0.9637440341545652,-2795.444047374426,-125119566.92943972,180819.27301406072,-0.1494152620564166,0.7534759413316523,-0.9028912033880688,-0.1618312311611838,0.5616000686976292,-0.723431299858813,37597346097.0,38652532096.0,0.0280654383497615,1007786885053.1852,-969134352957.1852,-0.9616461251190422,-1042.273496312317,929827301.9376328,0.0280654383497615,0.7504596788712751,-0.7223942405215136,0.0276788209885516,0.559878427082726,-0.5321996060941743,32.02730178833008,False,0.0672575543507838,0.0004515490255679,9.2188831539051,1.97208209405635,5.20449997881845,3.275
2019_amazon_forest_fires,BRA_C16,2019-08,MEX_F,MEX,2020-01,5,-0.0527222682420612,-279753.6684713115,546429196.2222221,-526122965.2222221,-0.962838312556524,-2909.6619870897844,-130231777.6947315,180819.27301406072,-0.202434389525576,0.701977842753808,-0.904412232279384,-0.2261911675507022,0.5317910104232624,-0.7579821779739646,30718514028.0,33576688601.0,0.0930440375597194,1038550936970.7988,-1004974248369.7988,-0.9676696756935822,-1080.8181758866083,929827301.9376328,0.0288101191335515,0.7123928668962902,-0.6835827477627386,0.0284029103127529,0.5378917297200125,-0.5094888194072595,32.02730178833008,False,0.0672575543507838,0.0004515490255679,9.2188831539051,1.97208209405635,5.20449997881845,3.275
2019_amazon_forest_fires,BRA_C16,2019-08,MEX_F,MEX,2020-02,6,-0.1208432828208257,-571510.3657963965,560971933.546717,-544174683.546717,-0.9700568798624198,-3009.4949198496192,-134700138.749548,180819.27301406072,-0.1555782983484429,0.6715584872879594,-0.8271367856364024,-0.1691032533992178,0.5137564159678831,-0.682859669367101,35092670439.0,36431348594.0,0.0381469445970765,1078514614265.4122,-1042083265671.4122,-0.966220811371375,-1120.7277561111116,929827301.9376328,-4.264546336571061e-05,0.668352909080939,-0.6683955545443048,-4.2646372708787794e-05,0.5118368577444627,-0.5118795041171715,32.02730178833008,False,0.0672575543507838,0.0004515490255679,9.2188831539051,1.97208209405635,5.20449997881845,3.275
2019_amazon_forest_fires,BRA_C16,2019-08,GBR_F,GBR,2019-08,0,-0.3917633157896313,-2201884.863387587,369440942.82733166,-363795916.16133165,-0.9847200837492492,-115.4573924763649,-220310537.9066882,3150910.551143823,-0.3917633157896313,1.0334803208688454,-1.4252436366584766,-0.4971911201265744,0.7097487660529112,-1.2069398861794856,40506368323.504,33672165283.534,-0.1687192242313271,984950595991.5977,-951278430708.0636,-0.965813345947941,,0.0,-0.1687192242313271,1.0078154107058543,-1.1765346349371817,-0.1847876642113028,0.6970472706636031,-0.8818349348749059,30.067699432373047,False,0.2054563304322992,0.0001233161001211,10.685194855854348,1.55133095078786,1.96276612181809,4.12
2019_amazon_forest_fires,BRA_C16,2019-08,SAU_F,SAU,2019-08,0,-0.3635590244903853,-1641468.4606888597,82441874.81898269,-79029114.10398269,-0.9586040380268718,,-66542179.36584606,0.0,-0.3635590244903853,0.9886588360363648,-1.35221786052675,-0.4518634916546276,0.6874604477961235,-1.139323939450751,24682098537.795,20438092406.381,-0.17194672993122,534726618017.2377,-514288525610.8567,-0.9617784271107256,,0.0,-0.17194672993122,1.0050412082603866,-1.1769879381916066,-0.1886777908260661,0.695664613293772,-0.8843424041198382,28.57379913330078,False,0.0715291979380669,0.0004278903031683,10.287424786458311,3.2269508901591,15.8625882829175,6.029
2019_amazon_forest_fires,BRA_C16,2019-08,SAU_F,SAU,2019-09,1,-0.1649364667049412,-651446.8615393692,86262433.8496042,-82345268.3476042,-0.9545901346949072,,-69334367.1941638,0.0,-0.1649364667049412,0.9052331496754872,-1.0701696163804284,-0.1802474271412304,0.6446043788769806,-0.8248518060182111,25938590610.857,20621289002.601,-0.2049957797641618,557045252614.3075,-536423963611.7065,-0.9629809447153138,,0.0,-0.2049957797641618,0.9274273916445372,-1.132423171408699,-0.2294078558592005,0.6561861560396416,-0.8855940118988421,28.57379913330078,False,0.0715291979380669,0.0004278903031683,10.287424786458311,3.2269508901591,15.8625882829175,6.029
2019_amazon_forest_fires,BRA_C16,2019-08,SAU_F,SAU,2019-10,2,-0.5953022095698723,-2649788.4414647887,89923279.96035074,-87783866.94735074,-0.9762084633262564,,-73913644.181212,0.0,-0.5953022095698723,0.8375156627317035,-1.432817872301576,-0.904614408632744,0.6084144666904763,-1.5130288753232204,28240005932.934,20469817415.988,-0.2751482607829153,580982763658.1194,-560512946242.1313,-0.9647669110059288,,0.0,-0.2751482607829153,0.8564879451178904,-1.1316362059008056,-0.3217881426581179,0.6186865012743787,-0.9404746439324968,28.57379913330078,False,0.0715291979380669,0.0004278903031683,10.287424786458311,3.2269508901591,15.8625882829175,6.029
2019_amazon_forest_fires,BRA_C16,2019-08,SAU_F,SAU,2019-11,3,-0.609209131380013,-2910462.7379491064,93480086.19159728,-91262757.17959727,-0.9762801993201488,,-76842855.02272102,0.0,-0.609209131380013,0.7807688352877211,-1.389977966667734,-0.9395824502024156,0.5770451926337863,-1.5166276428362018,25028463052.291,21555677246.708,-0.1387534583457019,602163795600.5712,-580608118353.8632,-0.9642029670262569,,0.0,-0.1387534583457019,0.8021935304220346,-0.9409469887677364,-0.1493744721516314,0.5890045509886015,-0.738379023140233,28.57379913330078,False,0.0715291979380669,0.0004278903031683,10.287424786458311,3.2269508901591,15.8625882829175,6.029
2019_amazon_forest_fires,BRA_C16,2019-08,SAU_F,SAU,2019-12,4,-0.5265872317161326,-3642225.16906209,98113463.7573438,-94224565.9873438,-0.9603632608505384,,-79336685.49478093,0.0,-0.5265872317161326,0.7174439902093983,-1.244031221925531,-0.7477874754093552,0.5408371260384257,-1.288624601447781,24102161159.703,22890330714.942,-0.0502789121992548,624487448037.0504,-601597117322.1084,-0.9633454110456612,,0.0,-0.0502789121992548,0.7519542450169585,-0.8022331572162134,-0.0515869292805497,0.5607318763140725,-0.6123188055946223,28.57379913330078,False,0.0715291979380669,0.0004278903031683,10.287424786458311,3.2269508901591,15.8625882829175,6.029
2019_amazon_forest_fires,BRA_C16,2019-08,SAU_F,SAU,2020-01,5,-0.5130742065860532,-2792352.6164695346,100710977.90059032,-97563643.04659031,-0.9687488402991512,,-82148174.23677059,0.0,-0.5290906145939102,0.6862415262507938,-1.215332140844704,-0.7530894230399792,0.5225020965098501,-1.2755915195498293,22463607332.484,21939922870.969,-0.0233125719197251,646263734037.9584,-624323811166.9894,-0.9660511309618368,,0.0,-0.0063947609587867,0.7086608824484385,-0.7150556434072253,-0.006415295029484,0.5357099540436323,-0.5421252490731163,28.57379913330078,False,0.0715291979380669,0.0004278903031683,10.287424786458311,3.2269508901591,15.8625882829175,6.029
2019_amazon_forest_fires,BRA_C16,2019-08,JPN_F,JPN,2019-09,1,-0.9205768017713774,-8226680.729982399,209500706.1956964,-207977878.30069637,-0.9927311562683826,-31.431369129913985,-96934485.0692434,6616888.92523485,-0.9205768017713774,0.8826342726284961,-1.8032110743998735,-2.5329641797581637,0.6326720006967257,-3.16563618045489,60000355244.821,59256246017.401,-0.0124017470293932,1566362638837.6196,-1507106392820.2188,-0.9621695228498464,-1493.833585596443,1008885064.1408468,-0.0124017470293932,0.9242300797181794,-0.9366318267475726,-0.012479290477021,0.6545259291464305,-0.6670052196234515,27.69820022583008,False,0.0772424109817655,9.193103430261748e-05,10.590418781492266,0.643391023533141,-0.0002375064599675,2.467
2019_amazon_forest_fires,BRA_C16,2019-08,CAN_F,CAN,2019-08,0,-0.1850756510951677,-570341.8137823205,96468413.18827245,-92729635.87427244,-0.9612435076888514,-388.4087126117395,-62286248.81054424,238742.41968142125,-0.1850756510951677,0.9856761398466392,-1.1707517909418068,-0.2046599439776493,0.6859594705300367,-0.890619414507686,38631346234.634,37032986554.613,-0.0413746823709713,880019801948.7306,-842986815394.1176,-0.9579180076714108,-1366.5758727941593,616860601.8709453,-0.0413746823709713,1.0009814179164735,-1.0423561002874449,-0.0422549815579067,0.6936377691587765,-0.7358927507166833,14.041899681091309,False,0.0545957447405731,0.0001134667078806,10.748071221916598,2.74296344906655,1.65111818043586,5.837
2019_amazon_forest_fires,BRA_C16,2019-08,CAN_F,CAN,2019-09,1,-0.135661233393838,-292468.5712628921,100225646.62042248,-97451471.88342248,-0.972320710012414,-408.1866641607389,-65457893.4496677,238742.41968142125,-0.135661233393838,0.9149184196366086,-1.0505796530304463,-0.1457904471448508,0.6496750118846322,-0.795465459029483,37275687326.339,37083018734.197,-0.005168746868575,916139904891.8698,-879056886157.6727,-0.9595225374026536,-1425.0494900978974,616860601.8709453,-0.005168746868575,0.9250106811959452,-0.9301794280645204,-0.0051821510490235,0.6549315163965623,-0.6601136674455859,14.041899681091309,False,0.0545957447405731,0.0001134667078806,10.748071221916598,2.74296344906655,1.65111818043586,5.837
2019_amazon_forest_fires,BRA_C16,2019-08,CAN_F,CAN,2019-10,2,-0.0524044663244431,-154513.85428816988,104269093.52777222,-100109522.8637722,-0.9601073479852196,-419.32021547473096,-67243299.19565433,238742.41968142125,-0.0524044663244431,0.8493058186453415,-0.9017102849697846,-0.0538275074115279,0.6148103273626475,-0.6686378347741755,39726846521.129,38497777400.525,-0.0309379985635232,954559692674.0664,-916061915273.5413,-0.9596695966779418,-1485.038779418097,616860601.8709453,-0.0309379985635232,0.8559141108846822,-0.8868521094482054,-0.0314266841669557,0.6183773568293276,-0.6498040409962833,14.041899681091309,False,0.0545957447405731,0.0001134667078806,10.748071221916598,2.74296344906655,1.65111818043586,5.837
2019_amazon_forest_fires,BRA_C16,2019-08,CAN_F,CAN,2019-11,3,-0.1029085559424805,-308356.41359323455,108303161.58792226,-104301276.67792226,-0.9630492328079342,-436.8778569686203,-70058889.03981909,238742.41968142125,-0.1029085559424805,0.7925972213892436,-0.8955057773317242,-0.1085974520815309,0.5836655225765526,-0.6922629746580835,37155791628.717,36237501930.782,-0.0247145776656061,990058499532.9298,-953820997602.1478,-0.9633986254874056,-1546.2504732985017,616860601.8709453,-0.0247145776656061,0.8006538019470374,-0.8253683796126435,-0.025025109968066,0.5881498222556054,-0.6131749322236715,14.041899681091309,False,0.0545957447405731,0.0001134667078806,10.748071221916598,2.74296344906655,1.65111818043586,5.837
2019_amazon_forest_fires,BRA_C16,2019-08,CAN_F,CAN,2019-12,4,-0.0491901438253335,-126097.21311359724,111488820.80967216,-107860151.01967214,-0.9674526130633788,-451.78461022386017,-72449375.43228422,238742.41968142125,-0.0491901438253335,0.7528984293965681,-0.8020885732219017,-0.0504411638025832,0.5612706564899632,-0.6117118202925464,34880599193.683,37797052187.291,0.0836124682782451,1025389376174.7625,-987592323987.4712,-0.9631388299259608,-1600.9975689679195,616860601.8709453,0.0836124682782451,0.7523121115189171,-0.668699643240672,0.0803003375079818,0.5609361224915084,-0.4806357849835265,14.041899681091309,False,0.0545957447405731,0.0001134667078806,10.748071221916598,2.74296344906655,1.65111818043586,5.837
2019_amazon_forest_fires,BRA_C16,2019-08,CAN_F,CAN,2020-01,5,-0.0493581357432553,-127441.09139528497,115283844.40292203,-111629629.80692203,-0.9683024571662586,-467.57350434782813,-74981324.26843679,238742.41968142125,0.1882171487749285,0.710504217125584,-0.5222870683506554,0.1724539378945095,0.5367881847038234,-0.3643342468093138,36420094679.571,35503230570.945,-0.0251746766913347,1063350660150.7366,-1027847429579.7916,-0.966611925960612,-1666.255595611583,616860601.8709453,0.0381766414573285,0.706480639383319,-0.6683039979259904,0.0374659450789138,0.5344331440803316,-0.4969671990014177,14.041899681091309,False,0.0545957447405731,0.0001134667078806,10.748071221916598,2.74296344906655,1.65111818043586,5.837
2019_amazon_forest_fires,BRA_C16,2019-08,CAN_F,CAN,2020-02,6,-0.0992442516024993,-186202.88327633555,118892420.26517192,-116376398.11017191,-0.9788378254106664,-487.4558876695018,-78169715.86293304,238742.41968142125,-0.2476640862570431,0.6743959622075313,-0.9220600484645745,-0.2845722625284068,0.515452474988237,-0.8000247375166438,33602352471.554,33434719098.737,-0.0049887391949391,1096146913271.3766,-1062712194172.6396,-0.9694979580803148,-1722.7752768606413,616860601.8709453,0.0326031749926738,0.6711563994827173,-0.6385532244900435,0.0320829682133485,0.5135158415719303,-0.4814328733585817,14.041899681091309,False,0.0545957447405731,0.0001134667078806,10.748071221916598,2.74296344906655,1.65111818043586,5.837
2019_amazon_forest_fires,BRA_C16,2019-08,BEL_F,BEL,2019-08,0,-0.2840023715384795,-868826.2042863576,171247712.17139122,-167318431.66439122,-0.977054989773718,-124.46985545194794,-93272427.46264715,1344248.621940315,-0.2840023715384795,1.0191049755879824,-1.303107347126462,-0.3340783519531065,0.7026543258804061,-1.0367326778335126,24296852598.545,22440094316.292,-0.0764197039399329,649219468456.1577,-626779374139.8657,-0.9654352720357348,,0.0,-0.0764197039399329,1.009644897377135,-1.086064601317068,-0.0794975355717078,0.6979580384902313,-0.7774555740619391,14.038100242614746,False,0.0423510753143208,0.0003717317778207,10.768236749513736,1.87796847383565,1.71728236623039,5.941
2019_amazon_forest_fires,BRA_C16,2019-08,PER_F,PER,2019-08,0,-0.2591771935700287,-1009278.1442401622,65680197.78802777,-60955953.46802777,-0.9280720144106944,-186.81343254290783,-37223071.70188517,326293.20407153934,-0.2591771935700287,0.9421017682788514,-1.2012789618488802,-0.2999937550454099,0.6637707580034373,-0.9637645130488472,3979085538.82,3710050741.4,-0.0676122176302303,101496307783.72096,-97786257042.32095,-0.9634464462558996,-971.1826153223412,100687816.5852105,-0.0676122176302303,1.0002145906446125,-1.0678268082748426,-0.070006475309686,0.6932544701166634,-0.7632609454263495,12.755000114440918,False,0.0832581201664002,0.0009639661330501,8.85073130133554,3.969351341365,2.27741531762133,3.492
2015_samarco_dam_collapse,BRA_C24A,2015-11,USA_C25,USA,2015-11,0,-0.2834861347469779,-31945010.617521293,9416063279.055555,-9160222913.055555,-0.9728293705747418,,-2890898127.266036,0.0,-0.2834861347469779,1.0128113105274688,-1.296297445274447,-0.3333576794280866,0.6995324067008468,-1.0328900861289334,3203321668.0,2785018055.0,-0.130584329753299,75939879120.73032,-73154861065.73032,-0.9633260141147664,-592.2466777038825,123520931.09132987,-0.130584329753299,0.9974872132681056,-1.1280715430214048,-0.1399339363346854,0.691889997257011,-0.8318239335916964,801.24267578125,False,0.0862475731226565,0.0038030721305095,10.914623278788484,2.52381981363968,1.63535305156384,6.168
2015_samarco_dam_collapse,BRA_C24A,2015-11,USA_C25,USA,2015-12,1,-0.5529928621026623,-76221976.62599416,9884147999.916668,-9688917172.916668,-0.980248087442474,,-3057750098.035268,0.0,-0.5529928621026623,0.9206877864734976,-1.47368064857616,-0.805180713213133,0.6526833439219288,-1.4578640571350618,3175953708.0,2653474555.0,-0.1645109472735425,79066885140.10591,-76413410585.10591,-0.9664401278702448,-618.6272230137803,123520931.09132987,-0.1645109472735425,0.9216779910951584,-1.0861889383687011,-0.1797380336318639,0.6531987580482586,-0.8329367916801225,801.24267578125,False,0.0862475731226565,0.0038030721305095,10.914623278788484,2.52381981363968,1.63535305156384,6.168
2015_samarco_dam_collapse,BRA_C24A,2015-11,USA_C25,USA,2016-01,2,-0.3476852049834363,-38197906.76235479,10342299887.77778,-10115217298.77778,-0.9780433180758604,,-3192287242.731682,0.0,-0.5973003888374381,0.84542152950044,-1.442721918337878,-0.909564374070829,0.6127077225891107,-1.5222720966599397,2732710742.0,2728407399.0,-0.0015747524733812,81795791022.02702,-79067383623.02702,-0.9666436699870624,-640.1132417352453,123520931.09132987,-0.0239879798371545,0.8643503148520689,-0.8883382946892234,-0.0242803768954686,0.6229126357472552,-0.6471930126427239,801.24267578125,False,0.0862475731226565,0.0038030721305095,10.914623278788484,2.52381981363968,1.63535305156384,6.168
2015_samarco_dam_collapse,BRA_C24A,2015-11,USA_C25,USA,2016-02,3,-0.4747407184217904,-56102347.69877074,10637941066.13889,-10441255929.13889,-0.981510977004182,,-3295182606.1822767,0.0,-0.4124658431878178,0.8030581706830954,-1.2155240138709131,-0.5318208933019797,0.5894842068992823,-1.121305100201262,3106635993.0,2956964577.0,-0.0481779701056853,85148462038.17538,-82191497461.17538,-0.9652728363352672,-665.4054234776128,123520931.09132987,0.056528343975849,0.8029886793862073,-0.7464603354103583,0.0549883858784703,0.5894456654267621,-0.5344572795482918,801.24267578125,False,0.0862475731226565,0.0038030721305095,10.914623278788484,2.52381981363968,1.63535305156384,6.168
2015_samarco_dam_collapse,BRA_C24A,2015-11,USA_C25,USA,2016-03,4,-0.0330044760941915,-3073713.6615287517,10981547654.000002,-10696190817.000002,-0.9740148796881049,,-3375638158.0708747,0.0,-0.0712553179326559,0.7588627881569757,-0.8301181060896317,-0.0739214086201158,0.5646674570479142,-0.6385888656680301,3246769820.0,2967640300.0,-0.0859714533135582,88527726942.82373,-85560086642.82373,-0.9664778436939122,-692.6768272136942,123520931.09132987,-0.0392955870079105,0.7493678546934012,-0.7886634417013116,-0.0400885000464299,0.5592544967796869,-0.5993429968261168,801.24267578125,False,0.0862475731226565,0.0038030721305095,10.914623278788484,2.52381981363968,1.63535305156384,6.168
2015_samarco_dam_collapse,BRA_C24A,2015-11,USA_C25,USA,2016-04,5,-0.3347602633702675,-32393425.029112037,11366790694.361113,-11162816885.361113,-0.9820552859215408,,-3522901869.878154,0.0,-0.250458611032736,0.7147602481275342,-0.9652188591602704,-0.2882937396318503,0.5392732737723271,-0.8275670134041775,3105682045.0,2942739316.0,-0.0524660047741622,91624866097.47208,-88682126781.47208,-0.9678827436116582,-717.9522207123066,123520931.09132987,-0.0495842385949158,0.706150346421909,-0.7557345850168249,-0.050855746524423,0.5342395732103355,-0.5850953197347586,801.24267578125,False,0.0862475731226565,0.0038030721305095,10.914623278788484,2.52381981363968,1.63535305156384,6.168
2015_samarco_dam_collapse,BRA_C24A,2015-11,USA_C25,USA,2016-05,6,-0.2326730582554067,-27659389.04975736,11809848691.722223,-11520813857.722223,-0.9755259494389128,,-3635883048.042565,0.0,-0.0172324321147646,0.6699798582177864,-0.687212290332551,-0.0173826385297672,0.5128115653517682,-0.5301942038815355,3207781075.0,2992615882.0,-0.0670760217013874,94797200375.12044,-91804584493.12044,-0.968431389638534,-743.2309947958638,123520931.09132987,-0.0060094616529181,0.6667632004914643,-0.6727726621443825,-0.0060275911343694,0.5108835423765221,-0.5169111335108916,801.24267578125,False,0.0862475731226565,0.0038030721305095,10.914623278788484,2.52381981363968,1.63535305156384,6.168
2015_samarco_dam_collapse,BRA_C24A,2015-11,USA_C25,USA,2016-06,7,-0.3959593466410732,-48380776.600506544,12172131838.083334,-11938268761.083334,-0.9807870075586672,,-3767628706.395992,0.0,0.0923161363064249,0.6373301364062568,-0.5450140000998318,0.088300337142428,0.4930669496018574,-0.4047666124594293,3114034626.0,2992278700.0,-0.0390990918930135,98011311483.26878,-95019032783.26878,-0.96947006774304,-769.2545056433623,123520931.09132987,-0.0662409182584333,0.6310986675642435,-0.6973395858226769,-0.0685368164648849,0.4892538169371043,-0.5577906334019893,801.24267578125,False,0.0862475731226565,0.0038030721305095,10.914623278788484,2.52381981363968,1.63535305156384,6.168
2015_samarco_dam_collapse,BRA_C24A,2015-11,USA_C25,USA,2016-07,8,-0.1141877609351376,-13718261.950644974,12588304970.444448,-12251099613.444448,-0.9732128068241348,,-3866355793.4795218,0.0,0.3026982349835807,0.6035429646969276,-0.3008447297133468,0.2644376779318627,0.4722155340671641,-0.2077778561353014,3111564223.0,2741027410.0,-0.1190837747333232,101055349660.41711,-98314322250.41711,-0.9728759791618072,-795.9324899981908,123520931.09132987,-0.076153162806992,0.6006695242695347,-0.6768226870765267,-0.0792089816661061,0.4704219943813505,-0.5496309760474567,801.24267578125,False,0.0862475731226565,0.0038030721305095,10.914623278788484,2.52381981363968,1.63535305156384,6.168
2015_samarco_dam_collapse,BRA_C24A,2015-11,USA_C25,USA,2016-08,9,-0.110586379196599,-11459444.86746747,13002306506.305555,-12710268771.305555,-0.9775395438602856,,-4011266159.871056,0.0,-0.153748245406358,0.5733084078032489,-0.727056653209607,-0.1669383808562763,0.4531806682618331,-0.6201190491181094,3252495825.0,2810568861.0,-0.1358731840954784,104273535720.06548,-101462966859.06548,-0.9730461920026832,-821.4232678026448,123520931.09132987,-0.0421626132624586,0.5715357393692925,-0.6136983526317512,-0.0430772578493083,0.4520533191926716,-0.49513057704198,801.24267578125,False,0.0862475731226565,0.0038030721305095,10.914623278788484,2.52381981363968,1.63535305156384,6.168
2015_samarco_dam_collapse,BRA_C24A,2015-11,USA_C25,USA,2016-09,10,-0.0549559268682171,-6737151.771385223,13382728096.166668,-13015625791.166668,-0.9725689483966165,,-4107634561.081673,0.0,0.4581817316469438,0.5480792929139985,-0.0898975612670546,0.3771902690475279,0.437014996627397,-0.0598247275798691,3149165731.0,3114926772.0,-0.010872390316888,107524191532.21384,-104409264760.21384,-0.9710304562386152,-845.2758883675747,123520931.09132987,-0.0298600816461728,0.5448430363595984,-0.5747031180057713,-0.0303149721519417,0.4349223105943061,-0.4652372827462478,801.24267578125,False,0.0862475731226565,0.0038030721305095,10.914623278788484,2.52381981363968,1.63535305156384,6.168
2015_samarco_dam_collapse,BRA_C24A,2015-11,USA_C25,USA,2016-10,11,-0.6122395369423074,-95146198.40357082,13889828370.52778,-13698884004.52778,-0.9862529355362548,,-4323265764.404202,0.0,-0.4809761405968747,0.5177103787301025,-0.9986865193269772,-0.6558054224789913,0.4172028693827876,-1.073008291861779,3381290826.0,2971746131.0,-0.1211208133446726,111126342385.8622,-108154596254.8622,-0.973257950660508,-875.5973202217364,123520931.09132987,-0.2290894363995406,0.5180329945043732,-0.747122430903914,-0.2601829125885118,0.41741541424269,-0.6775983268312018,801.24267578125,False,0.0862475731226565,0.0038030721305095,10.914623278788484,2.52381981363968,1.63535305156384,6.168
2015_samarco_dam_collapse,BRA_C24A,2015-11,DEU_C24A,DEU,2015-11,0,-0.1616027565460621,-2551315.779266785,770102971.2557613,-718589443.4507613,-0.933108259898024,-39.116859566931595,-184639592.2587033,18370325.517088257,-0.1616027565460621,0.9877201896170232,-1.1493229461630854,-0.1762632501487289,0.6869883473560066,-0.8632515975047355,5190941257.042,4281526104.888,-0.175192726544592,145208356412.8597,-140926830307.9717,-0.9705146025293844,,0.0,-0.175192726544592,1.0054669047980231,-1.1806596313426152,-0.1926055278299614,0.695876903864999,-0.8884824316949604,128.0518035888672,False,0.067887398600968,0.0028993727828373,10.79877115404584,2.18018602168017,1.89470416699187,4.979
2015_samarco_dam_collapse,BRA_C24A,2015-11,DEU_C24A,DEU,2015-12,1,-0.6155729441686466,-9302026.513705786,805606640.5010805,-782998335.9050806,-0.971936298114502,-42.62299735389707,-201189281.02603495,18370325.517088257,-0.6155729441686466,0.9048048981207728,-1.5203778422894194,-0.9560011925582614,0.6443795865260533,-1.6003807790843148,4467763768.156,3443786525.7590003,-0.2291923421948583,150624056378.4803,-147180269852.72128,-0.9771365437330566,,0.0,-0.2291923421948583,0.9354955606675052,-1.1646879028623636,-0.2603164075451936,0.6603633973907179,-0.9206798049359116,128.0518035888672,False,0.067887398600968,0.0028993727828373,10.79877115404584,2.18018602168017,1.89470416699187,4.979
2015_samarco_dam_collapse,BRA_C24A,2015-11,JPN_C24A,JPN,2015-11,0,-0.2596903090008742,-9269437.62102995,1936110645.3189423,-1877720689.7639425,-0.9698416225869254,-351.3040756088271,-849774949.7542052,5345001.1546543,-0.2596903090008742,0.9922690342234148,-1.251959343224289,-0.3006866745335017,0.689274206871552,-0.9899608814050538,4123355361.86,3271333226.5160003,-0.2066332053804991,121155616531.98969,-117884283305.47368,-0.9729989139574702,-3662.910751180032,32183225.667591397,-0.2066332053804991,1.010499255560716,-1.217132460941215,-0.2314696237192244,0.6983830770710888,-0.9298527007903132,119.8240966796875,False,0.1363900231317144,0.0018141608068988,10.557800221758049,0.296205514141889,1.68629478626745,3.589
2015_samarco_dam_collapse,BRA_C24A,2015-11,ARG_F,ARG,2015-12,1,-0.1741700377555653,-2930557.5998182516,1839598604.7372549,-1782738920.5772548,-0.9690912550087952,-214.9656621330762,-435663077.0585939,8293133.437626127,-0.1741700377555653,0.9287408635260848,-1.1029109012816505,-0.1913663804363672,0.6568673871868427,-0.8482337676232099,4506539121.38,3425171202.13,-0.2399552938794552,158508572220.68332,-155083401018.5533,-0.9783912557274108,-695.5776600176663,222956270.6407427,-0.2399552938794552,0.932630464042164,-1.1725857579216192,-0.2743780235189383,0.6588820096952972,-0.9332600332142356,95.72689819335938,False,0.0901860094691751,0.0040689029401199,9.411986043878551,-2.51261532081394,40.2829716315506,7.268
2015_samarco_dam_collapse,BRA_C24A,2015-11,ARG_F,ARG,2016-01,2,-0.1697498894063727,-3375281.454678245,1925356462.739056,-1857803184.899056,-0.9649138852221176,-224.01703757353795,-454007169.9563842,8293133.437626127,-0.1646956344603306,0.8521234879603035,-1.016819122420634,-0.1799591084824179,0.6163328117228275,-0.7962919202052454,4275126148.15,3875355523.0,-0.0935108371768152,164264567259.46515,-160389211736.46515,-0.9764078426184348,-719.3751997893163,222956270.6407427,0.0189486957549368,0.8714702437931853,-0.8525215480382484,0.0187714053283052,0.6267243485743137,-0.6079529432460085,95.72689819335938,False,0.0901860094691751,0.0040689029401199,9.411986043878551,-2.51261532081394,40.2829716315506,7.268
2015_samarco_dam_collapse,BRA_C24A,2015-11,ARG_F,ARG,2016-02,3,-0.2307210861062627,-4304918.407446876,1986437031.606939,-1927701830.906939,-0.9704318839382058,-232.44553405603168,-471088896.75918674,8293133.437626127,-0.0092800423856873,0.8048336329871318,-0.8141136753728192,-0.0093233700855996,0.5904684170415244,-0.5997917871271241,4647254341.45,4143480606.19,-0.1084024454540218,170670794349.7011,-166527313743.5111,-0.9757223804929384,-746.9057195159245,222956270.6407427,0.0701933697028459,0.8121913969170566,-0.7419980272142106,0.0678393514775521,0.594536829475512,-0.5266974779979599,95.72689819335938,False,0.0901860094691751,0.0040689029401199,9.411986043878551,-2.51261532081394,40.2829716315506,7.268
2015_samarco_dam_collapse,BRA_C24A,2015-11,KOR_C24A,KOR,2015-11,0,-0.3778612134670845,-5255319.483260969,792814078.6636186,-762648034.6636186,-0.9619506706404,-73.63593467376515,-218755953.37953025,10357008.95279507,-0.3778612134670845,0.9589465952994408,-1.3368078087665254,-0.4745920691324521,0.6724068761762787,-1.1469989453087308,3363426616.0,2514588805.0,-0.2523729243748126,86773306487.54858,-84258717682.54858,-0.9710211710630062,,0.0,-0.2523729243748126,1.0043435403827756,-1.2567164647575884,-0.2908509872290636,0.6953165958557719,-0.9861675830848357,76.6458969116211,False,0.0965438303383067,0.0013945258089013,10.330978019982323,3.21468019683108,1.05128607800876,3.082
2015_samarco_dam_collapse,BRA_C24A,2015-11,KOR_C24A,KOR,2015-12,1,-0.5909899149622763,-7469117.939349432,820771617.6000803,-802750258.6000803,-0.978043394028787,-77.50792359636228,-230258769.6606073,10357008.95279507,-0.5909899149622763,0.8969832956629362,-1.4879732106252126,-0.8940154326555323,0.6402648841612297,-1.534280316816762,3627083790.0,2733972332.0,-0.2462340297906379,90584340008.5833,-87850367676.5833,-0.9698184881433044,,0.0,-0.2462340297906379,0.9230847489608148,-1.1693187787514527,-0.2826733434010222,0.6539305368478168,-0.936603880248839,76.6458969116211,False,0.0965438303383067,0.0013945258089013,10.330978019982323,3.21468019683108,1.05128607800876,3.082
2015_samarco_dam_collapse,BRA_C24A,2015-11,TUR_F,TUR,2015-11,0,-0.3086047865049849,-3459422.9005905464,-48041642.65818879,70915829.65818879,,5.832844152884882,24028401.925728496,12158018.935430383,-0.3086047865049849,,,-0.3690436609444276,,,13782563867.0,12311852097.0,-0.106708141111638,348785182640.90985,-336473330543.90985,-0.964700759350561,,0.0,-0.106708141111638,0.997805252386224,-1.1045133934978622,-0.1128419218319294,0.6920492041947028,-0.8048911260266323,69.00029754638672,False,0.0854986950985265,0.0008409166059076,9.410042199099736,4.60079447270559,7.63768275587947,9.901
2015_samarco_dam_collapse,BRA_C24A,2015-11,NLD_C25,NLD,2015-11,0,-0.8374354308790362,-13851022.488438996,209679681.5214883,-202465908.67748833,-0.9655962237654356,-11.253720635813718,-75465046.60628939,17991019.612941433,-0.8374354308790362,0.9293732839166166,-1.7668087147956526,-1.8166798916092264,0.6571952223911346,-2.4738751140003608,980599629.272,978194496.281,-0.0024527166023767,28591599228.714855,-27613404732.433857,-0.9657873458404318,-584.9616012839766,47205499.76583608,-0.0024527166023767,0.9982438100747484,-1.000696526677125,-0.0024557294366651,0.6922686998111907,-0.6947244292478558,56.64540100097656,False,0.0744489562239427,0.0046482603089876,10.886655758434287,1.61261001294011,0.344078059275915,7.419
2015_samarco_dam_collapse,BRA_C24A,2015-11,NLD_C25,NLD,2015-12,1,-0.9023019884757753,-12920059.19271938,216190414.3974896,-212437191.3394896,-0.982639271641807,-11.807957298133216,-79181639.26985261,17991019.612941433,-0.9023019884757753,0.8768427853653549,-1.77914477384113,-2.3258738326071704,0.6295909915777713,-2.9554648241849417,855031727.4319999,717073774.7260001,-0.1613483433186069,29677646243.89197,-28960572469.16597,-0.9758379162271474,-613.4999653181414,47205499.76583608,-0.1613483433186069,0.9278195678448932,-1.0891679111635,-0.1759598472037851,0.6563896066350345,-0.8323494538388196,56.64540100097656,False,0.0744489562239427,0.0046482603089876,10.886655758434287,1.61261001294011,0.344078059275915,7.419
2011_queensland_floods,AUS_B05,2011-01,CHN_D,CHN,2011-01,0,-0.0111495176058138,-2570906.3496447015,621194462.0,-9292497.0,-0.0149590789494192,,-3462672.283442108,0.0,-0.0111495176058138,0.0,-0.0111495176058138,-0.0112121393624704,0.0,-0.0112121393624704,65390084.0,65152070.0,-0.0036399096841655,69975136.0,-4823066.0,-0.0689254251681626,,0.0,-0.0036399096841655,0.0,-0.0036399096841655,-0.0036465502185514,0.0,-0.0036465502185514,1253.685546875,False,0.2417826995740904,0.0026656011284484,8.440365173125944,10.5962719761682,6.92845731295996,4.53
2011_queensland_floods,AUS_B05,2011-01,CHN_D,CHN,2011-02,1,-0.4032078067353634,-64979394.01548209,621194462.0,-363092743.0,-0.584507372829734,,-135299605.42414686,0.0,-0.4032078067353634,0.0,-0.4032078067353634,-0.5161863096068267,0.0,-0.5161863096068267,82446576.0,81930814.0,-0.0062557115773977,69975136.0,11955678.0,0.1708560880824869,,0.0,-0.0062557115773977,0.0,-0.0062557115773977,-0.0062753604530279,0.0,-0.0062753604530279,1253.685546875,False,0.2417826995740904,0.0026656011284484,8.440365173125944,10.5962719761682,6.92845731295996,4.53
2011_queensland_floods,AUS_B05,2011-01,CHN_D,CHN,2011-03,2,-0.6614469744467641,-92737817.98744048,621194462.0,-493812018.0,-0.7949395047890816,,-184009657.24919957,0.0,-0.6614469744467641,0.0,-0.6614469744467641,-1.0830745450990025,0.0,-1.0830745450990025,69965968.0,80207909.0,0.1463846108725316,69975136.0,10232773.0,0.146234413892386,,0.0,0.1463846108725316,0.0,0.1463846108725316,0.1366131717441305,0.0,0.1366131717441305,1253.685546875,False,0.2417826995740904,0.0026656011284484,8.440365173125944,10.5962719761682,6.92845731295996,4.53
2011_queensland_floods,AUS_B05,2011-01,CHN_D,CHN,2011-04,3,-0.5030419943777875,-65324752.8812812,621194462.0,-448007871.0,-0.7212039037785241,,-166941612.96749488,0.0,-0.5030419943777875,0.0,-0.5030419943777875,-0.6992497492808027,0.0,-0.6992497492808027,88996517.0,213192971.0,1.395520388736112,69975136.0,143217835.0,2.0466960578683264,,0.0,1.395520388736112,0.0,1.395520388736112,0.8736004820243437,0.0,0.8736004820243437,1253.685546875,False,0.2417826995740904,0.0026656011284484,8.440365173125944,10.5962719761682,6.92845731295996,4.53
2011_queensland_floods,AUS_B05,2011-01,CHN_D,CHN,2011-05,4,-0.5342579716083039,-79006665.89168777,621194462.0,-436361598.0,-0.702455711847605,,-162601850.8214861,0.0,-0.5342579716083039,0.0,-0.5342579716083039,-0.7641233823942208,0.0,-0.7641233823942208,86951521.0,95574912.0,0.0991746998882285,69975136.0,25599776.0,0.3658410324490116,,0.0,0.0991746998882285,0.0,0.0991746998882285,0.0945596243422599,0.0,0.0945596243422599,1253.685546875,False,0.2417826995740904,0.0026656011284484,8.440365173125944,10.5962719761682,6.92845731295996,4.53
2017_hurricane_maria,USA_C21,2017-09,JPN_Q,JPN,2017-09,0,-0.3339174722457221,-93855593.93278714,9427316383.192629,-9086321611.376629,-0.9638290730940208,,-4988723618.518085,0.0,-0.3339174722457221,0.9918851787522184,-1.3258026509979406,-0.4063416995924349,0.6890815162072315,-1.0954232157996664,58546465779.75,61511015233.752,0.0506358396620308,1213005660685.1714,-1151494645451.4194,-0.9492904136993005,-2450.5357925934886,469895052.71936953,0.0506358396620308,0.9938194595456208,-0.94318361988359,0.0493955424730678,0.6900521255869165,-0.6406565831138487,1166.845947265625,False,0.0479646216907166,0.0131797996640066,10.58092378906814,0.753826745789127,0.419944376171273,3.132
2017_hurricane_maria,USA_C21,2017-09,JPN_Q,JPN,2017-10,1,-0.1187574391423046,-27813343.105599128,9820404856.63613,-9444492593.50313,-0.961721306950092,,-5185372616.25608,0.0,-0.1187574391423046,0.9158214941849272,-1.0345789333272315,-0.1264223661552925,0.6501465092409475,-0.7765688753962401,56543668768.16,59251947556.48,0.047897118233068,1262612997824.4712,-1203361050267.9912,-0.9530719645223252,-2560.9144920848144,469895052.71936953,0.047897118233068,0.9188932154161312,-0.8709960971830633,0.0467854114541523,0.6517485695235123,-0.60496315806936,1166.845947265625,False,0.0479646216907166,0.0131797996640066,10.58092378906814,0.753826745789127,0.419944376171273,3.132
2017_hurricane_maria,USA_C21,2017-09,JPN_Q,JPN,2017-11,2,-0.2072103958519671,-54036178.77168766,10196576459.47863,-9820020351.49363,-0.9630703393946546,,-5391551120.146007,0.0,-0.2072103958519671,0.8532081833412123,-1.0604185791931795,-0.2321974083324889,0.6169182902564891,-0.8491156985889781,55347608025.163,61241896794.246,0.1064958176043171,1310329643733.676,-1249087746939.43,-0.9532622213905332,-2658.2270651940858,469895052.71936953,0.1064958176043171,0.8567618923808067,-0.7502660747764895,0.1011981006576228,0.6188340524906586,-0.5176359518330358,1166.845947265625,False,0.0479646216907166,0.0131797996640066,10.58092378906814,0.753826745789127,0.419944376171273,3.132
2017_hurricane_maria,USA_C21,2017-09,CHN_Q,CHN,2017-09,0,-0.286465167668849,-55427950.50603611,4685646762.403411,-4437683003.403411,-0.9470801424918314,-285.64837350558145,-2470815071.756081,15535474.432927938,-0.286465167668849,0.9860412489553836,-1.2725064166242326,-0.3375240231371101,0.6861433350636119,-1.023667358200722,183453113937.0,197943516418.0,0.078986952960505,3880871679335.869,-3682928162917.869,-0.9489950885333384,,0.0,0.078986952960505,0.9954723399833604,-0.9164853870228552,0.0760225944142689,0.6908807842143148,-0.6148581898000458,1104.1259765625,False,0.3694630125999104,0.0040655159231027,9.01867957107379,6.77555562837017,1.47744121334065,4.56
2017_hurricane_maria,USA_C21,2017-09,CHN_Q,CHN,2017-10,1,-0.2530723618024171,-41897930.38027623,4846110964.863638,-4624014105.863638,-0.95417008388576,-297.64228481255077,-2574560583.98455,15535474.432927938,-0.2530723618024171,0.9232476883257924,-1.1763200501282096,-0.2917869672847928,0.6540152612032628,-0.9458022284880556,176870062421.0,187903059471.0,0.0623791098334007,4037659369572.168,-3849756310101.168,-0.9534623794946552,,0.0,0.0623791098334007,0.921207087476426,-0.8588279776430254,0.0605108363624538,0.6529536798897908,-0.592442843527337,1104.1259765625,False,0.3694630125999104,0.0040655159231027,9.01867957107379,6.77555562837017,1.47744121334065,4.56
2017_hurricane_maria,USA_C21,2017-09,KOR_Q,KOR,2017-09,0,-0.0598832803055365,-5298414.45700686,2880751182.6865606,-2772353153.6865606,-0.962371609998296,-1834.1013506730935,-2127400649.5600872,1511559.4090092892,-0.0598832803055365,1.0091374161833904,-1.0690206964889268,-0.0617512409863643,0.6977054834336869,-0.7594567244200512,40846176068.0,55112867093.0,0.3492784979736918,924021451315.3575,-868908584222.3577,-0.9403554246337614,,0.0,0.3492784979736918,0.9959107206978156,-0.6466322227241237,0.2995700036314481,0.6911004477785063,-0.3915304441470582,693.4121704101562,False,0.0846557608059416,0.0145331152183505,10.33634286097505,3.17152748983935,2.0624563522338,3.65
2017_hurricane_maria,USA_C21,2017-09,BEL_Q,BEL,2017-09,0,-0.252510380566362,-56282215.25919352,7581613316.274348,-7249496198.086349,-0.9561944002769052,,-3636751929.256233,0.0,-0.252510380566362,1.0024121336769098,-1.2549225142432718,-0.2910348600987156,0.6943525205518277,-0.9853873806505432,24133688344.509,25466316682.294,0.0552185939737721,504604439261.75006,-479138122579.45605,-0.949532119218864,,0.0,0.0552185939737721,0.9954069012509156,-0.9401883072771434,0.0537479435427066,0.6908479900695106,-0.637100046526804,642.7261962890625,False,0.0613623234940998,0.0296708212997712,10.641979679542205,1.19350273007754,1.89528913569444,7.83
2017_hurricane_maria,USA_C21,2017-09,CAN_O,CAN,2017-09,0,-0.0395978035102243,-7156020.757298257,9693264552.816538,-9336710531.093538,-0.9632163117203484,-75.0851898084548,-4544877636.641023,124348231.0547772,-0.0395978035102243,1.0014128058525142,-1.0410106093627385,-0.0404031274693537,0.693853333997783,-0.7342564614671367,33862033184.624,34889561666.337,0.0303445595280904,830644562867.5243,-795755001201.1873,-0.9579970022967556,,0.0,0.0303445595280904,0.9581068103110798,-0.9277622507829894,0.0298932701137388,0.6719780933400017,-0.6420848232262628,556.7119140625,False,0.0705730003287176,0.0075466546551398,10.652898367419745,1.03855092490855,0.716978150638226,7.038
2017_hurricane_maria,USA_C21,2017-09,CAN_O,CAN,2017-10,1,-0.0801578310293307,-14993370.201550413,10122454188.756285,-9768995776.842283,-0.9650817474376312,-78.56159829518523,-4755303304.172479,124348231.0547772,-0.0801578310293307,0.919894722197338,-1.0000525532266689,-0.0835531788962562,0.6522703522565862,-0.7358235311528425,33601294490.665,36038407174.502,0.0725303212503931,846787287451.0549,-810748880276.553,-0.9574410153428466,,0.0,0.0725303212503931,0.922983773847416,-0.850453452597023,0.070020642980527,0.6538780286330912,-0.5838573856525642,556.7119140625,False,0.0705730003287176,0.0075466546551398,10.652898367419745,1.03855092490855,0.716978150638226,7.038
2017_hurricane_maria,USA_C21,2017-09,CAN_O,CAN,2017-11,2,-0.0635491080019907,-10533822.159594337,10479149606.02662,-10160265238.19862,-0.9695696330507004,-81.70816063899515,-4945763511.640292,124348231.0547772,-0.0635491080019907,0.861604327499915,-0.9251534355019058,-0.0656581960760647,0.6214386575342132,-0.687096853610278,34717331292.869,36528509705.325,0.0521692867800588,880587343443.5161,-844058833738.1912,-0.9585180164383454,,0.0,0.0521692867800588,0.8571884511755069,-0.8050191643954481,0.0508540203604717,0.6190637587368535,-0.5682097383763818,556.7119140625,False,0.0705730003287176,0.0075466546551398,10.652898367419745,1.03855092490855,0.716978150638226,7.038
2017_hurricane_maria,USA_C21,2017-09,CAN_O,CAN,2017-12,3,-0.1179950708065554,-18311577.402003735,10875656537.684454,-10594463474.040457,-0.9741447274774028,-85.19995326168686,-5157120374.999685,124348231.0547772,-0.1179950708065554,0.8049075806284317,-0.9229026514349872,-0.1255576339166424,0.590509388532066,-0.7160670224487085,33763021443.749,36064879780.463,0.068176905924993,914658566115.9242,-878593686335.4612,-0.960570117509956,,0.0,0.068176905924993,0.7997225037626655,-0.7315455978376725,0.0659533690708151,0.5876324884403701,-0.5216791193695549,556.7119140625,False,0.0705730003287176,0.0075466546551398,10.652898367419745,1.03855092490855,0.716978150638226,7.038
2017_hurricane_maria,USA_C21,2017-09,ESP_Q,ESP,2017-09,0,-0.040867251992591,-7775437.786037413,6631503626.434054,-6380282420.033054,-0.9621170068580528,-350.1796645855865,-4634594487.167865,18220025.504860993,-0.040867251992591,0.9993711814385196,-1.0402384334311108,-0.041725790150263,0.6928327216915449,-0.7345585118418079,24230615506.25,27353376506.198,0.1288766684091257,541000922230.2592,-513647545724.0612,-0.9494393163075684,-954.4084271450868,538184210.3600556,0.1288766684091257,0.9987658073040294,-0.8698891388949037,0.1212230395226754,0.6925298937277944,-0.571306854205119,440.6951904296875,False,0.0579166524618706,0.0125051612916229,10.194536679402995,2.91515598595787,0.372182539615821,19.635
2017_hurricane_maria,USA_C21,2017-09,ITA_Q,ITA,2017-10,1,-0.0168050979660983,-3062751.165272745,8717687052.718794,-8416518436.170794,-0.9654531511940344,,-5007639406.27242,0.0,-0.0168050979660983,0.9339826178537048,-0.9507877158198031,-0.0169479057633203,0.659581409217445,-0.6765293149807654,39358482899.745,46879042617.101,0.1910784960007876,891559314993.8381,-844680272376.7372,-0.9474190423130456,-5330.552504150955,158460173.0719238,0.1910784960007876,0.9182229131431878,-0.7271444171424002,0.1748591958385716,0.651399191366643,-0.4765399955280713,385.4819030761719,False,0.0654027993991572,0.005595846654258,10.354326497069756,1.23622108511661,1.24817184167345,11.688
2017_hurricane_maria,USA_C21,2017-09,ITA_Q,ITA,2017-11,2,-0.0980095560239684,-18532269.04897558,9060344456.792906,-8773688123.122906,-0.9683614309547488,,-5220147346.779126,0.0,-0.0980095560239684,0.8679997747610367,-0.9660093307850052,-0.1031513528953347,0.6248682191332371,-0.7280195720285718,39737751639.273,46231952697.339,0.163426484644082,925202414780.5984,-878970462083.2595,-0.9500304452747216,-5546.948769797834,158460173.0719238,0.163426484644082,0.8562442101018575,-0.6928177254577754,0.1513695170969953,0.6185552044260376,-0.4671856873290423,385.4819030761719,False,0.0654027993991572,0.005595846654258,10.354326497069756,1.23622108511661,1.24817184167345,11.688
2017_hurricane_maria,USA_C21,2017-09,ITA_Q,ITA,2017-12,3,-0.4247054748875331,-95973168.1722149,9455570248.711018,-9237070146.853018,-0.9768919170276604,,-5495849241.783219,0.0,-0.4247054748875331,0.8025999593933585,-1.2273054342808916,-0.5528731497928057,0.5892300445285841,-1.1421031943213895,38067351938.831,41897529302.409,0.1006158077328983,959345218953.0964,-917447689650.6876,-0.9563269525144136,-5789.76831758391,158460173.0719238,0.1006158077328983,0.8013507993565953,-0.7007349916236969,0.0958698483699755,0.5885368275459122,-0.4926669791759366,385.4819030761719,False,0.0654027993991572,0.005595846654258,10.354326497069756,1.23622108511661,1.24817184167345,11.688
2017_hurricane_maria,USA_C21,2017-09,ITA_Q,ITA,2018-01,4,-0.1304830877541631,-24126969.616347875,9786881838.589128,-9516656533.250126,-0.9723890295401834,,-5662196861.240992,0.0,-0.2298323167278398,0.7549186250728188,-0.9847509418006586,-0.2611470165091099,0.5624224882858115,-0.8235695047949214,30157406233.05,42730641926.968,0.416920327854283,991392833332.6108,-948662191405.6428,-0.9568983752047844,-5986.754734737369,158460173.0719238,0.1060087416629959,0.7558662356499987,-0.6498574939870028,0.1007578069208534,0.5629623167127065,-0.462204509791853,385.4819030761719,False,0.0654027993991572,0.005595846654258,10.354326497069756,1.23622108511661,1.24817184167345,11.688
2017_hurricane_maria,USA_C21,2017-09,ITA_Q,ITA,2018-02,5,-0.169673640738014,-40330195.86264236,10232166048.94324,-9900451738.11424,-0.967581222857182,,-5890546386.806853,0.0,-0.270501518408862,0.6990987977121574,-0.9696003161210196,-0.3153979916437812,0.5300979914382467,-0.8454959830820279,37637005619.817,44946120294.877,0.1942002174373705,1032541935919.5726,-987595815624.6956,-0.9564704166181413,-6232.45448038501,158460173.0719238,0.0441386862888541,0.7045210206923106,-0.6603823344034565,0.043192321909693,0.5332841449874515,-0.4900918230777584,385.4819030761719,False,0.0654027993991572,0.005595846654258,10.354326497069756,1.23622108511661,1.24817184167345,11.688
2017_hurricane_maria,USA_C21,2017-09,ITA_Q,ITA,2018-03,6,-0.2151788128485977,-49197964.02769303,10689369036.83285,-10387778456.47485,-0.971785932423252,,-6180494837.237895,0.0,-0.5605844663102911,0.6497679689538229,-1.210352435264114,-0.8223097657501519,0.5006346530866281,-1.32294441883678,40861290431.82,51613221025.416,0.2631324287600846,1073914443413.258,-1022301222387.842,-0.9519391685790424,-6451.471070423657,158460173.0719238,-0.0104708074065476,0.6594800086294409,-0.6699508160359885,-0.0105260120061814,0.5065043054819043,-0.5170303174880857,385.4819030761719,False,0.0654027993991572,0.005595846654258,10.354326497069756,1.23622108511661,1.24817184167345,11.688
2017_hurricane_maria,USA_C21,2017-09,ITA_Q,ITA,2018-04,7,-0.097235339981364,-22502549.89334229,10856920885.71296,-10505779857.36196,-0.9676574019422872,,-6250703020.05826,0.0,0.10154994508309,0.6333888537527749,-0.5318389086696849,0.096718228733021,0.4906569079059508,-0.3939386791729298,39455589220.442,44824574054.566,0.1360766608788171,1103208503463.837,-1058383929409.2706,-0.959368900879728,-6679.179436014365,158460173.0719238,0.073752732680994,0.630920134046284,-0.55716740136529,0.071159739299567,0.4891443549631376,-0.4179846156635705,385.4819030761719,False,0.0654027993991572,0.005595846654258,10.354326497069756,1.23622108511661,1.24817184167345,11.688
2017_hurricane_maria,USA_C21,2017-09,ITA_Q,ITA,2018-05,8,-0.1561652964990699,-41145147.082252786,11294737414.654074,-10921065117.413074,-0.9669162474945024,,-6497788421.088069,0.0,-0.1556237503126428,0.5942469428399961,-0.749870693152639,-0.1691570898376611,0.4664014885423562,-0.6355585783800173,40679896009.035,48171633702.494,0.184163147609696,1142326304230.5308,-1094154670528.0367,-0.9578302333369252,-6904.919067779945,158460173.0719238,-0.0036793567632623,0.5964289397960841,-0.6001082965593465,-0.0036861422455345,0.4677692221885223,-0.4714553644340569,385.4819030761719,False,0.0654027993991572,0.005595846654258,10.354326497069756,1.23622108511661,1.24817184167345,11.688
2017_hurricane_maria,USA_C21,2017-09,DEU_Q,DEU,2017-10,1,-0.0440306797016748,-14092355.178953286,17039550160.084385,-16432093856.163383,-0.9643502147525008,,-8276562692.127118,0.0,-0.0440306797016748,0.9198347932194616,-0.9638654729211366,-0.0450294581113546,0.6522391370854095,-0.6972685951967641,111789934068.954,127409810178.185,0.1397252466362167,2684105044920.587,-2556695234742.402,-0.9525317347697342,-949.8047715312714,2691811318.8887315,0.1397252466362167,0.9233711852659724,-0.7836459386297558,0.1307872216346979,0.6540794720388199,-0.523292250404122,372.34271240234375,False,0.0589094834985096,0.0031140774666695,10.667790488372235,2.22222216259371,1.25424485239203,4.104
