shock_event,shock_node,shock_date,target_node,target_country,observation_date,months_after_shock,shock_yoy_change,shock_value,shock_expected,shock_dev_abs,shock_dev_pct,shock_dev_z,shock_dev_abs_weighted,shock_resid_std,shock_yoy_actual,shock_yoy_expected,shock_yoy_dev,shock_logyoy_actual,shock_logyoy_expected,shock_logyoy_dev,export_baseline,export_observed,yoy_change,prop_expected,prop_dev_abs,prop_dev_pct,prop_dev_z,prop_resid_std,prop_yoy_actual,prop_yoy_expected,prop_yoy_dev,prop_logyoy_actual,prop_logyoy_expected,prop_logyoy_dev,icio_edge_value,supplier_hhi,shocked_supplier_share,target_log_gdp_per_capita,target_gdp_growth,target_inflation,target_unemployment_rate
2010_russia_wheat_ban,RUS_A01,2010-08,EGY_C10T12,EGY,2011-04,8,-0.990260458576692,-94161559.52561222,107487277.86872062,-106295673.12072062,-0.9889139926917178,,-82612559.06581578,0.0,-0.990260458576692,-0.1214563410911811,-0.8688041174855108,-4.631560413201328,-0.12948967435252,-4.502070738848808,215100678.03000003,237211491.68099996,0.1027928589230952,346312260.5463223,-109100768.86532232,-0.3150358254518948,,0.0,0.1027928589230952,0.610000785297488,-0.5072079263743927,0.0978459243079541,0.47623466499725,-0.3783887406892958,181.8970947265625,0.1560826123829631,0.0127453861823804,7.679084812785493,4.67359979952391,11.1855422672375,9.087
2010_russia_wheat_ban,RUS_A01,2010-08,EGY_C10T12,EGY,2011-06,10,-0.998958307737636,-52553908.32405776,59468983.56691147,-59398470.98691147,-0.9988142965329034,,-46164246.84805742,0.0,-0.998958307737636,-0.1214563410911841,-0.8775019666464519,-6.866894545901523,-0.1294896734401369,-6.737404872461386,370151537.937,436656226.007,0.1796688146715716,595944266.7576429,-159288040.75064284,-0.2672868079045078,,0.0,0.1796688146715716,0.6100007852974882,-0.4303319706259166,0.1652337331395976,0.4762346657350811,-0.3110009325954834,181.8970947265625,0.1560826123829631,0.0127453861823804,7.679084812785493,4.67359979952391,11.1855422672375,9.087
2010_russia_wheat_ban,RUS_A01,2010-08,EGY_C10T12,EGY,2011-07,11,-0.5667154026077736,-44425733.01393357,88614021.33989026,-44910910.890890256,-0.5068149510857745,,-34904574.84999938,0.0,-0.5667154026077736,-0.1214563410911841,-0.4452590615165895,-0.8363604851145752,-0.1294896741118627,-0.7068708110027124,290497302.3,224728395.889,-0.2264010918183318,467700884.8298022,-242972488.94080225,-0.5195040181059752,,0.0,-0.2264010918183318,0.6100007852974881,-0.83640187711582,-0.2567017451839852,0.4762346654544132,-0.7329364106383984,181.8970947265625,0.1560826123829631,0.0127453861823804,7.679084812785493,4.67359979952391,11.1855422672375,9.087
2010_russia_wheat_ban,RUS_A01,2010-08,TUR_C10T12,TUR,2010-09,1,-0.6158524845204985,-16219746.76832318,50017663.19980469,-30712388.199804693,-0.6140308490046495,-2.209669034163435,-16095445.299076311,13899089.739216166,-0.6158524845204985,-0.0054402507479135,-0.6104122337725849,-0.9567286133677372,-0.00545510269367,-0.9512735106740672,552976395.0,628171045.0,0.1359816633764267,556418716.7430078,71752328.25699222,0.1289538365585432,1.5373892042430493,46671544.2380905,0.1359816633764267,0.0013976621103291,0.1345840012660976,0.1274971785582224,0.0013966862872685,0.1261004922709538,180.65289306640625,0.2551348290422237,0.0036191389411436,9.113600890667618,-4.88269401706633,5.58017075378858,14.026
2010_russia_wheat_ban,RUS_A01,2010-08,TUR_C10T12,TUR,2010-10,2,-0.8621368111992237,-33426003.150743183,73743586.19980466,-63544361.19980466,-0.8616933956484609,-4.571836169998585,-33301701.6814963,13899089.739216166,-0.8621368111992237,-0.0036963993251747,-0.858440411874049,-1.9814933865445603,-0.0037032478409315,-1.9777901387036287,638007739.0,759282436.0,0.1900834262450851,641450060.743008,117832375.25699198,0.1836968806589615,2.5247155880654213,46671544.2380905,0.1900834262450851,0.0012121618594696,0.1888712643856154,0.1740234105040805,0.0012114277825432,0.1728119827215373,180.65289306640625,0.2551348290422237,0.0036191389411436,9.113600890667618,-4.88269401706633,5.58017075378858,14.026
2010_russia_wheat_ban,RUS_A01,2010-08,TUR_C10T12,TUR,2010-11,3,-0.5434277793278546,-13834803.700740114,57686398.90058595,-35506924.90058595,-0.6155164055530131,-2.554622321805971,-18608118.774671715,13899089.739216166,-0.5434277793278546,-0.0047204466065264,-0.5387073327213282,-0.7840083617624778,-0.0047316230186815,-0.7792767387437962,532115838.0,633689712.0,0.190886770786176,535558159.743008,98131552.25699204,0.1832322978779396,2.1025992145531576,46671544.2380905,0.190886770786176,0.0014521815857755,0.1894345892004005,0.1746982148439251,0.0014511281870781,0.1732470866568469,180.65289306640625,0.2551348290422237,0.0036191389411436,9.113600890667618,-4.88269401706633,5.58017075378858,14.026
2010_russia_wheat_ban,RUS_A01,2010-08,TUR_C10T12,TUR,2010-12,4,-0.810954594672087,-26917878.58560233,55740185.9005859,-43766688.9005859,-0.7851909388792666,-3.14888886407421,-22936814.373997472,13899089.739216166,-0.810954594672087,-0.0048844597130302,-0.8060701349590567,-1.6657679852161031,-0.0048964275859972,-1.660871557630106,583212691.0,792565305.0,0.3589644348119989,586655012.743008,205910292.256992,0.3509904250101306,4.411902276182677,46671544.2380905,0.3589644348119989,0.001325530889325,0.3576389039226739,0.3067229642573856,0.0013246531465576,0.305398311110828,180.65289306640625,0.2551348290422237,0.0036191389411436,9.113600890667618,-4.88269401706633,5.58017075378858,14.026
2010_russia_wheat_ban,RUS_A01,2010-08,TUR_C10T12,TUR,2011-01,5,-0.6449716034120136,-14672364.19855977,40729372.40058594,-25318288.400585946,-0.6216223552765008,-1.821578885784916,-13268558.712098485,13899089.739216166,-0.6449716034120136,-0.0066726159064449,-0.6382989875055687,-1.035557460465938,-0.0066949771724651,-1.028862483293473,473909829.0,628004339.0,0.325155758691808,490344636.9003513,137659702.0996487,0.2807407112064002,2.9495424749048516,46671544.2380905,0.325155758691808,0.001586296234491,0.323569462457317,0.2815300057411924,0.0015850393923528,0.2799449663488396,180.65289306640625,0.2551348290422237,0.0036191389411436,9.113600890667618,-4.88269401706633,5.58017075378858,14.026
2010_russia_wheat_ban,RUS_A01,2010-08,TUR_C10T12,TUR,2011-02,6,-0.7321276622697556,-9207608.760420036,25262600.40058592,-18834265.40058592,-0.7455394576145492,-1.3550718611050618,-9870475.93079538,13899089.739216166,-0.7321276622697556,-0.0107140879777067,-0.7214135742920488,-1.3172446498249355,-0.0107718966796923,-1.3064727531452434,488120558.0,637352165.0,0.305726945022463,489733579.4003513,147618585.5996487,0.3014263097506988,3.162924818741509,46671544.2380905,0.305726945022463,0.0015882786547284,0.3041386663677346,0.2667599311966704,0.0015870186709001,0.2651729125257702,180.65289306640625,0.2551348290422237,0.0036191389411436,9.113600890667618,-4.88269401706633,5.58017075378858,14.026
2010_russia_wheat_ban,RUS_A01,2010-08,TUR_C10T12,TUR,2011-03,7,-0.9092622325634744,-31623884.240322694,55423537.400585935,-49401759.400585935,-0.8913498076372091,-3.554316169439448,-25889986.507637218,13899089.739216166,-0.9092622325634744,-0.0049122287689472,-0.9043500037945272,-2.39978145801496,-0.0049243333328767,-2.3948571246820833,524012980.0,693290647.0,0.3230409807787586,504032395.9003517,189258251.0996483,0.3754882674983159,4.055110114509285,46671544.2380905,0.3230409807787586,0.0015431514943125,0.321497829284446,0.2799328598324528,0.0015419620564784,0.2783908977759743,180.65289306640625,0.2551348290422237,0.0036191389411436,9.113600890667618,-4.88269401706633,5.58017075378858,14.026
2010_russia_wheat_ban,RUS_A01,2010-08,TUR_C10T12,TUR,2011-04,8,-0.9279611248142442,-19998898.760068625,52030100.90058592,-49067631.90058592,-0.943062401403749,-3.530276645537586,-25714880.26502982,13899089.739216166,-0.9279611248142442,-0.0052309315958768,-0.9227301932183674,-2.6305490593029894,-0.0052446607166949,-2.6253043985862945,504203876.0,653892286.0,0.2968807205282174,496031752.90035146,157860533.09964854,0.318246830322093,3.3823721858085056,46671544.2380905,0.2968807205282174,0.0015680804710772,0.2953126400571402,0.2599619349828863,0.0015668523134628,0.2583950826694234,180.65289306640625,0.2551348290422237,0.0036191389411436,9.113600890667618,-4.88269401706633,5.58017075378858,14.026
2010_russia_wheat_ban,RUS_A01,2010-08,TUR_C10T12,TUR,2011-05,9,-0.9189385307073276,-19990623.16863418,47935944.90058593,-44571100.90058593,-0.9298054099699437,-3.2067640210156307,-23358382.67600283,13899089.739216166,-0.9189385307073276,-0.0056751641918548,-0.9132633665154726,-2.5125472588573494,-0.0056913290058773,-2.506855929851472,461598000.0,685105952.0,0.4842047669184008,419357834.05769503,265748117.94230497,0.6337025240972212,5.694007393169078,46671544.2380905,0.4842047669184008,0.0018553147400231,0.4823494521783777,0.394879117618288,0.0018535957650307,0.3930255218532572,180.65289306640625,0.2551348290422237,0.0036191389411436,9.113600890667618,-4.88269401706633,5.58017075378858,14.026
2010_russia_wheat_ban,RUS_A01,2010-08,TUR_C10T12,TUR,2011-06,10,-0.8248198690485867,-10337504.486356271,24926355.900585927,-20736953.900585927,-0.8319288219782851,-1.491964890483208,-10867618.14173964,13899089.739216166,-0.8248198690485867,-0.0108570467030569,-0.8139628223455297,-1.7419403178401112,-0.010916414096286,-1.731023903743825,463218094.0,722411867.0,0.5595501910596783,458545918.9003515,263865948.09964848,0.5754406204997548,5.653679397312442,46671544.2380905,0.5595501910596783,0.0016964875132313,0.5578537035464469,0.4443974398448773,0.0016950501000607,0.4427023897448165,180.65289306640625,0.2551348290422237,0.0036191389411436,9.113600890667618,-4.88269401706633,5.58017075378858,14.026
2010_russia_wheat_ban,RUS_A01,2010-08,ITA_C10T12,ITA,2010-09,1,-0.7917080268111912,-8138001.437560266,11901978.35498064,-9028264.00698064,-0.7585515397280628,-13.837083093981615,-6726449.752219364,652468.7281026337,-0.7917080268111912,-0.1373232492161182,-0.6543847775950731,-1.5688141908171485,-0.1477152110886592,-1.4210989797284892,2175582355.6969995,2185107829.389,0.0043783558305926,2339017666.4394994,-153909837.05049944,-0.0658010579649807,,0.0,0.0043783558305926,0.0272582022040834,-0.0228798463734907,0.0043687987148395,0.0268933133609543,-0.0225245146461148,30.31909942626953,0.0891388801710103,0.0002462034968001,10.521388782038953,-5.30515401233991,1.77253535397509,7.749
2010_russia_wheat_ban,RUS_A01,2010-08,ITA_C10T12,ITA,2010-10,2,-0.3465650287974898,-1448544.6138663553,3853112.9850064544,-187320.6340064546,-0.048615401296399,-0.2870951908318723,-139562.02778563614,652468.7281026337,-0.3465650287974898,-0.3296255373430698,-0.01693949145442,-0.4255121648177908,-0.3999187376874857,-0.0255934271303051,2303270717.851,2394699535.501001,0.0396952112235013,2392709192.151999,1990343.3490018845,0.0008318367127648,,0.0,0.0396952112235013,0.0266302492722963,0.013064961951205,0.0389276040531854,0.0262818361890921,0.0126457678640932,30.31909942626953,0.0891388801710103,0.0002462034968001,10.521388782038953,-5.30515401233991,1.77253535397509,7.749
2010_russia_wheat_ban,RUS_A01,2010-08,DEU_C10T12,DEU,2010-09,1,-0.1694968624367182,-670872.652548101,3024425.6363250753,1111817.174674925,0.3676126671197887,3.2953709371198467,883582.3986107707,337387.56452305574,-0.1694968624367182,-0.3050849188423873,0.135588056405669,-0.1857235310366025,-0.3639655253936737,0.1782419943570712,4491126600.827001,4634120189.139998,0.0318391354825461,4708715387.3073,-74595198.16730118,-0.0158419424474832,-0.3994303769904465,186753943.77700356,0.0318391354825461,0.0484175144757273,-0.0165783789931812,0.0313427784321014,0.0472818982269878,-0.0159391197948863,29.26140022277832,0.0853067737000286,0.0002070543536681,10.65662119515594,-5.54455451920674,1.97300267360873,7.88
2010_russia_wheat_ban,RUS_A01,2010-08,DEU_C10T12,DEU,2010-10,2,-0.2031955817902418,-1035665.9784828016,6019222.155160077,-908956.1691600772,-0.1510089087475962,-2.6941009827822593,-722364.8729957256,337387.56452305574,-0.2031955817902418,-0.1807260263510826,-0.0224695554391592,-0.2271459880229311,-0.1993366988844709,-0.0278092891384602,4787898258.599,5171048699.290999,0.0800247666089951,5128861034.965699,42187664.32530022,0.0082255424815935,0.2258997238402368,186753943.77700356,0.0800247666089951,0.0442756433986851,0.0357491232103099,0.0769839729030827,0.043323480846972,0.0336604920561107,29.26140022277832,0.0853067737000286,0.0002070543536681,10.65662119515594,-5.54455451920674,1.97300267360873,7.88
2010_russia_wheat_ban,RUS_A01,2010-08,DEU_C10T12,DEU,2010-11,3,-0.2724196421896105,-1175986.5687101411,4112282.844998848,-160152.75099884812,-0.0389449746127307,-0.4746848071452968,-127276.45794197246,337387.56452305574,-0.2724196421896105,-0.2440768464101432,-0.0283427957794673,-0.3180307596353291,-0.2798154973067337,-0.0382152623285954,4588593180.683999,4904985358.345,0.0689518911793871,4573810757.700197,331174600.64480305,0.0724067125180588,1.7733205197543096,186753943.77700356,0.0689518911793871,0.0499168749896303,0.0190350161897568,0.0666786274421546,0.0487109943481272,0.0179676330940274,29.26140022277832,0.0853067737000286,0.0002070543536681,10.65662119515594,-5.54455451920674,1.97300267360873,7.88
2010_russia_wheat_ban,RUS_A01,2010-08,JOR_C10T12,JOR,2011-01,5,-0.9534441791449014,-2268992.165076968,8649012.161749512,-8467234.658749511,-0.9789828595913048,,-5160754.208390606,0.0,-0.9534441791449014,1.2151358343610803,-2.1685800135059816,-3.067097992752858,0.7953135858906446,-3.8624115786435023,36359591.004,39770602.71700001,0.0938132585876654,36259037.60680077,3511565.1101992354,0.0968466165119783,,0.0,0.0938132585876654,-0.0027655260805378,0.0965787846682033,0.0896699910813758,-0.0027693571365468,0.0924393482179226,29.17650032043457,0.1161957112255879,0.0140820920462088,8.142305907646836,5.02371007272669,3.16159648072517,12.9
2010_russia_wheat_ban,RUS_A01,2010-08,JOR_C10T12,JOR,2011-02,6,-0.9431168432302388,-6490185.635409265,25010386.377895307,-24368136.946895305,-0.9743206913601448,,-14852306.611034824,0.0,-0.9431168432302388,1.21513583436108,-2.158252677591319,-2.8667545278043995,0.7953136777995482,-3.662068205603948,31778282.279,31372510.811000004,-0.0127688294929691,31690398.610562857,-317887.79956285283,-0.0100310445276916,,0.0,-0.0127688294929691,-0.0027655260805341,-0.010003303412435,-0.0128510512597621,-0.002769357125544,-0.0100816941342181,29.17650032043457,0.1161957112255879,0.0140820920462088,8.142305907646836,5.02371007272669,3.16159648072517,12.9
2010_russia_wheat_ban,RUS_A01,2010-08,JOR_C10T12,JOR,2011-03,7,-0.9085597607257304,-758240.1933397289,3033067.5796647477,-2907863.327664748,-0.958720256403308,,-1772334.0040143451,0.0,-0.9085597607257304,1.2151358343610723,-2.1236955950868026,-2.392062386174752,0.7953133257556715,-3.1873757119304233,35152277.804,35440862.375,0.0082095553696143,35055063.26294276,385799.1120572388,0.0110055174958155,,0.0,0.0082095553696143,-0.0027655260805376,0.0109750814501519,0.0081760400426986,-0.0027693571339248,0.0109453971766235,29.17650032043457,0.1161957112255879,0.0140820920462088,8.142305907646836,5.02371007272669,3.16159648072517,12.9
2010_russia_wheat_ban,RUS_A01,2010-08,JOR_C10T12,JOR,2011-04,8,-0.9486219995853205,-3239724.5216328483,12412054.507777382,-12124168.531777382,-0.9768059368560128,,-7389644.470163738,0.0,-0.9486219995853205,1.21513583436108,-2.1637578339464003,-2.968541910513906,0.7953136284851521,-3.7638555389990582,31039702.295,36010686.435,0.1601492209157156,30953861.188771077,5056825.246228926,0.1633665414272568,,0.0,0.1601492209157156,-0.0027655260805375,0.1629147469962532,0.1485486311181958,-0.0027693571234728,0.1513179882416686,29.17650032043457,0.1161957112255879,0.0140820920462088,8.142305907646836,5.02371007272669,3.16159648072517,12.9
2010_russia_wheat_ban,RUS_A01,2010-08,JOR_C10T12,JOR,2011-05,9,-0.9973863575762985,-1988798.6044250133,7246965.039257411,-7238414.333257411,-0.9988200983510088,,-4411791.894043239,0.0,-0.9973863575762985,1.2151358343610763,-2.2125221919373748,-5.946893829000622,0.7953135587096956,-6.742207387710318,31822937.666,41885882.036000006,0.3162167011611682,31734930.50192545,10150951.534074556,0.3198668272948847,,0.0,0.3162167011611682,-0.0027655260805341,0.3189822272417023,0.274761478333442,-0.0027693571256683,0.2775308354591104,29.17650032043457,0.1161957112255879,0.0140820920462088,8.142305907646836,5.02371007272669,3.16159648072517,12.9
2010_russia_wheat_ban,RUS_A01,2010-08,JOR_C10T12,JOR,2011-06,10,-0.998093362693011,-11258835.445665514,40996906.496339954,-40961619.165339954,-0.9991392684469216,,-24965984.410456996,0.0,-0.998093362693011,1.2151358343610723,-2.2132291970540834,-6.26238587646022,0.7953136967450938,-7.057699573205314,32078961.666000005,41062610.031,0.2800479784394526,31990246.46087607,9072363.570123931,0.2835978016368018,,0.0,0.2800479784394526,-0.0027655260805376,0.2828135045199903,0.2468975535648496,-0.0027693571263647,0.2496669106912143,29.17650032043457,0.1161957112255879,0.0140820920462088,8.142305907646836,5.02371007272669,3.16159648072517,12.9
2010_russia_wheat_ban,RUS_A01,2010-08,JOR_C10T12,JOR,2011-07,11,-0.990661638258078,-2354666.001374342,8638388.86647832,-8601971.95747832,-0.9957842938581616,,-5242876.189115843,0.0,-0.990661638258078,1.215135834361076,-2.205797472619154,-4.673597241524744,0.7953135857178655,-5.46891082724261,37270168.390999995,36241852.684,-0.0275908521853717,37167096.76828872,-925244.0842887238,-0.0248941715856092,,0.0,-0.0275908521853717,-0.0027655260805339,-0.0248253261048377,-0.0279786283625824,-0.0027693571384048,-0.0252092712241776,29.17650032043457,0.1161957112255879,0.0140820920462088,8.142305907646836,5.02371007272669,3.16159648072517,12.9
2010_russia_wheat_ban,RUS_A01,2010-08,GBR_C10T12,GBR,2011-01,5,-0.899398616495067,-3144109.4332047934,1573762.1558811031,-1126294.483881103,-0.7156700773825152,,-885196.4924090997,0.0,-0.899398616495067,-0.6461808079191361,-0.2532178085759309,-2.2965872589048963,-1.0389688425667298,-1.2576184163381663,990435271.604,1211424587.145,0.2231234305530233,1158787570.5270624,52637016.617937565,0.0454242157550897,,0.0,0.2231234305530233,0.1699780932179629,0.0531453373350603,0.2014077758379961,0.1569850247423581,0.044422751095638,23.039899826049805,0.1015812041149099,0.000323353668291,10.571582827058831,-4.58740819226323,2.00745060148992,7.627
2011_japan_earthquake,JPN_C29,2011-03,USA_C29,USA,2011-04,1,-0.3642335597660213,-739356270.4285493,4096179924.357169,-1898300811.3571692,-0.4634319894175736,,-1114634889.7800684,0.0,-0.3642335597660213,0.1848757803207025,-0.5491093400867239,-0.4529240152591143,0.1696379423136704,-0.6225619575727848,10650365373.0,12523754614.0,0.1758990584256644,11828547007.031157,695207606.9688454,0.0587737113066886,,0.0,0.1758990584256644,0.110623588277824,0.0652754701478403,0.162033011106331,0.1049216488105493,0.0571113622957817,7684.94287109375,0.0893258770917755,0.0215174895371092,10.792275733004598,2.69519257744442,1.21525703756249,9.633
2011_japan_earthquake,JPN_C29,2011-03,USA_C29,USA,2011-05,2,-0.4127756698933908,-841085278.2082642,4111792245.756934,-2073988378.7569344,-0.5044000899843948,,-1217794247.4291658,0.0,-0.4127756698933908,0.1848757803207025,-0.5976514502140934,-0.5323483682323804,0.1696379423138445,-0.701986310546225,10776034810.0,12715418495.0,0.1799719209518774,11968118448.088943,747300046.9110546,0.0624408966332032,,0.0,0.1799719209518774,0.1106235882778241,0.0693483326740533,0.1654906423768025,0.104921648810663,0.0605689935661395,7684.94287109375,0.0893258770917755,0.0215174895371092,10.792275733004598,2.69519257744442,1.21525703756249,9.633
2011_japan_earthquake,JPN_C29,2011-03,USA_C29,USA,2011-06,3,-0.3174811478339236,-782595912.1905457,4974218471.594842,-2108940998.594842,-0.4239743410221928,,-1238317554.0239182,0.0,-0.3174811478339236,0.1848757803207025,-0.5023569281546261,-0.3819651299723468,0.1696379423216392,-0.551603072293986,10799940009.0,12380200654.0,0.1463212428664519,11994668125.980822,385532528.0191784,0.0321419920893103,,0.0,0.1463212428664519,0.110623588277824,0.0356976545886278,0.1365578956367557,0.1049216488106807,0.0316362468260749,7684.94287109375,0.0893258770917755,0.0215174895371092,10.792275733004598,2.69519257744442,1.21525703756249,9.633
2011_japan_earthquake,JPN_C29,2011-03,USA_C29,USA,2011-07,4,-0.0267364823617679,-63788201.089662395,4814390455.545184,-859823514.5451841,-0.1785944705741191,,-504866922.37158793,0.0,-0.0267364823617679,0.1848757803207024,-0.2116122626824703,-0.0271004034076405,0.1696379423204028,-0.1967383457280433,8778806945.0,11261143485.0,0.2827646803890389,9749950070.054205,1511193414.945795,0.1549949901371539,,0.0,0.2827646803890389,0.110623588277828,0.1721410921112108,0.2490176552155567,0.1049216488085598,0.1440960064069969,7684.94287109375,0.0893258770917755,0.0215174895371092,10.792275733004598,2.69519257744442,1.21525703756249,9.633
2011_japan_earthquake,JPN_C29,2011-03,CHN_C29,CHN,2011-04,1,-0.212266926243698,-262019936.51255628,2262275095.5526586,-812012323.5526586,-0.3589361546475803,,-544436217.0121909,0.0,-0.212266926243698,0.2287903606906002,-0.4410572869342982,-0.2385959852508108,0.206030238789296,-0.4446262240401069,5365551767.0,7745080412.0,0.4434825621541711,7049707471.214298,695372940.7857018,0.0986385525392481,,0.0,0.4434825621541711,0.313883040803454,0.129599521350717,0.3670586397371949,0.2729869060132301,0.0940717337239647,3854.80810546875,0.1420345497811106,0.0079407038392692,8.440365173125944,10.5962719761682,6.92845731295996,4.53
2011_japan_earthquake,JPN_C29,2011-03,CHN_C29,CHN,2011-05,2,-0.1211919124250194,-119027734.53693178,1799981069.203618,-512667975.2036181,-0.284818537247418,,-343732483.9874269,0.0,-0.1211919124250194,0.2287903606906045,-0.3499822731156241,-0.1291887354442593,0.2060302387633292,-0.3352189742075886,5820057537.0,7493523252.0,0.2875342218459583,7646874894.364613,-153351642.36461258,-0.0200541586573654,,0.0,0.2875342218459583,0.3138830408034541,-0.0263488189574957,0.2527289332386715,0.2729869060167083,-0.0202579727780367,3854.80810546875,0.1420345497811106,0.0079407038392692,8.440365173125944,10.5962719761682,6.92845731295996,4.53
2011_japan_earthquake,JPN_C29,2011-03,CHN_C29,CHN,2011-06,3,-0.0233967093977387,-26972881.777031235,2112836917.0441637,-433621689.04416347,-0.2052319729677932,,-290733705.8195907,0.0,-0.0233967093977387,0.2287903606906004,-0.2521870700883392,-0.0236747578989913,0.2060302387821444,-0.2297049966811357,6223336828.0,7594672813.0,0.2203538106486689,8176736715.516749,-582063902.5167494,-0.0711853545941113,,0.0,0.2203538106486689,0.3138830408034539,-0.093529230154785,0.1991408254001676,0.2729869060193692,-0.0738460806192016,3854.80810546875,0.1420345497811106,0.0079407038392692,8.440365173125944,10.5962719761682,6.92845731295996,4.53
2011_japan_earthquake,JPN_C29,2011-03,CAN_C29,CAN,2011-03,0,-0.0167458358096258,-7620468.73080756,562606602.657977,-15674110.783976912,-0.0278598059637519,,-12823005.796496022,0.0,-0.0167458358096258,0.0114324767377252,-0.0281783125473511,-0.0168876325197864,0.0113676198039058,-0.0282552523236923,4973685605.948001,5397587540.88,0.0852289365506049,5342651250.563087,54936290.31691265,0.010282589624603,,0.0,0.0852289365506049,0.0741835479455808,0.0110453886050241,0.0817909661480911,0.0715608827236984,0.0102300834243926,1158.798583984375,0.0795924270090925,0.0239745565635986,10.76978239226268,3.09080634469335,2.84863779561802,8.178
2011_japan_earthquake,JPN_C29,2011-03,CAN_C29,CAN,2011-04,1,-0.5331769719875231,-222812351.55235067,516651680.4364705,-278192952.4084704,-0.5384535905766363,,-227589934.1559364,0.0,-0.5331769719875231,0.0114324767377251,-0.5446094487252482,-0.7618050459043069,0.0113676198020975,-0.7731726657064044,4607919081.815,4870502424.465,0.0569852330276972,4949750867.950157,-79248443.48515701,-0.0160105923710815,,0.0,0.0569852330276972,0.0741835479455769,-0.0171983149178796,0.0554207361333034,0.0715608827225935,-0.01614014658929,1158.798583984375,0.0795924270090925,0.0239745565635986,10.76978239226268,3.09080634469335,2.84863779561802,8.178
2011_japan_earthquake,JPN_C29,2011-03,CAN_C29,CAN,2011-05,2,-0.2608328108551719,-90909517.45228475,430900600.1572922,-115993186.4202922,-0.269187804282359,,-94894142.46975642,0.0,-0.2608328108551719,0.0114324767377251,-0.2722652875928971,-0.302231145790909,0.0113676197976957,-0.3135987655886048,4741371939.601,4789176565.07,0.0100824457726517,5093103732.210221,-303927167.1402216,-0.0596742542701615,,0.0,0.0100824457726517,0.0741835479455808,-0.064101102172929,0.0100319569974303,0.0715608827230198,-0.0615289257255895,1158.798583984375,0.0795924270090925,0.0239745565635986,10.76978239226268,3.09080634469335,2.84863779561802,8.178
2011_japan_earthquake,JPN_C29,2011-03,CAN_C29,CAN,2011-06,3,-0.4447127466090299,-215731309.71713075,599740766.649388,-270476667.74138796,-0.4509892986806252,,-221277233.90919828,0.0,-0.4447127466090299,0.0114324767377251,-0.4561452233467551,-0.5882697241027124,0.011367619805167,-0.5996373439078795,5207503756.669,4823614062.493,-0.0737185630801265,5461075451.577883,-637461389.0848827,-0.1167281783115996,,0.0,-0.0737185630801265,0.0741835479455807,-0.1479021110257073,-0.0765771629380438,0.0715608827240004,-0.1481380456620442,1158.798583984375,0.0795924270090925,0.0239745565635986,10.76978239226268,3.09080634469335,2.84863779561802,8.178
2011_japan_earthquake,JPN_C29,2011-03,CAN_C29,CAN,2011-07,4,-0.0584248819531232,-19714509.57840144,417174834.5479527,-28813324.39295274,-0.0690677433219926,,-23572209.664669003,0.0,-0.0584248819531232,0.011432476737725,-0.0698573586908483,-0.0602011484186419,0.0113676197968217,-0.0715687682154637,3292208465.571,3480320017.4119997,0.0571384083991696,3655363404.900647,-175043387.48864746,-0.0478867264617169,,0.0,0.0571384083991696,0.074183547945577,-0.0170451395464073,0.0555656428584825,0.0715608827172857,-0.0159952398588032,1158.798583984375,0.0795924270090925,0.0239745565635986,10.76978239226268,3.09080634469335,2.84863779561802,8.178
2011_japan_earthquake,JPN_C29,2011-03,MEX_C29,MEX,2011-04,1,-0.2220397295847227,-44092139.49864772,398452147.6343097,-162220250.6343097,-0.4071260541509033,,-106085110.29039958,0.0,-0.2220397295847227,0.3121849524035094,-0.5342246819882321,-0.2510798214720218,0.2716936496228399,-0.5227734710948617,5688334281.0,6619857583.0,0.1637602953665092,6702462940.174159,-82605357.17415905,-0.0123246272171126,,0.0,0.1637602953665092,0.1782821840413857,-0.0145218886748765,0.1516563962619272,0.1640576015431101,-0.0124012052811828,729.2385864257812,0.0450870785433187,0.009332180276882,9.182948700537848,4.9713345832195,4.37296440049234,5.303
2011_japan_earthquake,JPN_C29,2011-03,MYS_G,MYS,2011-04,1,-0.2010527263415537,-20904583.1852696,286333977.0221264,-116439701.34112638,-0.4066569484770874,,-56934039.9340932,0.0,-0.2010527263415537,0.346518294278185,-0.5475710206197387,-0.2244603246248857,0.2975222185085719,-0.5219825431334577,16223224160.397,19183961247.186,0.1824999184820823,18053569175.242676,1130392071.943325,0.0626132185259777,,0.0,0.1824999184820823,0.1128225189240611,0.0696773995580212,0.1676307724375085,0.1068995976886171,0.0607311747488914,544.0996704101562,0.0923617916021237,0.0111583644016865,9.0938453252436,7.42484738326097,7.26684593389439,3.39
2011_japan_earthquake,JPN_C29,2011-03,MYS_G,MYS,2011-05,2,-0.0384174926152986,-3281439.9516805997,235221375.00585836,-67243887.78585836,-0.2858749030957905,,-32879388.631440364,0.0,-0.0384174926152986,0.346518294278185,-0.3849357868934837,-0.0391749062936241,0.2975222182456036,-0.3366971245392278,16066672639.078,18284408950.245,0.1380333290523971,17879355116.947083,405053833.2979164,0.022654834620628,,0.0,0.1380333290523971,0.1128225189240612,0.0252108101283358,0.1293016226599874,0.1068995976885567,0.0224020249714307,544.0996704101562,0.0923617916021237,0.0111583644016865,9.0938453252436,7.42484738326097,7.26684593389439,3.39
2011_queensland_floods,AUS_B05,2011-01,CHN_D,CHN,2011-01,0,-0.0111495176058138,-2570906.3496447015,788470512.7906272,-176568547.79062724,-0.2239380483180019,,-65794911.3744377,0.0,-0.0111495176058138,0.2741901342425063,-0.2853396518483201,-0.0112121393624704,0.2423107876153452,-0.2535229269778156,65390084.0,65152070.0,-0.0036399096841655,99143200.0922536,-33991130.09225361,-0.3428488293763422,,0.0,-0.0036399096841655,0.4608136353643667,-0.4644535450485322,-0.0036465502185514,0.3789935603430905,-0.3826401105616419,1253.685546875,0.2417826995740904,0.0026656011284484,8.440365173125944,10.5962719761682,6.92845731295996,4.53
2011_queensland_floods,AUS_B05,2011-01,CHN_D,CHN,2011-02,1,-0.4032078067353634,-64979394.01548209,551063951.0577501,-292962232.0577501,-0.531630188284714,,-109166804.25527242,0.0,-0.4032078067353634,0.2741901342425062,-0.6773979409778697,-0.5161863096068267,0.2423107874655272,-0.7584970970723539,82446576.0,81930814.0,-0.0062557115773977,120439082.40990488,-38508268.40990488,-0.3197323297336743,,0.0,-0.0062557115773977,0.4608136353643721,-0.4670693469417697,-0.0062753604530279,0.3789935611649362,-0.3852689216179641,1253.685546875,0.2417826995740904,0.0026656011284484,8.440365173125944,10.5962719761682,6.92845731295996,4.53
2011_queensland_floods,AUS_B05,2011-01,CHN_D,CHN,2011-03,2,-0.6614469744467641,-92737817.98744048,479421068.989903,-352038624.989903,-0.7342994452280053,,-131180498.57359192,0.0,-0.6614469744467641,0.274190134242506,-0.9356371086892702,-1.0830745450990025,0.2423107873911725,-1.3253853324901748,69965968.0,80207909.0,0.1463846108725316,102207240.0658672,-21999331.0658672,-0.2152423942931028,,0.0,0.1463846108725316,0.4608136353643718,-0.3144290244918402,0.1366131717441305,0.3789935604824315,-0.2423803887383009,1253.685546875,0.2417826995740904,0.0026656011284484,8.440365173125944,10.5962719761682,6.92845731295996,4.53
2011_queensland_floods,AUS_B05,2011-01,CHN_D,CHN,2011-04,3,-0.5030419943777875,-65324752.8812812,444046867.4189098,-270860276.4189098,-0.6099812796638483,,-100930930.81883448,0.0,-0.5030419943777875,0.2741901342425062,-0.7772321286202937,-0.6992497492808027,0.2423107873456125,-0.9415605366264151,88996517.0,213192971.0,1.395520388736112,130007325.5335368,83185645.4664632,0.6398535246000776,,0.0,1.395520388736112,0.4608136353643668,0.9347067533717452,0.8736004820243437,0.3789935614465278,0.4946069205778158,1253.685546875,0.2417826995740904,0.0026656011284484,8.440365173125944,10.5962719761682,6.92845731295996,4.53
2011_queensland_floods,AUS_B05,2011-01,CHN_D,CHN,2011-05,4,-0.5342579716083039,-79006665.89168777,505670945.36402416,-320838081.36402416,-0.6344799603486376,,-119554209.35965332,0.0,-0.5342579716083039,0.2741901342425061,-0.8084481058508101,-0.7641233823942208,0.2423107874208625,-1.0064341698150834,86951521.0,95574912.0,0.0991746998882285,127019967.49247164,-31445055.492471635,-0.2475599396947992,,0.0,0.0991746998882285,0.4608136353643719,-0.3616389354761434,0.0945596243422599,0.3789935613631705,-0.2844339370209106,1253.685546875,0.2417826995740904,0.0026656011284484,8.440365173125944,10.5962719761682,6.92845731295996,4.53
2011_thailand_floods,THA_C26,2011-10,CHN_C26,CHN,2011-10,0,-0.0705411489626309,-62038784.5812883,1540555070.875,-302959078.875,-0.1966557928389578,,-200104104.3912559,0.0,-0.0705411489626309,0.146763825066337,-0.217304974028968,-0.073152742741037,0.136943910194951,-0.210096652935988,49489405505.0,53251462044.0,0.0760174122241155,55163802460.99999,-1912340416.9999924,-0.0346665808317327,,0.0,0.0760174122241155,0.1969601746517471,-0.1209427624276315,0.0732666439716496,0.179785155051146,-0.1065185110794963,4253.7744140625,0.1431577273231884,0.0061557744549176,8.440365173125944,10.5962719761682,6.92845731295996,4.53
2011_thailand_floods,THA_C26,2011-10,CHN_C26,CHN,2011-11,1,-0.2928526163717018,-252326940.47909084,1527041092.3749998,-604570718.3749998,-0.3959099210845163,,-399318226.7085064,0.0,-0.2928526163717018,0.1482552106704755,-0.4411078270421773,-0.3465161710872131,0.1382435820397241,-0.4847597531269372,55071335551.0,56652581832.0,0.0287126917329915,57954767484.00001,-1302185652.0000076,-0.0224689996790947,,0.0,0.0287126917329915,0.1857135184839132,-0.1570008267509217,0.0283082067208795,0.1703447186820668,-0.1420365119611872,4253.7744140625,0.1431577273231884,0.0061557744549176,8.440365173125944,10.5962719761682,6.92845731295996,4.53
2011_thailand_floods,THA_C26,2011-10,CHN_C26,CHN,2011-12,2,-0.3544274571984553,-352100462.02837414,1626827036.8750007,-655842615.8750007,-0.4031421909085183,,-433183252.8624547,0.0,-0.3544274571984553,0.1379074848875155,-0.4923349420859709,-0.4376176923031778,0.1291910360822399,-0.5668087283854177,52091662742.0,55495520012.0,0.0653436095303513,56464931079.50001,-969411067.5000076,-0.0171683742274496,,0.0,0.0653436095303513,0.1915522214056819,-0.1262086118753306,0.0632973851804123,0.1752568448812823,-0.1119594597008699,4253.7744140625,0.1431577273231884,0.0061557744549176,8.440365173125944,10.5962719761682,6.92845731295996,4.53
2011_thailand_floods,THA_C26,2011-10,CHN_C26,CHN,2012-01,3,-0.335190461142681,-309715925.21760225,1574264732.3750002,-644234421.3750002,-0.4092287708199381,,-425516054.4650748,0.0,-0.335190461142681,0.1431712410140231,-0.4783617021567041,-0.408254686721758,0.1338061906603833,-0.5420608773821414,43746895111.0,42301307583.0,-0.0330443457605866,52292547263.99997,-9991239680.99997,-0.1910643142044505,,0.0,-0.0330443457605866,0.210046340496647,-0.2430906862572336,-0.0336026436908838,0.1906586568024018,-0.2242613004932856,4253.7744140625,0.1431577273231884,0.0061557744549176,8.440365173125944,10.5962719761682,6.92845731295996,4.53
2011_thailand_floods,THA_C26,2011-10,MYS_C26,MYS,2011-11,1,-0.0903135445193427,-10301053.890207244,228612540.32825023,-38141960.77125022,-0.1668410696827243,,-20777611.05466363,0.0,-0.0903135445193427,0.1272993503819998,-0.2176128949013425,-0.0946552927864523,0.1198248162512563,-0.2144801090377086,6261132499.974001,5821894282.474998,-0.0701531579951113,6806626656.407867,-984732373.932869,-0.1446725997533339,,0.0,-0.0701531579951113,0.0453592985492337,-0.115512456544345,-0.0727353924012668,0.0443606526782751,-0.1170960450795419,552.0642700195312,0.0642392794935297,0.0219675328113169,9.0938453252436,7.42484738326097,7.26684593389439,3.39
2011_thailand_floods,THA_C26,2011-10,MYS_C26,MYS,2011-12,2,-0.3464446905416166,-37926629.684583545,224404183.44175023,-93063252.14575024,-0.414712643580939,,-50695664.76047498,0.0,-0.3464446905416166,0.1299969972021158,-0.4764416877437324,-0.4253281111180023,0.1222149747981582,-0.5475430859161605,6783991125.183,6455053675.9800005,-0.0484873053536204,7068055969.012368,-613002293.0323677,-0.0867285567233593,,0.0,-0.0484873053536204,0.0436084112123298,-0.0920957165659502,-0.0497022506076305,0.0426843340466227,-0.0923865846542533,552.0642700195312,0.0642392794935297,0.0219675328113169,9.0938453252436,7.42484738326097,7.26684593389439,3.39
2011_thailand_floods,THA_C26,2011-10,MYS_C26,MYS,2012-01,3,-0.289326468446676,-28593135.08452922,214631437.5202503,-85702277.35425031,-0.3992997407295675,,-46685816.6009055,0.0,-0.289326468446676,0.136725402739867,-0.426051871186543,-0.341542120382865,0.1281516746199322,-0.4696937950027973,5992939534.271,5531138044.827001,-0.0770575919885656,6672530173.556372,-1141392128.729371,-0.1710583690206115,,0.0,-0.0770575919885656,0.0463130930860343,-0.1233706850745999,-0.0801884429327515,0.0452726450212779,-0.1254610879540294,552.0642700195312,0.0642392794935297,0.0219675328113169,9.0938453252436,7.42484738326097,7.26684593389439,3.39
2011_thailand_floods,THA_C26,2011-10,MYS_C26,MYS,2012-02,4,-0.1624581095137211,-16294022.916398425,203171131.53275025,-48965274.82675028,-0.2410050800886409,,-26673548.369379792,0.0,-0.1624581095137211,0.1455602974642633,-0.3080184069779845,-0.1772839969892032,0.1358938593641845,-0.3131778563533878,6457281881.665,6125121162.218,-0.0514397118685722,6359222874.13637,-234101711.9183693,-0.0368129434290604,,0.0,-0.0514397118685722,0.0487059900717257,-0.100145701940298,-0.0528099300673012,0.0475570137363412,-0.1003669438036425,552.0642700195312,0.0642392794935297,0.0219675328113169,9.0938453252436,7.42484738326097,7.26684593389439,3.39
2011_thailand_floods,THA_C26,2011-10,MYS_C26,MYS,2012-03,5,-0.1585580357166098,-19877757.392304696,246192638.0572503,-52545671.1702503,-0.2134331537486153,,-28623948.431215543,0.0,-0.1585580357166098,0.1171443092225637,-0.2757023449391735,-0.1726382338943004,0.1107757048408331,-0.2834139387351335,7955100366.299999,6789653576.502001,-0.1465030906128039,7825455458.4633665,-1035801881.9613656,-0.1323631432648598,,0.0,-0.1465030906128039,0.0392221545074063,-0.1857252451202102,-0.1584133578372544,0.0384725049520504,-0.1968858627893048,552.0642700195312,0.0642392794935297,0.0219675328113169,9.0938453252436,7.42484738326097,7.26684593389439,3.39
2011_thailand_floods,THA_C26,2011-10,MYS_C26,MYS,2012-04,6,-0.095703083159148,-9332118.173150895,221891404.72175032,-60019024.22775033,-0.2704882791787884,,-32695013.99688408,0.0,-0.095703083159148,0.1316629557316513,-0.2273660388907993,-0.1005975240931142,0.1236881925670623,-0.2242857166601766,6744823427.6119995,6150136888.585,-0.088169326507862,7074677307.361368,-924540418.776368,-0.1306830514819894,,0.0,-0.088169326507862,0.0435658190925213,-0.1317351456003834,-0.0923009711619045,0.0426435208560604,-0.134944492017965,552.0642700195312,0.0642392794935297,0.0219675328113169,9.0938453252436,7.42484738326097,7.26684593389439,3.39
2011_thailand_floods,THA_C26,2011-10,JPN_C26,JPN,2011-10,0,-0.1173699693775764,-23806151.727476142,421291701.82900023,-60050553.613000214,-0.1425391322741371,,-29759847.9045222,0.0,-0.1173699693775764,0.1016495239140797,-0.2190194932916561,-0.1248491572222647,0.0968086235295402,-0.2216577807518049,14008898551.953,13122755174.100002,-0.0632557495199691,13630212214.280376,-507457040.18037415,-0.037230311032774,,0.0,-0.0632557495199691,0.0669506245118052,-0.1302063740317744,-0.0653449790538402,0.0648046961847548,-0.1301496752385951,534.0665893554688,0.1070339449598521,0.0032160468201631,10.713732116746254,4.09791791943181,-1.88074195006213,5.102
2011_thailand_floods,THA_C26,2011-10,JPN_C26,JPN,2011-11,1,-0.3585905636556556,-76338446.01784745,431436076.84899986,-155907841.12899983,-0.3613695040703948,,-77264793.7439995,0.0,-0.3585905636556556,0.0990227610151822,-0.4576133246708379,-0.4440872784245329,0.0944213856373608,-0.5385086640618937,12384863070.689,11828845612.17,-0.0448949217561327,12818194473.648376,-989348861.4783764,-0.0771831683090998,,0.0,-0.0448949217561327,0.0714950970349321,-0.1163900187910649,-0.0459339149756914,0.0690549601197716,-0.114988875095463,534.0665893554688,0.1070339449598521,0.0032160468201631,10.713732116746254,4.09791791943181,-1.88074195006213,5.102
2011_thailand_floods,THA_C26,2011-10,JPN_C26,JPN,2011-12,2,-0.3485953760887829,-75505435.2820116,435183574.2715,-150479462.94349998,-0.3457838756791396,,-74574598.57594483,0.0,-0.3485953760887829,0.0980864063153374,-0.4466817824041204,-0.4286242865201259,0.0935690340419803,-0.5221933205621063,13400467728.0,12739982776.091995,-0.049288201375832,13325996802.303877,-586014026.2118797,-0.0439752488992467,,0.0,-0.049288201375832,0.0685838447166594,-0.1178720460924915,-0.0505443132304535,0.0663342622456681,-0.1168785754761216,534.0665893554688,0.1070339449598521,0.0032160468201631,10.713732116746254,4.09791791943181,-1.88074195006213,5.102
2011_thailand_floods,THA_C26,2011-10,JPN_C26,JPN,2012-01,3,-0.1850441369631523,-34031216.68290761,402201580.564,-99773200.06000006,-0.2480676478697321,,-49445593.422310494,0.0,-0.1850441369631523,0.1069904199665936,-0.292034556929746,-0.2046213223788981,0.1016449993729935,-0.3062663217518917,10773595042.11,10169263793.031996,-0.0560937409208251,12012560459.358875,-1843296666.3268816,-0.1534474413313596,,0.0,-0.0560937409208251,0.0766575494013924,-0.1327512903222175,-0.0577284195847802,0.0738613804759751,-0.1315898000607553,534.0665893554688,0.1070339449598521,0.0032160468201631,10.713732116746254,4.09791791943181,-1.88074195006213,5.102
2011_thailand_floods,THA_C26,2011-10,JPN_C26,JPN,2012-02,4,-0.1023040383721756,-18671867.6186565,408912893.9935,-78307022.82049996,-0.1915004979562828,,-38807387.25595234,0.0,-0.1023040383721756,0.105049965197927,-0.2073540035701026,-0.1079238404967277,0.0998905510642309,-0.2078143915609587,11991429586.202002,12006244347.95,0.0012354458358364,12676004244.49688,-669759896.5468788,-0.0528368311992043,,0.0,0.0012354458358364,0.0723551045802196,-0.0711196587443832,0.0012346833005096,0.0698572620629107,-0.068622578762401,534.0665893554688,0.1070339449598521,0.0032160468201631,10.713732116746254,4.09791791943181,-1.88074195006213,5.102
2011_thailand_floods,THA_C26,2011-10,JPN_C26,JPN,2012-03,5,-0.1369461604982463,-26955905.764092427,441055091.1935,-98264994.89749992,-0.2227952853499406,,-48698157.24488443,0.0,-0.1369461604982463,0.0966544291342847,-0.233600589632531,-0.1472782030004857,0.0922641169836495,-0.2395423199841353,13085346332.953997,13243279142.159,0.0120694405166233,14139818257.268875,-896539115.1098747,-0.0634052785401955,,0.0,0.0120694405166233,0.0643823405792368,-0.0523129000626134,0.0119971856216061,0.0623946690164523,-0.0503974833948461,534.0665893554688,0.1070339449598521,0.0032160468201631,10.713732116746254,4.09791791943181,-1.88074195006213,5.102
2011_thailand_floods,THA_C26,2011-10,USA_C26,USA,2011-11,1,-0.3479779549715001,-72818084.29142265,870214847.6249999,-327518834.6249999,-0.376365486659838,,-82343523.45808978,0.0,-0.3479779549715001,0.098523198393666,-0.4465011533651661,-0.4276769055924667,0.0939667307527187,-0.5216436363451855,19695448081.0,20436070576.0,0.0376037392982427,21331110851.28945,-895040275.2894516,-0.0419593841844081,-1.6080952825421946,556584106.057762,0.0376037392982427,0.1046919137539119,-0.0670881744556691,0.0369139578072932,0.0995664850073403,-0.0626525272000471,266.4036865234375,0.1022070289051686,0.0021486201392266,10.792275733004598,2.69519257744442,1.21525703756249,9.633
2011_thailand_floods,THA_C26,2011-10,USA_C26,USA,2011-12,2,-0.3236079898466719,-67408266.26207808,868308856.6249999,-307907440.6249999,-0.3546058965951295,,-77412902.34210472,0.0,-0.3236079898466719,0.0987608212883937,-0.4223688111350656,-0.3909824737602996,0.0941830185816492,-0.4851654923419488,20893555670.0,20947194359.0,0.0025672360342675,22915110744.766903,-1967916385.766903,-0.0858785457197196,-3.535703525035035,556584106.057762,0.0025672360342675,0.0967549221938565,-0.0941876861595889,0.0025639463128435,0.0923557490315296,-0.0897918027186861,266.4036865234375,0.1022070289051686,0.0021486201392266,10.792275733004598,2.69519257744442,1.21525703756249,9.633
2011_thailand_floods,THA_C26,2011-10,USA_C26,USA,2012-01,3,-0.1747954489976048,-32699467.419552825,826089076.1249998,-212074040.12499976,-0.2567205477644033,,-53318838.03836613,0.0,-0.1747954489976048,0.1043349191543638,-0.2791303681519687,-0.1921239824860094,0.0992432705208372,-0.2913672530068467,18582151941.0,18803570779.0,0.0119156725605852,20774462781.289436,-1970892002.2894363,-0.0948709010210615,-3.5410497368476745,556584106.057762,0.0119156725605852,0.1077995144845943,-0.0958838419240091,0.0118452398834065,0.1023756283416723,-0.0905303884582657,266.4036865234375,0.1022070289051686,0.0021486201392266,10.792275733004598,2.69519257744442,1.21525703756249,9.633
2011_thailand_floods,THA_C26,2011-10,USA_C26,USA,2012-02,4,-0.0122937507946473,-2171821.9301685067,804282639.125,-110258711.125,-0.1370895077941174,,-27720820.31977029,0.0,-0.0122937507946473,0.1074677488617437,-0.1197614996563911,-0.012369944042561,0.102076101712921,-0.1144460457554821,17540791367.0,18783412766.0,0.0708418094144703,19844046068.78943,-1060633302.7894288,-0.0534484398550951,-1.9056119124597437,556584106.057762,0.0708418094144703,0.1134271490395523,-0.042585339625082,0.0684450769246396,0.1074427803690269,-0.0389977034443873,266.4036865234375,0.1022070289051686,0.0021486201392266,10.792275733004598,2.69519257744442,1.21525703756249,9.633
2011_thailand_floods,THA_C26,2011-10,CZE_C26,CZE,2011-10,0,-0.3965535426037825,-25111440.835226044,76076786.59912501,-18343962.219125003,-0.2411243039980869,,-12141682.810230397,0.0,-0.3965535426037825,0.0524791576733334,-0.4490327002771159,-0.5050979556504736,0.0511484830028372,-0.5562464386533108,2828224872.0829997,2937605458.6339993,0.0386746427523071,3462147192.0802627,-524541733.4462633,-0.1515076351017553,-15.128586146811765,34672224.38078304,0.0386746427523071,0.2241414159278721,-0.1854667731755649,0.0379455184559311,0.2022397132404201,-0.1642941947844889,179.352294921875,0.0931851755269287,0.0179697158522733,9.911526925389676,2.71466509907701,-0.485125297413731,7.281
2011_thailand_floods,THA_C26,2011-10,CZE_C26,CZE,2011-11,1,-0.4704230972839777,-24171923.88174271,67056522.444624975,-25944780.340624973,-0.3869091237478065,,-17172587.34585399,0.0,-0.4704230972839777,0.0599618054161909,-0.5303849027001686,-0.6356768765641831,0.0582328739543527,-0.6939097505185359,2931602413.007,2906129789.82,-0.0086889760610041,3434312286.8393044,-528182497.0193043,-0.1537957101465009,-15.2335913386638,34672224.38078304,-0.0086889760610041,0.2263693038864264,-0.2350582799474305,-0.0087269453131426,0.2040580187494995,-0.2127849640626422,179.352294921875,0.0931851755269287,0.0179697158522733,9.911526925389676,2.71466509907701,-0.485125297413731,7.281
2011_thailand_floods,THA_C26,2011-10,CZE_C26,CZE,2011-12,2,-0.2934103181699655,-8065642.514477161,49006634.87312497,-19660889.67812497,-0.4011883233571485,,-13013343.75786306,0.0,-0.2934103181699655,0.0838995571678263,-0.3773098753377918,-0.3473051367268311,0.0805652375730225,-0.4278703742998537,2597414602.7,2534680419.201,-0.0241525490130792,3267218381.498031,-732537962.2970309,-0.2242084479094904,-21.12751562322715,34672224.38078304,-0.0241525490130792,0.2407334050885412,-0.2648859541016205,-0.0244490049939862,0.215702660418831,-0.2401516654128173,179.352294921875,0.0931851755269287,0.0179697158522733,9.911526925389676,2.71466509907701,-0.485125297413731,7.281
2011_thailand_floods,THA_C26,2011-10,DEU_C26,DEU,2011-10,0,-0.1885517095839463,-12645508.125618096,196219016.3476223,-27236618.455622345,-0.1388072316465487,-14.389699838853389,-8771591.107788552,1892785.7259455272,-0.1885517095839463,0.0451563655223031,-0.2337080751062494,-0.2089346139326444,0.0441665060716403,-0.2531011200042847,15454098921.963997,14043447412.097998,-0.0912800880199572,17195526853.91997,-3152079441.821974,-0.1833081049856527,-45.30090471390155,69580937.99073048,-0.0912800880199572,0.1126833441970627,-0.2039634322170199,-0.095718359913949,0.1067745252456973,-0.2024928851596463,98.19930267333984,0.0286433317049187,0.0018255701404542,10.654855682466964,4.13463778522758,0.699760025176531,7.043
2011_thailand_floods,THA_C26,2011-10,DEU_C26,DEU,2011-11,1,-0.4002120203224507,-28313134.829480752,219298418.2111224,-87542420.2351224,-0.3991931220901182,-46.25057080425267,-28193159.005396888,1892785.7259455272,-0.4002120203224507,0.0402129140970238,-0.4404249344194745,-0.5111790503814504,0.0394254171098786,-0.5506044674913291,15760795382.557,15265608957.733002,-0.031418872766538,17353469690.979996,-2087860733.246994,-0.120313733819596,-30.006217126954184,69580937.99073048,-0.031418872766538,0.1115433575920433,-0.1429622303585813,-0.0319230337832046,0.1057494618348648,-0.1376724956180695,98.19930267333984,0.0286433317049187,0.0018255701404542,10.654855682466964,4.13463778522758,0.699760025176531,7.043
2011_thailand_floods,THA_C26,2011-10,DEU_C26,DEU,2011-12,2,-0.3977634131899454,-22790222.69852108,176622932.2606225,-69479469.0996225,-0.3933773956209689,-36.70751958197199,-22375960.302161258,1892785.7259455272,-0.3977634131899454,0.0504190066451675,-0.448182419835113,-0.507104905820075,0.0491891382309006,-0.5562940440509756,14354019934.155,13681718018.375,-0.0468371869945836,16486623975.132494,-2804905956.757494,-0.1701322211865969,-40.31141340939039,69580937.99073048,-0.0468371869945836,0.1181008039608506,-0.1649379909554343,-0.0479695473084547,0.1116315352057526,-0.1596010825142073,98.19930267333984,0.0286433317049187,0.0018255701404542,10.654855682466964,4.13463778522758,0.699760025176531,7.043
2011_thailand_floods,THA_C26,2011-10,DEU_C26,DEU,2012-01,3,-0.2910712299424423,-14660656.00538225,174147617.98261234,-63273154.19561234,-0.3633305751097314,-33.42858799508576,-20377207.897825487,1892785.7259455272,-0.2910712299424423,0.0511723292744471,-0.3422435592168894,-0.3440002202348644,0.0499060451193678,-0.3939062653542322,12709961042.384,12200872825.498,-0.0400542704409822,14678375002.642494,-2477502177.144493,-0.1687858619703119,-35.60604741307949,69580937.99073048,-0.0400542704409822,0.1346082173301014,-0.1746624877710836,-0.0408785278243044,0.1262874083657692,-0.1671659361900737,98.19930267333984,0.0286433317049187,0.0018255701404542,10.654855682466964,4.13463778522758,0.699760025176531,7.043
2011_thailand_floods,THA_C26,2011-10,DEU_C26,DEU,2012-02,4,-0.0752479052664484,-3420613.369816718,148844951.2931224,-18315141.128122404,-0.1230484539045879,-9.676288698221882,-5898416.843452456,1892785.7259455272,-0.0752479052664484,0.0603966783748879,-0.1356445836413364,-0.0782295825066299,0.058643062595511,-0.1368726451021409,12761610492.937002,12891378571.425003,0.0101686286820791,14547884923.95399,-1656506352.528988,-0.1138657860704856,-23.8068988484988,69580937.99073048,0.0101686286820791,0.135979793133457,-0.1258111644513779,0.0101172760074277,0.1274955323967752,-0.1173782563893475,98.19930267333984,0.0286433317049187,0.0018255701404542,10.654855682466964,4.13463778522758,0.699760025176531,7.043
2011_thailand_floods,THA_C26,2011-10,DEU_C26,DEU,2012-03,5,-0.2491056465758976,-13947682.937399063,197106919.85262236,-66558343.15562236,-0.3376763393461188,-35.16422500617371,-21435207.60200979,1892785.7259455272,-0.2491056465758976,0.0449438083246172,-0.2940494549005149,-0.2864903097405964,0.0439631118048318,-0.3304534215454282,15918454903.285,14177241907.080996,-0.1093832917065762,17340050400.879494,-3162808493.798496,-0.1823990369507852,-45.455099990457775,69580937.99073048,-0.1093832917065762,0.1116393168316656,-0.2210226085382418,-0.1158411255470746,0.1058357878401672,-0.2216769133872418,98.19930267333984,0.0286433317049187,0.0018255701404542,10.654855682466964,4.13463778522758,0.699760025176531,7.043
2012_us_droughts,USA_A01,2012-07,MEX_C10T12,MEX,2012-07,0,-0.1748461838322866,-110125123.2751622,796504902.9999996,-169157259.99999964,-0.2123744114604649,,-140135295.42424467,0.0,-0.1748461838322866,0.158872423171185,-0.3337186070034716,-0.1921854659075883,0.1474474831824537,-0.339632949090042,759170594.0,844527268.0,0.1124341151706937,765444586.7500002,79082681.24999976,0.1033160108764721,,0.0,0.1124341151706937,0.0788811470234679,0.0335529681472258,0.1065505108529372,0.0759245290618189,0.0306259817911183,2937.3681640625,0.1426615060815746,0.0342391815929986,9.274768987377271,3.44404505794418,5.66963367375268,5.175
2012_us_droughts,USA_A01,2012-07,MEX_C10T12,MEX,2012-08,1,-0.1305743655551353,-90028838.04391798,851247104.9999995,-127645918.99999952,-0.1499516629780486,,-105745970.16270052,0.0,-0.1305743655551353,0.147152192106677,-0.2777265576618123,-0.1399224754678876,0.137282516274805,-0.2772049917426926,843626476.0,835353088.0,-0.0098069326122002,887974532.7500002,-52621444.75000024,-0.0592600832672925,,0.0,-0.0098069326122002,0.0672643354296669,-0.0770712680418671,-0.009855337291782,0.0650986786095977,-0.0749540159013797,2937.3681640625,0.1426615060815746,0.0342391815929986,9.274768987377271,3.44404505794418,5.66963367375268,5.175
2012_us_droughts,USA_A01,2012-07,JPN_C10T12,JPN,2012-07,0,-0.2138996520646004,-123672776.564381,895931475.8955832,-201962643.92158303,-0.2254219762953399,-4.131226597593126,-132273578.64376172,48886847.32017545,-0.2138996520646004,0.014875614987054,-0.2287752670516545,-0.2406708252647078,0.0147660581568871,-0.255436883421595,292810852.2900001,285197887.70000005,-0.0259995984795677,259713056.81499964,25484830.885000408,0.098126875858821,,0.0,-0.0259995984795677,-0.0906713461285408,0.064671747648973,-0.0263435630098882,-0.0950486943868007,0.0687051313769124,2194.59521484375,0.1096570899383432,0.0092097215692862,10.794687711107184,0.0238095237995424,-1.62208025011698,4.55
2012_us_droughts,USA_A01,2012-07,JPN_C10T12,JPN,2012-08,1,-0.2525756311130526,-138323443.8179017,741926040.8578067,-116941113.72580671,-0.1576182898103976,-2.3920772178234837,-76589508.3503932,48886847.32017545,-0.2525756311130526,0.0180190629332075,-0.2705946940462602,-0.2911221571786377,0.017858643796309,-0.3089808009749468,276954242.6,303516741.447,0.0959093408269745,242803405.32799983,60713336.1190002,0.2500514193241374,,0.0,0.0959093408269745,-0.0963774151902082,0.1922867560171828,0.0915844665649245,-0.1013435000476263,0.1929279666125509,2194.59521484375,0.1096570899383432,0.0092097215692862,10.794687711107184,0.0238095237995424,-1.62208025011698,4.55
2012_us_droughts,USA_A01,2012-07,JPN_C10T12,JPN,2012-09,2,-0.22911046982283,-116601759.71513651,679376116.8313059,-80343789.487306,-0.1182611332615567,-1.6434643240769664,-52620426.98061201,48886847.32017545,-0.22911046982283,0.0197107721695016,-0.2488212419923316,-0.260210196524941,0.0195190303608008,-0.2797292268857418,295969830.0,326944841.806,0.1046559772866038,263212923.31949964,63731918.48650035,0.2421306586422418,,0.0,0.1046559772866038,-0.0895737081502295,0.1942296854368333,0.0995339534031991,-0.0938423362384242,0.1933762896416233,2194.59521484375,0.1096570899383432,0.0092097215692862,10.794687711107184,0.0238095237995424,-1.62208025011698,4.55
2012_us_droughts,USA_A01,2012-07,CAN_C10T12,CAN,2012-07,0,-0.0402017809167219,-13833040.783956662,561691887.644875,-20298577.058874965,-0.0361382770614422,,-12382405.264478734,0.0,-0.0402017809167219,0.0742793117530364,-0.1144810926697583,-0.0410322049936056,0.071650028952078,-0.1126822339456836,2035484600.8919995,2141533775.9750004,0.0521002099630364,2237397292.654658,-95863516.67965746,-0.0428459965489258,-8.307901410282495,11538836.57803274,0.0521002099630364,0.099196374010707,-0.0470961640476705,0.0507883663734212,0.0945793436831756,-0.0437909773097544,1444.8326416015625,0.1656941988540264,0.0215728373354213,10.863313883498243,3.13719442170364,3.24445514350185,7.637
2012_us_droughts,USA_A01,2012-07,TUR_C10T12,TUR,2012-07,0,-0.0901562950644849,-6861819.657305144,22255253.550000235,111814595.44999976,5.024188792043602,7.991819525905792,57753381.11811449,13991131.192033106,-0.0901562950644849,-0.7954589802628176,0.7053026851983326,-0.0944824463681008,-1.5869867023594466,1.4925042559913455,735941755.0,739959804.0,0.0054597377750362,837864648.3749996,-97904844.37499964,-0.116850429917149,,0.0,0.0054597377750362,0.183743571880922,-0.1782838341058857,0.0054448874274903,0.1686819349828781,-0.1632370475553877,275.3826904296875,0.2680631195521832,0.0044927474974422,9.339141206039002,10.9799625273598,8.33655636534398,9.789
2012_us_droughts,USA_A01,2012-07,TUR_C10T12,TUR,2012-08,1,-0.3583620510069319,-21579664.698856287,30034723.7000001,44770823.2999999,1.4906354307497676,3.199943070042364,23124587.721402515,13991131.192033106,-0.3583620510069319,-0.7423798195949086,0.3840177685879767,-0.4437310719553053,-1.3562689230211014,0.912537851065796,796382156.0,779765871.0,-0.0208647128452235,892724799.8749995,-112958928.87499952,-0.1265327555488725,,0.0,-0.0208647128452235,0.1705265735502119,-0.1913912863954354,-0.0210854568456717,0.1574537102341615,-0.1785391670798333,275.3826904296875,0.2680631195521832,0.0044927474974422,9.339141206039002,10.9799625273598,8.33655636534398,9.789
2012_us_droughts,USA_A01,2012-07,THA_C10T12,THA,2012-07,0,-0.5850768293579752,-34761712.82038051,49557176.955842555,-2067086.9558425543,-0.041711152305637,-0.1001574455405749,-1073029.618595429,20638375.35677917,-0.5850768293579752,-0.3961263249362849,-0.1889505044216903,-0.8796618945533901,-0.5043902421738444,-0.3752716523795456,2599204284.0,2705649209.0,0.0409528891804488,2737649369.565746,-32000160.56574583,-0.0116889185742664,-0.2060116826698612,155331776.09653753,0.0409528891804488,0.0532644114262144,-0.0123115222457655,0.040136533243448,0.0518943045801734,-0.0117577713367253,218.13250732421875,0.2970913324064442,0.0074760562759313,8.589443763709863,0.840132083053334,3.7430981204437,0.66
2012_us_droughts,USA_A01,2012-07,THA_C10T12,THA,2012-08,1,-0.5998518836083166,-35860124.48856258,49546324.45584252,-3463872.4558425173,-0.0699117945455196,-0.16783648886901,-1798104.2014949522,20638375.35677917,-0.5998518836083166,-0.396178716393014,-0.2036731672153026,-0.9159204964188064,-0.5044770049026077,-0.4114434915161986,2841312997.0,2511732594.0,-0.1159958101581865,2529025267.4816394,-17292673.481639385,-0.006837683159591,-0.1113273402017377,155331776.09653753,-0.1159958101581865,0.0579127558299768,-0.1739085659881634,-0.1232934766694846,0.0562978686047408,-0.1795913452742255,218.13250732421875,0.2970913324064442,0.0074760562759313,8.589443763709863,0.840132083053334,3.7430981204437,0.66
2014_indonesia_mineral_export_ban,IDN_B07,2014-01,JPN_C24A,JPN,2014-02,1,-0.4689214337578559,-32113733.921770565,104920641.47637126,-43839995.21637125,-0.4178395652131452,-2.435514825605567,-26104559.50874877,18000299.056061324,-0.4689214337578559,-0.0722258560177595,-0.3966955777400963,-0.6328453019832132,-0.0749669544585884,-0.5578783475246247,5251501762.841999,4715411851.2,-0.1020831632267945,4541013823.042623,174398028.15737724,0.0384050863867498,,0.0,-0.1020831632267945,-0.1241923892214822,0.0221092259946877,-0.1076778243307607,-0.1326088345378799,0.0249310102071191,1067.8970947265625,0.3425539937153633,0.0050225426822489,10.61887673310568,2.00510017681211,-0.354375054368859,4.038
2014_indonesia_mineral_export_ban,IDN_B07,2014-01,JPN_C24A,JPN,2014-05,4,-0.9999586915561424,-74059220.8355498,116212261.11287878,-116207123.16087878,-0.9999557882107206,-6.455844027866182,-69195622.55702159,18000299.056061324,-0.9999586915561424,-0.0656689680972603,-0.934289723458882,-10.094249024033187,-0.067924479102789,-10.026324544930398,4946612453.731001,4842026457.6640005,-0.021142953292837,4493471352.108122,348555105.55587864,0.0775692283856117,,0.0,-0.021142953292837,-0.1253416886266696,0.1041987353338326,-0.0213696668158505,-0.133921970149732,0.1125523033338815,1067.8970947265625,0.3425539937153633,0.0050225426822489,10.61887673310568,2.00510017681211,-0.354375054368859,4.038
2014_indonesia_mineral_export_ban,IDN_B07,2014-01,JPN_C24A,JPN,2014-09,8,-0.4212940578609737,-31075480.53517686,79431736.80437127,-7744046.2043712735,-0.097493099306688,-0.4302176413987736,-4611198.381358828,18000299.056061324,-0.4212940578609737,-0.0932414406417456,-0.328052617219228,-0.5469607964963075,-0.0978790600887684,-0.449081736407539,4608794809.339001,4929048690.749999,0.0694875546991274,4146614624.8361216,782434065.9138775,0.1886922554190335,,0.0,0.0694875546991274,-0.1344169828772322,0.2039045375763596,0.0671796128985633,-0.1443519908249655,0.2115316037235288,1067.8970947265625,0.3425539937153633,0.0050225426822489,10.61887673310568,2.00510017681211,-0.354375054368859,4.038
2014_indonesia_mineral_export_ban,IDN_B07,2014-01,KOR_C24A,KOR,2014-02,1,-0.9999947294965406,-10600379.033801952,14373172.307935774,-14373059.307935774,-0.9999921381308468,,-7106349.457463379,0.0,-0.9999947294965406,-0.3296119082064971,-0.6703828212900433,-12.144574083825464,-0.3998984698774421,-11.744675613948022,3214628770.0,3130827267.0,-0.0260687964290197,3068504746.325502,62322520.67449808,0.0203103875752933,,0.0,-0.0260687964290197,-0.0454559559219331,0.0193871594929134,-0.0264146107098994,-0.0465214932536746,0.0201068825437751,167.35040283203125,0.1194737271342574,0.0023512007946556,10.255916061987897,3.2913959543442,1.07703832086861,2.747
2014_indonesia_mineral_export_ban,IDN_B07,2014-01,KOR_C24A,KOR,2014-04,3,-0.9999994611766644,-20187074.849169344,27371750.704994,-27371728.704994,-0.9999991962516304,,-13533171.00174858,0.0,-0.9999994611766644,-0.3296119082064971,-0.6703875529701672,-14.389426344720764,-0.3998984807678347,-13.98952786395293,3240046981.0,3543026601.0,0.0935108724585497,3092767548.246675,450259052.753325,0.1455845115190056,,0.0,0.0935108724585497,-0.0454559559219331,0.1389668283804828,0.0893935038650362,-0.0465214932537882,0.1359149971188245,167.35040283203125,0.1194737271342574,0.0023512007946556,10.255916061987897,3.2913959543442,1.07703832086861,2.747
2014_indonesia_mineral_export_ban,IDN_B07,2014-01,ESP_C24B,ESP,2014-01,0,-0.7003667680227806,-20339315.74586021,58817325.151267536,-36356089.184267536,-0.6181187106140281,,-14084592.812115123,0.0,-0.7003667680227806,-0.215375981213951,-0.4849907868088295,-1.2051960811569735,-0.2425506292349197,-0.9626454519220538,1671261773.2159998,1723550325.891,0.0312868716995672,1512059453.5084991,211490872.3825009,0.1398694157771172,,0.0,0.0312868716995672,-0.0462688615760049,0.0775557332755721,0.0308074123847674,-0.047373472774904,0.0781808851596714,88.76270294189453,0.0559133436720253,0.0074496380727317,10.282945608684807,-1.42732224757626,0.438175032697188,26.094
2014_indonesia_mineral_export_ban,IDN_B07,2014-01,AUS_C24B,AUS,2014-01,0,-0.6227725558830366,-1062408.9736834618,7223048.916409094,-6425038.023409094,-0.8895188303117948,-5.012048826695721,-5181224.70914434,1281918.4819563918,-0.6227725558830366,0.0464903894717826,-0.6692629453548192,-0.9749061929960324,0.0454420729296867,-1.020348265925719,2117049788.034,1962612618.178,-0.0729492384774844,1795239893.6571674,167372724.52083254,0.0932313977158059,1.1831467357884402,141464046.22356212,-0.0729492384774844,-0.1520086566652417,0.0790594181877572,-0.0757469559543615,-0.1648848514893188,0.0891378955349573,32.769500732421875,0.1348369419737076,0.0013496908437394,11.1342631149376,2.65445302592404,-0.13127264372919,5.663
2014_indonesia_mineral_export_ban,IDN_B07,2014-01,DEU_C23,DEU,2014-03,2,-0.999812742941074,-18800.254709411536,-5713884.581725816,5713898.404725816,,0.645028606544507,1455504.2226841457,8858364.337259136,-0.999812742941074,-120.16600934075296,119.16619659781188,-8.513195628041347,,,2162821229.4469995,2411785170.574,0.1151107348759733,2378106528.5257506,33678642.048249245,0.0141619568527602,,0.0,0.1151107348759733,0.0370997477231151,0.0780109871528582,0.1089537137231744,0.0364281133456962,0.0725256003774781,18.798500061035156,0.0476080967527476,0.000522493979889,10.762315161004778,0.396995583779145,1.99569888138804,5.316
2014_russia_crimea_sanctions,RUS_C26,2014-03,BLR_C26,BLR,2014-03,0,-0.0199929313313039,-460950.6999960715,48786568.1818181,-5807868.181818098,-0.1190464588567348,-3.0727887472744224,-3053308.512652787,1890096.8011451173,-0.0199929313313039,0.1110931099989976,-0.1310860413303015,-0.0201954939511104,0.1053443122485617,-0.1255398061996722,60383300.0,56028000.0,-0.0721275584474515,59744803.22837398,-3716803.228373982,-0.0622113226177435,-0.8274824608143255,4491700.313159841,-0.0721275584474515,-0.006527977325546,-0.0655995811219054,-0.0748610095799691,-0.0065493776454488,-0.0683116319345202,81.58270263671875,0.0523267996359172,0.0980996172849653,8.987081839620107,0.998719299661161,21.2630002283286,5.937
2014_russia_crimea_sanctions,RUS_C26,2014-03,BLR_C26,BLR,2014-04,1,-0.1937553874149985,-5104944.887365252,51614218.18181806,-11207818.18181806,-0.2171459449862633,-5.92975882241999,-5892166.556042123,1890096.8011451173,-0.1937553874149985,0.1043717260683241,-0.2981271134833227,-0.2153680881644284,0.0992765975544252,-0.3146446857188536,45263500.0,46860400.0,0.0352800821854253,42098420.47376518,4761979.5262348205,0.1131153965551363,1.0601730289714817,4491700.313159841,0.0352800821854253,-0.0092390266669611,0.0445191088523864,0.0346720001631304,-0.0092819709694218,0.0439539711325522,81.58270263671875,0.0523267996359172,0.0980996172849653,8.987081839620107,0.998719299661161,21.2630002283286,5.937
2014_russia_crimea_sanctions,RUS_C26,2014-03,KOR_C26,KOR,2014-03,0,-0.1820099192274328,-682275.4053917767,2418167.4316426395,852068.5683573605,0.3523612787136737,,798928.9278142542,0.0,-0.1820099192274328,-0.325914322297852,0.1439044030704191,-0.2009050129913259,-0.3943979231188699,0.193492910127544,12106896171.0,13404340397.0,0.1071657184198709,12684098800.142944,720241596.8570557,0.0567830326935752,,0.0,0.1071657184198709,0.0476755248405886,0.0594901935792822,0.1018033429841303,0.0465739242531455,0.0552294187309847,48.12850189208984,0.1670931170082876,0.0002394852759375,10.255916061987897,3.2913959543442,1.07703832086861,2.747
2014_russia_crimea_sanctions,RUS_C26,2014-03,UKR_G,UKR,2014-04,1,-0.3957919280278171,-3501704.4050034992,36454712.07137738,-10379397.101377385,-0.2847203149226578,-2.5440287625215054,-2127853.0756366607,4079905.5632884745,-0.3957919280278171,-0.1552841711914226,-0.2405077568363945,-0.5038366351714174,-0.1687550011938796,-0.3350816339775377,6061110948.42,5079200184.58,-0.1620017802340283,5218826795.757502,-139626611.17750168,-0.0267544060460115,,0.0,-0.1620017802340283,-0.0830746454085357,-0.0789271348254925,-0.1767393028546955,-0.086729211777186,-0.0900100910775094,45.067901611328125,0.0482416544494572,0.0027402756703275,8.326249847036435,0.045439094492707,4.30879343709354,7.17
2014_russia_crimea_sanctions,RUS_C26,2014-03,UKR_G,UKR,2014-05,2,-0.1572795482938089,-999900.403966008,22467761.1511226,3665795.238877405,0.1631580117939006,0.8985000221237254,751515.1022273143,4079905.5632884745,-0.1572795482938089,-0.2297445468079574,0.0724649985141485,-0.1711199812190891,-0.2610330515359393,0.0899130703168502,5216838820.01,5003901344.25,-0.0408173384508728,5023174955.642498,-19273611.392498016,-0.0038369381044249,,0.0,-0.0408173384508728,-0.0860320116642029,0.0452146732133301,-0.0416737513736649,-0.0899597318268341,0.0482859804531692,45.067901611328125,0.0482416544494572,0.0027402756703275,8.326249847036435,0.045439094492707,4.30879343709354,7.17
2014_russia_crimea_sanctions,RUS_C26,2014-03,UKR_G,UKR,2014-06,3,-0.1748039024653902,-1190251.0684463726,22570072.721122615,4837786.308877386,0.2143451803923456,1.185759384336839,991781.928764592,4079905.5632884745,-0.1748039024653902,-0.2289415305939142,0.0541376281285239,-0.1921342205329743,-0.2599910623450476,0.0678568418120733,4784458453.11,4425723888.26,-0.0749791367958926,4421422030.832497,4301857.427503586,0.0009729578849304,,0.0,-0.0749791367958926,-0.0966097234327256,0.021630586636833,-0.0779389868918727,-0.1016006189510427,0.02366163205917,45.067901611328125,0.0482416544494572,0.0027402756703275,8.326249847036435,0.045439094492707,4.30879343709354,7.17
2014_russia_crimea_sanctions,RUS_C26,2014-03,UKR_G,UKR,2014-07,4,-0.2027465976917965,-1226247.753762905,21904235.476122618,1616533.7838773876,0.073800055045954,0.3962184317262563,331401.36660130305,4079905.5632884745,-0.2027465976917965,-0.2342704600177779,0.0315238623259813,-0.2265826969262079,-0.2669262418572486,0.0403435449310407,5208682923.69,4807875127.4,-0.0769499319044851,4775631658.942499,32243468.457500458,0.0067516656979027,,0.0,-0.0769499319044851,-0.0900897029811182,0.0131397710766331,-0.0800718009772651,-0.094409259015709,0.0143374580384438,45.067901611328125,0.0482416544494572,0.0027402756703275,8.326249847036435,0.045439094492707,4.30879343709354,7.17
2014_russia_crimea_sanctions,RUS_C26,2014-03,DEU_C26,DEU,2014-03,0,-0.5744112368396944,-4421406.468394656,15965718.62354721,-6130466.133547209,-0.3839768367523167,-1.7804376559989754,-2041905.5609156855,3443235.494874715,-0.5744112368396944,-0.3091351250941288,-0.2652761117455656,-0.8542816852488571,-0.3698110050383079,-0.4844706802105492,13272129058.54,14179994498.231998,0.0684039038264044,14359533093.857014,-179538595.62501526,-0.0125030942476689,-1.0768825688919192,166720681.3550295,0.0684039038264044,0.0303690147028666,0.0380348891235378,0.0661658561418363,0.0299170047790511,0.0362488513627852,29.664899826049805,0.0304136795071931,0.0006391904866852,10.762315161004778,0.396995583779145,1.99569888138804,5.316
2014_russia_crimea_sanctions,RUS_C26,2014-03,DEU_C26,DEU,2014-04,1,-0.4318603602625485,-3460805.7697594054,12775220.263858307,894096.9091416933,0.0699868096733435,0.2596676615562787,297801.4087352255,3443235.494874715,-0.4318603602625485,-0.3586497772949045,-0.0732105829676439,-0.5653880142742196,-0.4441795739182339,-0.1212084403559856,12716032076.562,13481243222.588,0.0601768807611319,13139263817.344973,341979405.24302864,0.0260272881340266,2.0512116581072988,166720681.3550295,0.0601768807611319,0.0332833181095014,0.0268935626516305,0.0584357628410643,0.032741419819537,0.0256943430215272,29.664899826049805,0.0304136795071931,0.0006391904866852,10.762315161004778,0.396995583779145,1.99569888138804,5.316
2014_russia_crimea_sanctions,RUS_C26,2014-03,DEU_C26,DEU,2014-05,2,-0.5816689621256625,-3784195.8601128743,12388360.424547227,-4217352.163547229,-0.3404285974107316,-1.224822458360688,-1404694.9526339096,3443235.494874715,-0.5816689621256625,-0.3657532162730583,-0.2159157458526042,-0.8714821320654753,-0.4553171219779628,-0.4161650100875125,12382554538.935995,13122270321.602,0.0597385442834129,12805786279.718967,316484041.88303375,0.0247141436667783,1.8982890383532272,166720681.3550295,0.0597385442834129,0.0341796791093423,0.0255588651740706,0.0580222213583425,0.0336085318859389,0.0244136894724036,29.664899826049805,0.0304136795071931,0.0006391904866852,10.762315161004778,0.396995583779145,1.99569888138804,5.316
2014_russia_crimea_sanctions,RUS_C26,2014-03,DEU_C26,DEU,2014-06,3,-0.3651360133350948,-1605031.9688558597,5370557.474858316,3007967.2431416856,0.5600847318408115,0.8735874289223233,1001878.9610814402,3443235.494874715,-0.3651360133350948,-0.5708564616968173,0.2057204483617224,-0.4543444536808145,-0.8459637216032423,0.3916192679224277,13297701052.721998,13675412328.884998,0.0284042538379732,13804743711.23451,-129331382.3495121,-0.009368618864272,-0.775736886979862,166720681.3550295,0.0284042538379732,0.0316280956613527,-0.0032238418233794,0.0280083327641662,0.0311382296861673,-0.003129896922001,29.664899826049805,0.0304136795071931,0.0006391904866852,10.762315161004778,0.396995583779145,1.99569888138804,5.316
2014_russia_crimea_sanctions,RUS_C26,2014-03,DEU_C26,DEU,2014-07,4,-0.3658298571114737,-1744316.0211103216,5283347.404858302,3795059.811141696,0.7183059375675256,1.102178406557052,1264039.8892300944,3443235.494874715,-0.3658298571114737,-0.5748624881645422,0.2090326310530685,-0.4554379560739505,-0.8553424963247043,0.3999045402507537,13002106847.279997,14166553054.627998,0.0895582709037343,13391363876.839508,775189177.7884903,0.0578872462071759,4.649628177428901,166720681.3550295,0.0895582709037343,0.0326362915070968,0.0569219793966374,0.0857723580446858,0.032115038598846,0.0536573194458398,29.664899826049805,0.0304136795071931,0.0006391904866852,10.762315161004778,0.396995583779145,1.99569888138804,5.316
2014_russia_crimea_sanctions,RUS_C26,2014-03,DEU_C26,DEU,2014-08,5,-0.3809872672474203,-1656275.2993737403,6748686.492858314,1330720.6051416865,0.1971821637514054,0.3864738868783373,443229.88570065977,3443235.494874715,-0.3809872672474203,-0.5142286997356295,0.1332414324882091,-0.479629389478827,-0.7220172652279491,0.242387875749122,12160795926.07,12333679375.096,0.0142164583697499,12726511518.54152,-392832143.4455204,-0.0308672288453277,-2.356229234746165,166720681.3550295,0.0142164583697499,0.0343999119210348,-0.0201834535512849,0.0141163521790588,0.0338214633229903,-0.0197051111439314,29.664899826049805,0.0304136795071931,0.0006391904866852,10.762315161004778,0.396995583779145,1.99569888138804,5.316
2014_russia_crimea_sanctions,RUS_C26,2014-03,SVK_C26,SVK,2014-04,1,-0.3555839618500836,-1004632.5700000004,586274.9160257479,1234395.895974252,2.1054898687155155,1.0484920402532782,1234395.895974252,1177305.9294528037,-0.3555839618500836,0.4595265536181788,-0.8151105154682624,-0.4394105441845006,0.3781113209812936,-0.8175218651657943,1320084501.428,1443207191.8079998,0.0932687947224681,1460955978.689827,-17748786.881827116,-0.0121487485870341,-0.5104534797936725,34770625.69737256,0.0932687947224681,0.1066093906064194,-0.0133405958839512,0.0891721027037668,0.1013007373718259,-0.0121286346680591,23.069799423217773,0.0586025461568327,0.0042833090497539,9.815409089047554,0.703323545247201,0.534061870297393,14.226
2015_samarco_dam_collapse,BRA_C24A,2015-11,USA_C25,USA,2015-11,0,-0.2834861347469779,-31945010.617521293,284097546.7499998,-28257180.74999982,-0.0994629523318819,,-8917755.789061215,0.0,-0.2834861347469779,-0.0853375093772734,-0.1981486253697045,-0.3333576794280866,-0.0892001441602197,-0.2441575352678668,3203321668.0,2785018055.0,-0.130584329753299,3166428081.818189,-381410026.81818914,-0.1204543469685186,-3.087816967119356,123520931.09132987,-0.130584329753299,-0.0144981447880735,-0.1160861849652255,-0.1399339363346854,-0.0146042698782586,-0.1253296664564267,801.24267578125,0.0862475731226565,0.0038030721305095,10.914623278788484,2.52381981363968,1.63535305156384,6.168
2015_samarco_dam_collapse,BRA_C24A,2015-11,USA_C25,USA,2015-12,1,-0.5529928621026623,-76221976.62599416,355140279.2499999,-159909452.24999988,-0.4502712353205988,,-50466232.14625024,0.0,-0.5529928621026623,-0.0694520995902507,-0.4835407625124116,-0.805180713213133,-0.0719817258887083,-0.7331989873244247,3175953708.0,2653474555.0,-0.1645109472735425,3129371012.5454283,-475896457.5454283,-0.1520741566396547,-3.852759636288333,123520931.09132987,-0.1645109472735425,-0.0146673093304862,-0.1498436379430563,-0.1797380336318639,-0.0147759378075384,-0.1649620958243254,801.24267578125,0.0862475731226565,0.0038030721305095,10.914623278788484,2.52381981363968,1.63535305156384,6.168
2015_samarco_dam_collapse,BRA_C24A,2015-11,USA_C25,USA,2016-01,2,-0.5973003888374381,-106297284.41578978,416250178.7499997,-189167589.7499997,-0.4544564769150861,,-59699882.43062173,0.0,-0.5973003888374381,-0.0598662154513541,-0.5374341733860839,-0.909564374070829,-0.0617330897134422,-0.8478312843573867,2795464956.0,2728407399.0,-0.0239879798371545,2694213805.818191,34193593.18180895,0.012691492081277,0.2768242829753819,123520931.09132987,-0.0239879798371545,-0.0169960430965629,-0.0069919367405915,-0.0242803768954686,-0.0171421335026487,-0.0071382433928199,801.24267578125,0.0862475731226565,0.0038030721305095,10.914623278788484,2.52381981363968,1.63535305156384,6.168
2015_samarco_dam_collapse,BRA_C24A,2015-11,USA_C25,USA,2016-02,3,-0.4124658431878178,-43576581.55647906,314849368.74999976,-118164231.74999976,-0.3753040135323436,,-37291751.46917436,0.0,-0.4124658431878178,-0.0776496772235755,-0.3348161659642423,-0.5318208933019797,-0.0808301677179414,-0.4509907255840382,2798755560.0,2956964577.0,0.056528343975849,2882821733.3181896,74142843.68181038,0.025718844431102,0.600245181336838,123520931.09132987,0.056528343975849,-0.0159017631696748,0.0724301071455239,0.0549883858784703,-0.0160295527303091,0.0710179386087794,801.24267578125,0.0862475731226565,0.0038030721305095,10.914623278788484,2.52381981363968,1.63535305156384,6.168
2015_samarco_dam_collapse,BRA_C24A,2015-11,USA_C25,USA,2016-03,4,-0.0712553179326559,-6909330.546831727,261413968.24999985,23942868.75000018,0.0915898599844623,,7556191.054270279,0.0,-0.0712553179326559,-0.0920607635040576,0.0208054455714016,-0.0739214086201158,-0.0965778224265889,0.022656413806473,3089025365.0,2967640300.0,-0.0392955870079105,3098023549.31819,-130383249.3181901,-0.0420859451978293,-1.0555559140157895,123520931.09132987,-0.0392955870079105,-0.0148135225298793,-0.0244820644780311,-0.0400885000464299,-0.0149243384949606,-0.0251641615514692,801.24267578125,0.0862475731226565,0.0038030721305095,10.914623278788484,2.52381981363968,1.63535305156384,6.168
2015_samarco_dam_collapse,BRA_C24A,2015-11,USA_C25,USA,2016-04,5,-0.250458611032736,-21510053.969722196,249615020.2499999,-45641211.24999991,-0.1828464136664866,,-14404026.340966629,0.0,-0.250458611032736,-0.0959946168125291,-0.1544639942202069,-0.2882937396318503,-0.1009199633697228,-0.1873737762621274,3096265272.0,2942739316.0,-0.0495842385949158,3031099615.3181906,-88360299.31819057,-0.0291512357006171,-0.7153467718993961,123520931.09132987,-0.0495842385949158,-0.0151356412880848,-0.0344485973068309,-0.050855746524423,-0.0152513541789787,-0.0356043923454443,801.24267578125,0.0862475731226565,0.0038030721305095,10.914623278788484,2.52381981363968,1.63535305156384,6.168
2015_samarco_dam_collapse,BRA_C24A,2015-11,USA_C25,USA,2016-05,6,-0.0172324321147646,-1599457.4538135242,295631029.24999976,-6596195.249999762,-0.02231225614826,,-2081710.093334907,0.0,-0.0172324321147646,-0.0822821691429145,0.0650497370281499,-0.0173826385297672,-0.0858653091263512,0.0684826705965839,3010708620.0,2992615882.0,-0.0060094616529181,3039370804.3181896,-46754922.31818962,-0.0153830925307838,-0.3785182147276691,123520931.09132987,-0.0060094616529181,-0.0150950736807833,0.0090856120278652,-0.0060275911343694,-0.0152101639669162,0.0091825728325467,801.24267578125,0.0862475731226565,0.0038030721305095,10.914623278788484,2.52381981363968,1.63535305156384,6.168
2015_samarco_dam_collapse,BRA_C24A,2015-11,DEU_C24A,DEU,2015-11,0,-0.1616027565460621,-2551315.779266785,81254245.54041688,-29740717.73541689,-0.3660204773007643,-1.618954313452518,-7641796.085645991,18370325.517088257,-0.1616027565460621,0.4013972409757165,-0.5629999975217787,-0.1762632501487289,0.337469763249473,-0.5137330133982019,5190941257.042,4281526104.888,-0.175192726544592,4090313444.357128,191212660.53087187,0.0467476791527219,,0.0,-0.175192726544592,-0.1677933266053921,-0.0073993999391998,-0.1926055278299614,-0.1836744634450831,-0.0089310643848783,128.0518035888672,0.067887398600968,0.0028993727828373,10.79877115404584,2.18018602168017,1.89470416699187,4.979
2015_samarco_dam_collapse,BRA_C24A,2015-11,DEU_C24A,DEU,2015-12,1,-0.6155729441686466,-9302026.513705786,86807970.18941689,-64199665.593416885,-0.7395595756165224,-3.4947483937449952,-16495928.497627355,18370325.517088257,-0.6155729441686466,0.3663100667251515,-0.981883010893798,-0.9560011925582614,0.3121137199885879,-1.2681149125468494,4467763768.156,3443786525.7590003,-0.2291923421948583,3370446324.390625,73340201.3683753,0.0217597891524456,,0.0,-0.2291923421948583,-0.1965858086942404,-0.0326065335006179,-0.2603164075451936,-0.2188848930946889,-0.0414315144505046,128.0518035888672,0.067887398600968,0.0028993727828373,10.79877115404584,2.18018602168017,1.89470416699187,4.979
2015_samarco_dam_collapse,BRA_C24A,2015-11,JPN_C24A,JPN,2015-11,0,-0.2596903090008742,-9269437.62102995,69026859.49099624,-10636903.935996234,-0.1540980426233022,-1.990065788242884,-4813801.412012903,5345001.1546543,-0.2596903090008742,-0.1246770052505241,-0.1350133037503501,-0.3006866745335017,-0.1331623220760143,-0.1675243524574874,4123355361.86,3271333226.5160003,-0.2066332053804991,3373837342.878558,-102504116.36255787,-0.0303820563783022,-3.1850168600650814,32183225.667591397,-0.2066332053804991,-0.1417447531810193,-0.0648884521994798,-0.2314696237192244,-0.1528537332286639,-0.0786158904905605,119.8240966796875,0.1363900231317144,0.0018141608068988,10.557800221758049,0.296205514141889,1.68629478626745,3.589
2015_samarco_dam_collapse,BRA_C24A,2015-11,ARG_F,ARG,2015-12,1,-0.1741700377555653,-2930557.5998182516,69916093.49402039,-13056409.334020391,-0.1867439766945366,-1.5743638315022377,-3190705.829182223,8293133.437626127,-0.1741700377555653,0.0141454594292608,-0.1883154971848262,-0.1913663804363672,0.014046345792213,-0.2054127262285803,4506539121.38,3425171202.13,-0.2399552938794552,3486668518.0002055,-61497315.8702054,-0.017637844134801,-0.275826805379689,222956270.6407427,-0.2399552938794552,-0.2262264815693515,-0.0137288123101036,-0.2743780235189383,-0.2564760599934317,-0.0179019635255066,95.72689819335938,0.0901860094691751,0.0040689029401199,9.411986043878551,-2.51261532081394,40.2829716315506,7.268
2015_samarco_dam_collapse,BRA_C24A,2015-11,ARG_F,ARG,2016-01,2,-0.1646956344603306,-3254968.3630497684,81937180.19402033,-14383902.354020327,-0.175547929767176,-1.7344351760650865,-3515116.5924137286,8293133.437626127,-0.1646956344603306,0.0120451674765408,-0.1767408019368714,-0.1799591084824179,0.011973201616108,-0.1919323100985259,3803288172.55,3875355523.0,0.0189486957549368,2783417569.1702037,1091937953.8297963,0.392301164555531,4.897543140149104,222956270.6407427,0.0189486957549368,-0.2680624140128108,0.2870111097677476,0.0187714053283052,-0.3120600336046131,0.3308314389329183,95.72689819335938,0.0901860094691751,0.0040689029401199,9.411986043878551,-2.51261532081394,40.2829716315506,7.268
2015_samarco_dam_collapse,BRA_C24A,2015-11,ARG_F,ARG,2016-02,3,-0.0092800423856873,-134449.909317996,69280977.76010197,-10545777.060101986,-0.1522174975159655,-1.2716275626599187,-2577161.260657441,8293133.437626127,-0.0092800423856873,0.0142769856957205,-0.0235570280814078,-0.0093233700855996,0.0141760290967489,-0.0234993991823486,3871712088.2,4143480606.19,0.0701933697028459,2730398671.794386,1413081934.395614,0.51753685239927,6.337933130719445,222956270.6407427,0.0701933697028459,-0.2718525942116118,0.3420459639144577,0.0678393514775521,-0.3172517707037343,0.3850911221812865,95.72689819335938,0.0901860094691751,0.0040689029401199,9.411986043878551,-2.51261532081394,40.2829716315506,7.268
2015_samarco_dam_collapse,BRA_C24A,2015-11,ARG_F,ARG,2016-03,4,-0.1768956834744083,-3976918.7747645886,72047233.08618353,3674641.36381647,0.0510032267224035,0.4430944457187366,898003.3728823818,8293133.437626127,-0.1768956834744083,0.013721298932003,-0.1906169824064113,-0.1946723324513151,0.0136280140752411,-0.2083003465265562,4382828829.08,4425736125.6,0.0097898636230808,3119296045.6193867,1306440079.9806137,0.4188252929103428,5.85962474267309,222956270.6407427,0.0097898636230808,-0.2463075863097673,0.2560974499328483,0.0097422533856104,-0.2827709335280062,0.2925131869136166,95.72689819335938,0.0901860094691751,0.0040689029401199,9.411986043878551,-2.51261532081394,40.2829716315506,7.268
2015_samarco_dam_collapse,BRA_C24A,2015-11,ARG_F,ARG,2016-04,5,-0.3801708769041334,-8679995.245171255,94492655.14402032,-36583182.20402033,-0.3871537120875937,-4.4112617358888295,-8940143.474535212,8293133.437626127,-0.3801708769041334,0.0104280062817331,-0.3905988831858666,-0.4783114402748154,0.0103740095740327,-0.4886854498488482,5154879109.4,4742835521.12,-0.0799327354794086,4287807607.874388,455027913.24561214,0.1061213456522563,2.0408841246668263,222956270.6407427,-0.0799327354794086,-0.1920768415249407,0.1121441060455321,-0.0833084979855307,-0.2132883258358262,0.1299798278502955,95.72689819335938,0.0901860094691751,0.0040689029401199,9.411986043878551,-2.51261532081394,40.2829716315506,7.268
2015_samarco_dam_collapse,BRA_C24A,2015-11,ARG_F,ARG,2016-05,6,-0.1505988062445067,-3024337.0139361215,82168883.73010194,-12368386.90010193,-0.1505239737797589,-1.4914009274210265,-3022567.933505832,8293133.437626127,-0.1505988062445067,0.0120107940155826,-0.1626096002600894,-0.1632236535361144,0.0119392366855244,-0.1751628902216389,5204566016.61,5377228071.1,0.0331751108428564,4662503644.179384,714724426.9206161,0.153291982476597,3.205670891725117,222956270.6407427,0.0331751108428564,-0.1794102131874063,0.2125853240302628,0.0326366925538117,-0.1977319450127872,0.2303686375665989,95.72689819335938,0.0901860094691751,0.0040689029401199,9.411986043878551,-2.51261532081394,40.2829716315506,7.268
2015_samarco_dam_collapse,BRA_C24A,2015-11,ARG_F,ARG,2016-06,7,-0.565712801669105,-15238708.599323262,90846833.87510198,-42976530.81510198,-0.4730658073806618,-5.182182481246054,-10502540.467421988,8293133.437626127,-0.565712801669105,0.0108510390642735,-0.5765638407333785,-0.834049204616111,0.0107925888696591,-0.8448417934857702,6045830293.45,5307231105.65,-0.1221667086157201,5095203615.624386,212027490.02561375,0.0416131534715185,0.9509824030348136,222956270.6407427,-0.1221667086157201,-0.1667142266883935,0.0445475180726733,-0.1302985764908228,-0.1823786304159753,0.0520800539251524,95.72689819335938,0.0901860094691751,0.0040689029401199,9.411986043878551,-2.51261532081394,40.2829716315506,7.268
2015_samarco_dam_collapse,BRA_C24A,2015-11,ARG_F,ARG,2016-07,8,-0.5228432677039055,-13178448.03878729,89644304.57510193,-40430063.13510193,-0.4510053742592264,-4.875125118772339,-9880238.49583556,8293133.437626127,-0.5228432677039055,0.0109982007229094,-0.533841468426815,-0.7399102522032166,0.0109381602136764,-0.750848412416893,5567929798.84,4990611472.26,-0.1036863515592951,4462728356.669386,527883115.5906143,0.1182870821168651,2.367653145944529,222956270.6407427,-0.1036863515592951,-0.1859481473547519,0.0822617957954568,-0.1094648731777745,-0.2057312139283666,0.0962663407505921,95.72689819335938,0.0901860094691751,0.0040689029401199,9.411986043878551,-2.51261532081394,40.2829716315506,7.268
2015_samarco_dam_collapse,BRA_C24A,2015-11,ARG_F,ARG,2016-08,9,-0.1492406972575221,-1985637.3593603463,64382260.255101934,-18063560.005101927,-0.2805673477993574,-2.1781344941523746,-4414345.83809224,8293133.437626127,-0.1492406972575221,0.0153800004093884,-0.1646206976669106,-0.1616260276842638,0.0152629268302142,-0.176888954514478,5134724969.67,5770366593.46,0.1237927303886057,4247513811.4643865,1522852781.9956136,0.358528035361606,6.830275630369868,222956270.6407427,0.1237927303886057,-0.1935463017376563,0.3173390321262621,0.1167093308767626,-0.2151087937294171,0.3318181246061797,95.72689819335938,0.0901860094691751,0.0040689029401199,9.411986043878551,-2.51261532081394,40.2829716315506,7.268
2015_samarco_dam_collapse,BRA_C24A,2015-11,ARG_F,ARG,2016-09,10,-0.2583222055073211,-4243799.626146083,74156145.7001019,-24296935.080101892,-0.3276456030813978,-2.9297653610475103,-5937648.7369572595,8293133.437626127,-0.2583222055073211,0.0133258815134547,-0.271648087020776,-0.2988403641710775,0.013237872773665,-0.3120782369447425,5162885149.21,5042229336.58,-0.0233698424704377,3895246330.374385,1146983006.205615,0.2944571174515104,5.144430353581709,222956270.6407427,-0.0233698424704377,-0.2074191639049638,0.1840493214345261,-0.0236472477022466,-0.2324607769974882,0.2088135292952415,95.72689819335938,0.0901860094691751,0.0040689029401199,9.411986043878551,-2.51261532081394,40.2829716315506,7.268
2015_samarco_dam_collapse,BRA_C24A,2015-11,KOR_C24A,KOR,2015-11,0,-0.3778612134670845,-5255319.483260969,47975939.125000015,-17809895.125000015,-0.3712255653525992,-1.719598313197713,-5108543.404792547,10357008.95279507,-0.3778612134670845,-0.0105515286380924,-0.367309684828992,-0.4745920691324521,-0.0106075905056641,-0.4639844786267879,3363426616.0,2514588805.0,-0.2523729243748126,2720397391.2500014,-205808586.25000143,-0.0756538684061279,,0.0,-0.2523729243748126,-0.1205841789507306,-0.1317887454240819,-0.2908509872290636,-0.1284974316214473,-0.1623535556076163,76.6458969116211,0.0965438303383067,0.0013945258089013,10.330978019982323,3.21468019683108,1.05128607800876,3.082
2015_samarco_dam_collapse,BRA_C24A,2015-11,KOR_C24A,KOR,2015-12,1,-0.5909899149622763,-7469117.939349432,43549211.125000015,-25527852.125000015,-0.5861840310201487,-2.4647900027266805,-7322341.860881009,10357008.95279507,-0.5909899149622763,-0.0116116255167921,-0.5793782894454842,-0.8940154326555323,-0.0116795666256983,-0.8823358660298339,3627083790.0,2733972332.0,-0.2462340297906379,2876956603.7499995,-142984271.74999952,-0.049699836126699,,0.0,-0.2462340297906379,-0.1147753424827262,-0.1314586873079117,-0.2826733434010222,-0.1219138158468453,-0.1607595275541768,76.6458969116211,0.0965438303383067,0.0013945258089013,10.330978019982323,3.21468019683108,1.05128607800876,3.082
2015_samarco_dam_collapse,BRA_C24A,2015-11,KOR_C24A,KOR,2016-01,2,-0.4234793787021752,-5928688.844164031,48296256.125000015,-20157460.125000015,-0.4173710706028356,-1.9462626919483423,-5781912.765695608,10357008.95279507,-0.4234793787021752,-0.0104822809179238,-0.4129970977842514,-0.5507441550489922,-0.0105376067761113,-0.5402065482728808,3082108523.0,2369144927.0,-0.2313233264434277,2569968435.7500014,-200823508.75000143,-0.0781424028234784,,0.0,-0.2313233264434277,-0.1267477681512809,-0.1045755582921468,-0.2630848483045618,-0.135530839453299,-0.1275540088512627,76.6458969116211,0.0965438303383067,0.0013945258089013,10.330978019982323,3.21468019683108,1.05128607800876,3.082
2015_samarco_dam_collapse,BRA_C24A,2015-11,TUR_F,TUR,2015-11,0,-0.3086047865049849,-3459422.9005905464,67405084.62681726,-44530897.626817256,-0.6606459716408477,-3.6626771074559854,-15088398.619152002,12158018.935430383,-0.3086047865049849,0.6484700111888163,-0.9570747976938012,-0.3690436609444276,0.4998475821688153,-0.868891243113243,13782563867.0,12311852097.0,-0.106708141111638,12790311368.749992,-478459271.7499924,-0.0374079455891113,,0.0,-0.106708141111638,-0.0792359542998642,-0.0274721868117738,-0.1128419218319294,-0.0825514691375914,-0.0302904526943379,69.00029754638672,0.0854986950985265,0.0008409166059076,9.410042199099736,4.60079447270559,7.63768275587947,9.901
2015_samarco_dam_collapse,BRA_C24A,2015-11,IDN_F,IDN,2016-01,2,-0.3023481172061442,-2328879.993059157,22943024.700000934,-8135270.700000934,-0.3545857970505782,-2.8512617367425377,-2952306.4122210233,2853217.786065191,-0.3023481172061442,0.4957125419739605,-0.7980606591801047,-0.3600350154636835,0.402602688395735,-0.7626377038594185,13244876941.0,10581882857.978,-0.2010584239388894,10912219819.463766,-330336961.48576546,-0.0302722055595465,-1.4190039663456568,232794952.88267457,-0.2010584239388894,-0.1525450986444291,-0.0485133252944603,-0.224467457195626,-0.1655176548691912,-0.0589498023264347,57.197898864746094,0.083959698285575,0.0008939926583442,8.14382775712207,5.006668425755,5.44317454935612,4.049
2015_samarco_dam_collapse,BRA_C24A,2015-11,NLD_C25,NLD,2015-11,0,-0.8374354308790362,-13851022.488438996,55179118.50095958,-47965345.65695958,-0.8692662543372353,-2.6660715561922235,-17878106.339646213,17991019.612941433,-0.8374354308790362,0.5862432391004775,-1.4236786699795136,-1.8166798916092264,0.4613684672226092,-2.278048358831835,980599629.272,978194496.281,-0.0024527166023767,724456137.3212001,253738358.9597999,0.3502466828399586,5.375186370623648,47205499.76583608,-0.0024527166023767,-0.2612110838150749,0.2587583672126982,-0.0024557294366651,-0.3027430328658163,0.3002873034291511,56.64540100097656,0.0744489562239427,0.0046482603089876,10.886655758434287,1.61261001294011,0.344078059275915,7.419
2015_samarco_dam_collapse,BRA_C24A,2015-11,NLD_C25,NLD,2015-12,1,-0.9023019884757753,-12920059.19271938,54972435.59345957,-51219212.53545957,-0.9317253634938718,-2.846932171571654,-19090918.991616227,17991019.612941433,-0.9023019884757753,0.5897472505208412,-1.4920492389966165,-2.3258738326071704,0.4635750309317181,-2.7894488635388885,855031727.4319999,717073774.7260001,-0.1613483433186069,598888235.4812,118185539.24480008,0.1973415609839778,2.5036391910066,47205499.76583608,-0.1613483433186069,-0.2995719149745479,0.138223571655941,-0.1759598472037851,-0.3560635803226795,0.1801037331188943,56.64540100097656,0.0744489562239427,0.0046482603089876,10.886655758434287,1.61261001294011,0.344078059275915,7.419
2015_samarco_dam_collapse,BRA_C24A,2015-11,NLD_C25,NLD,2016-01,2,-0.1974994673537411,-3424171.4993748465,65195317.48345956,-27866780.311459564,-0.4274353034407652,-1.5489272376432863,-10386775.179624831,17991019.612941433,-0.1974994673537411,0.455179942814279,-0.6526794101680201,-0.2200227549536855,0.3751295580322171,-0.5951523129859027,748916405.9949999,708550973.784,-0.0538984483286501,484234234.1418008,224316739.64219928,0.4632401507913863,4.7519196016338645,47205499.76583608,-0.0538984483286501,-0.3459632602706951,0.292064811942045,-0.0554053671258287,-0.4245917514322279,0.3691863843063991,56.64540100097656,0.0744489562239427,0.0046482603089876,10.886655758434287,1.61261001294011,0.344078059275915,7.419
2015_tianjin_explosion,CHN_C20,2015-08,USA_C20,USA,2015-08,0,-0.0632022793732472,-23790402.865333688,1353017372.7919853,-256517992.79198527,-0.1895895780426336,-6.624614145569123,-82494372.43166763,38721952.276051804,-0.0632022793732472,0.1095155421133055,-0.1727178214865527,-0.0652878997921639,0.1039234714253432,-0.1692113712175071,13881932078.0,12645621632.0,-0.0890589608891184,13359591790.749998,-713970158.7499981,-0.0534425130597434,,0.0,-0.0890589608891184,-0.0296094385505822,-0.0594495223385361,-0.0932771048734295,-0.0300566478509907,-0.0632204570224388,2249.6416015625,0.1519282749149622,0.0071244077798807,10.914623278788484,2.52381981363968,1.63535305156384,6.168
2015_tianjin_explosion,CHN_C20,2015-08,USA_C20,USA,2015-09,1,-0.1760020733771219,-75558038.8268558,1379892033.7919853,-279917775.7919853,-0.2028548385939751,-7.228916915046786,-90019577.16530812,38721952.276051804,-0.1760020733771219,0.1071540760546311,-0.2831561494317531,-0.1935872651501959,0.1017928273915806,-0.2953800925417766,13224263619.0,12056349754.0,-0.0883159848176344,12634172940.250002,-577823186.2500019,-0.0457349435521157,,0.0,-0.0883159848176344,-0.0312563909313139,-0.0570595938863205,-0.0924618235174037,-0.0317552954242579,-0.0607065280931458,2249.6416015625,0.1519282749149622,0.0071244077798807,10.914623278788484,2.52381981363968,1.63535305156384,6.168
2015_tianjin_explosion,CHN_C20,2015-08,USA_C20,USA,2015-10,2,-0.2509747685778524,-104954522.93933184,1387884034.291985,-413879331.29198503,-0.2982088712499106,-10.688493398819542,-133100666.06149323,38721952.276051804,-0.2509747685778524,0.1064713425929546,-0.357446111170807,-0.2889826089626872,0.1011759809490584,-0.3901585899117457,13980063294.0,12053396859.0,-0.1378152869899302,13350519431.249992,-1297122572.2499924,-0.0971589591648228,,0.0,-0.1378152869899302,-0.0296289635075646,-0.1081863234823656,-0.1482857470281793,-0.0300767687736218,-0.1182089782545574,2249.6416015625,0.1519282749149622,0.0071244077798807,10.914623278788484,2.52381981363968,1.63535305156384,6.168
2015_tianjin_explosion,CHN_C20,2015-08,USA_C20,USA,2015-11,3,-0.1150059108268566,-39015342.10110721,1193503651.7919855,-259928814.7919855,-0.2177863590125723,-6.712699115450915,-83591268.66613302,38721952.276051804,-0.1150059108268566,0.1259966787788432,-0.2410025896056999,-0.1221743127737262,0.1186685800328426,-0.2408428928065689,12609080652.0,11198945477.0,-0.1118348921637145,12344491377.74999,-1145545900.7499905,-0.0927981449940294,,0.0,-0.1118348921637145,-0.0319664212699418,-0.0798684708937727,-0.1185976210151693,-0.0324885035338908,-0.0861091174812784,2249.6416015625,0.1519282749149622,0.0071244077798807,10.914623278788484,2.52381981363968,1.63535305156384,6.168
2015_tianjin_explosion,CHN_C20,2015-08,USA_C20,USA,2015-12,4,-0.126163453974378,-47694537.39130956,1298048050.2919848,-270839124.2919848,-0.208651077462858,-6.994459431207178,-87099947.04553838,38721952.276051804,-0.126163453974378,0.1146851498159742,-0.2408486037903522,-0.1348619389711984,0.1085719881012217,-0.2434339270724201,12974114416.0,11403689042.0,-0.121042972463948,12309619993.249996,-905930951.2499962,-0.0735953629557017,,0.0,-0.121042972463948,-0.0320540748499935,-0.0889888976139545,-0.1290192703812245,-0.0325790557116612,-0.0964402146695633,2249.6416015625,0.1519282749149622,0.0071244077798807,10.914623278788484,2.52381981363968,1.63535305156384,6.168
2015_tianjin_explosion,CHN_C20,2015-08,USA_C20,USA,2016-01,5,-0.0460983966381909,-17163820.74859291,1385010820.7919853,-280613768.7919853,-0.2026076364020917,-7.246891034611786,-90243403.59216776,38721952.276051804,-0.0460983966381909,0.1067157889493339,-0.1528141855875248,-0.0471947539416994,0.1013968808029588,-0.1485916347446583,12066199000.0,11048477327.0,-0.0843448440556964,11931024254.249992,-882546927.2499924,-0.0739707596299301,,0.0,-0.0843448440556964,-0.0330376121196655,-0.0513072319360308,-0.0881154524916922,-0.0335956799595393,-0.0545197725321529,2249.6416015625,0.1519282749149622,0.0071244077798807,10.914623278788484,2.52381981363968,1.63535305156384,6.168
2015_tianjin_explosion,CHN_C20,2015-08,KOR_C20,KOR,2015-08,0,-0.0482614225481636,-12124296.763294514,616214063.8749993,-26107471.874999285,-0.0423675365518682,,-10578119.40246154,0.0,-0.0482614225481636,0.0288790500951382,-0.0771404726433019,-0.0494648853364161,0.028469908686759,-0.0779347940231751,5712794726.0,4523437890.0,-0.2081917683103532,5033090812.624999,-509652922.62499905,-0.1012604265646441,,0.0,-0.2081917683103532,-0.0679771324422141,-0.1402146358681391,-0.2334360481452932,-0.0703979285778331,-0.1630381195674601,2150.50927734375,0.1140992080672865,0.0241697855393427,10.330978019982323,3.21468019683108,1.05128607800876,3.082
2015_tianjin_explosion,CHN_C20,2015-08,KOR_C20,KOR,2015-09,1,-0.1434248949329171,-39471910.86478482,661229956.375,-79414287.375,-0.1201008614466979,,-32176758.367729433,0.0,-0.1434248949329171,0.0268601837746571,-0.1702850787075743,-0.1548132764713266,0.0265057812042144,-0.181319057675541,5617217793.0,4623768303.0,-0.1768579262207004,4864429439.625001,-240661136.62500095,-0.0494736617340169,,0.0,-0.1768579262207004,-0.0701686791676817,-0.1066892470530187,-0.19462646402906,-0.0727520847200473,-0.1218743793090126,2150.50927734375,0.1140992080672865,0.0241697855393427,10.330978019982323,3.21468019683108,1.05128607800876,3.082
2015_tianjin_explosion,CHN_C20,2015-08,KOR_C20,KOR,2015-10,2,-0.0587288357823852,-16713616.83478934,686149789.375,-25014775.375,-0.036456726741526,,-10135385.073263127,0.0,-0.0587288357823852,0.0258594396892327,-0.084588275471618,-0.0605240148074344,0.0255307389721828,-0.0860547537796172,5945783262.0,4563858538.0,-0.232420971822501,5203139274.125,-639280736.125,-0.1228644290388529,,0.0,-0.232420971822501,-0.0659019199369577,-0.1665190518855432,-0.2645138364612833,-0.0681738354797403,-0.196340000981543,2150.50927734375,0.1140992080672865,0.0241697855393427,10.330978019982323,3.21468019683108,1.05128607800876,3.082
2015_tianjin_explosion,CHN_C20,2015-08,KOR_C20,KOR,2015-11,3,-0.1471803745784112,-39899580.95520136,686931495.3749998,-116331228.37499976,-0.1693490969015678,,-47134614.5608288,0.0,-0.1471803745784112,0.0258292523937228,-0.173009626972134,-0.1592072126534098,0.0255013121926346,-0.1847085248460445,5188953648.0,4265900504.0,-0.1778881074329458,4706943527.124996,-441043023.1249962,-0.0937005129939142,,0.0,-0.1778881074329458,-0.0723465483516109,-0.1055415590813348,-0.1958787708037164,-0.0750970516487683,-0.120781719154948,2150.50927734375,0.1140992080672865,0.0241697855393427,10.330978019982323,3.21468019683108,1.05128607800876,3.082
2015_tianjin_explosion,CHN_C20,2015-08,KOR_C20,KOR,2015-12,4,-0.0750251349170314,-20945320.519998163,697117186.8749999,-59784032.87499988,-0.0857589426865181,,-24223051.589994375,0.0,-0.0750251349170314,0.0254422552375063,-0.1004673901545377,-0.0779887146044622,0.0251239880224964,-0.1031127026269587,5458414688.0,4751033617.0,-0.1295946005266209,4985552707.624999,-234519090.62499905,-0.0470397374931612,,0.0,-0.1295946005266209,-0.0685808538204876,-0.0610137467061332,-0.1387961994333402,-0.0710458922866195,-0.0677503071467207,2150.50927734375,0.1140992080672865,0.0241697855393427,10.330978019982323,3.21468019683108,1.05128607800876,3.082
2015_tianjin_explosion,CHN_C20,2015-08,KOR_C20,KOR,2016-01,5,-0.1443660629374723,-39563171.072327726,698269078.375,-119546619.375,-0.1712042292538671,,-48437413.62488423,0.0,-0.1443660629374723,0.0253992186972843,-0.1697652816347567,-0.1559126376750903,0.0250820183815925,-0.1809946560566828,4791093954.0,4007396486.0,-0.1635738049648775,4544742572.124997,-537346086.1249971,-0.1182346585306698,,0.0,-0.1635738049648775,-0.0747356123355856,-0.0888381926292918,-0.1786169930882586,-0.077675757791237,-0.1009412352970215,2150.50927734375,0.1140992080672865,0.0241697855393427,10.330978019982323,3.21468019683108,1.05128607800876,3.082
2015_tianjin_explosion,CHN_C20,2015-08,KOR_C20,KOR,2016-02,6,-0.1907063594402756,-48498113.28537204,612009038.3749998,-104057652.37499976,-0.1700263327013806,,-42161656.893965855,0.0,-0.1907063594402756,0.0290832446745398,-0.2197896041148155,-0.2115934600875704,0.0286683521469903,-0.2402618122345607,4263844171.0,4076925647.0,-0.0438380289015491,4221331876.124999,-144406229.12499905,-0.0342086889547186,,0.0,-0.0438380289015491,-0.0800032847076,0.0361652558060508,-0.0448279544357177,-0.0833851792608193,0.0385572248251016,2150.50927734375,0.1140992080672865,0.0241697855393427,10.330978019982323,3.21468019683108,1.05128607800876,3.082
2015_tianjin_explosion,CHN_C20,2015-08,JPN_C20,JPN,2015-08,0,-0.0466463705171904,-9105695.996343374,640701991.5681245,2235038.076875448,0.0034884206796441,,646942.6756390997,0.0,-0.0466463705171904,-0.0367974155274271,-0.0098489549897632,-0.0477693743231348,-0.0374915211588664,-0.0102778531642684,5636198992.027999,4707877876.0199995,-0.1647069447549746,4959601088.04425,-251723212.02425003,-0.0507547295751387,,0.0,-0.1647069447549746,-0.1174371844609406,-0.0472697602940339,-0.1799726513045811,-0.1249253136030326,-0.0550473377015485,1360.26611328125,0.1491252656103901,0.0151851178512204,10.557800221758049,0.296205514141889,1.68629478626745,3.589
2015_tianjin_explosion,CHN_C20,2015-08,JPN_C20,JPN,2015-09,1,-0.0791147243330074,-16953737.542657286,656108404.1386247,25653596.637375355,0.039099631212703,,7425558.705268845,0.0,-0.0791147243330074,-0.035964432222078,-0.0431502921109294,-0.0824198153349087,-0.0366270889622271,-0.0457927263726816,5465645698.125,4568497131.662,-0.164143198446026,4569626613.176746,-1129481.514746666,-0.0002471715110135,,0.0,-0.164143198446026,-0.1261945972892949,-0.037948601156731,-0.1792979705405208,-0.1348975794502287,-0.0444003910902921,1360.26611328125,0.1491252656103901,0.0151851178512204,10.557800221758049,0.296205514141889,1.68629478626745,3.589
2015_tianjin_explosion,CHN_C20,2015-08,JPN_C20,JPN,2015-10,2,-0.1426200495572987,-31313557.377264436,722964591.3901243,-72618888.76712441,-0.1004459825999113,,-21019891.646150105,0.0,-0.1426200495572987,-0.0327475316850878,-0.1098725178722109,-0.1538741090073152,-0.0332957334701902,-0.120578375537125,5982357747.058001,4874125919.206,-0.1852500092287201,5058499846.527751,-184373927.32175064,-0.036448340993488,,0.0,-0.1852500092287201,-0.1154061436597778,-0.0698438655689423,-0.2048739725535178,-0.1226266586767046,-0.0822473138768131,1360.26611328125,0.1491252656103901,0.0151851178512204,10.557800221758049,0.296205514141889,1.68629478626745,3.589
2015_tianjin_explosion,CHN_C20,2015-08,JPN_C20,JPN,2015-11,3,-0.0137734480871498,-2690082.9982142593,661123696.6961247,4331498.432875395,0.0065517216438035,,1253773.3538788094,0.0,-0.0137734480871498,-0.0357013458713072,0.0219278977841573,-0.0138691820772933,-0.036354225110486,0.0224850430331926,5105927440.76,4359971380.267,-0.1460960950087389,4409063416.687249,-49092036.420248985,-0.0111343457284935,,0.0,-0.1460960950087389,-0.1301918709720861,-0.0159042240366527,-0.1579366149207324,-0.1394826329740226,-0.0184539819467097,1360.26611328125,0.1491252656103901,0.0151851178512204,10.557800221758049,0.296205514141889,1.68629478626745,3.589
2015_tianjin_explosion,CHN_C20,2015-08,JPN_C20,JPN,2015-12,4,-0.0800281320073121,-15924245.983620249,661816640.4961246,-29390415.21012461,-0.0444086978352378,,-8507199.07231437,0.0,-0.0800281320073121,-0.0356652985735287,-0.0443628334337834,-0.083412187548852,-0.0363168439280343,-0.0470953436208176,5687860698.921,5010981158.903999,-0.1190042400555635,4892742018.02475,118239140.87924956,0.0241662324405536,,0.0,-0.1190042400555635,-0.1188512283361602,-0.0001530117194033,-0.1267024658096858,-0.1265288004632623,-0.0001736653464234,1360.26611328125,0.1491252656103901,0.0151851178512204,10.557800221758049,0.296205514141889,1.68629478626745,3.589
2015_tianjin_explosion,CHN_C20,2015-08,JPN_C20,JPN,2016-01,5,-0.1150189419141921,-25437622.607767005,769991986.4126247,-93815206.3996247,-0.1218391984008919,,-27155269.197317496,0.0,-0.1150189419141921,-0.0308090905362807,-0.0842098513779114,-0.1221890373260308,-0.0312936694662369,-0.0908953678597939,5252885288.518,4520945343.908,-0.1393405536972048,4459311019.404749,61634324.50325107,0.0138214904129917,,0.0,-0.1393405536972048,-0.1289139838514119,-0.0104265698457928,-0.1500563855166632,-0.1380145513526436,-0.0120418341640196,1360.26611328125,0.1491252656103901,0.0151851178512204,10.557800221758049,0.296205514141889,1.68629478626745,3.589
2015_tianjin_explosion,CHN_C20,2015-08,JPN_C20,JPN,2016-02,6,-0.1334047151298513,-25106175.7047338,579925690.0661246,-16489379.26812458,-0.0284336071855075,,-4772931.277422211,0.0,-0.1334047151298513,-0.0404976163461562,-0.0929070987836951,-0.14318321040734,-0.0413404792009934,-0.1018427312063465,4637938055.5720005,4577998784.502,-0.0129236894395322,4625169186.566248,-47170402.064248085,-0.0101986327767758,,0.0,-0.0129236894395322,-0.1248683866471697,0.1119446972076374,-0.0130079268704363,-0.133380988648387,0.1203730617779506,1360.26611328125,0.1491252656103901,0.0151851178512204,10.557800221758049,0.296205514141889,1.68629478626745,3.589
2015_tianjin_explosion,CHN_C20,2015-08,DEU_C20,DEU,2015-09,1,-0.0214719503923002,-3012389.2201780756,360751037.5868752,-1729389.5778752563,-0.0047938589156761,,-661279.5162323992,0.0,-0.0214719503923002,0.0580649053820202,-0.0795368557743205,-0.0217058265719707,0.0564416786354726,-0.0781475052074434,11252227845.491,9402755555.973,-0.1643649875308134,9659387251.898788,-256631695.92578888,-0.0265681134044337,-0.5380509718865658,476965397.9546998,-0.1643649875308134,-0.1415572709072239,-0.0228077166235894,-0.1795633491677435,-0.1526353112887655,-0.026928037878978,956.1583251953124,0.0432330134874578,0.0110373368347061,10.79877115404584,2.18018602168017,1.89470416699187,4.979
2015_tianjin_explosion,CHN_C20,2015-08,VNM_A01,VNM,2016-01,5,-0.0321866898760849,-3138958.1837536804,549774487.761602,-233521205.958602,-0.4247581711355502,,-69693470.11819652,0.0,-0.0321866898760849,0.6824459932519477,-0.7146326831280325,-0.0327160716461811,0.5202486816729284,-0.5529647533191095,908913587.78,1066074456.0599998,0.1729106819316691,1767686897.4928029,-701612441.432803,-0.3969099066287895,,0.0,0.1729106819316691,0.9448349339900804,-0.7719242520584112,0.1594884216241787,0.6651771060913632,-0.5056886844671844,851.9566040039062,0.2854476321679171,0.015842959629737,7.8428224822655555,6.42224312118567,3.69813796808818,1.256
2015_tianjin_explosion,CHN_C20,2015-08,VNM_A01,VNM,2016-02,6,-0.0475901344837619,-2684947.6028246135,318049158.34733796,-138005842.04233795,-0.4339135583928296,,-41187291.70240454,0.0,-0.0475901344837619,0.6824459932519479,-0.7300361277357098,-0.0487598055738764,0.5202486807685247,-0.5690084863424012,603959241.05,730886712.4950001,0.2101590021610286,1174601030.7001748,-443714318.2051747,-0.3777574739064194,,0.0,0.2101590021610286,0.9448349339900804,-0.7346759318290518,0.1907517574326505,0.6651771058214813,-0.4744253483888307,851.9566040039062,0.2854476321679171,0.015842959629737,7.8428224822655555,6.42224312118567,3.69813796808818,1.256
2015_tianjin_explosion,CHN_C20,2015-08,THA_C20,THA,2015-08,0,-0.0527585058764085,-5428707.984443838,346402436.42063636,-42554330.44063634,-0.122846510204572,-5.252158491859209,-13650606.12172806,8102255.578653064,-0.0527585058764085,0.0799039223391904,-0.1326624282155989,-0.0542012084976519,0.0768720761511652,-0.1310732846488171,2008940825.009,1616030996.48,-0.1955805883566727,1736784390.4462693,-120753393.96626924,-0.0695269917385896,-1.3673869753381072,88309597.90033919,-0.1955805883566727,-0.1059080333792321,-0.0896725549774405,-0.217634489424686,-0.1119466380980398,-0.1056878513266461,816.8690185546875,0.0870762885519144,0.0442261302485972,8.665992071583414,0.984468863619426,1.44146536528029,0.576
2015_tianjin_explosion,CHN_C20,2015-08,THA_C20,THA,2015-09,1,-0.1655973520598761,-17842766.551293187,367432013.4844547,-87162212.5944547,-0.2372199737520758,-10.757771308041695,-27959951.91335535,8102255.578653064,-0.1655973520598761,0.0749877718523885,-0.2405851239122646,-0.1810392012436459,0.072309286289812,-0.2533484875334579,2073533812.607,1690360360.13,-0.1847924784960444,1867799383.5413303,-177439023.41133046,-0.0949989731096857,-2.0092835618114497,88309597.90033919,-0.1847924784960444,-0.0992162757184994,-0.0855762027775449,-0.2043125704318455,-0.104490089777979,-0.0998224806538665,816.8690185546875,0.0870762885519144,0.0442261302485972,8.665992071583414,0.984468863619426,1.44146536528029,0.576
2015_tianjin_explosion,CHN_C20,2015-08,THA_C20,THA,2015-10,2,-0.2622790081056458,-29017884.452827293,348767101.4499544,-94326635.6199544,-0.2704573775101021,-11.64202174373219,-30258160.24604116,8102255.578653064,-0.2622790081056458,0.0793191967276881,-0.341598204833334,-0.3041895845972178,0.0763304687395631,-0.3805200533367809,2098091988.295,1653398780.62,-0.2119512443476688,1698478976.9767444,-45080196.35674429,-0.02654150976716,-0.5104790127978959,88309597.90033919,-0.2119512443476688,-0.1080385012593841,-0.1039127430882847,-0.2381953182548564,-0.1143323101169038,-0.1238630081379525,816.8690185546875,0.0870762885519144,0.0442261302485972,8.665992071583414,0.984468863619426,1.44146536528029,0.576
2015_tianjin_explosion,CHN_C20,2015-08,THA_C20,THA,2015-11,3,-0.1057584066327414,-11283196.888820954,346284215.6149546,-48868468.194954574,-0.1411224248502655,-6.031464660743098,-15676059.385591984,8102255.578653064,-0.1057584066327414,0.079933381901039,-0.1856917885337805,-0.1117793012950834,0.076899355577833,-0.1886786568729164,1802603113.141,1601152506.51,-0.1117553859540252,1596870981.4870074,4281525.022992611,0.0026811965854659,0.0484831221610189,88309597.90033919,-0.1117553859540252,-0.1141283625812691,0.0023729766272439,-0.1185081075860452,-0.1211832175614233,0.0026751099753781,816.8690185546875,0.0870762885519144,0.0442261302485972,8.665992071583414,0.984468863619426,1.44146536528029,0.576
2015_tianjin_explosion,CHN_C20,2015-08,THA_C20,THA,2015-12,4,-0.1534656139546325,-15664590.198128698,330421462.11445475,-61054464.02445471,-0.1847775372512153,-7.535489769702443,-19585091.146803256,8102255.578653064,-0.1534656139546325,0.08409349611166,-0.2375591100662926,-0.1666044562284909,0.0807441500690586,-0.2473486062975496,1903613739.993,1644133899.97,-0.1363090812866029,1583676580.6422286,60457319.327771425,0.0381752941647051,0.6846064387701081,88309597.90033919,-0.1363090812866029,-0.1149699026629765,-0.0213391786236263,-0.1465403070674824,-0.1221336261894556,-0.0244066808780267,816.8690185546875,0.0870762885519144,0.0442261302485972,8.665992071583414,0.984468863619426,1.44146536528029,0.576
2015_tianjin_explosion,CHN_C20,2015-08,THA_C20,THA,2016-01,5,-0.1455790168937332,-14916359.270220544,369448207.4149545,-96532969.79495448,-0.2612895877081119,-11.914332849396777,-30965909.574581254,8102255.578653064,-0.1455790168937332,0.0745480328142072,-0.2201270497079404,-0.1573312516652905,0.0719001383790036,-0.2292313900442941,1688994087.45,1447101535.9499998,-0.1432169320765375,1526405208.0288112,-79303672.0788114,-0.0519545345244357,-0.8980187200977711,88309597.90033919,-0.1432169320765375,-0.1187712763215679,-0.0244456557549696,-0.154570521938993,-0.1264380684129271,-0.0281324535260658,816.8690185546875,0.0870762885519144,0.0442261302485972,8.665992071583414,0.984468863619426,1.44146536528029,0.576
2015_tianjin_explosion,CHN_C20,2015-08,THA_C20,THA,2016-02,6,-0.1918245010079304,-19667904.592190173,318561905.6589546,-60245777.91895461,-0.1891179605870779,-7.435679772640547,-19325680.285723075,8102255.578653064,-0.1918245010079304,0.0874980915891452,-0.2793225925970756,-0.2129760415804646,0.0838797288439394,-0.2968557704244041,1629589486.2500002,1521999130.4699998,-0.0660229810561594,1476185245.1166034,45813885.353396416,0.0310353226364741,0.5187871583913128,88309597.90033919,-0.0660229810561594,-0.122317648543623,0.0562946674874635,-0.068303445997806,-0.1304705372208374,0.0621670912230314,816.8690185546875,0.0870762885519144,0.0442261302485972,8.665992071583414,0.984468863619426,1.44146536528029,0.576
2015_tianjin_explosion,CHN_C20,2015-08,BRA_C20,BRA,2015-08,0,-0.2316085362353443,-32167309.778450552,489323176.019043,-105855170.01904304,-0.2163297697857733,-2.7678620630385637,-29459518.889070176,38244380.5392654,-0.2316085362353443,-0.0194202889177916,-0.2121882473175526,-0.2634559566492385,-0.0196113402491668,-0.2438446164000716,3002914388.0,1989234697.0,-0.3375652982485227,1746752097.875,242482599.125,0.1388191257477181,,0.0,-0.3375652982485227,-0.3982471031684821,0.0606818049199594,-0.4118332892037486,-0.5079083880908897,0.096075098887141,683.8928833007812,0.1229478712316905,0.0127292236450315,9.415400940260636,0.503955740273241,7.84670975119843,6.755
2015_tianjin_explosion,CHN_C20,2015-08,BRA_C20,BRA,2015-09,1,-0.1951781517582149,-25233877.384059437,454827470.0190429,-80941672.01904291,-0.1779612652148165,-2.1164330779508984,-22526086.494679023,38244380.5392654,-0.1951781517582149,-0.020862463171254,-0.1743156885869609,-0.2171343320653953,-0.0210831592161966,-0.1960511728491987,3468934008.0,2370161472.0,-0.3167464510613428,2003482014.8750007,366679457.1249993,0.1830210874879637,,0.0,-0.3167464510613428,-0.3658869672620501,0.0491405162007072,-0.3808892598516067,-0.4555280551775489,0.0746387953259422,683.8928833007812,0.1229478712316905,0.0127292236450315,9.415400940260636,0.503955740273241,7.84670975119843,6.755
2015_tianjin_explosion,CHN_C20,2015-08,BRA_C20,BRA,2015-10,2,-0.299323163458889,-42290306.12165507,497946596.0190432,-142229542.0190432,-0.2856321203039288,-3.718965767350226,-39582515.23227475,38244380.5392654,-0.299323163458889,-0.0190903895774939,-0.280232773881395,-0.3557085009085554,-0.0192749638657012,-0.3364335370428541,3125955235.0,2110941086.0,-0.3247052733306336,2089718274.3750029,21222811.62499714,0.0101558242971026,,0.0,-0.3247052733306336,-0.3561656923368136,0.03146041900618,-0.3926060511490803,-0.4403138720484172,0.0477078208993368,683.8928833007812,0.1229478712316905,0.0127292236450315,9.415400940260636,0.503955740273241,7.84670975119843,6.755
2015_tianjin_explosion,CHN_C20,2015-08,BRA_C20,BRA,2015-11,3,-0.4011015725760182,-55607067.355748385,488422451.0190431,-190079883.0190431,-0.3891710600576632,-4.970138889395491,-52899276.46636803,38244380.5392654,-0.4011015725760182,-0.0194554060978609,-0.3816461664781573,-0.5126632641446847,-0.0196471535628255,-0.4930161105818591,2630842870.0,1822460508.0,-0.3072712442153567,1663648911.3750005,158811596.62499952,0.0954598025696072,,0.0,-0.3072712442153567,-0.4099845067543817,0.1027132625390249,-0.367116762037039,-0.5276064824423798,0.1604897204053408,683.8928833007812,0.1229478712316905,0.0127292236450315,9.415400940260636,0.503955740273241,7.84670975119843,6.755
2015_tianjin_explosion,CHN_C20,2015-08,BRA_C20,BRA,2015-12,4,-0.1968698455972093,-17595773.205127575,324154923.30712914,-66225129.307129145,-0.2043008590814534,-1.7316303303471208,-18430469.17220495,38244380.5392654,-0.1968698455972093,-0.0290283594945028,-0.1678414861027064,-0.2192384922224448,-0.0294580175102723,-0.1897804747121725,3154714352.0,2274147421.0,-0.2791273100341859,1944386647.8750012,329760773.1249988,0.1695962958218164,,0.0,-0.2791273100341859,-0.3728609614359431,0.0937336514017571,-0.3272927314154294,-0.466587010645032,0.1392942792296025,683.8928833007812,0.1229478712316905,0.0127292236450315,9.415400940260636,0.503955740273241,7.84670975119843,6.755
2015_tianjin_explosion,CHN_C20,2015-08,BRA_C20,BRA,2016-01,5,-0.2220816518806262,-21953012.311440345,345466089.0190431,-69152731.01904309,-0.2001722693402512,-1.808180183440131,-19245221.422059987,38244380.5392654,-0.2220816518806262,-0.0272865156749738,-0.1947951362056523,-0.2511337105111302,-0.0276657063449583,-0.2234680041661718,2282531215.0,1575214011.0,-0.3098828175280836,1248982385.3750002,326231625.62499976,0.2611979395746646,,0.0,-0.3098828175280836,-0.4806733277432454,0.1707905102151618,-0.3708938659440903,-0.6552221671234619,0.2843283011793716,683.8928833007812,0.1229478712316905,0.0127292236450315,9.415400940260636,0.503955740273241,7.84670975119843,6.755
2015_tianjin_explosion,CHN_C20,2015-08,BRA_C20,BRA,2016-02,6,-0.1051578935307373,-8375066.026754439,271213710.3071294,-15131625.307129383,-0.0557922580314761,-0.3956561746788861,-4211134.9070387175,38244380.5392654,-0.1051578935307373,-0.0344992416463278,-0.0706586518844094,-0.1111079932127907,-0.0351083915349157,-0.075999601677875,2077890150.0,1613543529.0,-0.2234702450463996,915813503.875,697730025.1249999,0.7618691165534871,,0.0,-0.2234702450463996,-0.5579697515534646,0.334499506507065,-0.2529203176669767,-0.8163769632373743,0.5634566455703975,683.8928833007812,0.1229478712316905,0.0127292236450315,9.415400940260636,0.503955740273241,7.84670975119843,6.755
2015_tianjin_explosion,CHN_C20,2015-08,BRA_C20,BRA,2016-03,7,-0.2187937629175993,-18454897.72492186,265610679.8071294,-28839503.807129413,-0.1085781032150926,-0.7540847413522614,-8026040.740425811,38244380.5392654,-0.2187937629175993,-0.0352013815812692,-0.18359238133633,-0.246916095110965,-0.0358358848649302,-0.2110802102460347,2410623876.0,1818715370.0,-0.2455416259222349,1135548106.8750014,683167263.1249986,0.6016189529874317,,0.0,-0.2455416259222349,-0.5044669950855971,0.2589253691633622,-0.2817551723695537,-0.7021213176735266,0.4203661453039728,683.8928833007812,0.1229478712316905,0.0127292236450315,9.415400940260636,0.503955740273241,7.84670975119843,6.755
2015_tianjin_explosion,CHN_C20,2015-08,IDN_A01,IDN,2015-09,1,-0.0866547956256623,-9302269.23991578,353907373.1250002,-21421425.12500018,-0.0605283380672437,,-6316933.729828382,0.0,-0.0866547956256623,0.0455656889989525,-0.1322204846246149,-0.0906413706018192,0.0445580680078343,-0.1351994386096535,768774504.0,738052897.1919999,-0.0399617919795114,635173398.7500002,102879498.44199967,0.1619707290079576,2.4148507815683353,42602838.74566533,-0.0399617919795114,-0.1737845162071032,0.1338227242275917,-0.040782195236769,-0.1908996629472668,0.1501174677104977,614.8455810546875,0.2954270397457085,0.0083649095537615,8.14382775712207,5.006668425755,5.44317454935612,4.049
2015_tianjin_explosion,CHN_C20,2015-08,IDN_A01,IDN,2015-10,2,-0.1768246168160702,-17160353.19106566,360124064.62500006,-89218509.62500006,-0.2477438149486177,,-26309520.000956345,0.0,-0.1768246168160702,0.0447439101428291,-0.2215685269588993,-0.1945859980663193,0.0437717931956349,-0.2383577912619543,706767842.0,685923698.84,-0.0294922065228881,573166736.7500004,112756962.08999968,0.1967262837501004,2.646700675585198,42602838.74566533,-0.0294922065228881,-0.1890311037241501,0.159538897201262,-0.0299358459892005,-0.2095255775833031,0.1795897315941026,614.8455810546875,0.2954270397457085,0.0083649095537615,8.14382775712207,5.006668425755,5.44317454935612,4.049
2015_tianjin_explosion,CHN_C20,2015-08,IDN_A01,IDN,2016-01,5,-0.0756617189757635,-8248901.561317818,377799149.1250001,-36061446.12500012,-0.0954513693546426,,-10634108.797343628,0.0,-0.0756617189757635,0.0425615011576073,-0.1182232201333709,-0.0786771691145489,0.0416806667542601,-0.1203578358688091,613594962.0,506359820.6840001,-0.1747653549280607,492335216.1250081,14024604.558991969,0.0284858854285796,0.3291941328773289,42602838.74566533,-0.1747653549280607,-0.2134420078970836,0.0386766529690229,-0.192087514472508,-0.2400888243719343,0.0480013098994263,614.8455810546875,0.2954270397457085,0.0083649095537615,8.14382775712207,5.006668425755,5.44317454935612,4.049
2015_tianjin_explosion,CHN_C20,2015-08,IDN_A01,IDN,2016-02,6,-0.1087709453917491,-11132935.50732819,323461831.1250001,-14127469.12500012,-0.0436758460058943,,-4166029.3706916273,0.0,-0.1087709453917491,0.0500692552276599,-0.1588402006194091,-0.115153808318972,0.0488561191992253,-0.1640099275181974,584041357.0,495056447.266,-0.1523606310879796,482710436.1250078,12346011.140992165,0.0255764330270143,0.2897931570874094,42602838.74566533,-0.1523606310879796,-0.2167752772435968,0.0644146461556172,-0.1653000058458786,-0.244335621476349,0.0790356156304703,614.8455810546875,0.2954270397457085,0.0083649095537615,8.14382775712207,5.006668425755,5.44317454935612,4.049
2016_fort_mcmurray_wildfire,CAN_B06,2016-05,USA_C19,USA,2016-05,0,-0.29392678973685,-1154954880.514048,1546694678.699237,1671689848.300763,1.0808143787671438,4.268833174677245,1441097465.7669902,391603461.6244179,-0.29392678973685,-0.6606749106599148,0.3667481209230648,-0.3480363495171694,-1.08079666508333,0.7327603155661606,9001063075.0,7303346617.0,-0.1886128831510271,6294538125.348624,1008808491.6513758,0.1602672780054855,1.4489194658093558,696248836.0854913,-0.1886128831510271,-0.3006906543332971,0.1120777711822699,-0.209010005991832,-0.3576620799970982,0.1486520740052661,34621.8046875,0.2086100636341359,0.1088091052916158,10.943303361165048,2.94555045484053,0.765879740073601,5.28
2016_fort_mcmurray_wildfire,CAN_B06,2016-05,USA_C19,USA,2016-06,1,-0.2297771759418109,-1002913246.206578,2051676146.6992407,1848059915.3007593,0.900756154071362,4.719212408477662,1593139100.074457,391603461.6244179,-0.2297771759418109,-0.5947811877827426,0.3650040118409316,-0.2610754240445985,-0.9033280804031634,0.6422526563585649,8608901931.0,7471839758.0,-0.1320798148374214,5902376981.348624,1569462776.6513758,0.2659035133829713,2.254169336174896,696248836.0854913,-0.1320798148374214,-0.3143879858157614,0.1823081709783399,-0.1416555211096799,-0.3774433881928907,0.2357878670832107,34621.8046875,0.2086100636341359,0.1088091052916158,10.943303361165048,2.94555045484053,0.765879740073601,5.28
2016_fort_mcmurray_wildfire,CAN_B06,2016-05,USA_C19,USA,2016-07,2,-0.34967131861115,-1698972201.6265953,2624777805.699235,1040623418.3007646,0.3964615275400596,2.657339682300392,897080144.6544442,391603461.6244179,-0.34967131861115,-0.5343028374857538,0.1846315188746038,-0.4302773801266966,-0.764219721756529,0.3339423416298324,8694587987.0,6894794079.0,-0.2070016325892637,5988063037.348625,906731041.6513748,0.1514230955813141,1.3023088796087248,696248836.0854913,-0.2070016325892637,-0.3112896653832938,0.10428803279403,-0.2319341160700325,-0.372934510514586,0.1410003944445534,34621.8046875,0.2086100636341359,0.1088091052916158,10.943303361165048,2.94555045484053,0.765879740073601,5.28
2016_fort_mcmurray_wildfire,CAN_B06,2016-05,USA_C19,USA,2016-08,3,-0.1854940932125552,-850842060.4717448,2391243709.5977173,1942622047.4022827,0.8123898202450862,4.960686607171587,1674657360.8137605,391603461.6244179,-0.1854940932125552,-0.5573983177145158,0.3719042245019605,-0.205173598882471,-0.8150850502231677,0.6099114513406967,7802959270.0,6908413278.0,-0.1146418891918681,5096434320.348626,1811978957.651374,0.3555385675072182,2.60248759314103,696248836.0854913,-0.1146418891918681,-0.346860050462589,0.2322181612707209,-0.1217630708233734,-0.4259638547789741,0.3042007839556007,34621.8046875,0.2086100636341359,0.1088091052916158,10.943303361165048,2.94555045484053,0.765879740073601,5.28
2016_fort_mcmurray_wildfire,CAN_B06,2016-05,USA_C19,USA,2016-09,4,-0.1242369975453797,-519788023.9214196,1841855014.6992352,2408490801.300765,1.3076440773456088,6.150330723099477,2076264322.35962,391603461.6244179,-0.1242369975453797,-0.6204951132791582,0.4962581157337784,-0.1326597697635847,-0.96888780515771,0.8362280353941252,7576217966.0,6831309265.0,-0.0983219733570162,5328988649.243132,1502320615.7568684,0.2819147711958892,2.1577351916354237,696248836.0854913,-0.0983219733570162,-0.3368216561323106,0.2384996827752943,-0.1034977775699594,-0.41071132963026,0.3072135520603005,34621.8046875,0.2086100636341359,0.1088091052916158,10.943303361165048,2.94555045484053,0.765879740073601,5.28
2016_fort_mcmurray_wildfire,CAN_B06,2016-05,GBR_C19,GBR,2016-05,0,-0.441710892257098,-10225308.715926455,19845779.47946092,6004194.260539077,0.3025426270987755,,3001871.541641924,0.0,-0.441710892257098,-0.5713851538306962,0.1296742615735981,-0.5828783194535916,-0.8471965289988432,0.2643182095452516,1661162296.784,1132724446.758,-0.318113318035843,1190651805.7336864,-57927358.97568655,-0.0486518045802579,-0.2724398377898026,212624407.08241668,-0.318113318035843,-0.2832417349960195,-0.0348715830398234,-0.3828917901409596,-0.3330166428244006,-0.049875147316559,199.543701171875,0.2135085112811309,0.008568022101577,10.72009815856061,2.14040560033371,0.669172003330104,5.517
2016_fort_mcmurray_wildfire,CAN_B06,2016-05,GBR_C19,GBR,2016-10,5,-0.4680547400636682,-14886672.79355076,27266590.52738839,6573426.250611607,0.2410798755351835,,3286466.14958479,0.0,-0.4680547400636682,-0.5713851538306962,0.1033304137670279,-0.6312146759596544,-0.8471965368346055,0.215981860874951,1407517285.039,1097021918.58,-0.2205979065119593,897206196.6259404,199815721.95405948,0.222708807301479,0.9397591024280088,212624407.08241668,-0.2205979065119593,-0.3440116621304113,0.1234137556184519,-0.2492281998548478,-0.4216122674504703,0.1723840675956225,199.543701171875,0.2135085112811309,0.008568022101577,10.72009815856061,2.14040560033371,0.669172003330104,5.517
2016_fort_mcmurray_wildfire,CAN_B06,2016-05,ESP_C19,ESP,2016-09,4,-0.6051776642680619,-29406584.56839971,3473510.5729344673,22585671.08806553,6.502260642029617,,16627832.25987821,0.0,-0.6051776642680619,-0.9451624287373172,0.3399847644692553,-0.929319374997629,-2.9033794408602276,1.9740600658625984,896072939.1190002,799576192.503,-0.1076884954375184,782229783.7355009,17346408.76749909,0.0221755922980356,0.1188602903046163,145939478.38292792,-0.1076884954375184,-0.3238853861875203,0.2161968907500019,-0.113939986869159,-0.3913926698367156,0.2774526829675565,91.52839660644533,0.1336337366619389,0.0035868753248851,10.165214753343864,4.06086672473866,0.552441816045786,22.057
