shock_event,shock_node,shock_date,target_node,target_country,observation_date,months_after_shock,shock_yoy_change,shock_value,shock_expected,shock_dev_abs,shock_dev_pct,shock_dev_z,shock_dev_abs_weighted,shock_resid_std,export_baseline,export_observed,yoy_change,prop_expected,prop_dev_abs,prop_dev_pct,prop_dev_z,prop_resid_std,icio_edge_value,is_domestic,supplier_hhi,shocked_supplier_share,target_log_gdp_per_capita,target_gdp_growth,target_inflation,target_unemployment_rate
2011_japan_earthquake,JPN_C29,2011-03,JPN_C29,JPN,2011-03,0,-0.01212058862885613,-153.56119791666788,12669.450520833334,-153.56119791666788,-0.01212058862885613,,-153.56119791666788,0.0,14444517815.616999,12931613870.329998,-0.10473897187840304,15740870520.386,-2809256650.0560017,-0.17846895102896207,,0.0,150190.671875,True,0.20513499587818707,0.4214977428866522,10.713732116746254,4.09791791943181,-1.88074195006213,5.102
2011_japan_earthquake,JPN_C29,2011-03,JPN_C29,JPN,2011-04,1,-0.01212058862885613,-153.56119791666788,12669.450520833334,-153.56119791666788,-0.01212058862885613,,-153.56119791666788,0.0,13747734531.897,8425652214.546,-0.3871243152828487,15740870520.386,-7315218305.84,-0.4647276843022158,,0.0,150190.671875,True,0.20513499587818707,0.4214977428866522,10.713732116746254,4.09791791943181,-1.88074195006213,5.102
2011_japan_earthquake,JPN_C29,2011-03,JPN_C29,JPN,2011-05,2,-0.01212058862885613,-153.56119791666788,12669.450520833334,-153.56119791666788,-0.01212058862885613,,-153.56119791666788,0.0,11648536793.605,9219605257.262,-0.20851816664874803,15740870520.386,-6521265263.124001,-0.41428873038999403,,0.0,150190.671875,True,0.20513499587818707,0.4214977428866522,10.713732116746254,4.09791791943181,-1.88074195006213,5.102
2011_japan_earthquake,JPN_C29,2011-03,JPN_C29,JPN,2011-06,3,-0.01212058862885613,-153.56119791666788,12669.450520833334,-153.56119791666788,-0.01212058862885613,,-153.56119791666788,0.0,14767429311.001,15030545763.819002,0.01781734974156904,15740870520.386,-710324756.5669975,-0.045126141889488006,,0.0,150190.671875,True,0.20513499587818707,0.4214977428866522,10.713732116746254,4.09791791943181,-1.88074195006213,5.102
2011_japan_earthquake,JPN_C29,2011-03,JPN_C29,JPN,2011-07,4,-0.01212058862885613,-153.56119791666788,12669.450520833334,-153.56119791666788,-0.01212058862885613,,-153.56119791666788,0.0,15001689712.644001,15866897461.36,0.05767401974637359,15740870520.386,126026940.97400093,0.008006351415621102,,0.0,150190.671875,True,0.20513499587818707,0.4214977428866522,10.713732116746254,4.09791791943181,-1.88074195006213,5.102
2011_japan_earthquake,JPN_C29,2011-03,JPN_C29,JPN,2011-08,5,-0.01212058862885613,-153.56119791666788,12669.450520833334,-153.56119791666788,-0.01212058862885613,,-153.56119791666788,0.0,12164178143.711,14169507560.6,0.16485531477733043,15740870520.386,-1571362959.7859993,-0.09982694144843687,,0.0,150190.671875,True,0.20513499587818707,0.4214977428866522,10.713732116746254,4.09791791943181,-1.88074195006213,5.102
2011_japan_earthquake,JPN_C29,2011-03,JPN_C29,JPN,2011-09,6,-0.01212058862885613,-153.56119791666788,12669.450520833334,-153.56119791666788,-0.01212058862885613,,-153.56119791666788,0.0,15507042163.491999,18165287088.0,0.17142178995077914,15740870520.386,2424416567.6140003,0.15402048854122385,,0.0,150190.671875,True,0.20513499587818707,0.4214977428866522,10.713732116746254,4.09791791943181,-1.88074195006213,5.102
2011_japan_earthquake,JPN_C29,2011-03,JPN_C29,JPN,2011-10,7,-0.01212058862885613,-153.56119791666788,12669.450520833334,-153.56119791666788,-0.01212058862885613,,-153.56119791666788,0.0,15610251164.406998,17112602743.703999,0.0962413457332781,15740870520.386,1371732223.317999,0.08714462275396197,,0.0,150190.671875,True,0.20513499587818707,0.4214977428866522,10.713732116746254,4.09791791943181,-1.88074195006213,5.102
2011_japan_earthquake,JPN_C29,2011-03,JPN_C29,JPN,2011-11,8,-0.01212058862885613,-153.56119791666788,12669.450520833334,-153.56119791666788,-0.01212058862885613,,-153.56119791666788,0.0,14912892459.461998,15901441408.639997,0.06628821014200907,15740870520.386,160570888.2539978,0.010200889972765005,,0.0,150190.671875,True,0.20513499587818707,0.4214977428866522,10.713732116746254,4.09791791943181,-1.88074195006213,5.102
2011_japan_earthquake,JPN_C29,2011-03,JPN_C29,JPN,2011-12,9,-0.01212058862885613,-153.56119791666788,12669.450520833334,-153.56119791666788,-0.01212058862885613,,-153.56119791666788,0.0,16826427348.0,17002967025.460003,0.010491809925473366,15740870520.386,1262096505.0740032,0.08017958749101342,,0.0,150190.671875,True,0.20513499587818707,0.4214977428866522,10.713732116746254,4.09791791943181,-1.88074195006213,5.102
2011_japan_earthquake,JPN_C29,2011-03,JPN_C29,JPN,2012-01,10,-0.01212058862885613,-153.56119791666788,12669.450520833334,-153.56119791666788,-0.01212058862885613,,-153.56119791666788,0.0,11241374620.390001,13447972068.41,0.1962924929143091,15740870520.386,-2292898451.976,-0.14566528890549396,,0.0,150190.671875,True,0.20513499587818707,0.4214977428866522,10.713732116746254,4.09791791943181,-1.88074195006213,5.102
2011_japan_earthquake,JPN_C29,2011-03,JPN_C29,JPN,2012-02,11,-0.01212058862885613,-153.56119791666788,12669.450520833334,-153.56119791666788,-0.01212058862885613,,-153.56119791666788,0.0,12984541314.973001,17171437072.847,0.3224523420820356,15740870520.386,1430566552.4610004,0.0908823022594763,,0.0,150190.671875,True,0.20513499587818707,0.4214977428866522,10.713732116746254,4.09791791943181,-1.88074195006213,5.102
2011_japan_earthquake,JPN_C29,2011-03,USA_C29,USA,2011-03,0,0.1918588930262852,460391797.61580604,3844652464.0,1026176556.0,0.26691009541402333,,602545279.2037708,0.0,11061939287.0,13940460458.0,0.26021849300717464,10816296544.0,3124163914.0,0.2888385965835073,,0.0,7684.94287109375,False,0.08932587709177556,0.021517489537109222,10.792275733004598,2.69519257744442,1.21525703756249,9.633
2011_japan_earthquake,JPN_C29,2011-03,USA_C29,USA,2011-04,1,-0.3642335597660213,-739356270.4285493,3844652464.0,-1646773351.0,-0.4283282732106004,,-966944238.5542321,0.0,10650365373.0,12523754614.0,0.1758990584256644,10816296544.0,1707458070.0,0.15785976864208282,,0.0,7684.94287109375,False,0.08932587709177556,0.021517489537109222,10.792275733004598,2.69519257744442,1.21525703756249,9.633
2011_japan_earthquake,JPN_C29,2011-03,USA_C29,USA,2011-05,2,-0.4127756698933908,-841085278.2082642,3844652464.0,-1806848597.0,-0.469964090101435,,-1060936430.4735749,0.0,10776034810.0,12715418495.0,0.17997192095187747,10816296544.0,1899121951.0,0.17557968601124183,,0.0,7684.94287109375,False,0.08932587709177556,0.021517489537109222,10.792275733004598,2.69519257744442,1.21525703756249,9.633
2011_japan_earthquake,JPN_C29,2011-03,USA_C29,USA,2011-06,3,-0.3174811478339236,-782595912.1905457,3844652464.0,-979374991.0,-0.2547369366075425,,-575064567.5414218,0.0,10799940009.0,12380200654.0,0.14632124286645193,10816296544.0,1563904110.0,0.1445877619606802,,0.0,7684.94287109375,False,0.08932587709177556,0.021517489537109222,10.792275733004598,2.69519257744442,1.21525703756249,9.633
2011_japan_earthquake,JPN_C29,2011-03,USA_C29,USA,2011-07,4,-0.02673648236176792,-63788201.089662395,3844652464.0,109914477.0,0.028588923974065605,,64539039.45209741,0.0,8778806945.0,11261143485.0,0.2827646803890389,10816296544.0,444846941.0,0.041127472715859,,0.0,7684.94287109375,False,0.08932587709177556,0.021517489537109222,10.792275733004598,2.69519257744442,1.21525703756249,9.633
2011_japan_earthquake,JPN_C29,2011-03,USA_C29,USA,2011-08,5,0.1322198626137578,334474725.7286579,3844652464.0,1033212513.0,0.2687401586163238,,606676617.6661851,0.0,10707354999.0,12822762722.0,0.19756585292983803,10816296544.0,2006466178.0,0.185503991115427,,0.0,7684.94287109375,False,0.08932587709177556,0.021517489537109222,10.792275733004598,2.69519257744442,1.21525703756249,9.633
2011_japan_earthquake,JPN_C29,2011-03,CHN_C29,CHN,2011-03,0,0.11910809427867586,174914735.7490632,1585852004.0,865314267.0,0.5456462928554586,,580173985.5264719,0.0,4853471294.0,7548074204.0,0.5551908617098745,4431386115.0,3116688089.0,0.7033212652019153,,0.0,3854.80810546875,False,0.14203454978111069,0.00794070383926925,8.440365173125944,10.5962719761682,6.92845731295996,4.53
2011_japan_earthquake,JPN_C29,2011-03,CHN_C29,CHN,2011-04,1,-0.21226692624369808,-262019936.51255628,1585852004.0,-135589232.0,-0.08549929732282888,,-90909566.75964922,0.0,5365551767.0,7745080412.0,0.4434825621541711,4431386115.0,3313694297.0,0.7477782822361893,,0.0,3854.80810546875,False,0.14203454978111069,0.00794070383926925,8.440365173125944,10.5962719761682,6.92845731295996,4.53
2011_japan_earthquake,JPN_C29,2011-03,CHN_C29,CHN,2011-05,2,-0.12119191242501949,-119027734.53693178,1585852004.0,-298538910.0,-0.18825143156296695,,-200163704.5115641,0.0,5820057537.0,7493523252.0,0.28753422184595834,4431386115.0,3062137137.0,0.6910111323034643,,0.0,3854.80810546875,False,0.14203454978111069,0.00794070383926925,8.440365173125944,10.5962719761682,6.92845731295996,4.53
2011_japan_earthquake,JPN_C29,2011-03,CHN_C29,CHN,2011-06,3,-0.023396709397738753,-26972881.777031235,1585852004.0,93363224.0,0.05887259578101211,,62597966.814386,0.0,6223336828.0,7594672813.0,0.22035381064866894,4431386115.0,3163286698.0,0.7138368483153493,,0.0,3854.80810546875,False,0.14203454978111069,0.00794070383926925,8.440365173125944,10.5962719761682,6.92845731295996,4.53
2011_japan_earthquake,JPN_C29,2011-03,CHN_C29,CHN,2011-07,4,0.019015893255124594,23491667.295667075,1585852004.0,291707376.0,0.18394363109812611,,195583312.78662378,0.0,6357078274.0,7964007947.0,0.25277802218862533,4431386115.0,3532621832.0,0.7971821322547967,,0.0,3854.80810546875,False,0.14203454978111069,0.00794070383926925,8.440365173125944,10.5962719761682,6.92845731295996,4.53
2011_japan_earthquake,JPN_C29,2011-03,USA_G,USA,2011-03,0,0.1918588930262852,105005559.62969993,3844652464.0,1026176556.0,0.26691009541402333,,137427739.96556875,0.0,110230750991.0,131010674491.0,0.18851294501020516,109745138312.0,21265536179.0,0.19377201128074698,,0.0,1752.771728515625,False,0.09506290420108587,0.0017079360019392551,10.792275733004598,2.69519257744442,1.21525703756249,9.633
2011_japan_earthquake,JPN_C29,2011-03,USA_G,USA,2011-04,1,-0.3642335597660213,-168631412.0801621,3844652464.0,-1646773351.0,-0.4283282732106004,,-220539378.47266147,0.0,102137719916.0,123752794272.0,0.2116267562441833,109745138312.0,14007655960.0,0.12763805463688904,,0.0,1752.771728515625,False,0.09506290420108587,0.0017079360019392551,10.792275733004598,2.69519257744442,1.21525703756249,9.633
2011_japan_earthquake,JPN_C29,2011-03,USA_G,USA,2011-05,2,-0.4127756698933908,-191833631.2504463,3844652464.0,-1806848597.0,-0.469964090101435,,-241976994.79081523,0.0,105311563308.0,123812686212.0,0.1756798809442283,109745138312.0,14067547900.0,0.1281837912492001,,0.0,1752.771728515625,False,0.09506290420108587,0.0017079360019392551,10.792275733004598,2.69519257744442,1.21525703756249,9.633
2011_japan_earthquake,JPN_C29,2011-03,USA_G,USA,2011-06,3,-0.3174811478339236,-178493453.07420063,3844652464.0,-979374991.0,-0.2547369366075425,,-131159975.15726644,0.0,106917060044.0,122880455194.0,0.1493063421630797,109745138312.0,13135316882.0,0.11968928267835377,,0.0,1752.771728515625,False,0.09506290420108587,0.0017079360019392551,10.792275733004598,2.69519257744442,1.21525703756249,9.633
2011_japan_earthquake,JPN_C29,2011-03,USA_G,USA,2011-07,4,-0.02673648236176792,-14548729.555736719,3844652464.0,109914477.0,0.028588923974065605,,14719979.78835865,0.0,104004950680.0,120429505660.0,0.1579208958094186,109745138312.0,10684367348.0,0.09735617916508403,,0.0,1752.771728515625,False,0.09506290420108587,0.0017079360019392551,10.792275733004598,2.69519257744442,1.21525703756249,9.633
2011_japan_earthquake,JPN_C29,2011-03,USA_G,USA,2011-08,5,0.1322198626137578,76286558.40310377,3844652464.0,1033212513.0,0.2687401586163238,,138370010.24386668,0.0,106882405507.0,126650327371.0,0.1849501961546454,109745138312.0,16905189059.0,0.15404043695256353,,0.0,1752.771728515625,False,0.09506290420108587,0.0017079360019392551,10.792275733004598,2.69519257744442,1.21525703756249,9.633
2011_japan_earthquake,JPN_C29,2011-03,THA_C29,THA,2011-03,0,0.19166794220916883,17625988.008211765,167670872.0,-40621472.0,-0.24226910443932087,,-35038240.14592824,0.0,1838045384.0,2207952551.0,0.20125029023766478,2144376756.0,63575795.0,0.02964767959833267,,0.0,1376.62744140625,False,0.03920696206811019,0.06838116635028763,8.512153089059694,7.51339053261624,4.08098922673743,0.622
2011_japan_earthquake,JPN_C29,2011-03,THA_C29,THA,2011-04,1,0.022777859327262645,1742275.0290536147,167670872.0,-76972708.0,-0.4590702432799419,,-66393168.31222689,0.0,1497176493.0,1435265415.0,-0.041351890234359964,2144376756.0,-709111341.0,-0.3306841202302232,,0.0,1376.62744140625,False,0.03920696206811019,0.06838116635028763,8.512153089059694,7.51339053261624,4.08098922673743,0.622
2011_japan_earthquake,JPN_C29,2011-03,CAN_C29,CAN,2011-03,0,-0.016745835809625867,-7620468.7308075605,582693616.765,-35761124.89099991,-0.06137208965757789,,-29256212.23982192,0.0,4973685605.948001,5397587540.88,0.08522893655060493,4505164840.376,892422700.5039997,0.19808880077061025,,0.0,1158.798583984375,False,0.07959242700909253,0.02397455656359861,10.76978239226268,3.09080634469335,2.84863779561802,8.178
2011_japan_earthquake,JPN_C29,2011-03,CAN_C29,CAN,2011-04,1,-0.5331769719875231,-222812351.55235067,582693616.765,-344234888.737,-0.5907648184789189,,-281618908.6875103,0.0,4607919081.815,4870502424.465,0.056985233027697264,4505164840.376,365337584.08899975,0.08109305586663255,,0.0,1158.798583984375,False,0.07959242700909253,0.02397455656359861,10.76978239226268,3.09080634469335,2.84863779561802,8.178
2011_japan_earthquake,JPN_C29,2011-03,CAN_C29,CAN,2011-05,2,-0.26083281085517196,-90909517.45228477,582693616.765,-267786203.028,-0.45956604864610695,,-219076162.02126002,0.0,4741371939.601,4789176565.07,0.010082445772651778,4505164840.376,284011724.6939993,0.0630413613612184,,0.0,1158.798583984375,False,0.07959242700909253,0.02397455656359861,10.76978239226268,3.09080634469335,2.84863779561802,8.178
2011_japan_earthquake,JPN_C29,2011-03,CAN_C29,CAN,2011-06,3,-0.44471274660902993,-215731309.71713075,582693616.765,-253429517.857,-0.4349275683917574,,-207330943.44373176,0.0,5207503756.669,4823614062.493,-0.07371856308012655,4505164840.376,318449222.1169996,0.07068536521971566,,0.0,1158.798583984375,False,0.07959242700909253,0.02397455656359861,10.76978239226268,3.09080634469335,2.84863779561802,8.178
2011_japan_earthquake,JPN_C29,2011-03,CAN_C29,CAN,2011-07,4,-0.058424881953123245,-19714509.57840144,582693616.765,-194332106.61,-0.3335064964138333,,-158983291.86576355,0.0,3292208465.571,3480320017.4119997,0.05713840839916969,4505164840.376,-1024844822.9640007,-0.2274822030437553,,0.0,1158.798583984375,False,0.07959242700909253,0.02397455656359861,10.76978239226268,3.09080634469335,2.84863779561802,8.178
2011_japan_earthquake,JPN_C29,2011-03,CAN_C29,CAN,2011-08,5,0.009472448333075496,3137699.7434022324,582693616.765,-173963461.06999993,-0.29855048359000524,,-142319682.4638703,0.0,4913247933.936,4842499802.646,-0.014399462889169462,4505164840.376,337334962.2699995,0.07487738500637095,,0.0,1158.798583984375,False,0.07959242700909253,0.02397455656359861,10.76978239226268,3.09080634469335,2.84863779561802,8.178
2011_japan_earthquake,JPN_C29,2011-03,USA_C28,USA,2011-03,0,0.1918588930262852,51265533.18549555,3844652464.0,1026176556.0,0.26691009541402333,,67094603.263461985,0.0,15331014142.0,17770892186.0,0.1591465523024889,14067535652.0,3703356534.0,0.2632555285881567,,0.0,855.7335205078125,False,0.06757033331234609,0.003976941058598867,10.792275733004598,2.69519257744442,1.21525703756249,9.633
2011_japan_earthquake,JPN_C29,2011-03,USA_C28,USA,2011-04,1,-0.3642335597660213,-82328776.52001357,3844652464.0,-1646773351.0,-0.4283282732106004,,-107671144.89622664,0.0,14454918121.0,17342792113.0,0.1997848737589539,14067535652.0,3275256461.0,0.2328237540691324,,0.0,855.7335205078125,False,0.06757033331234609,0.003976941058598867,10.792275733004598,2.69519257744442,1.21525703756249,9.633
2011_japan_earthquake,JPN_C29,2011-03,USA_C28,USA,2011-05,2,-0.4127756698933908,-93656501.84280603,3844652464.0,-1806848597.0,-0.469964090101435,,-118137360.53901616,0.0,14941503925.0,17305269863.0,0.15820133969546174,14067535652.0,3237734211.0,0.23015646031362197,,0.0,855.7335205078125,False,0.06757033331234609,0.003976941058598867,10.792275733004598,2.69519257744442,1.21525703756249,9.633
2011_japan_earthquake,JPN_C29,2011-03,USA_C28,USA,2011-06,3,-0.3174811478339236,-87143595.76996118,3844652464.0,-979374991.0,-0.2547369366075425,,-64034571.90976954,0.0,14951555522.0,16974528175.0,0.13530181859829635,14067535652.0,2906992523.0,0.2066454704585525,,0.0,855.7335205078125,False,0.06757033331234609,0.003976941058598867,10.792275733004598,2.69519257744442,1.21525703756249,9.633
2011_japan_earthquake,JPN_C29,2011-03,USA_C28,USA,2011-07,4,-0.02673648236176792,-7102941.791621705,3844652464.0,109914477.0,0.028588923974065605,,7186549.121695114,0.0,14569226853.0,16662575525.0,0.14368289361689437,14067535652.0,2595039873.0,0.18447011169515393,,0.0,855.7335205078125,False,0.06757033331234609,0.003976941058598867,10.792275733004598,2.69519257744442,1.21525703756249,9.633
2011_japan_earthquake,JPN_C29,2011-03,USA_C28,USA,2011-08,5,0.1322198626137578,37244419.297541685,3844652464.0,1033212513.0,0.2687401586163238,,67554635.93594274,0.0,14614899143.0,17203476720.0,0.17711908591855274,14067535652.0,3135941068.0,0.22292042796807549,,0.0,855.7335205078125,False,0.06757033331234609,0.003976941058598867,10.792275733004598,2.69519257744442,1.21525703756249,9.633
2011_japan_earthquake,JPN_C29,2011-03,GBR_C29,GBR,2011-03,0,0.7328257953117542,95071865.31944367,381214865.09,102533993.71600008,0.2689664100370092,,47649032.98857695,0.0,3570126115.9040003,5241120422.405001,0.4680490974974658,4821297266.127,419823156.27800083,0.08707680383608649,,0.0,738.4232788085938,False,0.03949275908879588,0.014745979001412939,10.591102509850886,2.26054460931586,1.3283713684016,7.924
2011_japan_earthquake,JPN_C29,2011-03,GBR_C29,GBR,2011-04,1,1.5630763385300572,125126205.57498229,381214865.09,60298047.546000004,0.1581733900428159,,28021376.643381357,0.0,3767801928.015,4578850366.794,0.21525771637531022,4821297266.127,-242446899.33300018,-0.050286652315832084,,0.0,738.4232788085938,False,0.03949275908879588,0.014745979001412939,10.591102509850886,2.26054460931586,1.3283713684016,7.924
2011_japan_earthquake,JPN_C29,2011-03,MEX_C29,MEX,2011-03,0,0.22805127315886436,44345415.83674111,347856735.0,17303406.0,0.04974290924681967,,11315687.941128874,0.0,6259993612.0,7646217670.0,0.22144176878115318,6351719554.0,1294498116.0,0.203802782064707,,0.0,729.2385864257812,False,0.04508707854331875,0.009332180276882053,9.182948700537848,4.9713345832195,4.37296440049234,5.303
2011_japan_earthquake,JPN_C29,2011-03,MEX_C29,MEX,2011-04,1,-0.22203972958472276,-44092139.49864772,347856735.0,-111624838.0,-0.3208931343531411,,-72997872.9787109,0.0,5688334281.0,6619857583.0,0.16376029536650924,6351719554.0,268138029.0,0.04221502960267506,,0.0,729.2385864257812,False,0.04508707854331875,0.009332180276882053,9.182948700537848,4.9713345832195,4.37296440049234,5.303
2011_japan_earthquake,JPN_C29,2011-03,MEX_C29,MEX,2011-05,2,0.06318520343965346,12024464.474151904,347856735.0,-38464140.0,-0.11057465942121258,,-25153903.524190135,0.0,5660458879.0,7100956012.0,0.25448416176013,6351719554.0,749236458.0,0.11795805082864022,,0.0,729.2385864257812,False,0.04508707854331875,0.009332180276882053,9.182948700537848,4.9713345832195,4.37296440049234,5.303
2011_japan_earthquake,JPN_C29,2011-03,CHN_H49,CHN,2011-03,0,0.11910809427867586,28557854.971083585,1585852004.0,865314267.0,0.5456462928554586,,94723434.6249142,0.0,112073731624.0,152199070383.0,0.3580262580496371,96736125592.0,55462944791.0,0.5733426313239357,,0.0,629.3640747070312,False,0.13238792079124975,0.0026698159332492056,8.440365173125944,10.5962719761682,6.92845731295996,4.53
2011_japan_earthquake,JPN_C29,2011-03,CHN_H49,CHN,2011-04,1,-0.21226692624369808,-42779285.08660933,1585852004.0,-135589232.0,-0.08549929732282888,,-14842558.64371912,0.0,119863001777.0,155684083821.0,0.2988501999194346,96736125592.0,58947958229.0,0.6093686083482648,,0.0,629.3640747070312,False,0.13238792079124975,0.0026698159332492056,8.440365173125944,10.5962719761682,6.92845731295996,4.53
2011_japan_earthquake,JPN_C29,2011-03,CHN_H49,CHN,2011-05,2,-0.12119191242501949,-19433335.710027736,1585852004.0,-298538910.0,-0.18825143156296695,,-32680185.688395847,0.0,131678625308.0,157157191158.0,0.19349052126269484,96736125592.0,60421065566.0,0.6245967077577146,,0.0,629.3640747070312,False,0.13238792079124975,0.0026698159332492056,8.440365173125944,10.5962719761682,6.92845731295996,4.53
2011_japan_earthquake,JPN_C29,2011-03,CHN_H49,CHN,2011-06,3,-0.023396709397738753,-4403789.324220883,1585852004.0,93363224.0,0.05887259578101211,,10220200.431452287,0.0,137361708854.0,161980773258.0,0.17922800036047373,96736125592.0,65244647666.0,0.6744600041268934,,0.0,629.3640747070312,False,0.13238792079124975,0.0026698159332492056,8.440365173125944,10.5962719761682,6.92845731295996,4.53
2011_japan_earthquake,JPN_C29,2011-03,CHN_H49,CHN,2011-07,4,0.019015893255124594,3835420.868262671,1585852004.0,291707376.0,0.18394363109812611,,31932357.542119738,0.0,145492497771.0,175128036147.0,0.20369117878947463,96736125592.0,78391910555.0,0.8103685161594165,,0.0,629.3640747070312,False,0.13238792079124975,0.0026698159332492056,8.440365173125944,10.5962719761682,6.92845731295996,4.53
2011_japan_earthquake,JPN_C29,2011-03,MYS_G,MYS,2011-03,0,0.1359066049027143,14939131.180357045,215226638.13299996,40135486.698000014,0.18648010788143318,,19624538.504644144,0.0,17872654882.55,21093761231.03,0.18022539850108854,17007213042.609,4086548188.4209995,0.24028323618824385,,0.0,544.0996704101562,False,0.09236179160212377,0.011158364401686539,9.0938453252436,7.42484738326097,7.26684593389439,3.39
2011_japan_earthquake,JPN_C29,2011-03,MYS_G,MYS,2011-04,1,-0.20105272634155374,-20904583.1852696,215226638.13299996,-45332362.45199996,-0.21062616990740102,,-22165588.750418432,0.0,16223224160.397,19183961247.186,0.18249991848208236,17007213042.609,2176748204.5770016,0.12798970643358723,,0.0,544.0996704101562,False,0.09236179160212377,0.011158364401686539,9.0938453252436,7.42484738326097,7.26684593389439,3.39
2011_japan_earthquake,JPN_C29,2011-03,MYS_G,MYS,2011-05,2,-0.03841749261529864,-3281439.9516805997,215226638.13299996,-47249150.91299996,-0.2195320770833311,,-23102816.427291885,0.0,16066672639.078,18284408950.245,0.13803332905239715,17007213042.609,1277195907.6359997,0.07509730750336216,,0.0,544.0996704101562,False,0.09236179160212377,0.011158364401686539,9.0938453252436,7.42484738326097,7.26684593389439,3.39
2011_japan_earthquake,JPN_C29,2011-03,MYS_G,MYS,2011-06,3,0.13406981951974115,15159859.229602203,215226638.13299996,47033942.23200005,0.21853216051693047,,22997588.575475983,0.0,16182926586.282,19095613517.642,0.17998517856646742,17007213042.609,2088400475.032999,0.12279498526894604,,0.0,544.0996704101562,False,0.09236179160212377,0.011158364401686539,9.0938453252436,7.42484738326097,7.26684593389439,3.39
2011_japan_earthquake,JPN_C29,2011-03,GBR_G,GBR,2011-03,0,0.7328257953117542,66694222.783270694,381214865.09,102533993.71600008,0.2689664100370092,,33426452.829863988,0.0,33983197286.359,42264881720.507,0.24369938956486314,38983037070.631,3281844649.876007,0.08418647946617992,,0.0,518.0140991210938,False,0.06295099743177718,0.004693365461601675,10.591102509850886,2.26054460931586,1.3283713684016,7.924
2011_japan_earthquake,JPN_C29,2011-03,GBR_G,GBR,2011-04,1,1.5630763385300572,87777756.35939348,381214865.09,60298047.546000004,0.1581733900428159,,19657381.6056747,0.0,32812131213.702,38914776165.68,0.1859874603155799,38983037070.631,-68260904.9509964,-0.0017510412240923819,,0.0,518.0140991210938,False,0.06295099743177718,0.004693365461601675,10.591102509850886,2.26054460931586,1.3283713684016,7.924
2020_china_covid,CHN_C26,2020-02,CHN_M,CHN,2020-02,0,-0.015261879092288665,-61.692708333333485,4042.2747395833335,-61.692708333333485,-0.015261879092288665,,-61.692708333333485,0.0,71344785.0,134605676.0,0.8866925732553542,1204804388.3095315,-1070198712.3095315,-0.8882759082668464,-95.6494817646004,11188755.992879922,47766.984375,True,0.057918813645387805,0.06988703148278662,9.244152345041725,6.06850235053705,1.31550650702985,4.56
2020_china_covid,CHN_C26,2020-02,CHN_M,CHN,2020-03,1,-0.015261879092288665,-61.692708333333485,4042.2747395833335,-61.692708333333485,-0.015261879092288665,,-61.692708333333485,0.0,50781625.0,147192373.0,1.8985360945026868,1273184602.908789,-1125992229.908789,-0.8843903918852647,-100.63605199946495,11188755.992879922,47766.984375,True,0.057918813645387805,0.06988703148278662,9.244152345041725,6.06850235053705,1.31550650702985,4.56
2020_china_covid,CHN_C26,2020-02,CHN_M,CHN,2020-04,2,-0.015261879092288665,-61.692708333333485,4042.2747395833335,-61.692708333333485,-0.015261879092288665,,-61.692708333333485,0.0,154533238.0,154693191.0,0.001035071820600821,1373812139.0038598,-1219118948.0038598,-0.8873985848515163,-108.9592934888971,11188755.992879922,47766.984375,True,0.057918813645387805,0.06988703148278662,9.244152345041725,6.06850235053705,1.31550650702985,4.56
2020_china_covid,CHN_C26,2020-02,CHN_M,CHN,2020-05,3,-0.015261879092288665,-61.692708333333485,4042.2747395833335,-61.692708333333485,-0.015261879092288665,,-61.692708333333485,0.0,176902088.0,99748714.0,-0.4361360279704556,1450278408.5989301,-1350529694.5989301,-0.9312209894261859,-120.70418690499224,11188755.992879922,47766.984375,True,0.057918813645387805,0.06988703148278662,9.244152345041725,6.06850235053705,1.31550650702985,4.56
2020_china_covid,CHN_C26,2020-02,CHN_M,CHN,2020-06,4,-0.015261879092288665,-61.692708333333485,4042.2747395833335,-61.692708333333485,-0.015261879092288665,,-61.692708333333485,0.0,122897939.0,158092666.0,0.2863736144509307,1457589748.194001,-1299497082.194001,-0.8915382972500446,-116.14312467095976,11188755.992879922,47766.984375,True,0.057918813645387805,0.06988703148278662,9.244152345041725,6.06850235053705,1.31550650702985,4.56
2020_china_covid,CHN_C26,2020-02,CHN_M,CHN,2020-07,5,-0.015261879092288665,-61.692708333333485,4042.2747395833335,-61.692708333333485,-0.015261879092288665,,-61.692708333333485,0.0,89719469.0,84569055.0,-0.05740575660339675,1496270669.2890713,-1411701614.2890713,-0.9434801090900341,-126.17145419807368,11188755.992879922,47766.984375,True,0.057918813645387805,0.06988703148278662,9.244152345041725,6.06850235053705,1.31550650702985,4.56
2020_china_covid,CHN_C26,2020-02,CHN_M,CHN,2020-08,6,-0.015261879092288665,-61.692708333333485,4042.2747395833335,-61.692708333333485,-0.015261879092288665,,-61.692708333333485,0.0,85682992.0,148386983.0,0.7318137419851072,1519545269.3841422,-1371158286.3841422,-0.902347770751088,-122.5478763909672,11188755.992879922,47766.984375,True,0.057918813645387805,0.06988703148278662,9.244152345041725,6.06850235053705,1.31550650702985,4.56
2020_china_covid,CHN_C26,2020-02,CHN_M,CHN,2020-09,7,-0.015261879092288665,-61.692708333333485,4042.2747395833335,-61.692708333333485,-0.015261879092288665,,-61.692708333333485,0.0,287357253.0,119469049.0,-0.5842490566959867,1679172199.9792128,-1559703150.9792128,-0.9288524137063019,-139.39915679381565,11188755.992879922,47766.984375,True,0.057918813645387805,0.06988703148278662,9.244152345041725,6.06850235053705,1.31550650702985,4.56
2020_china_covid,CHN_C26,2020-02,CHN_M,CHN,2020-10,8,-0.015261879092288665,-61.692708333333485,4042.2747395833335,-61.692708333333485,-0.015261879092288665,,-61.692708333333485,0.0,128420351.0,265440103.0,1.0669629146240225,1638996108.0742834,-1373556005.0742834,-0.8380471425817628,-122.76217355605571,11188755.992879922,47766.984375,True,0.057918813645387805,0.06988703148278662,9.244152345041725,6.06850235053705,1.31550650702985,4.56
2020_china_covid,CHN_C26,2020-02,CHN_M,CHN,2020-11,9,-0.015261879092288665,-61.692708333333485,4042.2747395833335,-61.692708333333485,-0.015261879092288665,,-61.692708333333485,0.0,216914031.0,104056489.0,-0.52028696105878,1724335708.1693542,-1620279219.1693542,-0.9396541586960048,-144.81316959637294,11188755.992879922,47766.984375,True,0.057918813645387805,0.06988703148278662,9.244152345041725,6.06850235053705,1.31550650702985,4.56
2020_china_covid,CHN_C26,2020-02,CHN_M,CHN,2020-12,10,-0.015261879092288665,-61.692708333333485,4042.2747395833335,-61.692708333333485,-0.015261879092288665,,-61.692708333333485,0.0,150577341.0,212771695.0,0.41303926332448654,1763278151.7644248,-1550506456.7644248,-0.8793317465046057,-138.57719819353514,11188755.992879922,47766.984375,True,0.057918813645387805,0.06988703148278662,9.244152345041725,6.06850235053705,1.31550650702985,4.56
2020_china_covid,CHN_C26,2020-02,CHN_M,CHN,2021-01,11,-0.015261879092288665,-61.692708333333485,4042.2747395833335,-61.692708333333485,-0.015261879092288665,,-61.692708333333485,0.0,68997467.0,139673750.0,1.0243315598817562,1768791921.8553085,-1629118171.8553085,-0.9210343804298391,-145.6031548897853,11188755.992879922,47766.984375,True,0.057918813645387805,0.06988703148278662,9.244152345041725,6.06850235053705,1.31550650702985,4.56
2020_china_covid,CHN_C26,2020-02,CHN_G,CHN,2020-02,0,-0.03250029652682458,-71.89143880208303,2212.0240885416665,-71.89143880208303,-0.03250029652682458,,-71.89143880208303,0.0,135352185462.0,80372216536.0,-0.40619934386974177,4971281734985.717,-4890909518449.717,-0.983832697316192,-1156.7147626202614,4228276215.106417,25681.591796875,True,0.06607763186897053,0.032750704990084346,9.244152345041725,6.06850235053705,1.31550650702985,4.56
2020_china_covid,CHN_C26,2020-02,CHN_G,CHN,2020-03,1,-0.03250029652682458,-71.89143880208303,2212.0240885416665,-71.89143880208303,-0.03250029652682458,,-71.89143880208303,0.0,198244457793.0,184451729942.0,-0.06957434273094226,5214052781033.254,-5029601051091.254,-0.9646241153114204,-1189.5157258463705,4228276215.106417,25681.591796875,True,0.06607763186897053,0.032750704990084346,9.244152345041725,6.06850235053705,1.31550650702985,4.56
2020_china_covid,CHN_C26,2020-02,CHN_G,CHN,2020-04,2,-0.03250029652682458,-71.89143880208303,2212.0240885416665,-71.89143880208303,-0.03250029652682458,,-71.89143880208303,0.0,193607937320.0,199417228058.0,0.03000543685560918,5433884385815.792,-5234467157757.792,-0.9633011647103601,-1237.967174201284,4228276215.106417,25681.591796875,True,0.06607763186897053,0.032750704990084346,9.244152345041725,6.06850235053705,1.31550650702985,4.56
2020_china_covid,CHN_C26,2020-02,CHN_G,CHN,2020-05,3,-0.03250029652682458,-71.89143880208303,2212.0240885416665,-71.89143880208303,-0.03250029652682458,,-71.89143880208303,0.0,213909622840.0,206377922962.0,-0.03520972912767724,5659992476971.331,-5453614554009.331,-0.9635374209768502,-1289.7961903541523,4228276215.106417,25681.591796875,True,0.06607763186897053,0.032750704990084346,9.244152345041725,6.06850235053705,1.31550650702985,4.56
2020_china_covid,CHN_C26,2020-02,CHN_G,CHN,2020-06,4,-0.03250029652682458,-71.89143880208303,2212.0240885416665,-71.89143880208303,-0.03250029652682458,,-71.89143880208303,0.0,212430944591.0,212739293757.0,0.0014515265965308133,5870891287262.369,-5658151993505.369,-0.9637637143411999,-1338.1699079379953,4228276215.106417,25681.591796875,True,0.06607763186897053,0.032750704990084346,9.244152345041725,6.06850235053705,1.31550650702985,4.56
2020_china_covid,CHN_C26,2020-02,CHN_G,CHN,2020-07,5,-0.03250029652682458,-71.89143880208303,2212.0240885416665,-71.89143880208303,-0.03250029652682458,,-71.89143880208303,0.0,221717882909.0,236735107412.0,0.06773122810830529,6084580689547.407,-5847845582135.407,-0.9610926176361367,-1383.033010294534,4228276215.106417,25681.591796875,True,0.06607763186897053,0.032750704990084346,9.244152345041725,6.06850235053705,1.31550650702985,4.56
2020_china_covid,CHN_C26,2020-02,CHN_G,CHN,2020-08,6,-0.03250029652682458,-71.89143880208303,2212.0240885416665,-71.89143880208303,-0.03250029652682458,,-71.89143880208303,0.0,214837815030.0,234261574474.0,0.09041126880427294,6292054591807.445,-6057793017333.445,-0.9627686678403872,-1432.6862080794745,4228276215.106417,25681.591796875,True,0.06607763186897053,0.032750704990084346,9.244152345041725,6.06850235053705,1.31550650702985,4.56
2020_china_covid,CHN_C26,2020-02,CHN_G,CHN,2020-09,7,-0.03250029652682458,-71.89143880208303,2212.0240885416665,-71.89143880208303,-0.03250029652682458,,-71.89143880208303,0.0,218139119124.0,238523798375.0,0.0934480680625305,6507569355116.984,-6269045556741.984,-0.9633467143631061,-1482.6480669225166,4228276215.106417,25681.591796875,True,0.06607763186897053,0.032750704990084346,9.244152345041725,6.06850235053705,1.31550650702985,4.56
2020_china_covid,CHN_C26,2020-02,CHN_G,CHN,2020-10,8,-0.03250029652682458,-71.89143880208303,2212.0240885416665,-71.89143880208303,-0.03250029652682458,,-71.89143880208303,0.0,212941338945.0,236137044347.0,0.10893002512767684,6709302779440.022,-6473165735093.022,-0.9648045330327589,-1530.923100994741,4228276215.106417,25681.591796875,True,0.06607763186897053,0.032750704990084346,9.244152345041725,6.06850235053705,1.31550650702985,4.56
2020_china_covid,CHN_C26,2020-02,CHN_G,CHN,2020-11,9,-0.03250029652682458,-71.89143880208303,2212.0240885416665,-71.89143880208303,-0.03250029652682458,,-71.89143880208303,0.0,221412310236.0,266844712659.0,0.2051936605267083,6928235950680.674,-6661391238021.674,-0.9614844652291636,-1575.438996682013,4228276215.106417,25681.591796875,True,0.06607763186897053,0.032750704990084346,9.244152345041725,6.06850235053705,1.31550650702985,4.56
2020_china_covid,CHN_C26,2020-02,CHN_G,CHN,2020-12,10,-0.03250029652682458,-71.89143880208303,2212.0240885416665,-71.89143880208303,-0.03250029652682458,,-71.89143880208303,0.0,238604925383.0,281683099446.0,0.1805418475492594,7134421006560.713,-6852737907114.713,-0.9605177351901482,-1620.6930575235003,4228276215.106417,25681.591796875,True,0.06607763186897053,0.032750704990084346,9.244152345041725,6.06850235053705,1.31550650702985,4.56
2020_china_covid,CHN_C26,2020-02,CHN_G,CHN,2021-01,11,-0.03250029652682458,-71.89143880208303,2212.0240885416665,-71.89143880208303,-0.03250029652682458,,-71.89143880208303,0.0,218008454233.0,262775163109.0,0.2053439121592728,7341253985404.751,-7078478822295.751,-0.964205684256201,-1674.0814606686238,4228276215.106417,25681.591796875,True,0.06607763186897053,0.032750704990084346,9.244152345041725,6.06850235053705,1.31550650702985,4.56
2020_china_covid,CHN_C26,2020-02,CHN_J62_63,CHN,2020-02,0,-0.028862557856213937,-62.02750651041697,2149.0647786458335,-62.02750651041697,-0.028862557856213937,,-62.02750651041697,0.0,124730420.0,96239279.0,-0.22842175148612504,2912480718.1041684,-2816241439.1041684,-0.9669562519670017,-423.2813042187104,6653356.552806808,25044.447265625,True,0.08847797525955464,0.11024945594962014,9.244152345041725,6.06850235053705,1.31550650702985,4.56
2020_china_covid,CHN_C26,2020-02,CHN_J62_63,CHN,2020-03,1,-0.028862557856213937,-62.02750651041697,2149.0647786458335,-62.02750651041697,-0.028862557856213937,,-62.02750651041697,0.0,127873278.0,125295308.0,-0.020160349686194796,3034627102.0000024,-2909331794.0000024,-0.958711464773572,-437.27279169679576,6653356.552806808,25044.447265625,True,0.08847797525955464,0.11024945594962014,9.244152345041725,6.06850235053705,1.31550650702985,4.56
2020_china_covid,CHN_C26,2020-02,CHN_J62_63,CHN,2020-04,2,-0.028862557856213937,-62.02750651041697,2149.0647786458335,-62.02750651041697,-0.028862557856213937,,-62.02750651041697,0.0,144491496.0,99126884.0,-0.31396042850854006,3158444360.8958354,-3059317476.8958354,-0.9686152825019578,-459.8156513354483,6653356.552806808,25044.447265625,True,0.08847797525955464,0.11024945594962014,9.244152345041725,6.06850235053705,1.31550650702985,4.56
2020_china_covid,CHN_C26,2020-02,CHN_J62_63,CHN,2020-05,3,-0.028862557856213937,-62.02750651041697,2149.0647786458335,-62.02750651041697,-0.028862557856213937,,-62.02750651041697,0.0,147936453.0,87417326.0,-0.40908867133646903,3292712264.291669,-3205294938.291669,-0.9734512708723411,-481.7560749753404,6653356.552806808,25044.447265625,True,0.08847797525955464,0.11024945594962014,9.244152345041725,6.06850235053705,1.31550650702985,4.56
2020_china_covid,CHN_C26,2020-02,CHN_J62_63,CHN,2020-06,4,-0.028862557856213937,-62.02750651041697,2149.0647786458335,-62.02750651041697,-0.028862557856213937,,-62.02750651041697,0.0,166029933.0,92696734.0,-0.44168661442512297,3413666799.6875024,-3320970065.6875024,-0.9728454065849409,-499.14205549175125,6653356.552806808,25044.447265625,True,0.08847797525955464,0.11024945594962014,9.244152345041725,6.06850235053705,1.31550650702985,4.56
2020_china_covid,CHN_C26,2020-02,CHN_J62_63,CHN,2020-07,5,-0.028862557856213937,-62.02750651041697,2149.0647786458335,-62.02750651041697,-0.028862557856213937,,-62.02750651041697,0.0,141516519.0,97115001.0,-0.3137550182392488,3518676724.5833354,-3421561723.5833354,-0.9724001354482202,-514.2609893858618,6653356.552806808,25044.447265625,True,0.08847797525955464,0.11024945594962014,9.244152345041725,6.06850235053705,1.31550650702985,4.56
2020_china_covid,CHN_C26,2020-02,CHN_J62_63,CHN,2020-08,6,-0.028862557856213937,-62.02750651041697,2149.0647786458335,-62.02750651041697,-0.028862557856213937,,-62.02750651041697,0.0,136367063.0,100401085.0,-0.2637438778013427,3644174611.4791694,-3543773526.4791694,-0.9724488819268604,-532.6294327310899,6653356.552806808,25044.447265625,True,0.08847797525955464,0.11024945594962014,9.244152345041725,6.06850235053705,1.31550650702985,4.56
2020_china_covid,CHN_C26,2020-02,CHN_J62_63,CHN,2020-09,7,-0.028862557856213937,-62.02750651041697,2149.0647786458335,-62.02750651041697,-0.028862557856213937,,-62.02750651041697,0.0,157250054.0,104958204.0,-0.332539472450674,3759819826.875003,-3654861622.875003,-0.9720842463647422,-549.3259821365128,6653356.552806808,25044.447265625,True,0.08847797525955464,0.11024945594962014,9.244152345041725,6.06850235053705,1.31550650702985,4.56
2020_china_covid,CHN_C26,2020-02,CHN_J62_63,CHN,2020-10,8,-0.028862557856213937,-62.02750651041697,2149.0647786458335,-62.02750651041697,-0.028862557856213937,,-62.02750651041697,0.0,128613880.0,96904142.0,-0.24654989026067792,3886857746.270836,-3789953604.270836,-0.975068770630216,-569.6303172978146,6653356.552806808,25044.447265625,True,0.08847797525955464,0.11024945594962014,9.244152345041725,6.06850235053705,1.31550650702985,4.56
2020_china_covid,CHN_C26,2020-02,CHN_J62_63,CHN,2020-11,9,-0.028862557856213937,-62.02750651041697,2149.0647786458335,-62.02750651041697,-0.028862557856213937,,-62.02750651041697,0.0,153849064.0,116699407.0,-0.24146820288747417,3995283285.6666694,-3878583878.6666694,-0.9707907052752263,-582.9514543347954,6653356.552806808,25044.447265625,True,0.08847797525955464,0.11024945594962014,9.244152345041725,6.06850235053705,1.31550650702985,4.56
2020_china_covid,CHN_C26,2020-02,CHN_J62_63,CHN,2020-12,10,-0.028862557856213937,-62.02750651041697,2149.0647786458335,-62.02750651041697,-0.028862557856213937,,-62.02750651041697,0.0,151080797.0,112734018.0,-0.25381636688082865,4129397435.562503,-4016663417.562503,-0.9726996444979766,-603.7048196174035,6653356.552806808,25044.447265625,True,0.08847797525955464,0.11024945594962014,9.244152345041725,6.06850235053705,1.31550650702985,4.56
2020_china_covid,CHN_C26,2020-02,CHN_J62_63,CHN,2021-01,11,-0.028862557856213937,-62.02750651041697,2149.0647786458335,-62.02750651041697,-0.028862557856213937,,-62.02750651041697,0.0,120188606.0,84496045.0,-0.29697125366442806,4226117943.9583364,-4141621898.9583364,-0.9800062264895385,-622.4860889517694,6653356.552806808,25044.447265625,True,0.08847797525955464,0.11024945594962014,9.244152345041725,6.06850235053705,1.31550650702985,4.56
2020_china_covid,CHN_C26,2020-02,VNM_C26,VNM,2020-02,0,0.10856999980023349,105411473.86675157,37846723181.815186,-36462545379.43519,-0.9634267464654621,-1532.8570933106932,-28352820766.643124,23787309.031321835,5901755611.797998,8609871880.696999,0.45886621660261523,172478758357.3746,-163868886476.6776,-0.950081552286819,-1052.4054337114433,155708894.33625677,19440.38671875,False,0.181036837928372,0.18379709211976628,8.14377899719828,7.35926270105006,2.42322694229267,1.681
2020_china_covid,CHN_C26,2020-02,VNM_C26,VNM,2020-03,1,0.1342617228953108,205909582.88071924,39975154490.61245,-37738039388.687454,-0.9440373619456468,-1586.4778709939849,-29344629008.687927,23787309.031321835,9197526402.949001,10209718740.451,0.11005049544380321,182976949724.98904,-172767230984.53806,-0.9442021590380865,-1109.5527440548349,155708894.33625677,19440.38671875,False,0.181036837928372,0.18379709211976628,8.14377899719828,7.35926270105006,2.42322694229267,1.681
2020_china_covid,CHN_C26,2020-02,KOR_C26,KOR,2020-02,0,0.014398570480295865,23336630.562182765,78398684959.02083,-75755586026.02083,-0.9662864379117896,-1.394946651727865e+17,-47122535004.73932,5.430715642937699e-07,11369171460.0,12493412262.0,0.09888502481956588,414468996663.25006,-401975584401.25006,-0.9698568231578713,-1.5151425872349258e+17,2.6530544899727183e-06,13731.7529296875,False,0.14503073265515065,0.07898283161121383,10.429042495227343,2.31380210595475,-0.624210765169693,3.746
2020_china_covid,CHN_C26,2020-02,KOR_C26,KOR,2020-03,1,0.03398409932624121,66575568.43577175,82213177228.375,-78956767860.375,-0.9603906639083633,-1.4538925079432813e+17,-49113778303.868126,5.430715642937699e-07,14368629419.0,14584178201.0,0.015001346037568095,435118346846.12506,-420534168645.12506,-0.9664822724513671,-1.5850943515655024e+17,2.6530544899727183e-06,13731.7529296875,False,0.14503073265515065,0.07898283161121383,10.429042495227343,2.31380210595475,-0.624210765169693,3.746
2020_china_covid,CHN_C26,2020-02,MEX_C26,MEX,2020-02,0,-0.17537021972014882,-279688651.37888163,80727560517.46526,-78434515106.46526,-0.9715952594590802,-1.611657455198715e+17,-44985502280.67069,4.86669886665181e-07,6776861697.0,7119303898.0,0.05053108891857617,187986485981.72223,-180867182083.72223,-0.9621286399348291,-1.4572142818662874e+17,1.2411845281400997e-06,12354.5185546875,False,0.10657905494195224,0.17790588440383728,9.246725854131645,-0.392690505066824,4.31901022798927,3.477
2020_china_covid,CHN_C26,2020-02,MEX_C26,MEX,2020-03,1,-0.14290254399357077,-243535883.8870801,84337726052.20831,-81790967053.20831,-0.9698028495880544,-1.6806251895646637e+17,-46910569025.843,4.86669886665181e-07,6716735968.0,6944743587.0,0.0339461935211207,196151176434.1667,-189206432847.1667,-0.9645949429758794,-1.524402121984958e+17,1.2411845281400997e-06,12354.5185546875,False,0.10657905494195224,0.17790588440383728,9.246725854131645,-0.392690505066824,4.31901022798927,3.477
2020_china_covid,CHN_C26,2020-02,MEX_C26,MEX,2020-04,2,-0.22342991445682425,-398205013.2584809,88044909981.95137,-85631780068.95137,-0.9725920565596049,-1.75954548278563e+17,-49113437271.34449,4.86669886665181e-07,7775598428.0,6287719824.0,-0.19135229497476822,204569075258.6111,-198281355434.6111,-0.9692635858276661,-1.5975171373730656e+17,1.2411845281400997e-06,12354.5185546875,False,0.10657905494195224,0.17790588440383728,9.246725854131645,-0.392690505066824,4.31901022798927,3.477
2020_china_covid,CHN_C26,2020-02,MEX_C26,MEX,2020-05,3,-0.2898737407973451,-540010150.8792964,91652845159.69443,-89346293090.69443,-0.9748338192340772,-1.8358705878213267e+17,-51243867143.759544,4.86669886665181e-07,8494435743.0,4654264952.0,-0.4520807393433478,213360938019.55557,-208706673067.55557,-0.9781859557086621,-1.6815120422126115e+17,1.2411845281400997e-06,12354.5185546875,False,0.10657905494195224,0.17790588440383728,9.246725854131645,-0.392690505066824,4.31901022798927,3.477
2020_china_covid,CHN_C26,2020-02,MEX_C26,MEX,2020-06,4,0.003651083524612284,5633741.311909438,94660745920.43748,-91960567059.43748,-0.9714751998334188,-1.8895881906641267e+17,-52743263518.21989,4.86669886665181e-07,7532584886.0,8051381910.0,0.06887370429296215,220356468795.00003,-212305086885.00003,-0.9634620124654009,-1.7105038136685178e+17,1.2411845281400997e-06,12354.5185546875,False,0.10657905494195224,0.17790588440383728,9.246725854131645,-0.392690505066824,4.31901022798927,3.477
2020_china_covid,CHN_C26,2020-02,CHN_J61,CHN,2020-02,0,-0.044869754389445377,-43.143798828125,961.5340983072916,-43.143798828125,-0.044869754389445377,,-43.143798828125,0.0,54959.0,65596.0,0.19354427846212632,2394206631.899908,-2394141035.899908,-0.9999726021976859,-123.85552732645057,19330110.553641926,11020.68359375,True,0.10255342898368858,0.09520363642000662,9.244152345041725,6.06850235053705,1.31550650702985,4.56
2020_china_covid,CHN_C26,2020-02,CHN_J61,CHN,2020-03,1,-0.044869754389445377,-43.143798828125,961.5340983072916,-43.143798828125,-0.044869754389445377,,-43.143798828125,0.0,128716396.0,56132183.0,-0.5639080587682085,2646580135.9384713,-2590447952.9384713,-0.978790673202081,-134.0110262561542,19330110.553641926,11020.68359375,True,0.10255342898368858,0.09520363642000662,9.244152345041725,6.06850235053705,1.31550650702985,4.56
2020_china_covid,CHN_C26,2020-02,CHN_J61,CHN,2020-04,2,-0.044869754389445377,-43.143798828125,961.5340983072916,-43.143798828125,-0.044869754389445377,,-43.143798828125,0.0,240567.0,39193.0,-0.8370807301084521,2654926822.810337,-2654887629.810337,-0.9999852376345505,-137.34466869410315,19330110.553641926,11020.68359375,True,0.10255342898368858,0.09520363642000662,9.244152345041725,6.06850235053705,1.31550650702985,4.56
2020_china_covid,CHN_C26,2020-02,CHN_J61,CHN,2020-05,3,-0.044869754389445377,-43.143798828125,961.5340983072916,-43.143798828125,-0.044869754389445377,,-43.143798828125,0.0,15992968.0,149810.0,-0.9906327580971838,2747713387.100365,-2747563577.100365,-0.9999454783018115,-142.13905137664642,19330110.553641926,11020.68359375,True,0.10255342898368858,0.09520363642000662,9.244152345041725,6.06850235053705,1.31550650702985,4.56
2020_china_covid,CHN_C26,2020-02,CHN_J61,CHN,2020-06,4,-0.044869754389445377,-43.143798828125,961.5340983072916,-43.143798828125,-0.044869754389445377,,-43.143798828125,0.0,58558587.0,16816667.0,-0.7128232107103267,2891129501.8303537,-2874312834.8303537,-0.9941833574077698,-148.6961405033875,19330110.553641926,11020.68359375,True,0.10255342898368858,0.09520363642000662,9.244152345041725,6.06850235053705,1.31550650702985,4.56
2020_china_covid,CHN_C26,2020-02,CHN_J61,CHN,2020-07,5,-0.044869754389445377,-43.143798828125,961.5340983072916,-43.143798828125,-0.044869754389445377,,-43.143798828125,0.0,91684159.0,56471051.0,-0.3840697060873951,3004835363.116047,-2948364312.116047,-0.9812066072926409,-152.52702792020787,19330110.553641926,11020.68359375,True,0.10255342898368858,0.09520363642000662,9.244152345041725,6.06850235053705,1.31550650702985,4.56
2020_china_covid,CHN_C26,2020-02,CHN_J61,CHN,2020-08,6,-0.044869754389445377,-43.143798828125,961.5340983072916,-43.143798828125,-0.044869754389445377,,-43.143798828125,0.0,139949.0,67182522.0,479.0500325118436,3052645387.0436673,-2985462865.0436673,-0.9779920319978395,-154.44623851264967,19330110.553641926,11020.68359375,True,0.10255342898368858,0.09520363642000662,9.244152345041725,6.06850235053705,1.31550650702985,4.56
2020_china_covid,CHN_C26,2020-02,CHN_J61,CHN,2020-09,7,-0.044869754389445377,-43.143798828125,961.5340983072916,-43.143798828125,-0.044869754389445377,,-43.143798828125,0.0,42555281.0,82543915.0,0.9396867570913232,3201989058.7286468,-3119445143.7286468,-0.9742210502640586,-161.37751178773894,19330110.553641926,11020.68359375,True,0.10255342898368858,0.09520363642000662,9.244152345041725,6.06850235053705,1.31550650702985,4.56
2020_china_covid,CHN_C26,2020-02,CHN_J61,CHN,2020-10,8,-0.044869754389445377,-43.143798828125,961.5340983072916,-43.143798828125,-0.044869754389445377,,-43.143798828125,0.0,118055.0,20796422.0,175.15875651179536,3286039433.0504255,-3265243011.0504255,-0.9936712804506138,-168.92003809234456,19330110.553641926,11020.68359375,True,0.10255342898368858,0.09520363642000662,9.244152345041725,6.06850235053705,1.31550650702985,4.56
2020_china_covid,CHN_C26,2020-02,CHN_J61,CHN,2020-11,9,-0.044869754389445377,-43.143798828125,961.5340983072916,-43.143798828125,-0.044869754389445377,,-43.143798828125,0.0,24925999.0,83743178.0,2.359671883161032,3439317818.377676,-3355574640.377676,-0.9756512243350917,-173.5931427327229,19330110.553641926,11020.68359375,True,0.10255342898368858,0.09520363642000662,9.244152345041725,6.06850235053705,1.31550650702985,4.56
2020_china_covid,CHN_C26,2020-02,CHN_J61,CHN,2020-12,10,-0.044869754389445377,-43.143798828125,961.5340983072916,-43.143798828125,-0.044869754389445377,,-43.143798828125,0.0,115348.0,76712272.0,664.0507334327426,3480334144.8789635,-3403621872.8789635,-0.9779583600865233,-176.07875875483276,19330110.553641926,11020.68359375,True,0.10255342898368858,0.09520363642000662,9.244152345041725,6.06850235053705,1.31550650702985,4.56
2020_china_covid,CHN_C26,2020-02,CHN_J61,CHN,2021-01,11,-0.044869754389445377,-43.143798828125,961.5340983072916,-43.143798828125,-0.044869754389445377,,-43.143798828125,0.0,250596.0,12394495.0,48.46006719979569,3574248662.0515175,-3561854167.0515175,-0.9965322796000192,-184.26455229871613,19330110.553641926,11020.68359375,True,0.10255342898368858,0.09520363642000662,9.244152345041725,6.06850235053705,1.31550650702985,4.56
2020_china_covid,CHN_C26,2020-02,CHN_Q,CHN,2020-02,0,-0.050396504721403224,-47.55460611979174,943.6092122395834,-47.55460611979174,-0.050396504721403224,,-47.55460611979174,0.0,135352185462.0,80372216536.0,-0.40619934386974177,4971281734985.717,-4890909518449.717,-0.983832697316192,-1156.7147626202614,4228276215.106417,10752.6552734375,True,0.34945555755688057,0.031313862395328164,9.244152345041725,6.06850235053705,1.31550650702985,4.56
2020_china_covid,CHN_C26,2020-02,CHN_Q,CHN,2020-03,1,-0.050396504721403224,-47.55460611979174,943.6092122395834,-47.55460611979174,-0.050396504721403224,,-47.55460611979174,0.0,198244457793.0,184451729942.0,-0.06957434273094226,5214052781033.254,-5029601051091.254,-0.9646241153114204,-1189.5157258463705,4228276215.106417,10752.6552734375,True,0.34945555755688057,0.031313862395328164,9.244152345041725,6.06850235053705,1.31550650702985,4.56
2020_china_covid,CHN_C26,2020-02,CHN_Q,CHN,2020-04,2,-0.050396504721403224,-47.55460611979174,943.6092122395834,-47.55460611979174,-0.050396504721403224,,-47.55460611979174,0.0,193607937320.0,199417228058.0,0.03000543685560918,5433884385815.792,-5234467157757.792,-0.9633011647103601,-1237.967174201284,4228276215.106417,10752.6552734375,True,0.34945555755688057,0.031313862395328164,9.244152345041725,6.06850235053705,1.31550650702985,4.56
2020_china_covid,CHN_C26,2020-02,CHN_Q,CHN,2020-05,3,-0.050396504721403224,-47.55460611979174,943.6092122395834,-47.55460611979174,-0.050396504721403224,,-47.55460611979174,0.0,213909622840.0,206377922962.0,-0.03520972912767724,5659992476971.331,-5453614554009.331,-0.9635374209768502,-1289.7961903541523,4228276215.106417,10752.6552734375,True,0.34945555755688057,0.031313862395328164,9.244152345041725,6.06850235053705,1.31550650702985,4.56
2020_china_covid,CHN_C26,2020-02,CHN_Q,CHN,2020-06,4,-0.050396504721403224,-47.55460611979174,943.6092122395834,-47.55460611979174,-0.050396504721403224,,-47.55460611979174,0.0,212430944591.0,212739293757.0,0.0014515265965308133,5870891287262.369,-5658151993505.369,-0.9637637143411999,-1338.1699079379953,4228276215.106417,10752.6552734375,True,0.34945555755688057,0.031313862395328164,9.244152345041725,6.06850235053705,1.31550650702985,4.56
2020_china_covid,CHN_C26,2020-02,CHN_Q,CHN,2020-07,5,-0.050396504721403224,-47.55460611979174,943.6092122395834,-47.55460611979174,-0.050396504721403224,,-47.55460611979174,0.0,221717882909.0,236735107412.0,0.06773122810830529,6084580689547.407,-5847845582135.407,-0.9610926176361367,-1383.033010294534,4228276215.106417,10752.6552734375,True,0.34945555755688057,0.031313862395328164,9.244152345041725,6.06850235053705,1.31550650702985,4.56
2020_china_covid,CHN_C26,2020-02,CHN_Q,CHN,2020-08,6,-0.050396504721403224,-47.55460611979174,943.6092122395834,-47.55460611979174,-0.050396504721403224,,-47.55460611979174,0.0,214837815030.0,234261574474.0,0.09041126880427294,6292054591807.445,-6057793017333.445,-0.9627686678403872,-1432.6862080794745,4228276215.106417,10752.6552734375,True,0.34945555755688057,0.031313862395328164,9.244152345041725,6.06850235053705,1.31550650702985,4.56
2020_china_covid,CHN_C26,2020-02,CHN_Q,CHN,2020-09,7,-0.050396504721403224,-47.55460611979174,943.6092122395834,-47.55460611979174,-0.050396504721403224,,-47.55460611979174,0.0,218139119124.0,238523798375.0,0.0934480680625305,6507569355116.984,-6269045556741.984,-0.9633467143631061,-1482.6480669225166,4228276215.106417,10752.6552734375,True,0.34945555755688057,0.031313862395328164,9.244152345041725,6.06850235053705,1.31550650702985,4.56
2020_china_covid,CHN_C26,2020-02,CHN_Q,CHN,2020-10,8,-0.050396504721403224,-47.55460611979174,943.6092122395834,-47.55460611979174,-0.050396504721403224,,-47.55460611979174,0.0,212941338945.0,236137044347.0,0.10893002512767684,6709302779440.022,-6473165735093.022,-0.9648045330327589,-1530.923100994741,4228276215.106417,10752.6552734375,True,0.34945555755688057,0.031313862395328164,9.244152345041725,6.06850235053705,1.31550650702985,4.56
2020_china_covid,CHN_C26,2020-02,CHN_Q,CHN,2020-11,9,-0.050396504721403224,-47.55460611979174,943.6092122395834,-47.55460611979174,-0.050396504721403224,,-47.55460611979174,0.0,221412310236.0,266844712659.0,0.2051936605267083,6928235950680.674,-6661391238021.674,-0.9614844652291636,-1575.438996682013,4228276215.106417,10752.6552734375,True,0.34945555755688057,0.031313862395328164,9.244152345041725,6.06850235053705,1.31550650702985,4.56
2020_china_covid,CHN_C26,2020-02,CHN_Q,CHN,2020-12,10,-0.050396504721403224,-47.55460611979174,943.6092122395834,-47.55460611979174,-0.050396504721403224,,-47.55460611979174,0.0,238604925383.0,281683099446.0,0.1805418475492594,7134421006560.713,-6852737907114.713,-0.9605177351901482,-1620.6930575235003,4228276215.106417,10752.6552734375,True,0.34945555755688057,0.031313862395328164,9.244152345041725,6.06850235053705,1.31550650702985,4.56
2020_china_covid,CHN_C26,2020-02,CHN_Q,CHN,2021-01,11,-0.050396504721403224,-47.55460611979174,943.6092122395834,-47.55460611979174,-0.050396504721403224,,-47.55460611979174,0.0,218008454233.0,262775163109.0,0.2053439121592728,7341253985404.751,-7078478822295.751,-0.964205684256201,-1674.0814606686238,4228276215.106417,10752.6552734375,True,0.34945555755688057,0.031313862395328164,9.244152345041725,6.06850235053705,1.31550650702985,4.56
2020_china_covid,CHN_C26,2020-02,JPN_C26,JPN,2020-02,0,-0.38846684971306344,-642731644.7797177,113342258832.36331,-110841448613.70331,-0.9779357651380605,-459.04184984079467,-44845325584.4591,241462621.8767318,8564060427.605999,9488155917.220997,0.1079038964550277,249261243270.51813,-239773087353.29712,-0.9619348929150461,-1397.8432888910856,171530735.4256499,8975.640625,False,0.07323259479113811,0.08869803153401631,10.607004697795462,-0.402169200894946,0.634803165679926,2.351
2020_china_covid,CHN_C26,2020-02,JPN_C26,JPN,2020-03,1,0.1437996510891852,249573088.44084495,118423622179.69444,-113517087277.85144,-0.9585679376163829,-470.1228140221331,-45927861842.698296,241462621.8767318,9911715164.404,9808230826.145998,-0.010440608566885097,261317690653.72867,-251509459827.58267,-0.9624662578273628,-1466.2646854714826,171530735.4256499,8975.640625,False,0.07323259479113811,0.08869803153401631,10.607004697795462,-0.402169200894946,0.634803165679926,2.351
2021_suez_canal,CHN_C28,2021-03,CHN_H52,CHN,2021-03,0,-0.051100786010526526,-31.69852701822913,620.3138834635416,-31.69852701822913,-0.051100786010526526,,-31.69852701822913,0.0,198244457793.0,238752306965.0,0.20433282031166236,4753246181297.191,-4514493874332.191,-0.9497706834742898,-211.36126368987195,21359135517.642715,7063.38427734375,True,0.11204669805026364,0.06451642834661081,9.244152345041725,6.06850235053705,1.31550650702985,4.56
2021_suez_canal,CHN_C28,2021-03,CHN_H52,CHN,2021-04,1,-0.051100786010526526,-31.69852701822913,620.3138834635416,-31.69852701822913,-0.051100786010526526,,-31.69852701822913,0.0,193607937320.0,259769406270.0,0.3417291143422838,4955553201419.745,-4695783795149.745,-0.9475801397519903,-219.84896304773255,21359135517.642715,7063.38427734375,True,0.11204669805026364,0.06451642834661081,9.244152345041725,6.06850235053705,1.31550650702985,4.56
2021_suez_canal,CHN_C28,2021-03,CHN_H52,CHN,2021-05,2,-0.051100786010526526,-31.69852701822913,620.3138834635416,-31.69852701822913,-0.051100786010526526,,-31.69852701822913,0.0,213909622840.0,259386009429.0,0.21259626371748316,5166326922932.799,-4906940913503.799,-0.9497929547823208,-229.73499603720617,21359135517.642715,7063.38427734375,True,0.11204669805026364,0.06451642834661081,9.244152345041725,6.06850235053705,1.31550650702985,4.56
2021_suez_canal,CHN_C28,2021-03,CHN_H52,CHN,2021-06,3,-0.051100786010526526,-31.69852701822913,620.3138834635416,-31.69852701822913,-0.051100786010526526,,-31.69852701822913,0.0,212430944591.0,274197719659.0,0.29076166462904696,5365910800506.854,-5091713080847.854,-0.9489000600544646,-238.38572851612284,21359135517.642715,7063.38427734375,True,0.11204669805026364,0.06451642834661081,9.244152345041725,6.06850235053705,1.31550650702985,4.56
2021_suez_canal,CHN_C28,2021-03,CHN_H52,CHN,2021-07,4,-0.051100786010526526,-31.69852701822913,620.3138834635416,-31.69852701822913,-0.051100786010526526,,-31.69852701822913,0.0,221717882909.0,275981030213.0,0.24473960598961386,5579694707794.406,-5303713677581.406,-0.9505383278716888,-248.31125179202695,21359135517.642715,7063.38427734375,True,0.11204669805026364,0.06451642834661081,9.244152345041725,6.06850235053705,1.31550650702985,4.56
2021_suez_canal,CHN_C28,2021-03,CHN_H52,CHN,2021-08,5,-0.051100786010526526,-31.69852701822913,620.3138834635416,-31.69852701822913,-0.051100786010526526,,-31.69852701822913,0.0,214837815030.0,289689945550.0,0.3484122686201572,5772160438686.96,-5482470493136.96,-0.9498125617561839,-256.68035527975474,21359135517.642715,7063.38427734375,True,0.11204669805026364,0.06451642834661081,9.244152345041725,6.06850235053705,1.31550650702985,4.56
2021_suez_canal,CHN_C28,2021-03,CHN_H52,CHN,2021-09,6,-0.051100786010526526,-31.69852701822913,620.3138834635416,-31.69852701822913,-0.051100786010526526,,-31.69852701822913,0.0,218139119124.0,300891907874.0,0.3793578569598955,5973084733985.515,-5672192826111.515,-0.9496253742790568,-265.56284646568514,21359135517.642715,7063.38427734375,True,0.11204669805026364,0.06451642834661081,9.244152345041725,6.06850235053705,1.31550650702985,4.56
2021_suez_canal,CHN_C28,2021-03,CHN_H52,CHN,2021-10,7,-0.051100786010526526,-31.69852701822913,620.3138834635416,-31.69852701822913,-0.051100786010526526,,-31.69852701822913,0.0,212941338945.0,295825021286.0,0.38923246538995315,6166434998183.067,-5870609976897.067,-0.952026572667487,-274.85241488579555,21359135517.642715,7063.38427734375,True,0.11204669805026364,0.06451642834661081,9.244152345041725,6.06850235053705,1.31550650702985,4.56
2021_suez_canal,CHN_C28,2021-03,CHN_H52,CHN,2021-11,8,-0.051100786010526526,-31.69852701822913,620.3138834635416,-31.69852701822913,-0.051100786010526526,,-31.69852701822913,0.0,221412310236.0,320409700409.0,0.4471178231575299,6383166849285.621,-6062757148876.621,-0.9498039596999005,-283.8484330917215,21359135517.642715,7063.38427734375,True,0.11204669805026364,0.06451642834661081,9.244152345041725,6.06850235053705,1.31550650702985,4.56
2021_suez_canal,CHN_C28,2021-03,CHN_H52,CHN,2021-12,9,-0.051100786010526526,-31.69852701822913,620.3138834635416,-31.69852701822913,-0.051100786010526526,,-31.69852701822913,0.0,238604925383.0,334920494951.0,0.4036612798893306,6596324881553.676,-6261404386602.676,-0.9492261977745229,-293.14877380831894,21359135517.642715,7063.38427734375,True,0.11204669805026364,0.06451642834661081,9.244152345041725,6.06850235053705,1.31550650702985,4.56
2018_us_china_tariffs,CHN_C26,2018-07,CHN_C28,CHN,2018-07,0,-0.015387877436815082,-48.287434895833485,3138.0179036458335,-48.287434895833485,-0.015387877436815082,,-48.287434895833485,0.0,20638466727.0,23622911484.0,0.14460593398130878,421988491141.28467,-398365579657.28467,-0.9440200100715759,-6.379801706828838e+16,6.244168674253315e-06,37076.765625,True,0.10691640439684333,0.04395552456494023,9.10283049555193,6.8912663621211,4.14602237470578,4.47
2018_us_china_tariffs,CHN_C26,2018-07,CHN_C28,CHN,2018-08,1,-0.015387877436815082,-48.287434895833485,3138.0179036458335,-48.287434895833485,-0.015387877436815082,,-48.287434895833485,0.0,21500865363.0,23929822430.0,0.11297020031481604,440475938303.1665,-416546115873.1665,-0.9456728044619549,-6.670961942311361e+16,6.244168674253315e-06,37076.765625,True,0.10691640439684333,0.04395552456494023,9.10283049555193,6.8912663621211,4.14602237470578,4.47
2018_us_china_tariffs,CHN_C26,2018-07,CHN_C28,CHN,2018-09,2,-0.015387877436815082,-48.287434895833485,3138.0179036458335,-48.287434895833485,-0.015387877436815082,,-48.287434895833485,0.0,19949957611.0,23833595125.0,0.19466896069286088,455921340993.54846,-432087745868.54846,-0.9477243265843587,-6.91986024737261e+16,6.244168674253315e-06,37076.765625,True,0.10691640439684333,0.04395552456494023,9.10283049555193,6.8912663621211,4.14602237470578,4.47
2018_us_china_tariffs,CHN_C26,2018-07,CHN_C28,CHN,2018-10,3,-0.015387877436815082,-48.287434895833485,3138.0179036458335,-48.287434895833485,-0.015387877436815082,,-48.287434895833485,0.0,19166724906.0,21192736237.0,0.10570461781740147,472023208320.4304,-450830472083.4304,-0.955102342716561,-7.220023923158053e+16,6.244168674253315e-06,37076.765625,True,0.10691640439684333,0.04395552456494023,9.10283049555193,6.8912663621211,4.14602237470578,4.47
2018_us_china_tariffs,CHN_C26,2018-07,CHN_C28,CHN,2018-11,4,-0.015387877436815082,-48.287434895833485,3138.0179036458335,-48.287434895833485,-0.015387877436815082,,-48.287434895833485,0.0,22951062746.0,24422645757.0,0.0641182949689976,492545256735.8124,-468122610978.8124,-0.950415427977414,-7.496956526959787e+16,6.244168674253315e-06,37076.765625,True,0.10691640439684333,0.04395552456494023,9.10283049555193,6.8912663621211,4.14602237470578,4.47
2018_us_china_tariffs,CHN_C26,2018-07,CHN_C28,CHN,2018-12,5,-0.015387877436815082,-48.287434895833485,3138.0179036458335,-48.287434895833485,-0.015387877436815082,,-48.287434895833485,0.0,24714930293.0,24146939286.0,-0.022981695690271555,512197991004.69434,-488051051718.69434,-0.9528562397547969,-7.81610935225186e+16,6.244168674253315e-06,37076.765625,True,0.10691640439684333,0.04395552456494023,9.10283049555193,6.8912663621211,4.14602237470578,4.47
2018_us_china_tariffs,CHN_C26,2018-07,CHN_C28,CHN,2019-01,6,-0.015387877436815082,-48.287434895833485,3138.0179036458335,-48.287434895833485,-0.015387877436815082,,-48.287434895833485,0.0,19480313691.0,24493677769.0,0.2573554080043484,527311032038.07623,-502817354269.07623,-0.9535498476594904,-8.052590833145674e+16,6.244168674253315e-06,37076.765625,True,0.10691640439684333,0.04395552456494023,9.10283049555193,6.8912663621211,4.14602237470578,4.47
2018_us_china_tariffs,CHN_C26,2018-07,CHN_C28,CHN,2019-02,7,-0.015387877436815082,-48.287434895833485,3138.0179036458335,-48.287434895833485,-0.015387877436815082,,-48.287434895833485,0.0,13817320659.0,16755511652.0,0.2126454951370178,541180623699.4582,-524425112047.4582,-0.969038966071141,-8.398637823635819e+16,6.244168674253315e-06,37076.765625,True,0.10691640439684333,0.04395552456494023,9.10283049555193,6.8912663621211,4.14602237470578,4.47
2018_us_china_tariffs,CHN_C26,2018-07,CHN_C28,CHN,2019-03,8,-0.015387877436815082,-48.287434895833485,3138.0179036458335,-48.287434895833485,-0.015387877436815082,,-48.287434895833485,0.0,20450847352.0,23946315673.0,0.1709204641175007,561668940007.8402,-537722624334.8402,-0.9573657826393859,-8.611596713459085e+16,6.244168674253315e-06,37076.765625,True,0.10691640439684333,0.04395552456494023,9.10283049555193,6.8912663621211,4.14602237470578,4.47
2018_us_china_tariffs,CHN_C26,2018-07,CHN_C28,CHN,2019-04,9,-0.015387877436815082,-48.287434895833485,3138.0179036458335,-48.287434895833485,-0.015387877436815082,,-48.287434895833485,0.0,20103995778.0,22356228971.0,0.11202913181391735,580121745817.222,-557765516846.222,-0.9614628668340873,-8.932582477248987e+16,6.244168674253315e-06,37076.765625,True,0.10691640439684333,0.04395552456494023,9.10283049555193,6.8912663621211,4.14602237470578,4.47
2018_us_china_tariffs,CHN_C26,2018-07,CHN_C28,CHN,2019-05,10,-0.015387877436815082,-48.287434895833485,3138.0179036458335,-48.287434895833485,-0.015387877436815082,,-48.287434895833485,0.0,21798145832.0,25393059519.0,0.1649183244623776,599002984914.1041,-573609925395.1041,-0.9576077913490844,-9.186329763324291e+16,6.244168674253315e-06,37076.765625,True,0.10691640439684333,0.04395552456494023,9.10283049555193,6.8912663621211,4.14602237470578,4.47
2018_us_china_tariffs,CHN_C26,2018-07,CHN_C28,CHN,2019-06,11,-0.015387877436815082,-48.287434895833485,3138.0179036458335,-48.287434895833485,-0.015387877436815082,,-48.287434895833485,0.0,21607363020.0,23673477132.0,0.09562083582747155,615925447573.986,-592251970441.986,-0.9615643788948073,-9.484881036030118e+16,6.244168674253315e-06,37076.765625,True,0.10691640439684333,0.04395552456494023,9.10283049555193,6.8912663621211,4.14602237470578,4.47
2018_us_china_tariffs,CHN_C26,2018-07,KOR_C26,KOR,2018-07,0,0.11902904966337141,231372998.99658564,63303873735.652794,-60101484153.652794,-0.9494124230789938,-1.3087288130732682e+17,-40823675470.12369,4.592355845862168e-07,13637019258.0,16192049793.0,0.1873598978384606,280962762601.8542,-264770712808.8542,-0.9423694099422514,-1.1838277422328486e+17,2.2365645217053555e-06,13967.865234375,False,0.14713708775436185,0.06558755925058457,10.41325214993025,3.433191763972,2.01882021582307,3.653
2018_us_china_tariffs,CHN_C26,2018-07,KOR_C26,KOR,2018-08,1,-0.006380657907994848,-12870460.529068625,66036892467.83335,-63086214887.83335,-0.9553177402852916,-1.3737222681616816e+17,-42851041026.46137,4.592355845862168e-07,15124280771.0,17710190272.0,0.17097735357825036,293699516966.75,-275989326694.75,-0.9396996275141815,-1.2339877701552344e+17,2.2365645217053555e-06,13967.865234375,False,0.14713708775436185,0.06558755925058457,10.41325214993025,3.433191763972,2.01882021582307,3.653
2018_us_china_tariffs,CHN_C26,2018-07,KOR_C26,KOR,2018-09,2,-0.1030528259604789,-211106367.74529925,68651138505.5139,-65946050570.5139,-0.9605966048941383,-1.4359960940294514e+17,-44793572154.46406,4.592355845862168e-07,16609949939.0,18087263086.0,0.08894145692343619,306071752009.1459,-287984488923.1459,-0.940905153882154,-1.287619856830962e+17,2.2365645217053555e-06,13967.865234375,False,0.14713708775436185,0.06558755925058457,10.41325214993025,3.433191763972,2.01882021582307,3.653
2018_us_china_tariffs,CHN_C26,2018-07,KOR_C26,KOR,2018-10,3,0.1579288716315738,353222342.7378362,71712089338.69446,-67899310534.69446,-0.9468321333381832,-1.4785289470952803e+17,-46120315611.9573,4.592355845862168e-07,15641307261.0,17949617541.0,0.1475778361413266,317279805215.0417,-299330187674.0417,-0.9434265363065438,-1.3383480993689632e+17,2.2365645217053555e-06,13967.865234375,False,0.14713708775436185,0.06558755925058457,10.41325214993025,3.433191763972,2.01882021582307,3.653
2018_us_china_tariffs,CHN_C26,2018-07,MEX_C26,MEX,2018-07,0,0.1155256687737252,204640332.747816,69349796365.27017,-66092397323.27017,-0.9530294360946202,-1626.0679634894825,-40093396667.55846,40645531.925638765,7113099689.0,7649639585.0,0.07542982939346796,170621927171.00006,-162972287586.00006,-0.9551661400627985,-1.3067641655659325e+17,1.2471438372770204e-06,12637.3388671875,False,0.09512811087160833,0.17573255074265265,9.174742019588463,1.87172853327193,6.56759492961866,3.419
2018_us_china_tariffs,CHN_C26,2018-07,MEX_C26,MEX,2018-08,1,-0.007079518461640388,-14950310.794737533,72675642066.3667,-69219117674.3667,-0.9524390250471604,-1702.9945087446135,-41990147948.82728,40645531.925638765,7918942109.0,8479530875.0,0.07079086553276885,178163315344.12506,-169683784469.12506,-0.952405853816642,-1.3605791040078262e+17,1.2471438372770204e-06,12637.3388671875,False,0.09512811087160833,0.17573255074265265,9.174742019588463,1.87172853327193,6.56759492961866,3.419
2018_us_china_tariffs,CHN_C26,2018-07,MEX_C26,MEX,2018-09,2,-0.01215570851137152,-24426147.234420426,75549886346.46324,-72277671264.46324,-0.9566880211176759,-1778.243950569909,-43845547469.54568,40645531.925638765,7372041904.0,7917620553.0,0.07400644978753772,185027232059.2501,-177109611506.2501,-0.9572083500094484,-1.4201217711418624e+17,1.2471438372770204e-06,12637.3388671875,False,0.09512811087160833,0.17573255074265265,9.174742019588463,1.87172853327193,6.56759492961866,3.419
2018_us_china_tariffs,CHN_C26,2018-07,MEX_C26,MEX,2018-10,3,0.09306663785214996,202943126.5987772,78536990812.05975,-74607777420.05975,-0.9499699014264161,-1835.5714364017947,-45259051505.67417,40645531.925638765,8278308233.0,9286711212.0,0.12181268812632287,192858297968.3751,-183571586756.3751,-0.9518469710153574,-1.4719359649579814e+17,1.2471438372770204e-06,12637.3388671875,False,0.09512811087160833,0.17573255074265265,9.174742019588463,1.87172853327193,6.56759492961866,3.419
2018_us_china_tariffs,CHN_C26,2018-07,VNM_C26,VNM,2018-07,0,0.17572970824745224,197818972.54489306,30230696213.37093,-28487615348.36193,-0.942340697259958,-7.172262193434944e+16,-21630612000.089798,3.9719149384189796e-07,5854289890.233999,7361551799.240997,0.25746280714957076,120318129380.11671,-112956577580.87572,-0.9388159387353512,-5.642858918385615e+16,2.001761504489144e-06,10332.45703125,False,0.15017499470541001,0.1922836196813422,7.991967692403886,6.94019037359206,4.36292014766431,1.874
2018_us_china_tariffs,CHN_C26,2018-07,VNM_C26,VNM,2018-08,1,0.2738508795964714,327408804.8180876,31591294044.158936,-29585519593.416935,-0.936508632791734,-7.448679050814077e+16,-22464249370.140915,3.9719149384189796e-07,7357366026.250999,9281934855.367002,0.26158394488586856,126266864938.7246,-116984930083.35759,-0.9264895437146444,-5.844099300591382e+16,2.001761504489144e-06,10332.45703125,False,0.15017499470541001,0.1922836196813422,7.991967692403886,6.94019037359206,4.36292014766431,1.874
2018_us_china_tariffs,CHN_C26,2018-07,JPN_C26,JPN,2018-07,0,0.02580781244016903,51127970.12976882,111099247524.2026,-106748690106.4606,-0.9608408021233965,-489.9841980080376,-49864447238.585915,217861495.4123674,9778920170.604,10432419240.768,0.06682732436332342,222701384411.91153,-212268965171.14352,-0.9531551217415333,-7.96003975646981e+16,2.6666822235229952e-06,7875.2421875,False,0.08082568627740035,0.07711218551218227,10.567078543904774,1.67533175173359,-0.0743495037964408,2.822
2018_us_china_tariffs,CHN_C26,2018-07,JPN_C26,JPN,2018-08,1,0.094479883754529,168836495.81578845,115433312412.2863,-111246280135.2883,-0.9637276953290275,-510.6284610996623,-51965361455.60913,217861495.4123674,10357617017.621002,10613979106.489,0.02475106855484804,232217589725.9383,-221603610619.44928,-0.9542929580872166,-8.310086918668746e+16,2.6666822235229952e-06,7875.2421875,False,0.08082568627740035,0.07711218551218227,10.567078543904774,1.67533175173359,-0.0743495037964408,2.822
2018_us_china_tariffs,CHN_C26,2018-07,USA_C26,USA,2018-07,0,0.04024205297009034,122383986.997883,353286858162.2432,-335944511815.2432,-0.9509114309057154,-1.0507541360252451e+17,-61282795913.38661,3.1971752505875637e-06,20019291225.0,20683629376.0,0.03318489868264554,469229633745.8403,-448546004369.8403,-0.9559200274482167,-1.155096954406265e+17,3.883189221985256e-06,5149.7197265625,False,0.1532414517794182,0.044380767897869856,10.996016348224313,2.45762229852507,1.68508382434676,4.355
2018_us_china_tariffs,CHN_C26,2018-07,USA_C26,USA,2018-08,1,-0.005685453397831143,-18194483.484651618,368779231514.0418,-351335981734.0418,-0.9527000213423465,-1.0988949750861318e+17,-64090498604.3581,3.1971752505875637e-06,20577734994.0,21182186857.0,0.029374071693325062,489116036576.4583,-467933849719.4583,-0.9566929209574407,-1.2050245892478813e+17,3.883189221985256e-06,5149.7197265625,False,0.1532414517794182,0.044380767897869856,10.996016348224313,2.45762229852507,1.68508382434676,4.355
2018_us_china_tariffs,CHN_C26,2018-07,USA_C26,USA,2018-09,2,0.09699648493849544,325281895.80732393,384329086413.84045,-364162234374.84045,-0.9475271251854079,-1.1390124276356643e+17,-66430255901.39615,3.1971752505875637e-06,20883488539.0,20943400681.0,0.002868876140502763,509009612981.5764,-488066212300.5764,-0.9588546067758488,-1.2568695069952208e+17,3.883189221985256e-06,5149.7197265625,False,0.1532414517794182,0.044380767897869856,10.996016348224313,2.45762229852507,1.68508382434676,4.355
2011_thailand_floods,THA_C26,2011-10,CHN_C26,CHN,2011-10,0,-0.07054114896263097,-62038784.5812883,28722435591.187504,-27484839599.187504,-0.9569118716248523,-6.756390021897428e+16,-18153703241.88883,4.0679770572908414e-07,49489405505.0,53251462044.0,0.07601741222411558,890782506830.5975,-837531044786.5975,-0.9402194568981057,-9.78335869885932e+16,8.560772129148741e-06,4253.7744140625,False,0.1431577273231884,0.006155774454917667,8.440365173125944,10.5962719761682,6.92845731295996,4.53
2011_thailand_floods,THA_C26,2011-10,CHN_C26,CHN,2011-11,1,-0.29285261637170185,-252326940.47909084,29890742504.875,-28968272130.875,-0.9691385928653479,-7.1210510096060024e+16,-19133508631.053795,4.0679770572908414e-07,55071335551.0,56652581832.0,0.028712691732991527,929904719869.667,-873252138037.667,-0.939077003674161,-1.0200623551984448e+17,8.560772129148741e-06,4253.7744140625,False,0.1431577273231884,0.006155774454917667,8.440365173125944,10.5962719761682,6.92845731295996,4.53
2011_thailand_floods,THA_C26,2011-10,CHN_C26,CHN,2011-12,2,-0.35442745719845536,-352100462.02837414,31172349341.562504,-30201364920.562504,-0.9688510990826933,-7.424172873943336e+16,-19947964924.055466,4.0679770572908414e-07,52091662742.0,55495520012.0,0.06534360953035136,964746131481.2365,-909250611469.2365,-0.9424765560585413,-1.0621128535512717e+17,8.560772129148741e-06,4253.7744140625,False,0.1431577273231884,0.006155774454917667,8.440365173125944,10.5962719761682,6.92845731295996,4.53
2011_thailand_floods,THA_C26,2011-10,CHN_C26,CHN,2012-01,3,-0.19693593916963475,-150641251.82127413,32301607929.25,-31371577618.25,-0.9712079252204089,-7.71183740135019e+16,-20720888992.505802,4.0679770572908414e-07,33606536082.0,42301307583.0,0.2587226329956989,996904995681.8058,-954603688098.8058,-0.9575673632229427,-1.1150906410047488e+17,8.560772129148741e-06,4253.7744140625,False,0.1431577273231884,0.006155774454917667,8.440365173125944,10.5962719761682,6.92845731295996,4.53
2011_thailand_floods,THA_C26,2011-10,CHN_C26,CHN,2012-02,4,0.15802976019170986,111501352.5588548,33288041287.937504,-32050986455.937504,-0.9628378605608054,-7.878851331890883e+16,-21169637706.311657,4.0679770572908414e-07,31359710942.0,43059791559.0,0.3730927443380897,1027835402135.3754,-984775610576.3754,-0.9581063354409264,-1.1503350348776293e+17,8.560772129148741e-06,4253.7744140625,False,0.1431577273231884,0.006155774454917667,8.440365173125944,10.5962719761682,6.92845731295996,4.53
2011_thailand_floods,THA_C26,2011-10,MYS_C26,MYS,2011-10,0,0.08545249507152473,9421654.702909913,4010696090.2233963,-3791000843.949396,-0.9452226642628105,-5.299803304151378e+16,-2065125637.2444816,7.153097249816564e-08,7197320457.432001,6459103285.363001,-0.10256833448435831,152840868550.68503,-146381765265.32202,-0.9577396847674872,-1.1231224273638306e+17,1.3033464713985476e-06,552.0642700195312,False,0.06423927949352974,0.02196753281131695,9.0938453252436,7.42484738326097,7.26684593389439,3.39
2011_thailand_floods,THA_C26,2011-10,MYS_C26,MYS,2011-11,1,-0.0903135445193427,-10301053.890207244,4178776653.720751,-3988306074.1637506,-0.9544195358257765,-5.5756351897299144e+16,-2172606512.62556,7.153097249816564e-08,6261132499.974001,5821894282.474998,-0.07015315799511133,158701737524.80597,-152879843242.33096,-0.963315497528406,-1.1729793005714299e+17,1.3033464713985476e-06,552.0642700195312,False,0.06423927949352974,0.02196753281131695,9.0938453252436,7.42484738326097,7.26684593389439,3.39
2011_thailand_floods,THA_C26,2011-10,MYS_C26,MYS,2011-12,2,-0.34644469054161664,-37926629.684583545,4339158468.225605,-4207817536.929605,-0.969731243452441,-5.88251129542173e+16,-2292184103.8968253,7.153097249816564e-08,6783991125.183,6455053675.9800005,-0.048487305353620426,165292129790.2604,-158837076114.2804,-0.960947604195246,-1.2186865089206962e+17,1.3033464713985476e-06,552.0642700195312,False,0.06423927949352974,0.02196753281131695,9.0938453252436,7.42484738326097,7.26684593389439,3.39
2011_thailand_floods,THA_C26,2011-10,MYS_C26,MYS,2012-01,3,-0.24335997537227916,-22589342.631602377,4493975893.695459,-4365046733.529459,-0.9713106693903558,-6.102317053834822e+16,-2377833793.3027096,7.153097249816564e-08,6466079589.361001,5531138044.827001,-0.14459171614161873,171225566947.6543,-165694428902.8273,-0.9676967748250007,-1.2712999385729717e+17,1.3033464713985476e-06,552.0642700195312,False,0.06423927949352974,0.02196753281131695,9.0938453252436,7.42484738326097,7.26684593389439,3.39
2011_thailand_floods,THA_C26,2011-10,MYS_C26,MYS,2012-02,4,0.06512360992861282,5136081.663318202,4647105759.099313,-4492899902.393312,-0.9668167963674904,-6.2810552484918744e+16,-2447481062.6366377,7.153097249816564e-08,5375122643.126999,6125121162.218,0.1395314244689842,177241222601.08423,-171116101438.86624,-0.9654418928490255,-1.3128980297560571e+17,1.3033464713985476e-06,552.0642700195312,False,0.06423927949352974,0.02196753281131695,9.0938453252436,7.42484738326097,7.26684593389439,3.39
2011_thailand_floods,THA_C26,2011-10,JPN_C26,JPN,2011-10,0,-0.1173699693775764,-23806151.727476142,8357313593.452891,-7996072445.236892,-0.9567754465383476,-8.052611971010363e+16,-3962692856.0451264,9.929787346047449e-08,14008898551.953,13122755174.100002,-0.06325574951996911,281159663585.348,-268036908411.24802,-0.9533263235317662,-7.739240852854262e+16,3.4633488414098775e-06,534.0665893554688,False,0.10703394495985213,0.0032160468201631286,10.713732116746254,4.09791791943181,-1.88074195006213,5.102
2011_thailand_floods,THA_C26,2011-10,JPN_C26,JPN,2011-11,1,-0.3585905636556556,-76338446.01784745,8712502398.543493,-8436974162.823493,-0.9683755340180955,-8.496631265907048e+16,-4181194889.1950636,9.929787346047449e-08,12384863070.689001,11828845612.17,-0.04489492175613278,291979361121.719,-280150515509.549,-0.9594873912774992,-8.089006575367208e+16,3.4633488414098775e-06,534.0665893554688,False,0.10703394495985213,0.0032160468201631286,10.713732116746254,4.09791791943181,-1.88074195006213,5.102
2011_thailand_floods,THA_C26,2011-10,JPN_C26,JPN,2011-12,2,-0.34859537608878294,-75505435.2820116,9061294326.036598,-8776590214.7086,-0.9685801938350094,-8.838648713058413e+16,-4349501781.337471,9.929787346047449e-08,13400467728.0,12739982776.091997,-0.04928820137583207,304118878727.3774,-291378895951.2854,-0.9581085435096828,-8.413212451122002e+16,3.4633488414098775e-06,534.0665893554688,False,0.10703394495985213,0.0032160468201631286,10.713732116746254,4.09791791943181,-1.88074195006213,5.102
2011_thailand_floods,THA_C26,2011-10,JPN_C26,JPN,2012-01,3,-0.04502484332482265,-7066369.974840392,9373356762.399702,-9070928381.895702,-0.9677353174353545,-9.135068119566915e+16,-4495369863.494297,9.929787346047449e-08,10685658631.180002,10169263793.031996,-0.04832597184428132,314437157661.43536,-304267893868.4034,-0.967658835652046,-8.785366643706051e+16,3.4633488414098775e-06,534.0665893554688,False,0.10703394495985213,0.0032160468201631286,10.713732116746254,4.09791791943181,-1.88074195006213,5.102
2011_thailand_floods,THA_C26,2011-10,JPN_C26,JPN,2012-02,4,-0.006965877920395204,-1149306.7063751551,9725112505.899807,-9394506634.726807,-0.9660049309483633,-9.46093436579615e+16,-4655728744.6384,9.929787346047449e-08,10794711657.364002,12006244347.95,0.11223390944023111,326732316723.5763,-314726072375.6263,-0.9632535756843802,-9.087333872134752e+16,3.4633488414098775e-06,534.0665893554688,False,0.10703394495985213,0.0032160468201631286,10.713732116746254,4.09791791943181,-1.88074195006213,5.102
2011_thailand_floods,THA_C26,2011-10,JPN_C26,JPN,2012-03,5,-0.0692874467215093,-12646808.538803462,10102299133.17041,-9759509036.87441,-0.9660681106570618,-9.828517667862427e+16,-4836616601.937794,9.929787346047449e-08,12628422936.155998,13243279142.159,0.048688281118826705,339827846013.35126,-326584566871.19226,-0.9610294468286784,-9.429733527456176e+16,3.4633488414098775e-06,534.0665893554688,False,0.10703394495985213,0.0032160468201631286,10.713732116746254,4.09791791943181,-1.88074195006213,5.102
2011_thailand_floods,THA_C26,2011-10,JPN_C26,JPN,2012-04,6,0.042253773917782254,6721974.783523965,10386317098.584515,-10051743891.526514,-0.9677871180051303,-1.012281888949778e+17,-4981442324.65959,9.929787346047449e-08,12273742752.295996,11908197677.497,-0.02978268994032933,350552309742.8362,-338644112065.3392,-0.9660301833805265,-9.777938278013086e+16,3.4633488414098775e-06,534.0665893554688,False,0.10703394495985213,0.0032160468201631286,10.713732116746254,4.09791791943181,-1.88074195006213,5.102
2011_thailand_floods,THA_C26,2011-10,THA_C26,THA,2011-10,0,-0.8706730923378937,-292.8114776611328,336.3047281901042,-292.8114776611328,-0.8706730923378937,,-292.8114776611328,0.0,3604645362.0,2827738870.0,-0.2155292446214297,78014075267.13893,-75186336397.13893,-0.9637534783266078,-1.297655963510409e+17,5.794011549389827e-07,521.9190063476562,True,0.02606209762946952,0.024373973811845192,8.512153089059694,7.51339053261624,4.08098922673743,0.622
2011_thailand_floods,THA_C26,2011-10,THA_C26,THA,2011-11,1,-0.8706730923378937,-292.8114776611328,336.3047281901042,-292.8114776611328,-0.8706730923378937,,-292.8114776611328,0.0,3628657451.0,2007053892.0,-0.4468880242617313,81247919729.29172,-79240865837.29172,-0.9752971657774469,-1.3676338951315458e+17,5.794011549389827e-07,521.9190063476562,True,0.02606209762946952,0.024373973811845192,8.512153089059694,7.51339053261624,4.08098922673743,0.622
2011_thailand_floods,THA_C26,2011-10,THA_C26,THA,2011-12,2,-0.8706730923378937,-292.8114776611328,336.3047281901042,-292.8114776611328,-0.8706730923378937,,-292.8114776611328,0.0,3647668101.0,2420688381.0,-0.33637372864697485,84479263471.9445,-82058575090.9445,-0.9713457683990828,-1.4162653006721427e+17,5.794011549389827e-07,521.9190063476562,True,0.02606209762946952,0.024373973811845192,8.512153089059694,7.51339053261624,4.08098922673743,0.622
2011_thailand_floods,THA_C26,2011-10,THA_C26,THA,2012-01,3,-0.8706730923378937,-292.8114776611328,336.3047281901042,-292.8114776611328,-0.8706730923378937,,-292.8114776611328,0.0,3171248135.0,2346723812.0,-0.2599999394244815,87523997255.09726,-85177273443.09726,-0.9731876526941492,-1.470091537046856e+17,5.794011549389827e-07,521.9190063476562,True,0.02606209762946952,0.024373973811845192,8.512153089059694,7.51339053261624,4.08098922673743,0.622
2011_thailand_floods,THA_C26,2011-10,THA_C26,THA,2012-02,4,-0.8706730923378937,-292.8114776611328,336.3047281901042,-292.8114776611328,-0.8706730923378937,,-292.8114776611328,0.0,3067060247.0,2963598008.0,-0.03373335724369943,90689724692.75005,-87726126684.75005,-0.9673215679280046,-1.514082703096934e+17,5.794011549389827e-07,521.9190063476562,True,0.02606209762946952,0.024373973811845192,8.512153089059694,7.51339053261624,4.08098922673743,0.622
2011_thailand_floods,THA_C26,2011-10,THA_C26,THA,2012-03,5,-0.8706730923378937,-292.8114776611328,336.3047281901042,-292.8114776611328,-0.8706730923378937,,-292.8114776611328,0.0,3602697477.0,4217994547.0,0.17078788156044777,94549187297.90283,-90331192750.90283,-0.9553883574513437,-1.5590440574875226e+17,5.794011549389827e-07,521.9190063476562,True,0.02606209762946952,0.024373973811845192,8.512153089059694,7.51339053261624,4.08098922673743,0.622
2011_thailand_floods,THA_C26,2011-10,THA_C26,THA,2012-04,6,-0.8706730923378937,-292.8114776611328,336.3047281901042,-292.8114776611328,-0.8706730923378937,,-292.8114776611328,0.0,2644155623.0,3377347549.0,0.27728773587393346,96925884629.0556,-93548537080.0556,-0.9651553600782141,-1.6145728444381043e+17,5.794011549389827e-07,521.9190063476562,True,0.02606209762946952,0.024373973811845192,8.512153089059694,7.51339053261624,4.08098922673743,0.622
2011_thailand_floods,THA_C26,2011-10,THA_C26,THA,2012-05,7,-0.8706730923378937,-292.8114776611328,336.3047281901042,-292.8114776611328,-0.8706730923378937,,-292.8114776611328,0.0,3484609864.0,4123516923.0,0.18335110211350764,100750921762.20839,-96627404839.20839,-0.9590721667764758,-1.667711636670526e+17,5.794011549389827e-07,521.9190063476562,True,0.02606209762946952,0.024373973811845192,8.512153089059694,7.51339053261624,4.08098922673743,0.622
2011_thailand_floods,THA_C26,2011-10,THA_C26,THA,2012-06,8,-0.8706730923378937,-292.8114776611328,336.3047281901042,-292.8114776611328,-0.8706730923378937,,-292.8114776611328,0.0,4026487704.0,4001552910.0,-0.006192690958730418,104434953490.36118,-100433400580.36118,-0.9616837775451366,-1.7334000756511766e+17,5.794011549389827e-07,521.9190063476562,True,0.02606209762946952,0.024373973811845192,8.512153089059694,7.51339053261624,4.08098922673743,0.622
2011_thailand_floods,THA_C26,2011-10,THA_C26,THA,2012-07,9,-0.8706730923378937,-292.8114776611328,336.3047281901042,-292.8114776611328,-0.8706730923378937,,-292.8114776611328,0.0,3482172853.0,3655974250.0,0.049911766111858775,107398484983.01395,-103742510733.01395,-0.9659587912196506,-1.7905126672372474e+17,5.794011549389827e-07,521.9190063476562,True,0.02606209762946952,0.024373973811845192,8.512153089059694,7.51339053261624,4.08098922673743,0.622
2011_thailand_floods,THA_C26,2011-10,THA_C26,THA,2012-08,10,-0.8706730923378937,-292.8114776611328,336.3047281901042,-292.8114776611328,-0.8706730923378937,,-292.8114776611328,0.0,3828962654.0,3659637167.0,-0.04422228741852858,110880478963.16673,-107220841796.16673,-0.966994756865943,-1.850545876241104e+17,5.794011549389827e-07,521.9190063476562,True,0.02606209762946952,0.024373973811845192,8.512153089059694,7.51339053261624,4.08098922673743,0.622
2011_thailand_floods,THA_C26,2011-10,THA_C26,THA,2012-09,11,-0.8706730923378937,-292.8114776611328,336.3047281901042,-292.8114776611328,-0.8706730923378937,,-292.8114776611328,0.0,4011009372.0,3685747582.0,-0.0810922538028914,114187514231.3195,-110501766649.3195,-0.9677219737480802,-1.9071720121261504e+17,5.794011549389827e-07,521.9190063476562,True,0.02606209762946952,0.024373973811845192,8.512153089059694,7.51339053261624,4.08098922673743,0.622
2011_thailand_floods,THA_C26,2011-10,CHN_C27,CHN,2011-10,0,-0.07054114896263097,-5483304.608345822,28722435591.187504,-27484839599.187504,-0.9569118716248523,-6.756390021897428e+16,-1604517002.0112665,4.0679770572908414e-07,13092641682.0,15196716249.0,0.16070664867371415,253521215827.75696,-238324499578.75696,-0.940057418076897,-1.1200303154966794e+17,2.1278397225620767e-06,375.9703063964844,False,0.09514845544827488,0.0007028501145207335,8.440365173125944,10.5962719761682,6.92845731295996,4.53
2011_thailand_floods,THA_C26,2011-10,CHN_C27,CHN,2011-11,1,-0.29285261637170185,-22301943.612804238,29890742504.875,-28968272130.875,-0.9691385928653479,-7.1210510096060024e+16,-1691117206.0924854,4.0679770572908414e-07,14447883247.0,16934683345.0,0.17212210643495934,264528915428.5833,-247594232083.5833,-0.9359817307020564,-1.163594369718136e+17,2.1278397225620767e-06,375.9703063964844,False,0.09514845544827488,0.0007028501145207335,8.440365173125944,10.5962719761682,6.92845731295996,4.53
2011_thailand_floods,THA_C26,2011-10,CHN_C27,CHN,2011-12,2,-0.35442745719845536,-31120436.982628983,31172349341.562504,-30201364920.562504,-0.9688510990826933,-7.424172873943336e+16,-1763103012.630341,4.0679770572908414e-07,14864211820.0,17348519574.0,0.1671335005235414,275067158533.4097,-257718638959.40973,-0.9369298768108195,-1.2111750533968667e+17,2.1278397225620767e-06,375.9703063964844,False,0.09514845544827488,0.0007028501145207335,8.440365173125944,10.5962719761682,6.92845731295996,4.53
2011_thailand_floods,THA_C26,2011-10,CHN_C27,CHN,2012-01,3,-0.19693593916963475,-13314443.14864466,32301607929.25,-31371577618.25,-0.9712079252204089,-7.71183740135019e+16,-1831417989.0606406,4.0679770572908414e-07,10164226962.0,14534552583.0,0.42997127448441563,285261614940.2361,-270727062357.23608,-0.9490483408149917,-1.2723094671400374e+17,2.1278397225620767e-06,375.9703063964844,False,0.09514845544827488,0.0007028501145207335,8.440365173125944,10.5962719761682,6.92845731295996,4.53
2011_thailand_floods,THA_C26,2011-10,CHN_C27,CHN,2012-02,4,0.15802976019170986,9855058.96753441,33288041287.937504,-32050986455.937504,-0.9628378605608054,-7.878851331890883e+16,-1871080692.1101625,4.0679770572908414e-07,8936131016.0,11081999579.0,0.240133963922178,292306133947.0625,-281224134368.0625,-0.9620876940577409,-1.321641528664799e+17,2.1278397225620767e-06,375.9703063964844,False,0.09514845544827488,0.0007028501145207335,8.440365173125944,10.5962719761682,6.92845731295996,4.53
2011_thailand_floods,THA_C26,2011-10,CHN_M,CHN,2011-10,0,-0.07054114896263097,-5104169.62292231,28722435591.187504,-27484839599.187504,-0.9569118716248523,-6.756390021897428e+16,-1493575047.5476358,4.0679770572908414e-07,40947534.0,23914031.0,-0.415983609660108,887877670.9652777,-863963639.9652777,-0.9730660745483088,-1.1391393990223163e+17,7.584353949189955e-09,349.9743957519531,False,0.056711731546759674,0.0012324552360268941,8.440365173125944,10.5962719761682,6.92845731295996,4.53
2011_thailand_floods,THA_C26,2011-10,CHN_M,CHN,2011-11,1,-0.29285261637170185,-20759908.714052312,29890742504.875,-28968272130.875,-0.9691385928653479,-7.1210510096060024e+16,-1574187408.629574,4.0679770572908414e-07,54531548.0,35990201.0,-0.34001138203522113,931069316.9583333,-895079115.9583333,-0.9613453044317101,-1.180165274398793e+17,7.584353949189955e-09,349.9743957519531,False,0.056711731546759674,0.0012324552360268941,8.440365173125944,10.5962719761682,6.92845731295996,4.53
2011_thailand_floods,THA_C26,2011-10,CHN_M,CHN,2011-12,2,-0.35442745719845536,-28968660.40544886,31172349341.562504,-30201364920.562504,-0.9688510990826933,-7.424172873943336e+16,-1641195863.0664923,4.0679770572908414e-07,51070078.0,31898310.0,-0.3754011889310214,965738220.9513887,-933839910.9513887,-0.966970024269542,-1.2312715324304283e+17,7.584353949189955e-09,349.9743957519531,False,0.056711731546759674,0.0012324552360268941,8.440365173125944,10.5962719761682,6.92845731295996,4.53
2011_thailand_floods,THA_C26,2011-10,CHN_M,CHN,2012-01,3,-0.19693593916963475,-12393835.673838254,32301607929.25,-31371577618.25,-0.9712079252204089,-7.71183740135019e+16,-1704787301.5132031,4.0679770572908414e-07,29787870.0,37340261.0,0.2535391419393196,1007998807.9444442,-970658546.9444442,-0.962956046469791,-1.2798170463129758e+17,7.584353949189955e-09,349.9743957519531,False,0.056711731546759674,0.0012324552360268941,8.440365173125944,10.5962719761682,6.92845731295996,4.53
2011_thailand_floods,THA_C26,2011-10,CHN_M,CHN,2012-02,4,0.15802976019170986,9173645.49429474,33288041287.937504,-32050986455.937504,-0.9628378605608054,-7.878851331890883e+16,-1741707585.6353412,4.0679770572908414e-07,26449288.0,41391288.0,0.5649301410306394,1038373101.9374999,-996981813.9374999,-0.9601383280029423,-1.3145243755982437e+17,7.584353949189955e-09,349.9743957519531,False,0.056711731546759674,0.0012324552360268941,8.440365173125944,10.5962719761682,6.92845731295996,4.53
2011_thailand_floods,THA_C26,2011-10,CHN_C28,CHN,2011-10,0,-0.07054114896263097,-4438962.93847517,28722435591.187504,-27484839599.187504,-0.9569118716248523,-6.756390021897428e+16,-1298923188.6262019,4.0679770572908414e-07,13913308918.0,16468108780.0,0.18362273683830815,292756427993.2572,-276288319213.2572,-0.9437480881534075,-436.53911435845293,632906216.4779812,304.36358642578125,False,0.09924511744348853,0.0004404064210524956,8.440365173125944,10.5962719761682,6.92845731295996,4.53
2011_thailand_floods,THA_C26,2011-10,CHN_C28,CHN,2011-11,1,-0.29285261637170185,-18054350.108969446,29890742504.875,-28968272130.875,-0.9691385928653479,-7.1210510096060024e+16,-1369029652.490314,4.0679770572908414e-07,15642850294.0,17670360571.0,0.12961258587111044,305591824475.0836,-287921463904.0836,-0.9421765925794892,-454.9196332851953,632906216.4779812,304.36358642578125,False,0.09924511744348853,0.0004404064210524956,8.440365173125944,10.5962719761682,6.92845731295996,4.53
2011_thailand_floods,THA_C26,2011-10,CHN_C28,CHN,2011-12,2,-0.35442745719845536,-25193286.94320272,31172349341.562504,-30201364920.562504,-0.9688510990826933,-7.424172873943336e+16,-1427305154.2436595,4.0679770572908414e-07,16361032481.0,18918244871.0,0.15629896175376953,318650738996.1601,-299732494125.1601,-0.9406301553525411,-473.58121364824325,632906216.4779812,304.36358642578125,False,0.09924511744348853,0.0004404064210524956,8.440365173125944,10.5962719761682,6.92845731295996,4.53
2011_thailand_floods,THA_C26,2011-10,CHN_C28,CHN,2012-01,3,-0.19693593916963475,-10778595.008804008,32301607929.25,-31371577618.25,-0.9712079252204089,-7.71183740135019e+16,-1482608966.4840646,4.0679770572908414e-07,11878575544.0,17325454327.0,0.45854646146955547,329970791574.2364,-312645337247.2364,-0.947493975923314,-493.98367263171497,632906216.4779812,304.36358642578125,False,0.09924511744348853,0.0004404064210524956,8.440365173125944,10.5962719761682,6.92845731295996,4.53
2011_thailand_floods,THA_C26,2011-10,CHN_C28,CHN,2012-02,4,0.15802976019170986,7978079.759929621,33288041287.937504,-32050986455.937504,-0.9628378605608054,-7.878851331890883e+16,-1514717572.781187,4.0679770572908414e-07,11180210532.0,13618174833.0,0.21806067909204915,337761707926.81287,-324143533093.81287,-0.9596811168542799,-512.1509706408292,632906216.4779812,304.36358642578125,False,0.09924511744348853,0.0004404064210524956,8.440365173125944,10.5962719761682,6.92845731295996,4.53
2011_thailand_floods,THA_C26,2011-10,USA_C26,USA,2011-10,0,0.0876404638205296,17971286.021709483,17401927056.097233,-16514839108.097233,-0.949023579679402,-1.3754340538458181e+17,-4152097216.214206,1.200700176204049e-07,20457757401.0,21131937412.0,0.03295473681621844,415835644810.9455,-394703707398.9455,-0.9491819961186652,-709.1537525111853,556584106.057762,266.4036865234375,False,0.10220702890516868,0.0021486201392266428,10.792275733004598,2.69519257744442,1.21525703756249,9.633
2011_thailand_floods,THA_C26,2011-10,USA_C26,USA,2011-11,1,-0.34797795497150014,-72818084.29142265,18129420628.291676,-17586724615.291676,-0.9700654519453809,-1.4647057578429936e+17,-4421586540.414784,1.200700176204049e-07,19695448081.0,20436070576.0,0.037603739298242775,432590289250.93054,-412154218674.93054,-0.9527588318929051,-740.5066263824598,556584106.057762,266.4036865234375,False,0.10220702890516868,0.0021486201392266428,10.792275733004598,2.69519257744442,1.21525703756249,9.633
2011_thailand_floods,THA_C26,2011-10,USA_C26,USA,2011-12,2,-0.3236079898466719,-67408266.26207808,18846648211.486122,-18286246795.486122,-0.9702651946536328,-1.5229652795835456e+17,-4597457711.671995,1.200700176204049e-07,20893555670.0,20947194359.0,0.002567236034267594,451310088244.393,-430362893885.393,-0.9535858051822305,-773.2216734207824,556584106.057762,266.4036865234375,False,0.10220702890516868,0.0021486201392266428,10.792275733004598,2.69519257744442,1.21525703756249,9.633
2011_thailand_floods,THA_C26,2011-10,USA_C26,USA,2012-01,3,-0.08894606378955905,-15071442.377448646,19523562005.180565,-18909546969.180565,-0.968550050659963,-1.5748766714569917e+17,-4754165439.741451,1.200700176204049e-07,16902110371.0,18803570779.0,0.1124984020493946,466305239380.9006,-447501668601.9006,-0.9596754031673225,-804.014458428425,556584106.057762,266.4036865234375,False,0.10220702890516868,0.0021486201392266428,10.792275733004598,2.69519257744442,1.21525703756249,9.633
2011_thailand_floods,THA_C26,2011-10,USA_C26,USA,2012-02,4,0.033139235344428954,5596947.570358842,20220889142.37501,-19526865214.37501,-0.9656778728614065,-1.626289859980547e+17,-4909369214.396051,1.200700176204049e-07,16082637520.0,18783412766.0,0.16793111469691321,482510621768.3857,-463727209002.3857,-0.9610715040900873,-833.166459399867,556584106.057762,266.4036865234375,False,0.10220702890516868,0.0021486201392266428,10.792275733004598,2.69519257744442,1.21525703756249,9.633
2011_thailand_floods,THA_C26,2011-10,CHN_J62_63,CHN,2011-10,0,-0.07054114896263097,-2960796.7534118174,28722435591.187504,-27484839599.187504,-0.9569118716248523,-6.756390021897428e+16,-866384246.3025547,4.0679770572908414e-07,146440216.0,128155236.0,-0.1248631045449974,2125735113.685057,-1997579877.685057,-0.9397125092515233,-114.49398095732354,17447029.6253358,203.01109313964844,False,0.07887392942629039,0.0022427590073197095,8.440365173125944,10.5962719761682,6.92845731295996,4.53
2011_thailand_floods,THA_C26,2011-10,CHN_J62_63,CHN,2011-11,1,-0.29285261637170185,-12042285.986275762,29890742504.875,-28968272130.875,-0.9691385928653479,-7.1210510096060024e+16,-913145391.524765,4.0679770572908414e-07,140586014.0,133915077.0,-0.047450929222589665,2206312168.8425927,-2072397091.8425927,-0.9393036584345857,-118.78223034786103,17447029.6253358,203.01109313964844,False,0.07887392942629039,0.0022427590073197095,8.440365173125944,10.5962719761682,6.92845731295996,4.53
2011_thailand_floods,THA_C26,2011-10,CHN_J62_63,CHN,2011-12,2,-0.35442745719845536,-16803970.4820852,31172349341.562504,-30201364920.562504,-0.9688510990826933,-7.424172873943336e+16,-952015262.4352033,4.0679770572908414e-07,177106491.0,165143130.0,-0.06754896973256616,2308076563.5001287,-2142933433.5001287,-0.9284498908694929,-122.8251157657379,17447029.6253358,203.01109313964844,False,0.07887392942629039,0.0022427590073197095,8.440365173125944,10.5962719761682,6.92845731295996,4.53
2011_thailand_floods,THA_C26,2011-10,CHN_J62_63,CHN,2012-01,3,-0.19693593916963475,-7189343.445919882,32301607929.25,-31371577618.25,-0.9712079252204089,-7.71183740135019e+16,-988903010.7679107,4.0679770572908414e-07,108135824.0,132371544.0,0.22412295115076758,2399943801.157665,-2267572257.157665,-0.9448438984545606,-129.9689578026965,17447029.6253358,203.01109313964844,False,0.07887392942629039,0.0022427590073197095,8.440365173125944,10.5962719761682,6.92845731295996,4.53
2011_thailand_floods,THA_C26,2011-10,CHN_J62_63,CHN,2012-02,4,0.15802976019170986,5321394.429072294,33288041287.937504,-32050986455.937504,-0.9628378605608054,-7.878851331890883e+16,-1010319512.4595773,4.0679770572908414e-07,85668272.0,160300099.0,0.8711723168642879,2428025572.8152003,-2267725473.8152003,-0.9339792377828466,-129.97773962176979,17447029.6253358,203.01109313964844,False,0.07887392942629039,0.0022427590073197095,8.440365173125944,10.5962719761682,6.92845731295996,4.53
2011_thailand_floods,THA_C26,2011-10,CZE_C26,CZE,2011-10,0,-0.39655354260378256,-25111440.835226044,1400393092.357862,-1342660267.977862,-0.9587738437906784,-1.3846491831371541e+17,-888693233.280315,9.69675412609453e-09,2828224872.0829997,2937605458.6339993,0.03867464275230716,43716500357.63402,-40778894899.000015,-0.9328032794344888,-1176.12572101378,34672224.38078304,179.352294921875,False,0.09318517552692879,0.01796971585227332,9.911526925389676,2.71466509907701,-0.485125297413731,7.281
2011_thailand_floods,THA_C26,2011-10,CZE_C26,CZE,2011-11,1,-0.4704230972839777,-24171923.88174271,1448951798.0189593,-1407840055.9149592,-0.9716265633127279,-1.4518673337569523e+17,-931835074.7928989,9.69675412609453e-09,2931602413.007,2906129789.82,-0.00868897606100414,45438854720.46062,-42532724930.64062,-0.9360430669369094,-1226.7088625041963,34672224.38078304,179.352294921875,False,0.09318517552692879,0.01796971585227332,9.911526925389676,2.71466509907701,-0.485125297413731,7.281
2011_thailand_floods,THA_C26,2011-10,CZE_C26,CZE,2011-12,2,-0.2934103181699655,-8065642.514477161,1488480880.2630565,-1459135135.0680566,-0.9802847684615111,-1.5047665601228755e+17,-965786768.1818682,9.69675412609453e-09,2597414602.7,2534680419.201,-0.024152549013079283,47021950083.1869,-44487269663.9859,-0.9460958038805947,-1283.0809230873235,34672224.38078304,179.352294921875,False,0.09318517552692879,0.01796971585227332,9.911526925389676,2.71466509907701,-0.485125297413731,7.281
2011_thailand_floods,THA_C26,2011-10,CZE_C26,CZE,2012-01,3,0.6285390034495308,18763342.228558738,1539022818.201154,-1465573055.731154,-0.9522750659695547,-1.5114058134022515e+17,-970047962.667281,9.69675412609453e-09,2035255182.879,2596576580.1949997,0.2757990261063845,48734428355.12884,-46137851774.93384,-0.9467198720117596,-1330.6862365745876,34672224.38078304,179.352294921875,False,0.09318517552692879,0.01796971585227332,9.911526925389676,2.71466509907701,-0.485125297413731,7.281
2011_thailand_floods,THA_C26,2011-10,JPN_C27,JPN,2011-10,0,-0.1173699693775764,-7704337.071791936,8357313593.452891,-7996072445.236892,-0.9567754465383476,-8.052611971010363e+16,-1282438330.4134398,9.929787346047449e-08,5540121213.037999,5910573395.688001,0.06686716199966664,107626796664.7027,-101716223269.0147,-0.9450826970712356,-1.2854875660220736e+17,7.912657108288831e-07,172.83889770507812,False,0.07650362544264644,0.0017541653840238787,10.713732116746254,4.09791791943181,-1.88074195006213,5.102
2011_thailand_floods,THA_C26,2011-10,JPN_C27,JPN,2011-11,1,-0.3585905636556556,-24705257.968237024,8712502398.543493,-8436974162.823493,-0.9683755340180955,-8.496631265907048e+16,-1353151704.5668962,9.929787346047449e-08,4984273787.961,5297353621.94,0.06281353057595095,111776458313.52556,-106479104691.58556,-0.9526076089557134,-1.3456807648096408e+17,7.912657108288831e-07,172.83889770507812,False,0.07650362544264644,0.0017541653840238787,10.713732116746254,4.09791791943181,-1.88074195006213,5.102
2011_thailand_floods,THA_C26,2011-10,JPN_C27,JPN,2011-12,2,-0.34859537608878294,-24435672.376799595,9061294326.036598,-8776590214.7086,-0.9685801938350094,-8.838648713058413e+16,-1407620526.0469444,9.929787346047449e-08,5852468052.0,5978526221.200001,0.021539317785241412,116638140806.9064,-110659614585.7064,-0.9487429568077786,-1.3985139640359994e+17,7.912657108288831e-07,172.83889770507812,False,0.07650362544264644,0.0017541653840238787,10.713732116746254,4.09791791943181,-1.88074195006213,5.102
2011_thailand_floods,THA_C26,2011-10,JPN_C27,JPN,2012-01,3,-0.04502484332482265,-2286875.123009729,9373356762.399702,-9070928381.895702,-0.9677353174353545,-9.135068119566915e+16,-1454827520.5169897,9.929787346047449e-08,4102244598.180001,4347719876.439,0.059839259308893174,120262359834.33527,-115914639957.89627,-0.9638480412123286,-1.4649268680740752e+17,7.912657108288831e-07,172.83889770507812,False,0.07650362544264644,0.0017541653840238787,10.713732116746254,4.09791791943181,-1.88074195006213,5.102
2011_thailand_floods,THA_C26,2011-10,JPN_C27,JPN,2012-02,4,-0.006965877920395204,-371947.8211409325,9725112505.899807,-9394506634.726807,-0.9660049309483633,-9.46093436579615e+16,-1506724143.1602736,9.929787346047449e-08,4362099628.316,5417619608.224001,0.24197521144547704,125270477907.80513,-119852858299.58113,-0.9567526228150005,-1.5146979915764374e+17,7.912657108288831e-07,172.83889770507812,False,0.07650362544264644,0.0017541653840238787,10.713732116746254,4.09791791943181,-1.88074195006213,5.102
2011_thailand_floods,THA_C26,2011-10,JPN_C27,JPN,2012-03,5,-0.0692874467215093,-4092861.24783042,10102299133.17041,-9759509036.87441,-0.9660681106570618,-9.828517667862427e+16,-1565264517.1267328,9.929787346047449e-08,5226305730.823999,5995128653.238,0.14710638106752796,130330017264.51248,-124334888611.27448,-0.9540004000684621,-1.5713417997227328e+17,7.912657108288831e-07,172.83889770507812,False,0.07650362544264644,0.0017541653840238787,10.713732116746254,4.09791791943181,-1.88074195006213,5.102
2011_thailand_floods,THA_C26,2011-10,JPN_C27,JPN,2012-04,6,0.042253773917782254,2175419.1989200055,10386317098.584515,-10051743891.526514,-0.9677871180051303,-1.012281888949778e+17,-1612134174.9062722,9.929787346047449e-08,4924753306.2509985,5312120691.167,0.07865721607299907,134533963564.53134,-129221842873.36435,-0.9605146496065363,-1.6331030285389114e+17,7.912657108288831e-07,172.83889770507812,False,0.07650362544264644,0.0017541653840238787,10.713732116746254,4.09791791943181,-1.88074195006213,5.102
2011_thailand_floods,THA_C26,2011-10,MYS_G,MYS,2011-10,0,0.08545249507152473,2700768.0800656667,4010696090.2233963,-3791000843.949396,-0.9452226642628105,-5.299803304151378e+16,-591979389.8488507,7.153097249816564e-08,17707868766.514,20174767780.499,0.139310893169141,355140609846.793,-334965842066.294,-0.9431921689012068,-1.1259055826558538e+17,2.9750793248236363e-06,158.252197265625,False,0.09236179160212377,0.003245426859248589,9.0938453252436,7.42484738326097,7.26684593389439,3.39
2011_thailand_floods,THA_C26,2011-10,MYS_G,MYS,2011-11,1,-0.0903135445193427,-2952852.594896674,4178776653.720751,-3988306074.1637506,-0.9544195358257765,-5.5756351897299144e+16,-622789361.8336102,7.153097249816564e-08,16898174036.136,18032068841.997,0.06710161721829933,369282659047.2937,-351250590205.2967,-0.9511700092050961,-1.1806427723607637e+17,2.9750793248236363e-06,158.252197265625,False,0.09236179160212377,0.003245426859248589,9.0938453252436,7.42484738326097,7.26684593389439,3.39
2011_thailand_floods,THA_C26,2011-10,MYS_G,MYS,2011-12,2,-0.34644469054161664,-10871872.730058555,4339158468.225605,-4207817536.929605,-0.969731243452441,-5.88251129542173e+16,-657066922.5997491,7.153097249816564e-08,18303791785.814,19204553346.774,0.04921174647856937,384532364487.82245,-365327811141.04846,-0.9500573810676418,-1.2279599004060344e+17,2.9750793248236363e-06,158.252197265625,False,0.09236179160212377,0.003245426859248589,9.0938453252436,7.42484738326097,7.26684593389439,3.39
2011_thailand_floods,THA_C26,2011-10,MYS_G,MYS,2012-01,3,-0.24335997537227916,-6475356.766179888,4493975893.695459,-4365046733.529459,-0.9713106693903558,-6.102317053834822e+16,-681618867.5084822,7.153097249816564e-08,15539200565.599,17687066239.392,0.13822240498960972,398884521095.2706,-381197454855.87866,-0.9556586798835256,-1.281301818325386e+17,2.9750793248236363e-06,158.252197265625,False,0.09236179160212377,0.003245426859248589,9.0938453252436,7.42484738326097,7.26684593389439,3.39
2011_thailand_floods,THA_C26,2011-10,MYS_G,MYS,2012-02,4,0.06512360992861282,1472285.4796001124,4647105759.099313,-4492899902.393312,-0.9668167963674904,-6.2810552484918744e+16,-701583632.4900213,7.153097249816564e-08,13712541376.574,18807171642.008,0.3715307123256874,412064538653.0869,-393257367011.0789,-0.9543586747273063,-1.3218382573190426e+17,2.9750793248236363e-06,158.252197265625,False,0.09236179160212377,0.003245426859248589,9.0938453252436,7.42484738326097,7.26684593389439,3.39
2011_thailand_floods,THA_C26,2011-10,MEX_C29,MEX,2011-10,0,0.414702135047067,21933772.7375277,3143969850.4166822,-2924857596.4166822,-0.9303071389278875,-421.400564898421,-998803686.9162593,6940801.318388649,6420225582.0,7752890524.0,0.20757291546519993,113610128757.5486,-105857238233.5486,-0.9317588087542338,-1.278625454796096e+17,8.278987238716422e-07,149.1029052734375,False,0.04508707854331875,0.0019080932053232797,9.182948700537848,4.9713345832195,4.37296440049234,5.303
2011_thailand_floods,THA_C26,2011-10,MEX_C29,MEX,2011-11,1,0.2506379911891313,14451000.889672244,3280456734.104757,-3069298883.104757,-0.9356315695906822,-442.21102756148537,-1048128648.8780738,6940801.318388649,6564068733.0,7656225084.0,0.16638405163390907,118292077237.08333,-110635852153.08333,-0.9352769410866356,-1.3363452432406016e+17,8.278987238716422e-07,149.1029052734375,False,0.04508707854331875,0.0019080932053232797,9.182948700537848,4.9713345832195,4.37296440049234,5.303
2011_thailand_floods,THA_C26,2011-10,CHN_C29,CHN,2011-10,0,-0.07054114896263097,-1891090.372007814,28722435591.187504,-27484839599.187504,-0.9569118716248523,-6.756390021897428e+16,-553368246.149965,4.0679770572908414e-07,5644372200.0,7102176707.0,0.25827575775389155,108197706545.83339,-101095529838.83339,-0.9343592675507271,-8.145084598365389e+16,1.2411845281400997e-06,129.6652069091797,False,0.14203454978111069,0.00026710356991899083,8.440365173125944,10.5962719761682,6.92845731295996,4.53
2011_thailand_floods,THA_C26,2011-10,CHN_C29,CHN,2011-11,1,-0.29285261637170185,-7691527.9846104365,29890742504.875,-28968272130.875,-0.9691385928653479,-7.1210510096060024e+16,-583235055.2822977,4.0679770572908414e-07,6879147988.0,8248382407.0,0.1990412797323877,113172665235.75006,-104924282828.75006,-0.9271168317029753,-8.453560324827595e+16,1.2411845281400997e-06,129.6652069091797,False,0.14203454978111069,0.00026710356991899083,8.440365173125944,10.5962719761682,6.92845731295996,4.53
2011_thailand_floods,THA_C26,2011-10,CHN_C29,CHN,2011-12,2,-0.35442745719845536,-10732863.29213792,31172349341.562504,-30201364920.562504,-0.9688510990826933,-7.424172873943336e+16,-608061628.9250892,4.0679770572908414e-07,7406272498.0,8519270560.0,0.15027776284231448,117793798286.66673,-109274527726.66673,-0.927676408402527,-8.804051714245368e+16,1.2411845281400997e-06,129.6652069091797,False,0.14203454978111069,0.00026710356991899083,8.440365173125944,10.5962719761682,6.92845731295996,4.53
2011_thailand_floods,THA_C26,2011-10,CHN_C29,CHN,2012-01,3,-0.19693593916963475,-4591905.255222206,32301607929.25,-31371577618.25,-0.9712079252204089,-7.71183740135019e+16,-631622201.1381755,4.0679770572908414e-07,4795988539.0,7559195996.0,0.5761497206530335,122180684486.0834,-114621488490.0834,-0.9381310063223536,-9.234846704207822e+16,1.2411845281400997e-06,129.6652069091797,False,0.14203454978111069,0.00026710356991899083,8.440365173125944,10.5962719761682,6.92845731295996,4.53
2011_thailand_floods,THA_C26,2011-10,CHN_C29,CHN,2012-02,4,0.15802976019170986,3398827.615870105,33288041287.937504,-32050986455.937504,-0.9628378605608054,-7.878851331890883e+16,-645301134.0485584,4.0679770572908414e-07,4033658797.0,5358569729.0,0.3284638088341511,124640331816.00006,-119281762087.00006,-0.95700773857927,-9.610316547028053e+16,1.2411845281400997e-06,129.6652069091797,False,0.14203454978111069,0.00026710356991899083,8.440365173125944,10.5962719761682,6.92845731295996,4.53
2011_thailand_floods,THA_C26,2011-10,CHN_D,CHN,2011-10,0,-0.07054114896263097,-1498686.5255512933,28722435591.187504,-27484839599.187504,-0.9569118716248523,-6.756390021897428e+16,-438543575.9436446,4.0679770572908414e-07,127383501.0,210393704.0,0.6516558451317804,1892164968.5069456,-1681771264.5069456,-0.8888079488301616,-1.1918284667771099e+17,1.4110849936775864e-08,102.7594985961914,False,0.24178269957409046,0.00021848846873889996,8.440365173125944,10.5962719761682,6.92845731295996,4.53
2011_thailand_floods,THA_C26,2011-10,CHN_D,CHN,2011-11,1,-0.29285261637170185,-6095525.376292659,29890742504.875,-28968272130.875,-0.9691385928653479,-7.1210510096060024e+16,-462212981.2086693,4.0679770572908414e-07,92563743.0,115363477.0,0.24631387259264137,1951098621.8333347,-1835735144.8333347,-0.9408725547191461,-1.3009387478843638e+17,1.4110849936775864e-08,102.7594985961914,False,0.24178269957409046,0.00021848846873889996,8.440365173125944,10.5962719761682,6.92845731295996,4.53
2011_thailand_floods,THA_C26,2011-10,CHN_D,CHN,2011-12,2,-0.35442745719845536,-8505779.43529646,31172349341.562504,-30201364920.562504,-0.9688510990826933,-7.424172873943336e+16,-481888006.7626066,4.0679770572908414e-07,69975136.0,98314859.0,0.40499704066312925,2016147850.6597238,-1917832991.6597238,-0.9512362850929661,-1.3591194012073254e+17,1.4110849936775864e-08,102.7594985961914,False,0.24178269957409046,0.00021848846873889996,8.440365173125944,10.5962719761682,6.92845731295996,4.53
2011_thailand_floods,THA_C26,2011-10,CHN_D,CHN,2012-01,3,-0.19693593916963475,-3639078.6154249725,32301607929.25,-31371577618.25,-0.9712079252204089,-7.71183740135019e+16,-500559727.92024815,4.0679770572908414e-07,65390084.0,70773264.0,0.08232410284103626,2090079849.9861128,-2019306585.9861128,-0.9661384879623283,-1.4310311533562355e+17,1.4110849936775864e-08,102.7594985961914,False,0.24178269957409046,0.00021848846873889996,8.440365173125944,10.5962719761682,6.92845731295996,4.53
2011_thailand_floods,THA_C26,2011-10,CHN_D,CHN,2012-02,4,0.15802976019170986,2693566.2229446885,33288041287.937504,-32050986455.937504,-0.9628378605608054,-7.878851331890883e+16,-511400263.4864809,4.0679770572908414e-07,82446576.0,87868482.0,0.06576265823337527,2183341000.312502,-2095472518.312502,-0.9597550350644158,-1.4850080099365642e+17,1.4110849936775864e-08,102.7594985961914,False,0.24178269957409046,0.00021848846873889996,8.440365173125944,10.5962719761682,6.92845731295996,4.53
2011_thailand_floods,THA_C26,2011-10,DEU_C26,DEU,2011-10,0,-0.1885517095839463,-12645508.125618096,3977725136.9505386,-3808742739.0585384,-0.9575178293939264,-2012.2418966129455,-1226610931.757707,1892785.7259455272,15454098921.963997,14043447412.097998,-0.0912800880199572,282842303564.4818,-268798856152.38382,-0.9503488437368903,-3863.110557494827,69580937.99073048,98.19930267333984,False,0.028643331704918798,0.0018255701404542237,10.654855682466964,4.13463778522758,0.699760025176531,7.043
2011_thailand_floods,THA_C26,2011-10,DEU_C26,DEU,2011-11,1,-0.4002120203224507,-28313134.829480752,4165217848.40547,-4033461850.42947,-0.9683675613686236,-2130.9659065685228,-1298982036.205312,1892785.7259455272,15760795382.557001,15265608957.733002,-0.03141887276653809,294550106258.52277,-279284497300.7898,-0.9481731337610364,-4013.807593941833,69580937.99073048,98.19930267333984,False,0.028643331704918798,0.0018255701404542237,10.654855682466964,4.13463778522758,0.699760025176531,7.043
2011_thailand_floods,THA_C26,2011-10,DEU_C26,DEU,2011-12,2,-0.39776341318994546,-22790222.69852108,4286955672.046401,-4179812208.8854012,-0.9750070979600649,-2208.28599433642,-1346114374.052073,1892785.7259455272,14354019934.154999,13681718018.375,-0.046837186994583634,305233120399.65625,-291551402381.28125,-0.9551761682989681,-4190.1045142582225,69580937.99073048,98.19930267333984,False,0.028643331704918798,0.0018255701404542237,10.654855682466964,4.13463778522758,0.699760025176531,7.043
2011_thailand_floods,THA_C26,2011-10,DEU_C26,DEU,2012-01,3,-0.2946566558436471,-14916688.036546992,4448893667.359822,-4338019203.572823,-0.9750781942485045,-2291.870201739712,-1397065158.1977336,1892785.7259455272,11422527771.514997,12200872825.498001,0.06814122666648328,314974731284.14716,-302773858458.6492,-0.9612639630621949,-4351.390872295865,69580937.99073048,98.19930267333984,False,0.028643331704918798,0.0018255701404542237,10.654855682466964,4.13463778522758,0.699760025176531,7.043
2011_thailand_floods,THA_C26,2011-10,DEU_C26,DEU,2012-02,4,-0.004391957567197339,-185440.52039563283,4588004310.261764,-4457474500.096764,-0.9715497629605425,-2354.981041433026,-1435535903.6933572,1892785.7259455272,11109898163.585001,12891378571.425003,0.1603507414387626,326394101062.43964,-313502722491.01465,-0.9605036410601095,-4505.583447765238,69580937.99073048,98.19930267333984,False,0.028643331704918798,0.0018255701404542237,10.654855682466964,4.13463778522758,0.699760025176531,7.043
2011_thailand_floods,THA_C26,2011-10,DEU_C26,DEU,2012-03,5,-0.33025650254761657,-20731952.469927985,4800679588.412694,-4670131011.715694,-0.9728062299737517,-2467.3321167311556,-1504022231.001911,1892785.7259455272,13537384707.088,14177241907.080997,0.047265939015382875,340736126396.34607,-326558884489.2651,-0.9583923135564735,-4693.223372941149,69580937.99073048,98.19930267333984,False,0.028643331704918798,0.0018255701404542237,10.654855682466964,4.13463778522758,0.699760025176531,7.043
2011_thailand_floods,THA_C26,2011-10,DEU_C26,DEU,2012-04,6,0.008056678263693665,413080.22284080955,4936814431.875126,-4776328066.535126,-0.9674919186137926,-2523.438338034352,-1538223141.193652,1892785.7259455272,11527811098.490002,12298196426.027,0.06682841356048154,350211095009.24506,-337912898583.2181,-0.964883475705696,-4856.400450195635,69580937.99073048,98.19930267333984,False,0.028643331704918798,0.0018255701404542237,10.654855682466964,4.13463778522758,0.699760025176531,7.043
2011_thailand_floods,THA_C26,2011-10,USA_O,USA,2011-10,0,0.0876404638205296,6615459.743030398,17401927056.097233,-16514839108.097233,-0.949023579679402,-1.3754340538458181e+17,-1528439976.4063642,1.200700176204049e-07,117574791376.0,130949828728.0,0.1137576958076592,2214449169508.3677,-2083499340780.3677,-0.9408657328733934,-8.911285054216429e+16,2.338045891366192e-05,98.06659698486328,False,0.057303347149647146,0.00010174923757577942,10.792275733004598,2.69519257744442,1.21525703756249,9.633
2011_thailand_floods,THA_C26,2011-10,USA_O,USA,2011-11,1,-0.34797795497150014,-26805266.168073464,18129420628.291676,-17586724615.291676,-0.9700654519453809,-1.4647057578429936e+17,-1627642436.0006168,1.200700176204049e-07,112934778149.0,126418247758.0,0.1193916509156342,2302559588956.416,-2176141341198.416,-0.9450966444628275,-9.307521932030298e+16,2.338045891366192e-05,98.06659698486328,False,0.057303347149647146,0.00010174923757577942,10.792275733004598,2.69519257744442,1.21525703756249,9.633
2011_thailand_floods,THA_C26,2011-10,USA_O,USA,2011-12,2,-0.3236079898466719,-24813843.10869884,18846648211.486122,-18286246795.486122,-0.9702651946536328,-1.5229652795835456e+17,-1692382858.6952531,1.200700176204049e-07,116967432199.0,126785352705.0,0.08393721501294903,2395006342042.965,-2268220989337.965,-0.9470626233929507,-9.701353586402762e+16,2.338045891366192e-05,98.06659698486328,False,0.057303347149647146,0.00010174923757577942,10.792275733004598,2.69519257744442,1.21525703756249,9.633
2011_thailand_floods,THA_C26,2011-10,USA_O,USA,2012-01,3,-0.08894606378955905,-5547990.2883394025,19523562005.180565,-18909546969.180565,-0.968550050659963,-1.5748766714569917e+17,-1750068973.379139,1.200700176204049e-07,92674213944.0,118156544582.0,0.27496678475630926,2482053459876.5137,-2363896915294.5137,-0.95239564880771,-1.0110566794363544e+17,2.338045891366192e-05,98.06659698486328,False,0.057303347149647146,0.00010174923757577942,10.792275733004598,2.69519257744442,1.21525703756249,9.633
2011_thailand_floods,THA_C26,2011-10,USA_O,USA,2012-02,4,0.033139235344428954,2060307.8316617126,20220889142.37501,-19526865214.37501,-0.9656778728614065,-1.626289859980547e+17,-1807201463.6168187,1.200700176204049e-07,93705051356.0,123448585034.0,0.317416545293804,2572771465928.5625,-2449322880894.5625,-0.9520172752734394,-1.0475940142746077e+17,2.338045891366192e-05,98.06659698486328,False,0.057303347149647146,0.00010174923757577942,10.792275733004598,2.69519257744442,1.21525703756249,9.633
2011_thailand_floods,THA_C26,2011-10,USA_J61,USA,2011-10,0,0.0876404638205296,6204392.676266922,17401927056.097233,-16514839108.097233,-0.949023579679402,-1.3754340538458181e+17,-1433466782.9730086,1.200700176204049e-07,80708400.0,197708224.0,1.4496610513899422,4920526618.429169,-4722818394.429169,-0.9598197023750444,-468.6014720609577,10078539.390108455,91.9729995727539,False,0.12453940669781105,0.00034147493758726805,10.792275733004598,2.69519257744442,1.21525703756249,9.633
2011_thailand_floods,THA_C26,2011-10,USA_J61,USA,2011-11,1,-0.34797795497150014,-25139658.24881542,18129420628.291676,-17586724615.291676,-0.9700654519453809,-1.4647057578429936e+17,-1526505065.6747794,1.200700176204049e-07,94027897.0,187483653.0,0.9939151994434162,5164422869.900002,-4976939216.900002,-0.9636970756030228,-493.8155246765816,10078539.390108455,91.9729995727539,False,0.12453940669781105,0.00034147493758726805,10.792275733004598,2.69519257744442,1.21525703756249,9.633
2011_thailand_floods,THA_C26,2011-10,USA_J61,USA,2011-12,2,-0.3236079898466719,-23271976.91979668,18846648211.486122,-18286246795.486122,-0.9702651946536328,-1.5229652795835456e+17,-1587222690.757179,1.200700176204049e-07,132279394.0,172444931.0,0.30364167679812626,5394999624.370835,-5222554693.370835,-0.968036155142437,-518.1856706832433,10078539.390108455,91.9729995727539,False,0.12453940669781105,0.00034147493758726805,10.792275733004598,2.69519257744442,1.21525703756249,9.633
2011_thailand_floods,THA_C26,2011-10,USA_J61,USA,2012-01,3,-0.08894606378955905,-5203252.933288211,19523562005.180565,-18909546969.180565,-0.968550050659963,-1.5748766714569917e+17,-1641324343.7593095,1.200700176204049e-07,178406186.0,162603765.0,-0.0885755217030423,5648638722.041669,-5486034957.041669,-0.9712136369484031,-544.3283738540446,10078539.390108455,91.9729995727539,False,0.12453940669781105,0.00034147493758726805,10.792275733004598,2.69519257744442,1.21525703756249,9.633
2011_thailand_floods,THA_C26,2011-10,USA_J61,USA,2012-02,4,0.033139235344428954,1932285.784836734,20220889142.37501,-19526865214.37501,-0.9656778728614065,-1.626289859980547e+17,-1694906773.0653,1.200700176204049e-07,227888033.0,164820575.0,-0.27674756401096323,5832722787.112502,-5667902212.112502,-0.9717420866693384,-562.3733750225001,10078539.390108455,91.9729995727539,False,0.12453940669781105,0.00034147493758726805,10.792275733004598,2.69519257744442,1.21525703756249,9.633
