shock_event,shock_node,shock_date,target_node,target_country,observation_date,months_after_shock,shock_yoy_dev,shock_value,shock_expected,shock_dev_abs,shock_dev_pct,shock_dev_z,shock_dev_abs_weighted,shock_resid_std,shock_yoy_actual,shock_yoy_expected,shock_logyoy_actual,shock_logyoy_expected,shock_logyoy_dev,export_baseline,export_observed,yoy_change,prop_expected,prop_dev_abs,prop_dev_pct,prop_dev_z,prop_resid_std,prop_yoy_actual,prop_yoy_expected,prop_yoy_dev,prop_logyoy_actual,prop_logyoy_expected,prop_logyoy_dev,icio_edge_value,supplier_hhi,shocked_supplier_share,target_log_gdp_per_capita,target_gdp_growth,target_inflation,target_unemployment_rate
2010_russia_wheat_ban,RUS_A01,2010-08,EGY_C10T12,EGY,2011-04,8,-0.8688041174855092,-82612559.06581578,107487277.86872062,-106295673.12072062,-0.9889139926917178,,-82612559.06581578,0.0,-0.990260458576692,-0.1214563410911826,-4.631560413201328,-0.1294896743525235,-4.502070738848804,215100678.03000003,237211491.68099996,0.1027928589230952,346312260.5463223,-109100768.86532232,-0.3150358254518948,,0.0,0.1027928589230952,0.6100007852974885,-0.5072079263743932,0.0978459243079541,0.47623466499725,-0.3783887406892958,181.8970947265625,0.1560826123829631,0.0127453861823804,7.679084812785493,4.67359979952391,11.1855422672375,9.087
2010_russia_wheat_ban,RUS_A01,2010-08,EGY_C10T12,EGY,2011-06,10,-0.8775019666464503,-46164246.84805742,59468983.56691147,-59398470.98691147,-0.9988142965329034,,-46164246.84805742,0.0,-0.998958307737636,-0.1214563410911857,-6.866894545901523,-0.1294896734401405,-6.737404872461383,370151537.937,436656226.007,0.1796688146715716,595944266.7576429,-159288040.75064284,-0.2672868079045078,,0.0,0.1796688146715716,0.6100007852974879,-0.4303319706259163,0.1652337331395976,0.4762346657350811,-0.3110009325954834,181.8970947265625,0.1560826123829631,0.0127453861823804,7.679084812785493,4.67359979952391,11.1855422672375,9.087
2010_russia_wheat_ban,RUS_A01,2010-08,EGY_C10T12,EGY,2011-07,11,-0.4452590615165882,-34904574.84999939,88614021.33989026,-44910910.890890256,-0.5068149510857745,,-34904574.84999938,0.0,-0.5667154026077736,-0.1214563410911854,-0.8363604851145752,-0.1294896741118627,-0.7068708110027124,290497302.3,224728395.889,-0.2264010918183318,467700884.8298022,-242972488.94080225,-0.5195040181059752,,0.0,-0.2264010918183318,0.6100007852974895,-0.8364018771158214,-0.2567017451839852,0.4762346654544132,-0.7329364106383984,181.8970947265625,0.1560826123829631,0.0127453861823804,7.679084812785493,4.67359979952391,11.1855422672375,9.087
2010_russia_wheat_ban,RUS_A01,2010-08,TUR_C10T12,TUR,2010-09,1,-0.6111328443338381,-16095445.299076311,50017663.19980469,-30712388.199804693,-0.6140308490046495,-2.209669034163435,-16095445.299076311,13899089.739216166,-0.6158524845204985,-0.0047196401866603,-0.9567286133677372,-0.0047308127618919,-0.9519978006058452,552976395.0,628171045.0,0.1359816633764267,556418716.7430078,71752328.25699222,0.1289538365585432,1.5373892042430493,46671544.2380905,0.1359816633764267,0.0062250789981872,0.1297565843782395,0.1274971785582224,0.0062057832197766,0.1212913953384458,180.65289306640625,0.2551348290422237,0.0036191389411436,9.113600890667618,-4.88269401706633,5.58017075378858,14.026
2010_russia_wheat_ban,RUS_A01,2010-08,TUR_C10T12,TUR,2010-10,2,-0.8589307781045519,-33301701.6814963,73743586.19980466,-63544361.19980466,-0.8616933956484609,-4.571836169998585,-33301701.6814963,13899089.739216166,-0.8621368111992237,-0.0032060330946718,-1.9814933865445603,-0.003211183386341,-1.9782822031582192,638007739.0,759282436.0,0.1900834262450851,641450060.743008,117832375.25699198,0.1836968806589615,2.5247155880654213,46671544.2380905,0.1900834262450851,0.0053954231784138,0.1846880030666712,0.1740234105040805,0.0053809200180694,0.1686424904860111,180.65289306640625,0.2551348290422237,0.0036191389411436,9.113600890667618,-4.88269401706633,5.58017075378858,14.026
2010_russia_wheat_ban,RUS_A01,2010-08,TUR_C10T12,TUR,2010-11,3,-0.7309224533954062,-18608118.774671715,57686398.90058595,-35506924.90058595,-0.6155164055530131,-2.554622321805971,-18608118.774671715,13899089.739216166,-0.5434277793278546,0.1874946740675516,-0.7840083617624778,0.1718457686706145,-0.9558541304330924,532115838.0,633689712.0,0.190886770786176,535558159.743008,98131552.25699204,0.1832322978779396,2.1025992145531576,46671544.2380905,0.190886770786176,0.006469121001822,0.184417649784354,0.1746982148439251,0.0064482860341001,0.1682499288098249,180.65289306640625,0.2551348290422237,0.0036191389411436,9.113600890667618,-4.88269401706633,5.58017075378858,14.026
2010_russia_wheat_ban,RUS_A01,2010-08,TUR_C10T12,TUR,2010-12,4,-0.691017122489105,-22936814.373997472,55740185.9005859,-43766688.9005859,-0.7851909388792666,-3.14888886407421,-22936814.373997472,13899089.739216166,-0.810954594672087,-0.119937472182982,-1.6657679852161031,-0.1277623175448816,-1.5380056676712217,583212691.0,792565305.0,0.3589644348119989,586655012.743008,205910292.256992,0.3509904250101306,4.411902276182677,46671544.2380905,0.3589644348119989,0.0059023436837522,0.3530620911282467,0.3067229642573856,0.0058849930825033,0.3008379711748823,180.65289306640625,0.2551348290422237,0.0036191389411436,9.113600890667618,-4.88269401706633,5.58017075378858,14.026
2010_russia_wheat_ban,RUS_A01,2010-08,TUR_C10T12,TUR,2011-01,5,-0.5832627565466673,-13268558.712098485,40729372.40058594,-25318288.400585946,-0.6216223552765008,-1.821578885784916,-13268558.712098485,13899089.739216166,-0.6449716034120136,-0.0617088468653464,-1.035557460465938,-0.0636949788261098,-0.9718624816398282,473909829.0,628004339.0,0.325155758691808,490344636.9003513,137659702.0996487,0.2807407112064002,2.9495424749048516,46671544.2380905,0.325155758691808,0.0346791876738038,0.2904765710180041,0.2815300057411924,0.0340914149977713,0.2474385907434211,180.65289306640625,0.2551348290422237,0.0036191389411436,9.113600890667618,-4.88269401706633,5.58017075378858,14.026
2010_russia_wheat_ban,RUS_A01,2010-08,TUR_C10T12,TUR,2011-02,6,-0.7848344403779219,-9870475.93079538,25262600.40058592,-18834265.40058592,-0.7455394576145492,-1.3550718611050618,-9870475.93079538,13899089.739216166,-0.7321276622697556,0.0527067781081664,-1.3172446498249355,0.0513647289522936,-1.368609378777229,488120558.0,637352165.0,0.305726945022463,489733579.4003513,147618585.5996487,0.3014263097506988,3.162924818741509,46671544.2380905,0.305726945022463,0.0033045553478845,0.3024223896745785,0.2667599311966704,0.0032991072970567,0.2634608238996136,180.65289306640625,0.2551348290422237,0.0036191389411436,9.113600890667618,-4.88269401706633,5.58017075378858,14.026
2010_russia_wheat_ban,RUS_A01,2010-08,TUR_C10T12,TUR,2011-03,7,-0.7443989724373031,-25889986.507637206,55423537.400585935,-49401759.400585935,-0.8913498076372091,-3.554316169439448,-25889986.507637218,13899089.739216166,-0.9092622325634744,-0.1648632601261712,-2.39978145801496,-0.1801598042359948,-2.2196216537789653,524012980.0,693290647.0,0.3230409807787586,504032395.9003517,189258251.0996483,0.3754882674983159,4.055110114509285,46671544.2380905,0.3230409807787586,-0.03812994116987,0.3611709219486286,0.2799328598324528,-0.0388759113452437,0.3188087711776965,180.65289306640625,0.2551348290422237,0.0036191389411436,9.113600890667618,-4.88269401706633,5.58017075378858,14.026
2010_russia_wheat_ban,RUS_A01,2010-08,TUR_C10T12,TUR,2011-04,8,-1.1931861599722804,-25714880.26502982,52030100.90058592,-49067631.90058592,-0.943062401403749,-3.530276645537586,-25714880.26502982,13899089.739216166,-0.9279611248142442,0.2652250351580362,-2.6305490593029894,0.2352499946663577,-2.865799053969347,504203876.0,653892286.0,0.2968807205282174,496031752.90035146,157860533.09964854,0.318246830322093,3.3823721858085056,46671544.2380905,0.2968807205282174,-0.0162079735770387,0.3130886941052562,0.2599619349828863,-0.0163407594970976,0.276302694479984,180.65289306640625,0.2551348290422237,0.0036191389411436,9.113600890667618,-4.88269401706633,5.58017075378858,14.026
2010_russia_wheat_ban,RUS_A01,2010-08,TUR_C10T12,TUR,2011-05,9,-1.073749311110249,-23358382.67600283,47935944.90058593,-44571100.90058593,-0.9298054099699437,-3.2067640210156307,-23358382.67600283,13899089.739216166,-0.9189385307073276,0.1548107804029215,-2.5125472588573494,0.1439365008322184,-2.656483759689568,461598000.0,685105952.0,0.4842047669184008,419357834.05769503,265748117.94230497,0.6337025240972212,5.694007393169078,46671544.2380905,0.4842047669184008,-0.0915085549380737,0.5757133218564746,0.394879117618288,-0.0959698075246784,0.4908489251429664,180.65289306640625,0.2551348290422237,0.0036191389411436,9.113600890667618,-4.88269401706633,5.58017075378858,14.026
2010_russia_wheat_ban,RUS_A01,2010-08,TUR_C10T12,TUR,2011-06,10,-0.8671171446039463,-10867618.14173964,24926355.900585927,-20736953.900585927,-0.8319288219782851,-1.491964890483208,-10867618.14173964,13899089.739216166,-0.8248198690485867,0.0422972755553596,-1.7419403178401112,0.0414271941852177,-1.783367512025329,463218094.0,722411867.0,0.5595501910596783,458545918.9003515,263865948.09964848,0.5754406204997548,5.653679397312442,46671544.2380905,0.5595501910596783,-0.0100863398044388,0.5696365308641171,0.4443974398448773,-0.0101375515583619,0.4545349914032393,180.65289306640625,0.2551348290422237,0.0036191389411436,9.113600890667618,-4.88269401706633,5.58017075378858,14.026
2010_russia_wheat_ban,RUS_A01,2010-08,ITA_C10T12,ITA,2010-09,1,-0.6543847775935936,-6726449.752219364,11901978.35498064,-9028264.00698064,-0.7585515397280628,-13.837083093981615,-6726449.752219364,652468.7281026337,-0.7917080268111912,-0.1373232492175977,-1.5688141908171485,-0.1477152110903752,-1.4210989797267732,2175582355.6969995,2185107829.389,0.0043783558305926,2339017666.4394994,-153909837.05049944,-0.0658010579649807,,0.0,0.0043783558305926,0.0751225575600604,-0.0707442017294678,0.0043687987148395,0.0724346620818146,-0.068065863366975,30.31909942626953,0.0891388801710103,0.0002462034968001,10.521388782038953,-5.30515401233991,1.77253535397509,7.749
2010_russia_wheat_ban,RUS_A01,2010-08,ITA_C10T12,ITA,2010-10,2,-0.0333902854738221,-139562.02778563602,3853112.9850064544,-187320.6340064546,-0.048615401296399,-0.2870951908318723,-139562.02778563614,652468.7281026337,-0.3465650287974898,-0.3131747433236677,-0.4255121648177908,-0.3756752949298167,-0.049836869887974,2303270717.851,2394699535.501001,0.0396952112235013,2392709192.151999,1990343.3490018845,0.0008318367127648,,0.0,0.0396952112235013,0.0388310733982877,0.0008641378252135,0.0389276040531854,0.0380961131251815,0.0008314909280038,30.31909942626953,0.0891388801710103,0.0002462034968001,10.521388782038953,-5.30515401233991,1.77253535397509,7.749
2010_russia_wheat_ban,RUS_A01,2010-08,JOR_C10T12,JOR,2011-01,5,-2.1685800135059816,-5160754.208390606,8649012.161749512,-8467234.658749511,-0.9789828595913048,,-5160754.208390606,0.0,-0.9534441791449014,1.21513583436108,-3.067097992752858,0.7953135858906446,-3.8624115786435023,36359591.004,39770602.71700001,0.0938132585876654,36259037.60680077,3511565.1101992354,0.0968466165119783,,0.0,0.0938132585876654,-0.0027655260805372,0.0965787846682026,0.0896699910813758,-0.0027693571365468,0.0924393482179226,29.17650032043457,0.1161957112255879,0.0140820920462088,8.142305907646836,5.02371007272669,3.16159648072517,12.9
2010_russia_wheat_ban,RUS_A01,2010-08,JOR_C10T12,JOR,2011-02,6,-2.1582526775913204,-14852306.611034824,25010386.377895307,-24368136.946895305,-0.9743206913601448,,-14852306.611034824,0.0,-0.9431168432302388,1.2151358343610816,-2.8667545278043995,0.7953136777995482,-3.662068205603948,31778282.279,31372510.811000004,-0.0127688294929691,31690398.610562857,-317887.79956285283,-0.0100310445276916,,0.0,-0.0127688294929691,-0.0027655260805338,-0.0100033034124352,-0.0128510512597621,-0.002769357125544,-0.0100816941342181,29.17650032043457,0.1161957112255879,0.0140820920462088,8.142305907646836,5.02371007272669,3.16159648072517,12.9
2010_russia_wheat_ban,RUS_A01,2010-08,JOR_C10T12,JOR,2011-03,7,-2.123695595086804,-1772334.004014345,3033067.5796647477,-2907863.327664748,-0.958720256403308,,-1772334.0040143451,0.0,-0.9085597607257304,1.2151358343610736,-2.392062386174752,0.7953133257556733,-3.187375711930425,35152277.804,35440862.375,0.0082095553696143,35055063.26294276,385799.1120572388,0.0110055174958155,,0.0,0.0082095553696143,-0.0027655260805367,0.0109750814501511,0.0081760400426986,-0.0027693571339248,0.0109453971766235,29.17650032043457,0.1161957112255879,0.0140820920462088,8.142305907646836,5.02371007272669,3.16159648072517,12.9
2010_russia_wheat_ban,RUS_A01,2010-08,JOR_C10T12,JOR,2011-04,8,-2.1637578339464008,-7389644.470163738,12412054.507777382,-12124168.531777382,-0.9768059368560128,,-7389644.470163738,0.0,-0.9486219995853205,1.2151358343610803,-2.968541910513906,0.7953136284851521,-3.7638555389990582,31039702.295,36010686.435,0.1601492209157156,30953861.188771077,5056825.246228926,0.1633665414272568,,0.0,0.1601492209157156,-0.0027655260805369,0.1629147469962525,0.1485486311181958,-0.0027693571234728,0.1513179882416686,29.17650032043457,0.1161957112255879,0.0140820920462088,8.142305907646836,5.02371007272669,3.16159648072517,12.9
2010_russia_wheat_ban,RUS_A01,2010-08,JOR_C10T12,JOR,2011-05,9,-2.212522191937376,-4411791.89404324,7246965.039257411,-7238414.333257411,-0.9988200983510088,,-4411791.894043239,0.0,-0.9973863575762985,1.2151358343610776,-5.946893829000622,0.7953135587096956,-6.742207387710318,31822937.666,41885882.036000006,0.3162167011611682,31734930.50192545,10150951.534074556,0.3198668272948847,,0.0,0.3162167011611682,-0.0027655260805346,0.3189822272417028,0.274761478333442,-0.0027693571256683,0.2775308354591104,29.17650032043457,0.1161957112255879,0.0140820920462088,8.142305907646836,5.02371007272669,3.16159648072517,12.9
2010_russia_wheat_ban,RUS_A01,2010-08,JOR_C10T12,JOR,2011-06,10,-2.213229197054081,-24965984.410456996,40996906.496339954,-40961619.165339954,-0.9991392684469216,,-24965984.410456996,0.0,-0.998093362693011,1.21513583436107,-6.26238587646022,0.7953136967450938,-7.057699573205314,32078961.666000005,41062610.031,0.2800479784394526,31990246.46087607,9072363.570123931,0.2835978016368018,,0.0,0.2800479784394526,-0.002765526080539,0.2828135045199917,0.2468975535648496,-0.0027693571263682,0.2496669106912179,29.17650032043457,0.1161957112255879,0.0140820920462088,8.142305907646836,5.02371007272669,3.16159648072517,12.9
2010_russia_wheat_ban,RUS_A01,2010-08,JOR_C10T12,JOR,2011-07,11,-2.2057974726191523,-5242876.189115843,8638388.86647832,-8601971.95747832,-0.9957842938581616,,-5242876.189115843,0.0,-0.990661638258078,1.2151358343610743,-4.673597241524744,0.7953135857178655,-5.46891082724261,37270168.390999995,36241852.684,-0.0275908521853717,37167096.76828872,-925244.0842887238,-0.0248941715856092,,0.0,-0.0275908521853717,-0.0027655260805357,-0.0248253261048359,-0.0279786283625824,-0.0027693571384084,-0.025209271224174,29.17650032043457,0.1161957112255879,0.0140820920462088,8.142305907646836,5.02371007272669,3.16159648072517,12.9
2010_russia_wheat_ban,RUS_A01,2010-08,GBR_C10T12,GBR,2011-01,5,-0.2532178085759311,-885196.4924091,1573762.1558811031,-1126294.483881103,-0.7156700773825152,,-885196.4924090997,0.0,-0.899398616495067,-0.6461808079191359,-2.2965872589048963,-1.0389688425667298,-1.2576184163381663,990435271.604,1211424587.145,0.2231234305530233,1158787570.5270624,52637016.617937565,0.0454242157550897,,0.0,0.2231234305530233,0.1699780932179621,0.0531453373350612,0.2014077758379961,0.1569850247423581,0.044422751095638,23.039899826049805,0.1015812041149099,0.000323353668291,10.571582827058831,-4.58740819226323,2.00745060148992,7.627
2011_japan_earthquake,JPN_C29,2011-03,USA_C29,USA,2011-04,1,-0.5491093400867225,-1114634889.7800684,4096179924.357169,-1898300811.3571692,-0.4634319894175736,,-1114634889.7800684,0.0,-0.3642335597660213,0.1848757803207012,-0.4529240152591143,0.1696379423136669,-0.6225619575727812,10650365373.0,12523754614.0,0.1758990584256644,11828547007.031157,695207606.9688454,0.0587737113066886,,0.0,0.1758990584256644,0.1106235882778248,0.0652754701478395,0.162033011106331,0.1049216488105528,0.0571113622957781,7684.94287109375,0.0893258770917755,0.0215174895371092,10.792275733004598,2.69519257744442,1.21525703756249,9.633
2011_japan_earthquake,JPN_C29,2011-03,USA_C29,USA,2011-05,2,-0.5976514502140914,-1217794247.4291658,4111792245.756934,-2073988378.7569344,-0.5044000899843948,,-1217794247.4291658,0.0,-0.4127756698933908,0.1848757803207005,-0.5323483682323804,0.169637942313841,-0.7019863105462214,10776034810.0,12715418495.0,0.1799719209518774,11968118448.088943,747300046.9110546,0.0624408966332032,,0.0,0.1799719209518774,0.1106235882778245,0.0693483326740529,0.1654906423768025,0.104921648810663,0.0605689935661395,7684.94287109375,0.0893258770917755,0.0215174895371092,10.792275733004598,2.69519257744442,1.21525703756249,9.633
2011_japan_earthquake,JPN_C29,2011-03,USA_C29,USA,2011-06,3,-0.5023569281546264,-1238317554.0239182,4974218471.594842,-2108940998.594842,-0.4239743410221928,,-1238317554.0239182,0.0,-0.3174811478339236,0.1848757803207027,-0.3819651299723468,0.1696379423216392,-0.551603072293986,10799940009.0,12380200654.0,0.1463212428664519,11994668125.980822,385532528.0191784,0.0321419920893103,,0.0,0.1463212428664519,0.1106235882778246,0.0356976545886272,0.1365578956367557,0.1049216488106843,0.0316362468260713,7684.94287109375,0.0893258770917755,0.0215174895371092,10.792275733004598,2.69519257744442,1.21525703756249,9.633
2011_japan_earthquake,JPN_C29,2011-03,USA_C29,USA,2011-07,4,-0.2116122626824724,-504866922.371588,4814390455.545184,-859823514.5451841,-0.1785944705741191,,-504866922.37158793,0.0,-0.0267364823617679,0.1848757803207045,-0.0271004034076405,0.1696379423204028,-0.1967383457280433,8778806945.0,11261143485.0,0.2827646803890389,9749950070.054205,1511193414.945795,0.1549949901371539,,0.0,0.2827646803890389,0.1106235882778266,0.1721410921112122,0.2490176552155567,0.1049216488085598,0.1440960064069969,7684.94287109375,0.0893258770917755,0.0215174895371092,10.792275733004598,2.69519257744442,1.21525703756249,9.633
2011_japan_earthquake,JPN_C29,2011-03,USA_C29,USA,2011-08,5,-0.0526559177069441,-133202933.99842288,5104718846.372646,-226853869.37264633,-0.0444400320957629,,-133202933.99842292,0.0,0.1322198626137578,0.1848757803207019,0.1241801858184814,0.1696379423225877,-0.0454577565041063,10707354999.0,12822762722.0,0.197565852929838,11891841029.953924,930921692.0460758,0.07828238619245,,0.0,0.197565852929838,0.1106235882778284,0.0869422646520095,0.1802910407837359,0.1049216488106061,0.0753693919731297,7684.94287109375,0.0893258770917755,0.0215174895371092,10.792275733004598,2.69519257744442,1.21525703756249,9.633
2011_japan_earthquake,JPN_C29,2011-03,USA_C29,USA,2011-09,6,-0.0427862572647401,-86512862.35640074,4080201449.089144,-147337427.08914375,-0.0361103315430749,,-86512862.35640073,0.0,0.1420895230559623,0.1848757803207025,0.1328594995928078,0.1696379423134963,-0.0367784427206885,10742598658.0,12820410489.0,0.1934179891801744,11930983468.976486,889427020.0235138,0.0745476701343392,,0.0,0.1934179891801744,0.110623588277823,0.0827944009023513,0.1768214498670204,0.104921648810631,0.0718998010563893,7684.94287109375,0.0893258770917755,0.0215174895371092,10.792275733004598,2.69519257744442,1.21525703756249,9.633
2011_japan_earthquake,JPN_C29,2011-03,USA_C29,USA,2011-10,7,-0.090360834054694,-234932379.20723364,5246478151.344848,-400106196.3448477,-0.0762618626825477,,-234932379.2072336,0.0,0.0945149462660085,0.1848757803207025,0.0903112936615606,0.1696379423235647,-0.0793266486620041,11783712131.0,13782914277.0,0.1696580944760691,12560472080.672724,1222442196.3272762,0.0973245423003084,,0.0,0.1696580944760691,0.0659181029744661,0.103739991501603,0.1567114791472121,0.0638364963091149,0.0928749828380972,7684.94287109375,0.0893258770917755,0.0215174895371092,10.792275733004598,2.69519257744442,1.21525703756249,9.633
2011_japan_earthquake,JPN_C29,2011-03,USA_C29,USA,2011-11,8,-0.0162414551657454,-41635000.72775464,5172956919.613395,-70907304.61339474,-0.0137073062303202,,-41635000.727754645,0.0,0.1686343251549552,0.1848757803207007,0.1558358235600927,0.1696379423230638,-0.0138021187629711,10984272071.0,12959873841.0,0.179857323018779,12199391662.113916,760482178.8860836,0.062337713219571,,0.0,0.179857323018779,0.110623588277825,0.069233734740954,0.1653935184572148,0.1049216488108371,0.0604718696463777,7684.94287109375,0.0893258770917755,0.0215174895371092,10.792275733004598,2.69519257744442,1.21525703756249,9.633
2011_japan_earthquake,JPN_C29,2011-03,USA_C29,USA,2011-12,9,-0.1479010842300526,-397185967.842732,5306263728.893278,-676435352.8932781,-0.1274786530511105,,-397185967.842732,0.0,0.0123016688595496,0.1602027530896023,0.0122266182005432,0.1485947769607989,-0.1363681587602556,10676291469.0,12710260230.0,0.1905126669598608,11857341140.800743,852919089.1992569,0.0719317323395874,,0.0,0.1905126669598608,0.1106235882778279,0.0798890786820328,0.1743840269066687,0.1049216488105742,0.0694623780960945,7684.94287109375,0.0893258770917755,0.0215174895371092,10.792275733004598,2.69519257744442,1.21525703756249,9.633
2011_japan_earthquake,JPN_C29,2011-03,CHN_C29,CHN,2011-03,0,-0.1096822664119265,-161072551.46668234,2691401752.568059,-240235481.56805897,-0.0892603571127324,,-161072551.46668237,0.0,0.1191080942786758,0.2287903606906023,0.1125320236137348,0.2060302388054253,-0.0934982151916905,4853471294.0,7548074204.0,0.5551908617098745,6376893622.212996,1171180581.7870045,0.1836600469086335,,0.0,0.5551908617098745,0.3138830408034542,0.2413078209064203,0.4415982786750625,0.2729869060085335,0.168611372666529,3854.80810546875,0.1420345497811106,0.0079407038392692,8.440365173125944,10.5962719761682,6.92845731295996,4.53
2011_japan_earthquake,JPN_C29,2011-03,CHN_C29,CHN,2011-04,1,-0.4410572869342967,-544436217.0121909,2262275095.5526586,-812012323.5526586,-0.3589361546475803,,-544436217.0121909,0.0,-0.212266926243698,0.2287903606905985,-0.2385959852508108,0.206030238789296,-0.4446262240401069,5365551767.0,7745080412.0,0.4434825621541711,7049707471.214298,695372940.7857018,0.0986385525392481,,0.0,0.4434825621541711,0.3138830408034526,0.1295995213507185,0.3670586397371949,0.2729869060132301,0.0940717337239647,3854.80810546875,0.1420345497811106,0.0079407038392692,8.440365173125944,10.5962719761682,6.92845731295996,4.53
2011_japan_earthquake,JPN_C29,2011-03,CHN_C29,CHN,2011-05,2,-0.3499822731156257,-343732483.9874269,1799981069.203618,-512667975.2036181,-0.284818537247418,,-343732483.9874269,0.0,-0.1211919124250194,0.2287903606906061,-0.1291887354442593,0.2060302387633292,-0.3352189742075886,5820057537.0,7493523252.0,0.2875342218459583,7646874894.364613,-153351642.36461258,-0.0200541586573654,,0.0,0.2875342218459583,0.3138830408034525,-0.0263488189574941,0.2527289332386715,0.2729869060167083,-0.0202579727780367,3854.80810546875,0.1420345497811106,0.0079407038392692,8.440365173125944,10.5962719761682,6.92845731295996,4.53
2011_japan_earthquake,JPN_C29,2011-03,CHN_C29,CHN,2011-06,3,-0.252187070088338,-290733705.8195907,2112836917.0441637,-433621689.04416347,-0.2052319729677932,,-290733705.8195907,0.0,-0.0233967093977387,0.2287903606905992,-0.0236747578989913,0.2060302387821444,-0.2297049966811357,6223336828.0,7594672813.0,0.2203538106486689,8176736715.516749,-582063902.5167494,-0.0711853545941113,,0.0,0.2203538106486689,0.313883040803452,-0.093529230154783,0.1991408254001676,0.2729869060193692,-0.0738460806192016,3854.80810546875,0.1420345497811106,0.0079407038392692,8.440365173125944,10.5962719761682,6.92845731295996,4.53
2011_japan_earthquake,JPN_C29,2011-03,CHN_C29,CHN,2011-07,4,-0.2097744674354774,-259149119.63401708,2264073487.9986825,-386514107.9986825,-0.1707162378109643,,-259149119.63401708,0.0,0.0190158932551245,0.228790360690602,0.0188373510225901,0.2060302387893777,-0.1871928877667876,6357078274.0,7964007947.0,0.2527780221886253,8352457333.268702,-388449386.2687015,-0.0465071979142554,,0.0,0.2527780221886253,0.3138830408034553,-0.06110501861483,0.2253635031158971,0.2729869060201793,-0.0476234029042821,3854.80810546875,0.1420345497811106,0.0079407038392692,8.440365173125944,10.5962719761682,6.92845731295996,4.53
2011_japan_earthquake,JPN_C29,2011-03,THA_C29,THA,2011-03,0,-0.6259451585522667,-57562583.138708554,193784397.233828,-66734997.23382798,-0.3443775566373533,,-57562583.138708554,0.0,0.1916679422091688,0.8176131007614356,0.175353956353998,0.5975241530247928,-0.4221701966707947,1838045384.0,2207952551.0,0.2012502902376647,2172236241.398057,35716309.601943016,0.0164421847501061,,0.0,0.2012502902376647,0.1818186103059014,0.0194316799317633,0.1833629228242266,0.1670544471459294,0.0163084756782971,1376.62744140625,0.0392069620681101,0.0683811663502876,8.512153089059694,7.51339053261624,4.08098922673743,0.622
2011_japan_earthquake,JPN_C29,2011-03,THA_C29,THA,2011-04,1,-0.9575152139934044,-73240194.49373433,175608949.9730084,-84910785.9730084,-0.4835219730318952,,-73240194.49373433,0.0,0.0227778593272626,0.9802930733206672,0.0225223168310151,0.683244844999404,-0.6607225281683888,1497176493.0,1435265415.0,-0.0413518902343599,1769391042.339913,-334125627.33991265,-0.1888365089144182,,0.0,-0.0413518902343599,0.1818186103058944,-0.2231705005402544,-0.0422312059577905,0.1670544471268691,-0.2092856530846596,1376.62744140625,0.0392069620681101,0.0683811663502876,8.512153089059694,7.51339053261624,4.08098922673743,0.622
2011_japan_earthquake,JPN_C29,2011-03,THA_C29,THA,2011-05,2,-0.7107611016318247,-71430832.53786418,211776065.95829836,-82813107.95829836,-0.3910409213787426,,-71430832.53786418,0.0,0.1068519991296099,0.8176131007614347,0.1015199485033768,0.5975241533832367,-0.4960042048798598,1789622784.0,1319842250.0,-0.2625025442233082,2115009511.5586488,-795167261.5586488,-0.3759639175204716,,0.0,-0.2625025442233082,0.181818610305896,-0.4443211545292043,-0.304492640369542,0.1670544471436628,-0.4715470875132048,1376.62744140625,0.0392069620681101,0.0683811663502876,8.512153089059694,7.51339053261624,4.08098922673743,0.622
2011_japan_earthquake,JPN_C29,2011-03,THA_C29,THA,2011-06,3,-1.0894134033831686,-164182915.55700856,317577748.683063,-190344939.68306297,-0.5993648499379718,,-164182915.55700853,0.0,-0.2718003026217346,0.8176131007614339,-0.3171799566796736,0.5975241546694505,-0.914704111349124,1972519077.0,1989591341.0,0.0086550564702092,2331159754.382019,-341568413.38201904,-0.1465229539674201,,0.0,0.0086550564702092,0.1818186103059012,-0.173163553835692,0.008617816188142,0.1670544471516386,-0.1584366309634965,1376.62744140625,0.0392069620681101,0.0683811663502876,8.512153089059694,7.51339053261624,4.08098922673743,0.622
2011_japan_earthquake,JPN_C29,2011-03,THA_C29,THA,2011-07,4,-0.5754527375932956,-82916903.01349267,303632481.1429303,-96129447.14293031,-0.3165980358263412,,-82916903.01349267,0.0,0.2421603631681383,0.8176131007614339,0.2168520908919582,0.5975241545512091,-0.3806720636592509,1777607747.0,2104023981.0,0.1836266941066611,2100809917.2285364,3214063.7714636326,0.0015299165074885,,0.0,0.1836266941066611,0.1818186103058969,0.0018080838007641,0.1685831945198757,0.1670544471430801,0.0015287473767955,1376.62744140625,0.0392069620681101,0.0683811663502876,8.512153089059694,7.51339053261624,4.08098922673743,0.622
2011_japan_earthquake,JPN_C29,2011-03,THA_C29,THA,2011-08,5,-0.7133765974758125,-109525500.3219644,323527501.5957384,-126978039.5957384,-0.3924798941958355,,-109525500.32196438,0.0,0.1042365032856224,0.8176131007614349,0.099154148372488,0.5975241547167975,-0.4983700063443095,2074005082.0,2113336428.0,0.0189639583535022,2451097803.776604,-337761375.7766042,-0.1378000401518813,,0.0,0.0189639583535022,0.1818186103058952,-0.1628546519523929,0.0187863839824444,0.1670544471554471,-0.1482680631730026,1376.62744140625,0.0392069620681101,0.0683811663502876,8.512153089059694,7.51339053261624,4.08098922673743,0.622
2011_japan_earthquake,JPN_C29,2011-03,CAN_C29,CAN,2011-03,0,-0.02817831254735,-12823005.796496022,562606602.657977,-15674110.783976912,-0.0278598059637519,,-12823005.796496022,0.0,-0.0167458358096258,0.0114324767377241,-0.0168876325197864,0.0113676198039058,-0.0282552523236923,4973685605.948001,5397587540.88,0.0852289365506049,5342651250.563087,54936290.31691265,0.010282589624603,,0.0,0.0852289365506049,0.0741835479455803,0.0110453886050245,0.0817909661480911,0.0715608827236984,0.0102300834243926,1158.798583984375,0.0795924270090925,0.0239745565635986,10.76978239226268,3.09080634469335,2.84863779561802,8.178
2011_japan_earthquake,JPN_C29,2011-03,CAN_C29,CAN,2011-04,1,-0.5446094487252483,-227589934.1559364,516651680.4364705,-278192952.4084704,-0.5384535905766363,,-227589934.1559364,0.0,-0.5331769719875231,0.0114324767377252,-0.7618050459043069,0.0113676198020975,-0.7731726657064044,4607919081.815,4870502424.465,0.0569852330276972,4949750867.950157,-79248443.48515701,-0.0160105923710815,,0.0,0.0569852330276972,0.074183547945576,-0.0171983149178787,0.0554207361333034,0.0715608827225935,-0.01614014658929,1158.798583984375,0.0795924270090925,0.0239745565635986,10.76978239226268,3.09080634469335,2.84863779561802,8.178
2011_japan_earthquake,JPN_C29,2011-03,CAN_C29,CAN,2011-05,2,-0.2722652875928961,-94894142.46975642,430900600.1572922,-115993186.4202922,-0.269187804282359,,-94894142.46975642,0.0,-0.2608328108551719,0.0114324767377241,-0.302231145790909,0.0113676197976957,-0.3135987655886048,4741371939.601,4789176565.07,0.0100824457726517,5093103732.210221,-303927167.1402216,-0.0596742542701615,,0.0,0.0100824457726517,0.0741835479455806,-0.0641011021729288,0.0100319569974303,0.0715608827230198,-0.0615289257255895,1158.798583984375,0.0795924270090925,0.0239745565635986,10.76978239226268,3.09080634469335,2.84863779561802,8.178
2011_japan_earthquake,JPN_C29,2011-03,CAN_C29,CAN,2011-06,3,-0.4561452233467539,-221277233.90919828,599740766.649388,-270476667.74138796,-0.4509892986806252,,-221277233.90919828,0.0,-0.4447127466090299,0.0114324767377239,-0.5882697241027124,0.0113676198051635,-0.5996373439078759,5207503756.669,4823614062.493,-0.0737185630801265,5461075451.577883,-637461389.0848827,-0.1167281783115996,,0.0,-0.0737185630801265,0.048693521264223,-0.1224120843443495,-0.0765771629380438,0.0475451239568762,-0.1241222868949201,1158.798583984375,0.0795924270090925,0.0239745565635986,10.76978239226268,3.09080634469335,2.84863779561802,8.178
2011_japan_earthquake,JPN_C29,2011-03,CAN_C29,CAN,2011-07,4,-0.0698573586908484,-23572209.664669003,417174834.5479527,-28813324.39295274,-0.0690677433219926,,-23572209.664669003,0.0,-0.0584248819531232,0.0114324767377252,-0.0602011484186419,0.0113676197968217,-0.0715687682154637,3292208465.571,3480320017.4119997,0.0571384083991696,3655363404.900647,-175043387.48864746,-0.0478867264617169,,0.0,0.0571384083991696,0.1103073949075279,-0.0531689865083582,0.0555656428584825,0.1046369093045029,-0.0490712664460204,1158.798583984375,0.0795924270090925,0.0239745565635986,10.76978239226268,3.09080634469335,2.84863779561802,8.178
2011_japan_earthquake,JPN_C29,2011-03,CAN_C29,CAN,2011-08,5,-0.0019600284046485,-649249.3182414632,409523761.0245179,-793605.329517901,-0.0019378737085548,,-649249.3182414634,0.0,0.0094724483330754,0.011432476737724,0.0094278659859092,0.0113676197963101,-0.0019397538104009,4913247933.936,4842499802.646,-0.0143994628891694,5277730097.611665,-435230294.96566486,-0.0824654324711716,,0.0,-0.0143994628891694,0.0741835479455803,-0.0885830108347498,-0.0145041412418258,0.0715608827235314,-0.0860650239653573,1158.798583984375,0.0795924270090925,0.0239745565635986,10.76978239226268,3.09080634469335,2.84863779561802,8.178
2011_japan_earthquake,JPN_C29,2011-03,CAN_C29,CAN,2011-09,6,-0.2362096959764034,-107013275.56809206,560105587.2531856,-130806923.37118566,-0.2335397581243137,,-107013275.56809206,0.0,-0.22477721923868,0.0114324767377234,-0.2546048313667697,0.0113676198038135,-0.2659724511705832,5018611462.572,5220835820.668,0.0402948822805187,5390909866.625953,-170074045.9579525,-0.0315483007814408,,0.0,0.0402948822805187,0.0741835479455811,-0.0338886656650624,0.0395042136098524,0.0715608827238263,-0.0320566691139738,1158.798583984375,0.0795924270090925,0.0239745565635986,10.76978239226268,3.09080634469335,2.84863779561802,8.178
2011_japan_earthquake,JPN_C29,2011-03,MEX_C29,MEX,2011-03,0,-0.0841336792446389,-16360105.954679208,390177228.5168718,-25017087.51687181,-0.0641172413161216,,-16360105.954679212,0.0,0.2280512731588643,0.3121849524035033,0.2054285816154752,0.2716936496062203,-0.066265067990745,6259993612.0,7646217670.0,0.2214417687811531,7376038945.232483,270178724.7675171,0.0366292432528637,,0.0,0.2214417687811531,0.1782821840413857,0.0431595847397674,0.2000319386560889,0.1640576015455401,0.0359743371105487,729.2385864257812,0.0450870785433187,0.009332180276882,9.182948700537848,4.9713345832195,4.37296440049234,5.303
2011_japan_earthquake,JPN_C29,2011-03,MEX_C29,MEX,2011-04,1,-0.5342246819882314,-106085110.29039958,398452147.6343097,-162220250.6343097,-0.4071260541509033,,-106085110.29039958,0.0,-0.2220397295847227,0.3121849524035086,-0.2510798214720218,0.2716936496228399,-0.5227734710948617,5688334281.0,6619857583.0,0.1637602953665092,6702462940.174159,-82605357.17415905,-0.0123246272171126,,0.0,0.1637602953665092,0.1782821840413845,-0.0145218886748753,0.1516563962619272,0.1640576015431101,-0.0124012052811828,729.2385864257812,0.0450870785433187,0.009332180276882,9.182948700537848,4.9713345832195,4.37296440049234,5.303
2011_japan_earthquake,JPN_C29,2011-03,MEX_C29,MEX,2011-05,2,-0.2489997489638564,-47385914.3042597,381852857.0851362,-72460262.08513618,-0.1897596436445695,,-47385914.3042597,0.0,0.0631852034396534,0.3121849524035099,0.0612693111102409,0.27169364958878,-0.2104243384785391,5660458879.0,7100956012.0,0.25448416176013,6669617850.624567,431338161.37543297,0.0646720953187806,,0.0,0.25448416176013,0.1782821840413845,0.0762019777187454,0.226724461567418,0.1640576015429786,0.0626668600244393,729.2385864257812,0.0450870785433187,0.009332180276882,9.182948700537848,4.9713345832195,4.37296440049234,5.303
2011_japan_earthquake,JPN_C29,2011-03,MEX_C29,MEX,2011-06,3,-0.0144545409991611,-2948833.247438918,409346987.0373786,-4509214.037378609,-0.0110156277685436,,-2948833.2474389244,0.0,0.2977304114043447,0.3121849524035058,0.2606169006006382,0.2716936496436908,-0.0110767490430525,5911361504.0,7350886886.0,0.2435184146707871,6965251943.591287,385634942.40871334,0.0553655410503183,,0.0,0.2435184146707871,0.178282184041385,0.0652362306294021,0.217944792860635,0.1640576015441119,0.053887191316523,729.2385864257812,0.0450870785433187,0.009332180276882,9.182948700537848,4.9713345832195,4.37296440049234,5.303
2011_japan_earthquake,JPN_C29,2011-03,MEX_C29,MEX,2011-07,4,-0.3215640772216541,-66903260.16779743,417470165.0869183,-102305249.0869183,-0.2450600249855414,,-66903260.16779743,0.0,-0.0093791248181503,0.3121849524035037,-0.0094233857496845,0.2716936496585305,-0.2811170354082151,4995694963.0,6677535250.0,0.3366579223624226,5886338371.8081875,791196878.1918125,0.1344124017710469,,0.0,0.3366579223624226,0.1782821840413853,0.1583757383210373,0.290172410705054,0.1640576015394188,0.1261148091656352,729.2385864257812,0.0450870785433187,0.009332180276882,9.182948700537848,4.9713345832195,4.37296440049234,5.303
2011_japan_earthquake,JPN_C29,2011-03,MEX_C29,MEX,2011-08,5,-0.0058554857295772,-1344309.459652189,460661605.39827514,-2055653.398275137,-0.0044623935969177,,-1344309.4596521957,0.0,0.3063294666739325,0.3121849524035098,0.2672212699438496,0.2716936497286468,-0.0044723797847971,6529321948.0,7559038997.0,0.1577065822761907,7693383725.198793,-134344728.1987934,-0.0174623719545877,,0.0,0.1577065822761907,0.1782821840413854,-0.0205756017651947,0.1464409638418189,0.1640576015465384,-0.0176166377047195,729.2385864257812,0.0450870785433187,0.009332180276882,9.182948700537848,4.9713345832195,4.37296440049234,5.303
2011_japan_earthquake,JPN_C29,2011-03,MEX_C29,MEX,2011-09,6,-0.0846974651727367,-15779258.361189213,373819423.3010459,-24128883.30104595,-0.0645468956320505,,-15779258.36118921,0.0,0.2274874872307747,0.3121849524035115,0.204969386282027,0.2716936495712119,-0.0667242632891849,6252547111.0,7517199061.0,0.2022618826454133,7367264865.770729,149934195.22927094,0.0203514055705917,,0.0,0.2022618826454133,0.1782821840413845,0.0239796986040287,0.18420468477251,0.1640576015455082,0.0201470832270018,729.2385864257812,0.0450870785433187,0.009332180276882,9.182948700537848,4.9713345832195,4.37296440049234,5.303
2011_japan_earthquake,JPN_C29,2011-03,MEX_C29,MEX,2011-10,7,-0.2987453105653487,-69371608.79991978,465936098.1497625,-106079729.14976253,-0.2276701238023976,,-69371608.79991978,0.0,0.013439641838154,0.3121849524035027,0.013350130918738,0.27169364973631,-0.258343518817572,6420225582.0,7752890524.0,0.2075729154651999,7564837420.797338,188053103.20266247,0.0248588426613987,,0.0,0.2075729154651999,0.1782821840413858,0.029290731423814,0.1886124901731136,0.1640576015461405,0.024554888626973,729.2385864257812,0.0450870785433187,0.009332180276882,9.182948700537848,4.9713345832195,4.37296440049234,5.303
2011_japan_earthquake,JPN_C29,2011-03,MEX_C29,MEX,2011-11,8,-0.0544174729348624,-13644514.008022895,492379263.8636182,-20864534.863618195,-0.0423749259867234,,-13644514.008022891,0.0,0.2297729219206247,0.2841903948554872,0.2068295355286338,0.2501284762955471,-0.0432989407669133,6564068733.0,7656225084.0,0.166384051633909,7707688545.227222,-51463461.22722244,-0.006676899426494,,0.0,0.166384051633909,0.1742242287131795,-0.0078401770792704,0.153908409003673,0.1606076986427282,-0.0066992896390551,729.2385864257812,0.0450870785433187,0.009332180276882,9.182948700537848,4.9713345832195,4.37296440049234,5.303
2011_japan_earthquake,JPN_C29,2011-03,MEX_C29,MEX,2011-12,9,-0.3234620606485824,-78457484.55060951,486694815.5459456,-119973413.54594558,-0.24650645479214,,-78457484.55060951,0.0,-0.0112771082450718,0.3121849524035106,-0.0113411769281199,0.2716936497648952,-0.2830348266930151,6106268937.0,7098680821.0,0.1625234483182737,7194907899.432436,-96227078.432436,-0.0133743308152737,,0.0,0.1625234483182737,0.1782821840413865,-0.0157587357231128,0.1505930288494212,0.1640576015449291,-0.0134645726955078,729.2385864257812,0.0450870785433187,0.009332180276882,9.182948700537848,4.9713345832195,4.37296440049234,5.303
2011_japan_earthquake,JPN_C29,2011-03,MEX_C29,MEX,2012-01,10,-0.1364198868057087,-24273722.430778384,374020049.3864957,-37118209.38649565,-0.0992412290394073,,-24273722.43077839,0.0,0.2382092680946031,0.3746291549003119,0.2136661965032829,0.3181839882127839,-0.104517791709501,5437502288.0,6163114273.0,0.1334458261473011,6521441065.1544075,-358326792.1544075,-0.0549459526773969,,0.0,0.1334458261473011,0.1993449785844775,-0.0658991524371764,0.1252623963718342,0.1817755565527932,-0.0565131601809589,729.2385864257812,0.0450870785433187,0.009332180276882,9.182948700537848,4.9713345832195,4.37296440049234,5.303
2011_japan_earthquake,JPN_C29,2011-03,MEX_C29,MEX,2012-02,11,-0.4251936053259424,-96724502.5528838,452190377.29156095,-147906459.29156095,-0.3270889136948498,,-96724502.5528838,0.0,-0.1252608117534363,0.2999327935725061,-0.1338295072200814,0.2623125652159359,-0.3961420724360174,6351719554.0,7609506574.0,0.1980230722258365,7278544394.823685,330962179.1763153,0.0454709295187767,,0.0,0.1980230722258365,0.1459171540783811,0.0521059181474553,0.1806727584349019,0.1362053242792313,0.0444674341556705,729.2385864257812,0.0450870785433187,0.009332180276882,9.182948700537848,4.9713345832195,4.37296440049234,5.303
2011_japan_earthquake,JPN_C29,2011-03,MYS_G,MYS,2011-03,0,-0.2106116893754705,-23150866.41998755,302709546.0723554,-47347421.24135542,-0.1564120519345569,,-23150866.41998755,0.0,0.1359066049027143,0.3465182942781848,0.1274311023929044,0.2975222185740414,-0.1700911161811369,17872654882.55,21093761231.03,0.1802253985010885,19889092826.25965,1204668404.7703476,0.0605692987253706,,0.0,0.1802253985010885,0.1128225189240578,0.0674028795770307,0.1657054359067444,0.1068995976891891,0.0588058382175553,544.0996704101562,0.0923617916021237,0.0111583644016865,9.0938453252436,7.42484738326097,7.26684593389439,3.39
2011_japan_earthquake,JPN_C29,2011-03,MYS_G,MYS,2011-04,1,-0.5475710206197401,-56934039.9340932,286333977.0221264,-116439701.34112638,-0.4066569484770874,,-56934039.9340932,0.0,-0.2010527263415537,0.3465182942781863,-0.2244603246248857,0.2975222185085719,-0.5219825431334577,16223224160.397,19183961247.186,0.1824999184820823,18053569175.242676,1130392071.943325,0.0626132185259777,,0.0,0.1824999184820823,0.1128225189240611,0.0696773995580212,0.1676307724375085,0.1068995976886171,0.0607311747488914,544.0996704101562,0.0923617916021237,0.0111583644016865,9.0938453252436,7.42484738326097,7.26684593389439,3.39
2011_japan_earthquake,JPN_C29,2011-03,MYS_G,MYS,2011-05,2,-0.3849357868934859,-32879388.631440364,235221375.00585836,-67243887.78585836,-0.2858749030957905,,-32879388.631440364,0.0,-0.0384174926152986,0.3465182942781873,-0.0391749062936241,0.2975222182456072,-0.3366971245392314,16066672639.078,18284408950.245,0.1380333290523971,17879355116.947083,405053833.2979164,0.022654834620628,,0.0,0.1380333290523971,0.1128225189240618,0.0252108101283353,0.1293016226599874,0.1068995976885567,0.0224020249714307,544.0996704101562,0.0923617916021237,0.0111583644016865,9.0938453252436,7.42484738326097,7.26684593389439,3.39
2011_japan_earthquake,JPN_C29,2011-03,MYS_G,MYS,2011-06,3,-0.2124484747584416,-24022475.62067793,311390589.2311235,-49130008.8661235,-0.1577761517694991,,-24022475.620677933,0.0,0.1340698195197411,0.3465182942781827,0.1258127721404385,0.2975222186059518,-0.1717094464655133,16182926586.282,19095613517.642,0.1799851785664674,18008725127.30945,1086888390.33255,0.0603534332746481,,0.0,0.1799851785664674,0.1128225189240584,0.067162659642409,0.1655018778523711,0.1068995976885993,0.0586022801637717,544.0996704101562,0.0923617916021237,0.0111583644016865,9.0938453252436,7.42484738326097,7.26684593389439,3.39
2011_japan_earthquake,JPN_C29,2011-03,MYS_G,MYS,2011-07,4,-0.2098908590639269,-24396384.46189493,320090867.2636881,-49894715.42568809,-0.1558767229200115,,-24396384.46189493,0.0,0.1366274352142566,0.3465182942781835,0.1280654870517565,0.2975222186361996,-0.169456731584443,17244855726.993,19780679380.656,0.1470481222811118,19190463788.594276,590215592.0617218,0.0307556710751572,,0.0,0.1470481222811118,0.1128225189240556,0.0342256033570562,0.1371917921691405,0.1068995976889795,0.030292194480161,544.0996704101562,0.0923617916021237,0.0111583644016865,9.0938453252436,7.42484738326097,7.26684593389439,3.39
2011_japan_earthquake,JPN_C29,2011-03,MYS_G,MYS,2011-08,5,-0.0788195370665081,-7265964.079259414,253863758.8645825,-14860120.383582504,-0.0585358085377963,,-7265964.079259414,0.0,0.2676987572116798,0.3465182942781879,0.2372032534930888,0.2975222183537873,-0.0603189648606985,16736774081.148,19616300334.133,0.1720478653188277,18625059091.646088,991241242.4869118,0.0532208374539608,,0.0,0.1720478653188277,0.1128225189240629,0.0592253463947647,0.1587525310278152,0.1068995976888125,0.0518529333390027,544.0996704101562,0.0923617916021237,0.0111583644016865,9.0938453252436,7.42484738326097,7.26684593389439,3.39
2011_japan_earthquake,JPN_C29,2011-03,MYS_G,MYS,2011-09,6,-0.263123962552146,-27668937.248773023,289583236.08475876,-56587637.08675879,-0.1954106109588334,,-27668937.248773027,0.0,0.0833943317260376,0.3465182942781837,0.0800990119391293,0.2975222185221504,-0.217423206583021,16200565339.063,19018566252.169,0.1739446034214127,18028353928.609947,990212323.5590516,0.0549252764550868,,0.0,0.1739446034214127,0.1128225189240625,0.0611220844973501,0.1603695341006741,0.10689959768861,0.0534699364120641,544.0996704101562,0.0923617916021237,0.0111583644016865,9.0938453252436,7.42484738326097,7.26684593389439,3.39
2011_japan_earthquake,JPN_C29,2011-03,MYS_G,MYS,2011-10,7,-0.5154918851983961,-94608720.75350636,417299900.80866146,-193490769.34566143,-0.4636731735874052,,-94608720.75350636,0.0,-0.4037349094603492,0.1117569757380468,-0.5170699262147522,0.1059416246775484,-0.6230115508923006,17707868766.514,20174767780.499,0.139310893169141,19705715125.528755,469052654.97024536,0.023802874038435,,0.0,0.139310893169141,0.1128225189240576,0.0264883742450833,0.1304235999518113,0.1068995976891393,0.0235240022626719,544.0996704101562,0.0923617916021237,0.0111583644016865,9.0938453252436,7.42484738326097,7.26684593389439,3.39
2011_japan_earthquake,JPN_C29,2011-03,MYS_G,MYS,2011-11,8,-0.3049521827410866,-35295672.33120917,318735951.6302439,-72185594.9382439,-0.2264745930574667,,-35295672.33120917,0.0,0.0415661115371001,0.3465182942781867,0.040725456767678,0.2975222186315989,-0.2567967618639208,16898174036.136,18032068841.997,0.0671016172182993,18804668596.110046,-772599754.1130447,-0.0410855288496211,,0.0,0.0671016172182993,0.1128225189240619,-0.0457209017057626,0.0649462041619841,0.1068995976888658,-0.0419533935268816,544.0996704101562,0.0923617916021237,0.0111583644016865,9.0938453252436,7.42484738326097,7.26684593389439,3.39
2011_japan_earthquake,JPN_C29,2011-03,MYS_G,MYS,2011-12,9,-0.6200904332374599,-84754093.54691985,376397726.6966354,-173336396.84563544,-0.4605139312792371,,-84754093.54691985,0.0,-0.2735721389592744,0.3465182942781854,-0.3196160961263992,0.2975222187981465,-0.6171383149245457,18303791785.814,19204553346.774,0.0492117464785693,20086088119.509777,-881534772.7357788,-0.0438878276093759,,0.0,0.0492117464785693,0.0973730664417365,-0.0481613199631671,0.0480391645978137,0.0929192022728564,-0.0448800376750426,544.0996704101562,0.0923617916021237,0.0111583644016865,9.0938453252436,7.42484738326097,7.26684593389439,3.39
2011_japan_earthquake,JPN_C29,2011-03,MYS_G,MYS,2012-01,10,-0.5699899168576655,-56546622.87499272,284278427.32873553,-115647368.20073554,-0.4068102152084955,,-56546622.87499271,0.0,-0.1688699460488245,0.401119970808841,-0.184968992420913,0.3372718945466033,-0.5222408869675164,17914311869.331,17687066239.392,-0.0126851442353219,19586338660.550545,-1899272421.1585464,-0.0969692423926034,,0.0,-0.0126851442353219,0.0933346925863239,-0.1060198368216458,-0.0127662876174206,0.0892323769416023,-0.1019986645590229,544.0996704101562,0.0923617916021237,0.0111583644016865,9.0938453252436,7.42484738326097,7.26684593389439,3.39
2011_japan_earthquake,JPN_C29,2011-03,MYS_G,MYS,2012-02,11,-0.1767476286978891,-18600325.173512097,290757402.88462645,-38040797.92262643,-0.130833463035578,,-18600325.173512097,0.0,0.1741883214559761,0.3509359501538653,0.160577117951103,0.3007976474347025,-0.1402205294835994,17007213042.609,18807171642.008,0.1058350121733335,18670906064.9963,136265577.01169968,0.007298284107763,,0.0,0.1058350121733335,0.0978227895551828,0.0080122226181507,0.1006007167166309,0.093328936208973,0.0072717805076578,544.0996704101562,0.0923617916021237,0.0111583644016865,9.0938453252436,7.42484738326097,7.26684593389439,3.39
2011_queensland_floods,AUS_B05,2011-01,JPN_D,JPN,2011-01,0,-0.3904976624334779,-361989732.7165754,1767635793.0211115,-394189068.5761115,-0.2230035565767725,,-361989732.7165754,0.0,0.3605850038155822,0.7510826662490601,0.3079147568618872,0.5602342626433696,-0.2523195057814824,211622.27,258671.745,0.2223276170319882,495189.92301923153,-236518.1780192315,-0.4776312421245413,,0.0,0.2223276170319882,1.339970755531691,-1.117643138499703,0.2007560643680399,0.850135725691219,-0.649379661323179,5229.99267578125,0.0548711960840711,0.0340237607811974,10.713732116746254,4.09791791943181,-1.88074195006213,5.102
2011_queensland_floods,AUS_B05,2011-01,JPN_D,JPN,2011-02,1,-0.5376374675139985,-450495293.32895416,1639802246.2514255,-490567284.1674254,-0.2991624662600982,,-450495293.32895416,0.0,0.2595046480566261,0.7971421155706246,0.230718506976185,0.5861976890912182,-0.3554791821150331,656165.164,238670.058,-0.6362652711627343,1535407.2945586534,-1296737.2365586534,-0.8445558655049866,,0.0,-0.6362652711627343,1.339970755531687,-1.9762360266944217,-1.0113277780852492,0.8501375589428779,-1.861465337028127,5229.99267578125,0.0548711960840711,0.0340237607811974,10.713732116746254,4.09791791943181,-1.88074195006213,5.102
2011_queensland_floods,AUS_B05,2011-01,JPN_D,JPN,2011-03,2,-0.2696475182098287,-243153040.2148374,1719484437.4378972,-264781737.6598971,-0.1539890282778207,,-243153040.21483737,0.0,0.4814351480392335,0.7510826662490622,0.3930113122160641,0.5602342626314716,-0.1672229504154074,221581.713,322680.818,0.4562610498457516,518494.7283806153,-195813.91038061527,-0.3776584402163346,,0.0,0.4562610498457516,1.3399707555316864,-0.8837097056859348,0.3758708122152132,0.8501358473159204,-0.4742650351007071,5229.99267578125,0.0548711960840711,0.0340237607811974,10.713732116746254,4.09791791943181,-1.88074195006213,5.102
2011_queensland_floods,AUS_B05,2011-01,JPN_D,JPN,2011-04,3,-0.4382084373653233,-384930985.62722576,1675008862.8537047,-419170968.0597048,-0.2502500000779489,,-384930985.6272257,0.0,0.3128742288837403,0.7510826662490636,0.2722188013621576,0.5602342626198755,-0.2880154612577179,249151.864,339819.354,0.3639045221030335,583008.0754462078,-243188.72144620775,-0.4171275350861688,,0.0,0.3639045221030335,1.3399707555316855,-0.976066233428652,0.3103504876404148,0.850136133287803,-0.5397856456473882,5229.99267578125,0.0548711960840711,0.0340237607811974,10.713732116746254,4.09791791943181,-1.88074195006213,5.102
2011_queensland_floods,AUS_B05,2011-01,JPN_D,JPN,2011-05,4,-0.8401303782449494,-1208238728.4443498,2742338347.2340393,-1315712728.6700394,-0.4797776795110223,,-1208238728.4443498,0.0,-0.0890477119958861,0.7510826662490633,-0.0932647562430162,0.5602342627943955,-0.6534990190374117,192807.698,217341.62,0.1272455521978172,451615.7900819619,-234274.17008196196,-0.5187466320419055,,0.0,0.1272455521978172,1.3423120278214304,-1.2150664756236131,0.119776507140271,0.8511355154185516,-0.7313590082782806,5229.99267578125,0.0548711960840711,0.0340237607811974,10.713732116746254,4.09791791943181,-1.88074195006213,5.102
2011_queensland_floods,AUS_B05,2011-01,JPN_D,JPN,2011-06,5,-0.3829212076948813,-420952730.6601045,2096229768.1617632,-458396882.0557635,-0.218676830669065,,-420952730.6601045,0.0,0.3681614585541814,0.7510826662490627,0.3134678372700428,0.5602342627099759,-0.2467664254399331,267846.47,216510.451,-0.1916621077739048,626752.9067723957,-410242.4557723957,-0.6545521390320007,,0.0,-0.1916621077739048,1.3399707555316889,-1.5316328633055936,-0.2127742391983371,0.8501362937041943,-1.0629105329025317,5229.99267578125,0.0548711960840711,0.0340237607811974,10.713732116746254,4.09791791943181,-1.88074195006213,5.102
2011_queensland_floods,AUS_B05,2011-01,JPN_D,JPN,2011-07,6,-0.6506171179767574,-956160378.492338,2769176733.168501,-1041211766.3635008,-0.376000474759205,,-956160378.492338,0.0,0.0797453726382342,0.7303624906149916,0.0767252472170803,0.5483309184445417,-0.4716056712274614,287650.966,263903.035,-0.0825581479187524,673094.8482404393,-409191.81324043934,-0.6079259324449175,,0.0,-0.0825581479187524,1.3399707555316858,-1.4225289034504385,-0.0861657647059672,0.8501364408997443,-0.9363022056057116,5229.99267578125,0.0548711960840711,0.0340237607811974,10.713732116746254,4.09791791943181,-1.88074195006213,5.102
2011_queensland_floods,AUS_B05,2011-01,JPN_D,JPN,2011-08,7,-0.3900247318431998,-531963576.41522914,2600786625.4093256,-579282249.6093256,-0.2227334776139719,,-531963576.4152291,0.0,0.3610579344058622,0.7510826662490621,0.3082622901129355,0.5602342627794883,-0.2519719726665528,13593976.636,15650398.75,0.1512745070161528,22159536.641742375,-6509137.891742375,-0.2937398013765765,,0.0,0.1512745070161528,0.6300996562741462,-0.4788251492579933,0.140869586005401,0.4886411233335721,-0.3477715373281711,5229.99267578125,0.0548711960840711,0.0340237607811974,10.713732116746254,4.09791791943181,-1.88074195006213,5.102
2011_queensland_floods,AUS_B05,2011-01,JPN_D,JPN,2011-09,8,-0.5274279654103884,-687516880.8067025,2485622580.455563,-748672170.4555631,-0.3012010658184265,,-687516880.8067026,0.0,0.2236547008386703,0.7510826662490587,0.2018420370037148,0.5602342627661052,-0.3583922257623904,7045287.958,327873.0,-0.9534620867231272,16485767.786019504,-16157894.786019504,-0.9801117543170754,,0.0,-0.9534620867231272,1.3399707555316795,-2.293432842254807,-3.0674850512918166,0.8501383503750297,-3.9176234016668463,5229.99267578125,0.0548711960840711,0.0340237607811974,10.713732116746254,4.09791791943181,-1.88074195006213,5.102
2011_queensland_floods,AUS_B05,2011-01,JPN_D,JPN,2011-10,9,-0.621446431556621,-888428766.5056607,2726050434.9703484,-967455362.1643484,-0.3548926864131446,,-888428766.5056607,0.0,0.1296362346924395,0.7510826662490606,0.1218956646230111,0.5602342627927577,-0.4383385981697465,252848.43,443613.456,0.7544639529697693,591657.9317821016,-148044.47578210162,-0.2502197094462752,,0.0,0.7544639529697693,1.33997075553169,-0.5855068025619207,0.5621616696397975,0.8501361668891363,-0.2879744972493387,5229.99267578125,0.0548711960840711,0.0340237607811974,10.713732116746254,4.09791791943181,-1.88074195006213,5.102
2011_queensland_floods,AUS_B05,2011-01,JPN_D,JPN,2011-11,10,-0.5033583180584859,-663997050.306425,2515381562.3777146,-723060228.3477147,-0.2874554855463866,,-663997050.3064251,0.0,0.2477243481905776,0.7510826662490635,0.2213213705652883,0.5602342627696828,-0.3389128922043944,193158.596,340476.46,0.7626782708650462,451985.46581956046,-111509.00581956044,-0.2467092733111833,,0.0,0.7626782708650462,1.33997075553169,-0.5772924846666437,0.5668321571561901,0.850135467034038,-0.2833033098778479,5229.99267578125,0.0548711960840711,0.0340237607811974,10.713732116746254,4.09791791943181,-1.88074195006213,5.102
2011_queensland_floods,AUS_B05,2011-01,JPN_D,JPN,2011-12,11,-0.7264664210065933,-985004665.4137324,2585459358.9384937,-1072621780.4264936,-0.4148670048586172,,-985004665.4137324,0.0,0.0246162452424764,0.7510826662490698,0.0243181475854505,0.5602342627777794,-0.5359161151923288,251124.0,506708.644,1.0177627148341055,587622.8160121391,-80914.17201213911,-0.137697464780652,,0.0,1.0177627148341055,1.3399707555316858,-0.32220804069758,0.7019873221239976,0.8501361513373737,-0.1481488292133761,5229.99267578125,0.0548711960840711,0.0340237607811974,10.713732116746254,4.09791791943181,-1.88074195006213,5.102
2011_queensland_floods,AUS_B05,2011-01,CHN_D,CHN,2011-01,0,-0.2853396518483196,-65794911.374437705,788470512.7906272,-176568547.79062724,-0.2239380483180019,,-65794911.3744377,0.0,-0.0111495176058138,0.2741901342425058,-0.0112121393624704,0.2423107876153452,-0.2535229269778156,65390084.0,65152070.0,-0.0036399096841655,99143200.0922536,-33991130.09225361,-0.3428488293763422,,0.0,-0.0036399096841655,0.5161809563091189,-0.5198208659932845,-0.0036465502185514,0.4161946392104063,-0.4198411894289577,1253.685546875,0.2417826995740904,0.0026656011284484,8.440365173125944,10.5962719761682,6.92845731295996,4.53
2011_queensland_floods,AUS_B05,2011-01,CHN_D,CHN,2011-02,1,-0.6773979409778674,-109166804.25527242,551063951.0577501,-292962232.0577501,-0.531630188284714,,-109166804.25527242,0.0,-0.4032078067353634,0.274190134242504,-0.5161863096068267,0.2423107874655272,-0.7584970970723539,82446576.0,81930814.0,-0.0062557115773977,120439082.40990488,-38508268.40990488,-0.3197323297336743,,0.0,-0.0062557115773977,0.4608136353643707,-0.4670693469417684,-0.0062753604530279,0.3789935611649362,-0.3852689216179641,1253.685546875,0.2417826995740904,0.0026656011284484,8.440365173125944,10.5962719761682,6.92845731295996,4.53
2011_queensland_floods,AUS_B05,2011-01,CHN_D,CHN,2011-03,2,-0.9356371086892684,-131180498.57359192,479421068.989903,-352038624.989903,-0.7342994452280053,,-131180498.57359192,0.0,-0.6614469744467641,0.2741901342425042,-1.0830745450990025,0.2423107873911689,-1.3253853324901712,69965968.0,80207909.0,0.1463846108725316,102207240.0658672,-21999331.0658672,-0.2152423942931028,,0.0,0.1463846108725316,0.4608136353643703,-0.3144290244918387,0.1366131717441305,0.3789935604824315,-0.2423803887383009,1253.685546875,0.2417826995740904,0.0026656011284484,8.440365173125944,10.5962719761682,6.92845731295996,4.53
2011_queensland_floods,AUS_B05,2011-01,CHN_D,CHN,2011-04,3,-0.7772321286202959,-100930930.81883448,444046867.4189098,-270860276.4189098,-0.6099812796638483,,-100930930.81883448,0.0,-0.5030419943777875,0.2741901342425084,-0.6992497492808027,0.242310787345616,-0.9415605366264188,88996517.0,213192971.0,1.395520388736112,130007325.5335368,83185645.4664632,0.6398535246000776,,0.0,1.395520388736112,0.4608136353643683,0.9347067533717436,0.8736004820243437,0.3789935614465278,0.4946069205778158,1253.685546875,0.2417826995740904,0.0026656011284484,8.440365173125944,10.5962719761682,6.92845731295996,4.53
2011_queensland_floods,AUS_B05,2011-01,CHN_D,CHN,2011-05,4,-0.8084481058508114,-119554209.35965332,505670945.36402416,-320838081.36402416,-0.6344799603486376,,-119554209.35965332,0.0,-0.5342579716083039,0.2741901342425075,-0.7641233823942208,0.2423107874208625,-1.0064341698150834,86951521.0,95574912.0,0.0991746998882285,127019967.49247164,-31445055.492471635,-0.2475599396947992,,0.0,0.0991746998882285,0.4608136353643731,-0.3616389354761446,0.0945596243422599,0.3789935613631705,-0.2844339370209106,1253.685546875,0.2417826995740904,0.0026656011284484,8.440365173125944,10.5962719761682,6.92845731295996,4.53
2011_queensland_floods,AUS_B05,2011-01,CHN_D,CHN,2011-06,5,-0.1664790685730753,-18848460.035978355,387143090.5356031,-50582106.535603106,-0.1306548089638484,,-18848460.03597836,0.0,0.1077110656694329,0.2741901342425082,0.1022957829419048,0.2423107872548549,-0.14001500431295,104400913.0,105908955.0,0.014444720421171,152510277.25488943,-46601322.25488943,-0.3055618486418783,,0.0,0.014444720421171,0.4608136353643711,-0.4463689149432001,0.0143413891813892,0.3789935619695264,-0.3646521727881371,1253.685546875,0.2417826995740904,0.0026656011284484,8.440365173125944,10.5962719761682,6.92845731295996,4.53
2011_queensland_floods,AUS_B05,2011-01,BRA_C24A,BRA,2011-01,0,-0.960792368963508,-55372011.351465695,164789373.18181664,-70803497.18181664,-0.4296605771034592,-2.9533449652842028,-55372011.351465695,23974001.687609542,0.2753736191768375,1.2361659881403455,0.2432391674026739,0.8047627794459373,-0.5615236120432634,879977692.0,1522653103.0,0.7303314809484965,1262416295.1250005,260236807.87499952,0.2061418320406199,,0.0,0.7303314809484965,0.434600338851545,0.2957311420969515,0.5483129971603518,0.3608863005652267,0.187426696595125,631.4166259765625,0.0812412271516015,0.0144904628934891,9.341744353604383,7.52822581812151,8.42333833928338,8.422
2011_queensland_floods,AUS_B05,2011-01,BRA_C24A,BRA,2011-02,1,-0.3304344450883699,-19497631.938437067,120715689.6818166,-24931377.681816593,-0.2065297207639779,-1.039933925369741,-19497631.938437067,23974001.687609542,0.2695020863999492,0.5999365314883192,0.2386247628292572,0.4699639556693178,-0.2313391928400605,974932896.0,1423455628.0,0.46005497797871,1177041413.6250005,246414214.37499952,0.209350505022677,,0.0,0.46005497797871,0.2073050549983703,0.2527499229803397,0.3784740908378765,0.1883906481988724,0.1900834426390041,631.4166259765625,0.0812412271516015,0.0144904628934891,9.341744353604383,7.52822581812151,8.42333833928338,8.422
2011_queensland_floods,AUS_B05,2011-01,BRA_C24A,BRA,2011-03,2,-0.8799306393582429,-62117179.8878387,139976272.6818166,-79428459.68181661,-0.5674423111863203,-3.3131081209053024,-62117179.8878387,23974001.687609542,-0.3292344328687753,0.5506962064894676,-0.3993355759636223,0.4387039916294029,-0.8380395675930252,1145479314.0,1521878330.0,0.328595210231793,1327171905.6250002,194706424.37499976,0.1467077652486227,,0.0,0.328595210231793,0.1586170866678787,0.1699781235639143,0.2841221509022453,0.1472271271371568,0.1368950237650885,631.4166259765625,0.0812412271516015,0.0144904628934891,9.341744353604383,7.52822581812151,8.42333833928338,8.422
2011_queensland_floods,AUS_B05,2011-01,BRA_C24A,BRA,2011-04,3,-0.991172962505504,-97226114.63836364,171932082.68181658,-124321814.68181658,-0.7230867720708695,-5.18569308127102,-97226114.63836364,23974001.687609542,-0.6204205150961084,0.3707524474093955,-0.9686912446589844,0.3153598185968178,-1.2840510632558022,980049300.0,1541010304.0,0.5723803935169384,1218699964.1250002,322310339.87499976,0.2644706239130904,,0.0,0.5723803935169384,0.2435088358565229,0.3288715576604154,0.4525906449717354,0.2179370896707837,0.2346535553009516,631.4166259765625,0.0812412271516015,0.0144904628934891,9.341744353604383,7.52822581812151,8.42333833928338,8.422
2011_queensland_floods,AUS_B05,2011-01,BRA_C24A,BRA,2011-05,4,-0.3888273311607335,-10505243.448595311,123280290.1818166,-13432923.181816608,-0.1089624558962785,-0.5603120979489682,-10505243.448595311,23974001.687609542,2.179625012927939,2.5684523440886724,1.1567632495337037,1.2721319638996142,-0.1153687143659105,1135070251.0,1606360320.0,0.4152078416157873,1203806177.1250005,402554142.8749995,0.3344011274609029,,0.0,0.4152078416157873,0.0605565391784728,0.3546513024373145,0.3472764045843739,0.0587938072508187,0.2884825973335552,631.4166259765625,0.0812412271516015,0.0144904628934891,9.341744353604383,7.52822581812151,8.42333833928338,8.422
2011_queensland_floods,AUS_B05,2011-01,BRA_C24A,BRA,2011-06,5,-0.7105659067034354,-88355695.7489812,181939635.18181664,-112979321.18181664,-0.6209714615999625,-4.712576675933397,-88355695.74898121,23974001.687609542,-0.566284807419696,0.1442810992837394,-0.8353671903828115,0.1347765781384353,-0.9701437685212468,1101522553.0,1733458039.0,0.5736927349139804,1261895604.6250002,471562434.37499976,0.3736936975187696,,0.0,0.5736927349139804,0.1455921634906373,0.4281005714233431,0.4534249177195484,0.1359216765570465,0.3175032411625018,631.4166259765625,0.0812412271516015,0.0144904628934891,9.341744353604383,7.52822581812151,8.42333833928338,8.422
2011_queensland_floods,AUS_B05,2011-01,BRA_C24A,BRA,2011-07,6,-0.4586876354668887,-41430098.72729589,143391824.18181664,-52976148.18181664,-0.369450270153788,-2.2097332298594203,-41430098.72729589,23974001.687609542,-0.2171466960707569,0.2415409393961318,-0.2448099494457807,0.2163532994899348,-0.4611632489357156,1113400728.0,1517750296.0,0.3631662507768721,1254324815.1250002,263425480.87499976,0.2100137681233293,,0.0,0.3631662507768721,0.1265708595126769,0.2365953912641952,0.3098101191945197,0.119178381174656,0.1906317380198636,631.4166259765625,0.0812412271516015,0.0144904628934891,9.341744353604383,7.52822581812151,8.42333833928338,8.422
2011_queensland_floods,AUS_B05,2011-01,BRA_C24A,BRA,2011-08,7,-0.6506196649506937,-48820366.25653795,147605800.6818166,-62425990.68181661,-0.4229236953660372,-2.603903657605904,-48820366.25653795,23974001.687609542,-0.1122342018529416,0.538385463097752,-0.119047310283463,0.4307334622358958,-0.5497807725193589,1054444496.0,1853342921.0,0.7576486273394138,1342685568.6250005,510657352.3749995,0.3803253451945169,,0.0,0.7576486273394138,0.2733582220007154,0.4842904053386984,0.5639769081944515,0.2416576796296219,0.3223192285648295,631.4166259765625,0.0812412271516015,0.0144904628934891,9.341744353604383,7.52822581812151,8.42333833928338,8.422
2011_queensland_floods,AUS_B05,2011-01,ESP_D,ESP,2011-02,1,-5.1252522724931255,-30563993.837045617,38062708.00111361,-30854388.539113607,-0.8106198996196197,-6.504660319843578,-30563993.837045617,4743428.099540728,0.1973809060140031,5.322633178507129,0.1801365657944931,1.844135623717852,-1.663999057923359,29104378.793,30710959.68,0.055200658925811,38643813.3325286,-7932853.652528599,-0.2052813366079243,-0.7119833952671537,11141908.231654752,0.055200658925811,0.3277662996134096,-0.2725656406875985,0.0537309450791951,0.2834980478795863,-0.2297671028003911,606.9442138671875,0.1520190226491181,0.0107694601135384,10.33070574496356,0.0941223116369514,0.292837731273394,19.86
2011_queensland_floods,AUS_B05,2011-01,GBR_D,GBR,2011-02,1,-1.7855277977636677,-29886100.758728422,75297733.98383525,-42873830.128835246,-0.5693907088630225,,-29886100.758728422,0.0,0.3503291278420674,2.135856925605735,0.3003483503332127,1.142902449869446,-0.8425540995362333,52045905.862,35422917.985,-0.3193908839069099,388148814.6863638,-352725896.7013638,-0.9087388222127568,,0.0,-0.3193908839069099,6.457816484461669,-6.777207368368579,-0.3847671137876922,2.0092626582813686,-2.394029772069061,482.1427001953125,0.3621146535157399,0.0036880949996656,10.591102509850886,2.26054460931586,1.3283713684016,7.924
2011_queensland_floods,AUS_B05,2011-01,GBR_D,GBR,2011-03,2,-2.6247009816776448,-129360545.5014792,221718162.56856912,-185577305.5835691,-0.8369964076631611,,-129360545.5014792,0.0,-0.48884405607191,2.1358569256057347,-0.6710805477809068,1.1429024686017255,-1.8139830163826325,49524567.245,32041598.677,-0.3530160795047649,379571518.3427392,-347529919.6657392,-0.915584818331739,,0.0,-0.3530160795047649,6.664307624637765,-7.017323704142529,-0.4354338261756716,2.0365741612196793,-2.472007987395351,482.1427001953125,0.3621146535157399,0.0036880949996656,10.591102509850886,2.26054460931586,1.3283713684016,7.924
2011_queensland_floods,AUS_B05,2011-01,GBR_D,GBR,2011-04,3,-1.7080828109123165,-30729521.4814729,80933093.64482959,-44083779.76682959,-0.5446941143790799,,-30729521.4814729,0.0,0.4277741146934123,2.135856925605729,0.3561166568085951,1.1429024518445274,-0.7867857950359323,292287994.07600003,21462090.107,-0.9265721119512712,2179830220.4302216,-2158368130.3232217,-0.9901542377448258,,0.0,-0.9265721119512712,6.457816484461648,-7.38438859641292,-2.6114514261824695,2.009262671956307,-4.620714098138777,482.1427001953125,0.3621146535157399,0.0036880949996656,10.591102509850886,2.26054460931586,1.3283713684016,7.924
2011_thailand_floods,THA_C26,2011-10,CHN_C26,CHN,2011-10,0,-0.2275282072523851,-200104104.3912559,1540555070.875,-302959078.875,-0.1966557928389578,,-200104104.3912559,0.0,-0.0705411489626309,0.1569870582897541,-0.073152742741037,0.1458192624721022,-0.2189720052131392,49489405505.0,53251462044.0,0.0760174122241155,55163802460.99999,-1912340416.9999924,-0.0346665808317327,,0.0,0.0760174122241155,0.1146588223903133,-0.0386414101661978,0.0732666439716496,0.1085483691982389,-0.0352817252265893,4253.7744140625,0.1431577273231884,0.0061557744549176,8.440365173125944,10.5962719761682,6.92845731295996,4.53
2011_thailand_floods,THA_C26,2011-10,CHN_C26,CHN,2011-11,1,-0.4634518503432846,-399318226.7085064,1527041092.3749998,-604570718.3749998,-0.3959099210845163,,-399318226.7085064,0.0,-0.2928526163717018,0.1705992339715827,-0.3465161710872131,0.1575157833734906,-0.5040319544607037,55071335551.0,56652581832.0,0.0287126917329915,57954767484.00001,-1302185652.0000076,-0.0224689996790947,,0.0,0.0287126917329915,0.0523581261313291,-0.0236454343983376,0.0283082067208795,0.0510334804626957,-0.0227252737418162,4253.7744140625,0.1431577273231884,0.0061557744549176,8.440365173125944,10.5962719761682,6.92845731295996,4.53
2011_thailand_floods,THA_C26,2011-10,CHN_C26,CHN,2011-12,2,-0.4360461157265476,-433183252.8624547,1626827036.8750007,-655842615.8750007,-0.4031421909085183,,-433183252.8624547,0.0,-0.3544274571984553,0.0816186585280922,-0.4376176923031778,0.0784586769656741,-0.5160763692688519,52091662742.0,55495520012.0,0.0653436095303513,56464931079.50001,-969411067.5000076,-0.0171683742274496,,0.0,0.0653436095303513,0.0839533258740456,-0.0186097163436942,0.0632973851804123,0.0806148447772088,-0.0173174595967964,4253.7744140625,0.1431577273231884,0.0061557744549176,8.440365173125944,10.5962719761682,6.92845731295996,4.53
2011_thailand_floods,THA_C26,2011-10,CHN_C26,CHN,2012-01,3,-0.4605153009796103,-425516054.4650748,1574264732.3750002,-644234421.3750002,-0.4092287708199381,,-425516054.4650748,0.0,-0.335190461142681,0.1253248398369293,-0.408254686721758,0.1180717404192357,-0.5263264271409938,43746895111.0,42301307583.0,-0.0330443457605866,52292547263.99997,-9991239680.99997,-0.1910643142044505,,0.0,-0.0330443457605866,0.1953430553486571,-0.2283874011092437,-0.0336026436908838,0.1784332197869922,-0.212035863477876,4253.7744140625,0.1431577273231884,0.0061557744549176,8.440365173125944,10.5962719761682,6.92845731295996,4.53
2011_thailand_floods,THA_C26,2011-10,CHN_C26,CHN,2012-02,4,-0.1291608897875802,-93673501.42320465,1378877198.8750005,-141822366.87500048,-0.1028535151576301,,-93673501.42320468,0.0,0.1266142734592198,0.2557751632468001,0.1192169167963292,0.2277530416824618,-0.1085361248861325,35192037126.0,43059791559.0,0.2235663256671002,46891705701.49998,-3831914142.499977,-0.081718378232878,,0.0,0.2235663256671002,0.3324521548329529,-0.1088858291658526,0.2017698122071394,0.2870209700893937,-0.0852511578822543,4253.7744140625,0.1431577273231884,0.0061557744549176,8.440365173125944,10.5962719761682,6.92845731295996,4.53
2011_thailand_floods,THA_C26,2011-10,CHN_C26,CHN,2012-03,5,-0.2619809199460454,-285000339.5511992,1838408775.3750005,-431492600.3750005,-0.2347098241450594,,-285000339.55119926,0.0,-0.1457902325714451,0.1161906873746003,-0.1575784859444411,0.1099217161229617,-0.2675002020674029,49297172849.0,52844637414.0,0.0719608115432112,59387739333.49996,-6543101919.499962,-0.1101759722281442,,0.0,0.0719608115432112,0.2046885430003852,-0.132727731457174,0.0694895055827906,0.1862210629908069,-0.1167315574080163,4253.7744140625,0.1431577273231884,0.0061557744549176,8.440365173125944,10.5962719761682,6.92845731295996,4.53
2011_thailand_floods,THA_C26,2011-10,CHN_C26,CHN,2012-04,6,-0.3311482576432983,-313996966.1927665,1685323195.3750005,-475393705.3750005,-0.2820786580755632,,-313996966.1927665,0.0,-0.1571911071714952,0.173957150471803,-0.171015045449014,0.1603802218902572,-0.3313952673392712,47358645782.0,49834539261.0,0.0522796511200291,57613214959.49999,-7778675698.499992,-0.135015476986801,,0.0,0.0522796511200291,0.2165300339182742,-0.164250382798245,0.0509589070493134,0.1960025717272238,-0.1450436646779103,4253.7744140625,0.1431577273231884,0.0061557744549176,8.440365173125944,10.5962719761682,6.92845731295996,4.53
2011_thailand_floods,THA_C26,2011-10,CHN_C26,CHN,2012-05,7,-0.2101153152923494,-209296891.18506977,1714411717.375001,-316877025.37500095,-0.1848313460317356,,-209296891.18506977,0.0,-0.0733205031381787,0.1367948121541707,-0.0761475154746058,0.1282127341586267,-0.2043602496332326,46222066936.0,52115421096.0,0.1275008789234816,58214500518.99998,-6099079422.999977,-0.1047690758938894,,0.0,0.1275008789234816,0.2594525597395923,-0.1319516808161107,0.1200035719249683,0.2306771501495639,-0.1106735782245955,4253.7744140625,0.1431577273231884,0.0061557744549176,8.440365173125944,10.5962719761682,6.92845731295996,4.53
2011_thailand_floods,THA_C26,2011-10,CHN_C26,CHN,2012-06,8,-0.2606568870049633,-273207814.33659625,1769411402.8750002,-413638630.87500024,-0.2337718804133996,,-273207814.33659625,0.0,-0.145651581217028,0.1150053057879352,-0.1574161837658074,0.1088591633899653,-0.2662753471557728,49518559071.0,54734068210.0,0.1053243316616295,60723063014.5,-5988994804.5,-0.0986280089835042,,0.0,0.1053243316616295,0.2262687799019942,-0.1209444482403646,0.1001388047172859,0.2039760466812232,-0.1038372419639372,4253.7744140625,0.1431577273231884,0.0061557744549176,8.440365173125944,10.5962719761682,6.92845731295996,4.53
2011_thailand_floods,THA_C26,2011-10,CHN_C26,CHN,2012-07,9,-0.2907392435858508,-301629586.4260633,1752174615.8749998,-456669401.87499976,-0.2606300751862841,,-301629586.4260633,0.0,-0.1752147079847839,0.1155245356010668,-0.1926321784864306,0.1093247297427062,-0.3019569082291369,53002538400.0,53221350524.0,0.0041283329177305,63299679586.499954,-10078329062.499954,-0.1592161149682877,,0.0,0.0041283329177305,0.1942763780253202,-0.1901480451075896,0.004119834732176,0.1775404605647565,-0.1734206258325805,4253.7744140625,0.1431577273231884,0.0061557744549176,8.440365173125944,10.5962719761682,6.92845731295996,4.53
2011_thailand_floods,THA_C26,2011-10,CHN_C26,CHN,2012-08,10,-0.2906185884788942,-335273167.48162925,1880627097.875,-507606029.87500024,-0.26991317441324,,-335273167.48162925,0.0,-0.2139072011571548,0.0767113873217393,-0.2406804286806725,0.0739113838752025,-0.3145918125558751,53063120323.0,54214224356.0,0.0216931086222055,63205802448.999985,-8991578092.999985,-0.1422587443653639,,0.0,0.0216931086222055,0.1911437183539257,-0.1694506097317202,0.0214611615810405,0.1749139534124175,-0.153452791831377,4253.7744140625,0.1431577273231884,0.0061557744549176,8.440365173125944,10.5962719761682,6.92845731295996,4.53
2011_thailand_floods,THA_C26,2011-10,CHN_C26,CHN,2012-09,11,-0.3113943733207958,-357726678.46779275,1949356394.875,-541600809.8750002,-0.2778357058252191,,-357726678.46779275,0.0,-0.1906083591693684,0.1207860141514273,-0.2114723740705706,0.1140302374492243,-0.325502611519795,54169270733.0,58964553164.0,0.0885240352345874,65937609616.99997,-6973056452.9999695,-0.1057523391203156,,0.0,0.0885240352345874,0.2172511965687343,-0.1287271613341468,0.0848226825078946,0.1965951990867402,-0.1117725165788456,4253.7744140625,0.1431577273231884,0.0061557744549176,8.440365173125944,10.5962719761682,6.92845731295996,4.53
2011_thailand_floods,THA_C26,2011-10,MYS_C26,MYS,2011-10,0,-0.0268127980015096,-2956273.239039422,225122148.2222502,-5426901.9482501745,-0.024106477266255,,-2956273.239039421,0.0,0.0854524950715247,0.1122652930730343,0.0819969458127616,0.1063987397831205,-0.0244017939703589,7197320457.432001,6459103285.363001,-0.1025683344843583,7274720635.1368685,-815617349.7738676,-0.1121166558389114,,0.0,-0.1025683344843583,0.0107540268857896,-0.1133223613701479,-0.108218300203756,0.0106966135865036,-0.1189149137902596,552.0642700195312,0.0642392794935297,0.0219675328113169,9.0938453252436,7.42484738326097,7.26684593389439,3.39
2011_thailand_floods,THA_C26,2011-10,MYS_C26,MYS,2011-11,1,-0.1821657978874235,-20777611.05466363,228612540.32825023,-38141960.77125022,-0.1668410696827243,,-20777611.05466363,0.0,-0.0903135445193427,0.0918522533680808,-0.0946552927864523,0.0878755686537005,-0.1825308614401528,6261132499.974001,5821894282.474998,-0.0701531579951113,6806626656.407867,-984732373.932869,-0.1446725997533339,,0.0,-0.0701531579951113,0.08712387997477,-0.1572770379698813,-0.0727353924012668,0.0835355666509407,-0.1562709590522075,552.0642700195312,0.0642392794935297,0.0219675328113169,9.0938453252436,7.42484738326097,7.26684593389439,3.39
2011_thailand_floods,THA_C26,2011-10,MYS_C26,MYS,2011-12,2,-0.463084751685263,-50695664.76047498,224404183.44175023,-93063252.14575024,-0.414712643580939,,-50695664.76047498,0.0,-0.3464446905416166,0.1166400611436463,-0.4253281111180023,0.1103242305237373,-0.5356523416417396,6783991125.183,6455053675.9800005,-0.0484873053536204,7068055969.012368,-613002293.0323677,-0.0867285567233593,,0.0,-0.0484873053536204,0.0418728206726104,-0.0903601260262308,-0.0497022506076305,0.0410198827788619,-0.0907221333864924,552.0642700195312,0.0642392794935297,0.0219675328113169,9.0938453252436,7.42484738326097,7.26684593389439,3.39
2011_thailand_floods,THA_C26,2011-10,MYS_C26,MYS,2012-01,3,-0.4724015888344334,-46685816.6009055,214631437.5202503,-85702277.35425031,-0.3992997407295675,,-46685816.6009055,0.0,-0.289326468446676,0.1830751203877574,-0.341542120382865,0.1681170820323636,-0.5096592024152287,5992939534.271,5531138044.827001,-0.0770575919885656,6672530173.556372,-1141392128.729371,-0.1710583690206115,,0.0,-0.0770575919885656,0.1133985476407846,-0.1904561396293503,-0.0801884429327515,0.1074170923132697,-0.1876055352460213,552.0642700195312,0.0642392794935297,0.0219675328113169,9.0938453252436,7.42484738326097,7.26684593389439,3.39
2011_thailand_floods,THA_C26,2011-10,MYS_C26,MYS,2012-02,4,-0.2659462469364236,-26673548.369379792,203171131.53275025,-48965274.82675028,-0.2410050800886409,,-26673548.369379792,0.0,-0.1624581095137211,0.1034881374227024,-0.1772839969892032,0.0984761961907381,-0.2757601931799414,6457281881.665,6125121162.218,-0.0514397118685722,6359222874.13637,-234101711.9183693,-0.0368129434290604,,0.0,-0.0514397118685722,-0.0151858025289343,-0.0362539093396378,-0.0528099300673012,-0.0153022876099875,-0.0375076424573137,552.0642700195312,0.0642392794935297,0.0219675328113169,9.0938453252436,7.42484738326097,7.26684593389439,3.39
2011_thailand_floods,THA_C26,2011-10,MYS_C26,MYS,2012-03,5,-0.2283233942408458,-28623948.431215543,246192638.0572503,-52545671.1702503,-0.2134331537486153,,-28623948.431215543,0.0,-0.1585580357166098,0.0697653585242359,-0.1726382338943004,0.0674393330437865,-0.240077566938087,7955100366.299999,6789653576.502001,-0.1465030906128039,7825455458.4633665,-1035801881.9613656,-0.1323631432648598,,0.0,-0.1465030906128039,-0.016297080095412,-0.1302060105173919,-0.1584133578372544,-0.0164313381780729,-0.1419820196591814,552.0642700195312,0.0642392794935297,0.0219675328113169,9.0938453252436,7.42484738326097,7.26684593389439,3.39
2011_thailand_floods,THA_C26,2011-10,MYS_C26,MYS,2012-04,6,-0.3352951157900763,-32695013.99688408,221891404.72175032,-60019024.22775033,-0.2704882791787884,,-32695013.99688408,0.0,-0.095703083159148,0.2395920326309283,-0.1005975240931142,0.2147823184600454,-0.3153798425531597,6744823427.6119995,6150136888.585,-0.088169326507862,7074677307.361368,-924540418.776368,-0.1306830514819894,,0.0,-0.088169326507862,0.0489047464754986,-0.1370740729833606,-0.0923009711619045,0.0477465211618053,-0.1400474923237098,552.0642700195312,0.0642392794935297,0.0219675328113169,9.0938453252436,7.42484738326097,7.26684593389439,3.39
2011_thailand_floods,THA_C26,2011-10,MYS_C26,MYS,2012-05,7,-0.2336887629010789,-22246121.495938584,224473283.3972503,-40837740.738250256,-0.1819269541577459,,-22246121.495938584,0.0,0.0508309718626397,0.2845197347637188,0.0495812526733132,0.250384899953179,-0.2008036472798657,6461836708.506001,6276177761.458,-0.0287316061087724,6798446953.038867,-522269191.5808668,-0.0768218381622313,,0.0,-0.0287316061087724,0.0520920381800689,-0.0808236442888414,-0.0291524391056832,0.050780599245261,-0.0799330383509442,552.0642700195312,0.0642392794935297,0.0219675328113169,9.0938453252436,7.42484738326097,7.26684593389439,3.39
2011_thailand_floods,THA_C26,2011-10,MYS_C26,MYS,2012-06,8,-0.4236537648369099,-45019139.15073586,236640396.28775036,-82642717.43875036,-0.3492333461876827,,-45019139.15073586,0.0,-0.2105572221910864,0.2130965426458234,-0.2364279255719736,0.1931762158743595,-0.4296041414463332,6717818706.5910015,6593733660.749999,-0.0184710322294437,7070377294.393369,-476643633.6433697,-0.0674141723697455,,0.0,-0.0184710322294437,0.0524811107892006,-0.0709521430186444,-0.0186437519229443,0.0511503394122918,-0.0697940913352361,552.0642700195312,0.0642392794935297,0.0219675328113169,9.0938453252436,7.42484738326097,7.26684593389439,3.39
2011_thailand_floods,THA_C26,2011-10,MYS_C26,MYS,2012-07,9,-0.3479996287163308,-49201736.323809445,253823656.53275025,-90320811.75275028,-0.3558407950879724,,-49201736.323809445,0.0,-0.3700352313787605,-0.0220356026624296,-0.4620913817205547,-0.022282013063446,-0.4398093686571087,7007717370.1779995,6368468400.304001,-0.0912207122670761,7485372782.6803665,-1116904382.3763657,-0.1492115910326678,,0.0,-0.0912207122670761,0.0681613408861314,-0.1593820531532075,-0.0956530220474753,0.0659387973646801,-0.1615918194121555,552.0642700195312,0.0642392794935297,0.0219675328113169,9.0938453252436,7.42484738326097,7.26684593389439,3.39
2011_thailand_floods,THA_C26,2011-10,MYS_C26,MYS,2012-08,10,-0.3652952548928357,-45297470.9440589,245207588.60675037,-83153657.81175038,-0.3391153523601073,,-45297470.9440589,0.0,-0.2880946729948863,0.0772005818979493,-0.3398103423228242,0.0743656218352271,-0.4141759641580513,6894525732.377001,6248190942.473,-0.0937460842112437,7280034757.755868,-1031843815.2828684,-0.1417361111062803,,0.0,-0.0937460842112437,0.0559152348316722,-0.149661319042916,-0.0984357519372309,0.0544079120088127,-0.1528436639460437,552.0642700195312,0.0642392794935297,0.0219675328113169,9.0938453252436,7.42484738326097,7.26684593389439,3.39
2011_thailand_floods,THA_C26,2011-10,MYS_C26,MYS,2012-09,11,-0.4521723706396222,-50843906.63061985,236456668.99725023,-93335383.31525028,-0.3947251042275981,,-50843906.630619854,0.0,-0.3066349680352515,0.1455374026043707,-0.3661986746775625,0.1358738735344644,-0.502072548212027,6726433302.609999,7002366545.589999,0.0410222224121262,7029565144.678866,-27198599.088867188,-0.003869172349794,,0.0,0.0410222224121262,0.0450657619620261,-0.0040435395498998,0.040203136576963,0.0440798135375501,-0.0038766769605871,552.0642700195312,0.0642392794935297,0.0219675328113169,9.0938453252436,7.42484738326097,7.26684593389439,3.39
2011_thailand_floods,THA_C26,2011-10,JPN_C26,JPN,2011-10,0,-0.1467231023821341,-29759847.9045222,421291701.82900023,-60050553.613000214,-0.1425391322741371,,-29759847.9045222,0.0,-0.1173699693775764,0.0293531330045577,-0.1248491572222647,0.028930578671634,-0.1537797358938988,14008898551.953,13122755174.100002,-0.0632557495199691,13630212214.280376,-507457040.18037415,-0.037230311032774,,0.0,-0.0632557495199691,-0.027031842387054,-0.036223907132915,-0.0653449790538402,-0.0274039233184026,-0.0379410557354376,534.0665893554688,0.1070339449598521,0.0032160468201631,10.713732116746254,4.09791791943181,-1.88074195006213,5.102
2011_thailand_floods,THA_C26,2011-10,JPN_C26,JPN,2011-11,1,-0.3629419694097672,-77264793.7439995,431436076.84899986,-155907841.12899983,-0.3613695040703948,,-77264793.7439995,0.0,-0.3585905636556556,0.0043514057541115,-0.4440872784245329,0.0043419657529213,-0.4484292441774542,12384863070.689,11828845612.17,-0.0448949217561327,12818194473.648376,-989348861.4783764,-0.0771831683090998,,0.0,-0.0448949217561327,0.0349887924061858,-0.0798837141623186,-0.0459339149756914,0.0343905980629166,-0.0803245130386081,534.0665893554688,0.1070339449598521,0.0032160468201631,10.713732116746254,4.09791791943181,-1.88074195006213,5.102
2011_thailand_floods,THA_C26,2011-10,JPN_C26,JPN,2011-12,2,-0.3442978659768732,-74574598.57594483,435183574.2715,-150479462.94349998,-0.3457838756791396,,-74574598.57594483,0.0,-0.3485953760887829,-0.0042975101119097,-0.4286242865201259,-0.0043067709405022,-0.4243175155796237,13400467728.0,12739982776.091995,-0.049288201375832,13325996802.303877,-586014026.2118797,-0.0439752488992467,,0.0,-0.049288201375832,-0.0055573377890771,-0.0437308635867549,-0.0505443132304535,-0.005572837240777,-0.0449714759896764,534.0665893554688,0.1070339449598521,0.0032160468201631,10.713732116746254,4.09791791943181,-1.88074195006213,5.102
2011_thailand_floods,THA_C26,2011-10,JPN_C26,JPN,2012-01,3,-0.2688595370161366,-49445593.4223105,402201580.564,-99773200.06000006,-0.2480676478697321,,-49445593.422310494,0.0,-0.1850441369631523,0.0838154000529843,-0.2046213223788981,0.0804875931531263,-0.2851089155320245,10773595042.11,10169263793.031996,-0.0560937409208251,12012560459.358875,-1843296666.3268816,-0.1534474413313596,,0.0,-0.0560937409208251,0.1150001844701066,-0.1710939253909318,-0.0577284195847802,0.1088545703465371,-0.1665829899313173,534.0665893554688,0.1070339449598521,0.0032160468201631,10.713732116746254,4.09791791943181,-1.88074195006213,5.102
2011_thailand_floods,THA_C26,2011-10,JPN_C26,JPN,2012-02,4,-0.212627494798107,-38807387.25595234,408912893.9935,-78307022.82049996,-0.1915004979562828,,-38807387.25595234,0.0,-0.1023040383721756,0.1103234564259313,-0.1079238404967277,0.104651374790599,-0.2125752152873268,11991429586.202002,12006244347.95,0.0012354458358364,12676004244.49688,-669759896.5468788,-0.0528368311992043,,0.0,0.0012354458358364,0.0570886609785531,-0.0558532151427167,0.0012346833005096,0.0555185831942175,-0.0542838998937078,534.0665893554688,0.1070339449598521,0.0032160468201631,10.713732116746254,4.09791791943181,-1.88074195006213,5.102
2011_thailand_floods,THA_C26,2011-10,JPN_C26,JPN,2012-03,5,-0.247404992300815,-48698157.24488443,441055091.1935,-98264994.89749992,-0.2227952853499406,,-48698157.24488443,0.0,-0.1369461604982463,0.1104588318025686,-0.1472782030004857,0.1047732916475645,-0.2520514946480503,13085346332.953997,13243279142.159,0.0120694405166233,14139818257.268875,-896539115.1098747,-0.0634052785401955,,0.0,0.0120694405166233,0.0805841815328424,-0.068514741016219,0.0119971856216061,0.0775018037186896,-0.0655046180970835,534.0665893554688,0.1070339449598521,0.0032160468201631,10.713732116746254,4.09791791943181,-1.88074195006213,5.102
2011_thailand_floods,THA_C26,2011-10,JPN_C26,JPN,2012-04,6,-0.1409777345558512,-22526792.65622027,380028626.53699994,-45455419.47899997,-0.1196105143268053,,-22526792.656220272,0.0,0.0376622483027246,0.1786399828585758,0.0369703446897027,0.1643612164034991,-0.1273908717137963,11625523421.778,11908197677.497,0.0243149702136824,13232566709.750872,-1324369032.253872,-0.100084062397204,,0.0,0.0243149702136824,0.1382340587747137,-0.1139190885610313,0.0240240674190488,0.1294779900943332,-0.1054539226752844,534.0665893554688,0.1070339449598521,0.0032160468201631,10.713732116746254,4.09791791943181,-1.88074195006213,5.102
2011_thailand_floods,THA_C26,2011-10,JPN_C26,JPN,2012-05,7,-0.1157425074959724,-19982074.794568524,415921482.7865,-40320590.93850005,-0.0969427947514731,,-19982074.794568524,0.0,0.0781833308574094,0.1939258383533819,0.0752775235495484,0.1772469006432864,-0.1019693770937379,11010473819.853998,11343037140.978,0.0302042697312739,12607292921.07488,-1264255780.09688,-0.1002797180974114,,0.0,0.0302042697312739,0.14502728287147,-0.114823013140196,0.0297571027034955,0.135428464546166,-0.1056713618426705,534.0665893554688,0.1070339449598521,0.0032160468201631,10.713732116746254,4.09791791943181,-1.88074195006213,5.102
2011_thailand_floods,THA_C26,2011-10,JPN_C26,JPN,2012-06,8,-0.1616722540918711,-32597810.357349765,455812677.456,-65777102.24900001,-0.144307311977626,,-32597810.35734976,0.0,-0.0413391824250835,0.1203330716667876,-0.0422179499998378,0.1136260262495021,-0.15584397624934,13206167132.796003,12720723703.713,-0.0367588433647382,14183973100.813885,-1463249397.1008835,-0.1031621666722507,,0.0,-0.0367588433647382,0.07404161693438,-0.1108004602991182,-0.0374514762727038,0.0714287448040629,-0.1088802210767667,534.0665893554688,0.1070339449598521,0.0032160468201631,10.713732116746254,4.09791791943181,-1.88074195006213,5.102
2011_thailand_floods,THA_C26,2011-10,JPN_C26,JPN,2012-07,9,-0.1453741304917382,-28935889.9199487,456220438.482,-58387939.835999966,-0.12798185901157,,-28935889.919948697,0.0,-0.0094777494382649,0.1358963810534733,-0.0095229491025747,0.1274221019794659,-0.1369450510820407,13980580232.300003,12231970708.727,-0.1250741739268523,15047643311.467373,-2815672602.7403736,-0.1871171813724898,,0.0,-0.1250741739268523,0.0763246633141937,-0.201398837241046,-0.1336161664096131,0.0735521479273053,-0.2071683143369185,534.0665893554688,0.1070339449598521,0.0032160468201631,10.713732116746254,4.09791791943181,-1.88074195006213,5.102
2011_thailand_floods,THA_C26,2011-10,JPN_C26,JPN,2012-08,10,-0.3054001519310243,-63770305.39052786,466535513.1105001,-128678148.99650012,-0.275816407069578,,-63770305.39052786,0.0,-0.1981413228578739,0.1072588290731503,-0.2208228990962411,0.1018874374345273,-0.3227103365307684,13051917743.2,12350294941.721,-0.053756299670563,14062283059.57738,-1711988117.8563786,-0.1217432553877087,,0.0,-0.053756299670563,0.0774112537526354,-0.1311675534231985,-0.0552551317601093,0.0745611764916311,-0.1298163082517405,534.0665893554688,0.1070339449598521,0.0032160468201631,10.713732116746254,4.09791791943181,-1.88074195006213,5.102
2011_thailand_floods,THA_C26,2011-10,JPN_C26,JPN,2012-09,11,-0.2517050781238253,-52052513.01154317,482261973.5345001,-105033541.61350006,-0.2177935383204874,,-52052513.01154318,0.0,-0.0960000922695784,0.1557049858542468,-0.1009260204035946,0.1447105348093842,-0.2456365552129789,14314073059.0,13242683890.161,-0.0748486586887553,15360259148.50538,-2117575258.3443775,-0.1378606466122303,,0.0,-0.0748486586887553,0.0730879383661932,-0.1479365970549485,-0.0777979426187087,0.0705404158925162,-0.148338358511225,534.0665893554688,0.1070339449598521,0.0032160468201631,10.713732116746254,4.09791791943181,-1.88074195006213,5.102
2011_thailand_floods,THA_C26,2011-10,USA_C26,USA,2011-11,1,-0.3934974557064665,-82343523.45808978,870214847.6249999,-327518834.6249999,-0.376365486659838,,-82343523.45808978,0.0,-0.3479779549715001,0.0455195007349663,-0.4276769055924667,0.044513891726261,-0.4721907973187278,19695448081.0,20436070576.0,0.0376037392982427,21331110851.28945,-895040275.2894516,-0.0419593841844081,-1.6080952825421946,556584106.057762,0.0376037392982427,0.0830477561902924,-0.0454440168920496,0.0369139578072932,0.0797790632480079,-0.0428651054407147,266.4036865234375,0.1022070289051686,0.0021486201392266,10.792275733004598,2.69519257744442,1.21525703756249,9.633
2011_thailand_floods,THA_C26,2011-10,USA_C26,USA,2011-12,2,-0.3716374133956688,-77412902.34210472,868308856.6249999,-307907440.6249999,-0.3546058965951295,,-77412902.34210472,0.0,-0.3236079898466719,0.0480294235489969,-0.3909824737602996,0.0469116613549474,-0.437894135115247,20893555670.0,20947194359.0,0.0025672360342675,22915110744.766903,-1967916385.766903,-0.0858785457197196,-3.535703525035035,556584106.057762,0.0025672360342675,0.0967549567290526,-0.094187720694785,0.0025639463128435,0.0923557805200552,-0.0897918342072117,266.4036865234375,0.1022070289051686,0.0021486201392266,10.792275733004598,2.69519257744442,1.21525703756249,9.633
2011_thailand_floods,THA_C26,2011-10,USA_C26,USA,2012-01,3,-0.2850165758165804,-53318838.03836613,826089076.1249998,-212074040.12499976,-0.2567205477644033,,-53318838.03836613,0.0,-0.1747954489976048,0.1102211268189756,-0.1921239824860094,0.1045592087009019,-0.2966831911869114,18582151941.0,18803570779.0,0.0119156725605852,20774462781.289436,-1970892002.2894363,-0.0948709010210615,-3.5410497368476745,556584106.057762,0.0119156725605852,0.1179793840482103,-0.106063711487625,0.0118452398834065,0.1115229345287751,-0.0996776946453685,266.4036865234375,0.1022070289051686,0.0021486201392266,10.792275733004598,2.69519257744442,1.21525703756249,9.633
2011_thailand_floods,THA_C26,2011-10,USA_C26,USA,2012-02,4,-0.156915653212882,-27720820.31977029,804282639.125,-110258711.125,-0.1370895077941174,,-27720820.31977029,0.0,-0.0122937507946473,0.1446219024182346,-0.012369944042561,0.1350743660643871,-0.1474443101069482,17540791367.0,18783412766.0,0.0708418094144703,19844046068.78943,-1060633302.7894288,-0.0534484398550951,-1.9056119124597437,556584106.057762,0.0708418094144703,0.13130848281581,-0.0604666734013397,0.0684450769246396,0.1233749122058505,-0.0549298352812108,266.4036865234375,0.1022070289051686,0.0021486201392266,10.792275733004598,2.69519257744442,1.21525703756249,9.633
2011_thailand_floods,THA_C26,2011-10,USA_C26,USA,2012-03,5,-0.0144124793845957,-3229527.5548169767,961544765.625,-12845346.625,-0.0133590729045782,,-3229527.5548169776,0.0,0.0644407829294713,0.078853262314067,0.0624495747360924,0.0758986827977246,-0.0134491080616321,21435810352.0,21926231289.0,0.0228785816326389,23616211787.81199,-1689980498.8119888,-0.0715601856045415,-3.036343439236843,556584106.057762,0.0228785816326389,0.1017177050928962,-0.0788391234602572,0.0226207913932583,0.0968705119328987,-0.0742497205396404,266.4036865234375,0.1022070289051686,0.0021486201392266,10.792275733004598,2.69519257744442,1.21525703756249,9.633
2011_thailand_floods,THA_C26,2011-10,USA_C26,USA,2012-04,6,-0.0419034708723168,-8623085.747689301,908907389.6250002,-34298058.62500024,-0.0377354822025938,,-8623085.747689301,0.0,0.0685493026564775,0.1104527735287944,0.0663019365681805,0.1047678361124617,-0.0384658995442812,19336494443.0,19026814131.0,-0.0160153285753461,21789652964.81198,-2762838833.811981,-0.1267959080520317,-4.963919744997632,556584106.057762,-0.0160153285753461,0.1268667663129626,-0.1428820948883087,-0.0161449598708536,0.1194410082877652,-0.1355859681586189,266.4036865234375,0.1022070289051686,0.0021486201392266,10.792275733004598,2.69519257744442,1.21525703756249,9.633
2011_thailand_floods,THA_C26,2011-10,CZE_C26,CZE,2011-10,0,-0.1917383937927658,-12141682.810230391,76076786.59912501,-18343962.219125003,-0.2411243039980869,,-12141682.810230397,0.0,-0.3965535426037825,-0.2048151488110167,-0.5050979556504736,-0.2291806714446806,-0.2759172842057928,2828224872.0829997,2937605458.6339993,0.0386746427523071,3462147192.0802627,-524541733.4462633,-0.1515076351017553,-15.128586146811765,34672224.38078304,0.0386746427523071,0.224141413313566,-0.1854667705612588,0.0379455184559311,0.2022397111047951,-0.1642941926488639,179.352294921875,0.0931851755269287,0.0179697158522733,9.911526925389676,2.71466509907701,-0.485125297413731,7.281
2011_thailand_floods,THA_C26,2011-10,CZE_C26,CZE,2011-11,1,-0.3342051616221561,-17172587.34585399,67056522.444624975,-25944780.340624973,-0.3869091237478065,,-17172587.34585399,0.0,-0.4704230972839777,-0.1362179356618216,-0.6356768765641831,-0.1464347803139674,-0.4892420962502157,2931602413.007,2906129789.82,-0.0086889760610041,3434312286.8393044,-528182497.0193043,-0.1537957101465009,-15.2335913386638,34672224.38078304,-0.0086889760610041,0.1714795538446379,-0.1801685299056421,-0.0087269453131426,0.1582675257926169,-0.1669944711057596,179.352294921875,0.0931851755269287,0.0179697158522733,9.911526925389676,2.71466509907701,-0.485125297413731,7.281
2011_thailand_floods,THA_C26,2011-10,CZE_C26,CZE,2011-12,2,-0.4733967970432973,-13013343.75786306,49006634.87312497,-19660889.67812497,-0.4011883233571485,,-13013343.75786306,0.0,-0.2934103181699655,0.1799864788733318,-0.3473051367268311,0.1655029761573025,-0.5128081128841337,2597414602.7,2534680419.201,-0.0241525490130792,3267218381.498031,-732537962.2970309,-0.2242084479094904,-21.12751562322715,34672224.38078304,-0.0241525490130792,0.2578732629368347,-0.282025811949914,-0.0244490049939862,0.2294224082409357,-0.253871413234922,179.352294921875,0.0931851755269287,0.0179697158522733,9.911526925389676,2.71466509907701,-0.485125297413731,7.281
2011_thailand_floods,THA_C26,2011-10,DEU_C26,DEU,2011-10,0,-0.1307894062235662,-8771591.107788552,196219016.3476223,-27236618.455622345,-0.1388072316465487,-14.389699838853389,-8771591.107788552,1892785.7259455272,-0.1885517095839463,-0.05776230336038,-0.2089346139326444,-0.0594977040525392,-0.1494369098801051,15454098921.963997,14043447412.097998,-0.0912800880199572,17195526853.91997,-3152079441.821974,-0.1833081049856527,-45.30090471390155,69580937.99073048,-0.0912800880199572,0.1126838866988864,-0.2039639747188436,-0.095718359913949,0.106775012807315,-0.2024933727212641,98.19930267333984,0.0286433317049187,0.0018255701404542,10.654855682466964,4.13463778522758,0.699760025176531,7.043
2011_thailand_floods,THA_C26,2011-10,DEU_C26,DEU,2011-11,1,-0.3985161372195857,-28193159.005396884,219298418.2111224,-87542420.2351224,-0.3991931220901182,-46.25057080425267,-28193159.005396888,1892785.7259455272,-0.4002120203224507,-0.0016958831028649,-0.5111790503814504,-0.001697322732749,-0.5094817276487014,15760795382.557,15265608957.733002,-0.031418872766538,17353469690.979996,-2087860733.246994,-0.120313733819596,-30.006217126954184,69580937.99073048,-0.031418872766538,0.10105291451126,-0.1324717872777981,-0.0319230337832046,0.0962669169897196,-0.1281899507729242,98.19930267333984,0.0286433317049187,0.0018255701404542,10.654855682466964,4.13463778522758,0.699760025176531,7.043
2011_thailand_floods,THA_C26,2011-10,DEU_C26,DEU,2011-12,2,-0.3905331887681795,-22375960.302161258,176622932.2606225,-69479469.0996225,-0.3933773956209689,-36.70751958197199,-22375960.302161258,1892785.7259455272,-0.3977634131899454,-0.0072302244217659,-0.507104905820075,-0.0072564891300181,-0.4998484166900567,14354019934.155,13681718018.375,-0.0468371869945836,16486623975.132494,-2804905956.757494,-0.1701322211865969,-40.31141340939039,69580937.99073048,-0.0468371869945836,0.1485719018616535,-0.1954090888562372,-0.0479695473084547,0.1385193461950677,-0.1864888935035225,98.19930267333984,0.0286433317049187,0.0018255701404542,10.654855682466964,4.13463778522758,0.699760025176531,7.043
2011_thailand_floods,THA_C26,2011-10,DEU_C26,DEU,2012-01,3,-0.4045670919115374,-20377207.89782549,174147617.98261234,-63273154.19561234,-0.3633305751097314,-33.42858799508576,-20377207.897825487,1892785.7259455272,-0.2910712299424423,0.1134958619690951,-0.3440002202348644,0.107504490818755,-0.4515047110536194,12709961042.384,12200872825.498,-0.0400542704409822,14678375002.642494,-2477502177.144493,-0.1687858619703119,-35.60604741307949,69580937.99073048,-0.0400542704409822,0.1548717540277591,-0.1949260244687413,-0.0408785278243044,0.1439893023245098,-0.1848678301488142,98.19930267333984,0.0286433317049187,0.0018255701404542,10.654855682466964,4.13463778522758,0.699760025176531,7.043
2011_thailand_floods,THA_C26,2011-10,DEU_C26,DEU,2012-02,4,-0.1297555332545274,-5898416.843452456,148844951.2931224,-18315141.128122404,-0.1230484539045879,-9.676288698221882,-5898416.843452456,1892785.7259455272,-0.0752479052664484,0.054507627988079,-0.0782295825066299,0.0530739542930973,-0.1313035367997272,12761610492.937002,12891378571.425003,0.0101686286820791,14547884923.95399,-1656506352.528988,-0.1138657860704856,-23.8068988484988,69580937.99073048,0.0101686286820791,0.1399724926572249,-0.1298038639751458,0.0101172760074277,0.131004132857619,-0.1208868568501913,98.19930267333984,0.0286433317049187,0.0018255701404542,10.654855682466964,4.13463778522758,0.699760025176531,7.043
2011_thailand_floods,THA_C26,2011-10,DEU_C26,DEU,2012-03,5,-0.382832852822432,-21435207.60200979,197106919.85262236,-66558343.15562236,-0.3376763393461188,-35.16422500617371,-21435207.60200979,1892785.7259455272,-0.2491056465758976,0.1337272062465344,-0.2864903097405964,0.125510616822698,-0.4120009265632944,15918454903.285,14177241907.080996,-0.1093832917065762,17340050400.879494,-3162808493.798496,-0.1823990369507852,-45.455099990457775,69580937.99073048,-0.1093832917065762,0.089304866975571,-0.1986881586821473,-0.1158411255470746,0.0855397560756827,-0.2013808816227573,98.19930267333984,0.0286433317049187,0.0018255701404542,10.654855682466964,4.13463778522758,0.699760025176531,7.043
2011_thailand_floods,THA_C26,2011-10,DEU_C26,DEU,2012-04,6,-0.0545163091108096,-2686581.2437543184,168828453.72362235,-8342088.3836223185,-0.0494116258227335,-4.407307319192239,-2686581.2437543184,1892785.7259455272,0.0487930478083365,0.1033093569191462,0.0476400244307662,0.0983141689838333,-0.0506741445530671,13778246023.719,12298196426.027,-0.1074193039625015,15265159156.79749,-2966962730.7704887,-0.1943617292355132,-42.64045321098927,69580937.99073048,-0.1074193039625015,0.1079174468592588,-0.2153367508217603,-0.1136383536785743,0.102482079097566,-0.2161204327761403,98.19930267333984,0.0286433317049187,0.0018255701404542,10.654855682466964,4.13463778522758,0.699760025176531,7.043
2011_thailand_floods,THA_C26,2011-10,DEU_C26,DEU,2012-05,7,-0.094390966097768,-5255160.188528916,176168236.59412244,-16317768.48912242,-0.0926260533941612,-8.621033149946753,-5255160.188528915,1892785.7259455272,-0.0753367946316005,0.0190541714661674,-0.0783257096041865,0.0188749141189852,-0.0972006237231717,14196499937.262997,12776300817.144,-0.100038680406799,15078930614.23299,-2302629797.0889893,-0.152705112583749,-33.09282489689552,69580937.99073048,-0.100038680406799,0.0621583264092995,-0.1621970068160985,-0.1054034948033653,0.0603029949517477,-0.165706489755113,98.19930267333984,0.0286433317049187,0.0018255701404542,10.654855682466964,4.13463778522758,0.699760025176531,7.043
2012_us_droughts,USA_A01,2012-07,MEX_C10T12,MEX,2012-07,0,-0.2224934773867856,-140135295.42424467,796504902.9999996,-169157259.99999964,-0.2123744114604649,,-140135295.42424467,0.0,-0.1748461838322866,0.0476472935544989,-0.1921854659075883,0.0465469772408972,-0.2387324431484856,759170594.0,844527268.0,0.1124341151706937,765444586.7500002,79082681.24999976,0.1033160108764721,,0.0,0.1124341151706937,0.0082642726148587,0.104169842555835,0.1065505108529372,0.0082303104896155,0.0983202003633216,2937.3681640625,0.1426615060815746,0.0342391815929986,9.274768987377271,3.44404505794418,5.66963367375268,5.175
2012_us_droughts,USA_A01,2012-07,MEX_C10T12,MEX,2012-08,1,-0.1533698897376771,-105745970.16270052,851247104.9999995,-127645918.99999952,-0.1499516629780486,,-105745970.16270052,0.0,-0.1305743655551353,0.0227955241825417,-0.1399224754678876,0.0225395883548777,-0.1624620638227654,843626476.0,835353088.0,-0.0098069326122002,887974532.7500002,-52621444.75000024,-0.0592600832672925,,0.0,-0.0098069326122002,0.0525683557968375,-0.0623752884090378,-0.009855337291782,0.051233230531551,-0.061088567823333,2937.3681640625,0.1426615060815746,0.0342391815929986,9.274768987377271,3.44404505794418,5.66963367375268,5.175
2012_us_droughts,USA_A01,2012-07,MEX_C10T12,MEX,2012-09,2,-0.0656724212064252,-40655369.47001922,801115152.5,-49075080.5,-0.0612584599690242,,-40655369.470019214,0.0,0.006382299719189,0.0720547209256142,0.0063620190814823,0.0695771068954513,-0.063215087813969,740865305.0,748994808.0,0.0109729838138391,772674576.2499998,-23679768.24999976,-0.0306464959218978,,0.0,0.0109729838138391,0.0429352961129685,-0.0319623122991294,0.0109132174251342,0.042039137713683,-0.0311259202885487,2937.3681640625,0.1426615060815746,0.0342391815929986,9.274768987377271,3.44404505794418,5.66963367375268,5.175
2012_us_droughts,USA_A01,2012-07,MEX_C10T12,MEX,2012-10,3,-0.0896990321021035,-66440278.04397414,952163439.5,-80200033.49999988,-0.0842292721742335,,-66440278.04397414,0.0,-0.0247600888264761,0.0649389432756273,-0.0250717754822886,0.0629174671921184,-0.0879892426744071,878774498.0,906176694.0,0.031182284035739,870433510.7499998,35743183.25000024,0.0410636571416035,,0.0,0.031182284035739,-0.0094916127732239,0.0406738968089629,0.0307059925110237,-0.0095369451988425,0.0402429377098663,2937.3681640625,0.1426615060815746,0.0342391815929986,9.274768987377271,3.44404505794418,5.66963367375268,5.175
2012_us_droughts,USA_A01,2012-07,MEX_C10T12,MEX,2012-11,4,-0.2650967744963981,-150973913.40300652,812415782.5000002,-182240551.50000024,-0.2243193145992338,,-150973913.40300652,0.0,-0.0833136767278583,0.1817830977685397,-0.0869899335177244,0.1670243974952114,-0.2540143310129359,790141585.0,765530411.0,-0.0311478024536577,823644534.7500002,-58114123.75000024,-0.0705572869097462,,0.0,-0.0311478024536577,0.0424011979447964,-0.0735490003984542,-0.0316432095966305,0.0415268959943162,-0.0731701055909468,2937.3681640625,0.1426615060815746,0.0342391815929986,9.274768987377271,3.44404505794418,5.66963367375268,5.175
2012_us_droughts,USA_A01,2012-07,MEX_C10T12,MEX,2012-12,5,-0.3697522423924332,-198187613.2342125,790459487.0000001,-239232190.00000012,-0.3026495271856989,,-198187613.2342125,0.0,-0.1480346807272478,0.2217175616651854,-0.1602094577916695,0.2002577058211727,-0.3604671636128422,773559904.0,750045743.0,-0.0303973368816178,812667929.2500001,-62622186.25000012,-0.0770575335829891,,0.0,-0.0303973368816178,0.0505559104702512,-0.0809532473518691,-0.030868917014839,0.0493194625471815,-0.0801883795620206,2937.3681640625,0.1426615060815746,0.0342391815929986,9.274768987377271,3.44404505794418,5.66963367375268,5.175
2012_us_droughts,USA_A01,2012-07,MEX_C10T12,MEX,2013-01,6,-0.2417970364155744,-158245421.860829,835039060.5,-191017986.5,-0.2287533548258488,,-158245421.860829,0.0,-0.1847763138139067,0.0570207226016677,-0.2042927415340258,0.0554543117380141,-0.25974705327204,714222933.0,736999629.0,0.0318901773488698,757786833.25,-20787204.25,-0.0274314666577772,,0.0,0.0318901773488698,0.0609948214166346,-0.0291046440677647,0.0313922440557696,0.0592069786880138,-0.0278147346322441,2937.3681640625,0.1426615060815746,0.0342391815929986,9.274768987377271,3.44404505794418,5.66963367375268,5.175
2012_us_droughts,USA_A01,2012-07,MEX_C10T12,MEX,2013-02,7,-0.4078045487240697,-265248253.09075388,860962463.9999998,-320181061.99999976,-0.3718873648828433,,-265248253.09075388,0.0,-0.3112237362715104,0.0965808124525592,-0.3728387862113713,0.092196986415022,-0.4650357726263934,821146001.0,804980918.0,-0.0196860034394784,905815970.75,-100835052.75,-0.1113195792590301,,0.0,-0.0196860034394784,0.1031119553001391,-0.1227979587396176,-0.0198823539580814,0.0981352357321014,-0.1180175896901829,2937.3681640625,0.1426615060815746,0.0342391815929986,9.274768987377271,3.44404505794418,5.66963367375268,5.175
2012_us_droughts,USA_A01,2012-07,MEX_C10T12,MEX,2013-03,8,-0.4104323384593497,-307342181.1439039,1055377286.0000002,-370992626.00000024,-0.3515260664800779,,-307342181.1439039,0.0,-0.2428593542732389,0.1675729841861107,-0.2782062488848851,0.154927221669773,-0.4331334705546581,880189781.0,912675955.0,0.0369081471987687,977079409.25,-64403454.25,-0.0659142477472078,,0.0,0.0369081471987687,0.110078110813695,-0.0731699636149263,0.036243349776452,0.1044303828381494,-0.0681870330616973,2937.3681640625,0.1426615060815746,0.0342391815929986,9.274768987377271,3.44404505794418,5.66963367375268,5.175
2012_us_droughts,USA_A01,2012-07,MEX_C10T12,MEX,2013-04,9,-0.4991251119607738,-378815424.9563776,1092305547.4999995,-457267950.4999995,-0.4186264104824568,,-378815424.9563776,0.0,-0.3068326539060032,0.1922924580547705,-0.3664838278057054,0.1758778890906391,-0.5423617168963446,882083622.0,934974701.0,0.0599615248269511,947251820.7500002,-12277119.750000238,-0.0129607771461232,,0.0,0.0599615248269511,0.0738798421426764,-0.0139183173157252,0.0582326100680141,0.0712781109254514,-0.0130455008574372,2937.3681640625,0.1426615060815746,0.0342391815929986,9.274768987377271,3.44404505794418,5.66963367375268,5.175
2012_us_droughts,USA_A01,2012-07,MEX_C10T12,MEX,2013-05,10,-0.5511525559355521,-354772599.21321917,980696701.0,-428245864.9999999,-0.436675135710485,,-354772599.21321917,0.0,-0.2889956093560119,0.2621569465795402,-0.3410766733668495,0.2328221194944504,-0.5738987928613,922524365.0,974713612.0,0.0565722153040369,1039728112.25,-65014500.25,-0.0625302898748278,,0.0,0.0565722153040369,0.1270467769704922,-0.0704745616664552,0.0550299090202592,0.1196007398154499,-0.0645708307951906,2937.3681640625,0.1426615060815746,0.0342391815929986,9.274768987377271,3.44404505794418,5.66963367375268,5.175
2012_us_droughts,USA_A01,2012-07,MEX_C10T12,MEX,2013-06,11,-0.522106966156368,-292765569.23761034,899472087.4999995,-353397203.4999995,-0.3928940190709361,,-292765569.2376103,0.0,-0.1932321530681526,0.3288748130882153,-0.2147193259305488,0.2843325786068398,-0.4990519045373887,873775715.0,925168131.0,0.0588164847314393,991154108.2499998,-65985977.24999976,-0.0665748915337755,,0.0,0.0588164847314393,0.1343346939437424,-0.0755182092123031,0.0571517604450484,0.1260463061946382,-0.0688945457495897,2937.3681640625,0.1426615060815746,0.0342391815929986,9.274768987377271,3.44404505794418,5.66963367375268,5.175
2012_us_droughts,USA_A01,2012-07,JPN_C10T12,JPN,2012-07,0,-0.228775266758173,-132273578.64376172,895931475.8955832,-201962643.92158303,-0.2254219762953399,-4.131226597593126,-132273578.64376172,48886847.32017545,-0.2138996520646004,0.0148756146935726,-0.2406708252647078,0.0147660578677069,-0.2554368831324147,292810852.2900001,285197887.70000005,-0.0259995984795677,259713056.81499964,25484830.885000408,0.098126875858821,,0.0,-0.0259995984795677,-0.1130347294717764,0.0870351309922086,-0.0263435630098882,-0.1199494508615579,0.0936058878516696,2194.59521484375,0.1096570899383432,0.0092097215692862,10.794687711107184,0.0238095237995424,-1.62208025011698,4.55
2012_us_droughts,USA_A01,2012-07,JPN_C10T12,JPN,2012-08,1,-0.139850793721602,-76589508.3503932,741926040.8578067,-116941113.72580671,-0.1576182898103976,-2.3920772178234837,-76589508.3503932,48886847.32017545,-0.2525756311130526,-0.1127248373914505,-0.2911221571786377,-0.1196001274819558,-0.1715220296966819,276954242.6,303516741.447,0.0959093408269745,242803405.32799983,60713336.1190002,0.2500514193241374,,0.0,0.0959093408269745,-0.1233085904422256,0.2192179312692001,0.0915844665649245,-0.1316002185387077,0.2231846851036323,2194.59521484375,0.1096570899383432,0.0092097215692862,10.794687711107184,0.0238095237995424,-1.62208025011698,4.55
2012_us_droughts,USA_A01,2012-07,JPN_C10T12,JPN,2012-09,2,-0.1033937290248366,-52620426.98061201,679376116.8313059,-80343789.487306,-0.1182611332615567,-1.6434643240769664,-52620426.98061201,48886847.32017545,-0.22911046982283,-0.1257167407979934,-0.260210196524941,-0.1343508604522512,-0.1258593360726898,295969830.0,326944841.806,0.1046559772866038,263212923.31949964,63731918.48650035,0.2421306586422418,,0.0,0.1046559772866038,-0.1106765060496212,0.215332483336225,0.0995339534031991,-0.1172942240293899,0.2168281774325891,2194.59521484375,0.1096570899383432,0.0092097215692862,10.794687711107184,0.0238095237995424,-1.62208025011698,4.55
2012_us_droughts,USA_A01,2012-07,CAN_C10T12,CAN,2012-07,0,-0.0359859232282444,-12382405.264478736,561691887.644875,-20298577.058874965,-0.0361382770614422,,-12382405.264478734,0.0,-0.0402017809167219,-0.0042158576884775,-0.0410322049936056,-0.0042247694650257,-0.0368074355285799,2035484600.8919995,2141533775.9750004,0.0521002099630364,2237397292.654658,-95863516.67965746,-0.0428459965489258,-8.307901410282495,11538836.57803274,0.0521002099630364,0.0991963740104813,-0.0470961640474448,0.0507883663734212,0.0945793436829696,-0.0437909773095483,1444.8326416015625,0.1656941988540264,0.0215728373354213,10.863313883498243,3.13719442170364,3.24445514350185,7.637
2012_us_droughts,USA_A01,2012-07,THA_C10T12,THA,2012-07,0,-0.0180602368559621,-1073029.6185954232,49557176.955842555,-2067086.9558425543,-0.041711152305637,-0.1001574455405749,-1073029.618595429,20638375.35677917,-0.5850768293579752,-0.5670165925020131,-0.8796618945533901,-0.8370558601382889,-0.0426060344151011,2599204284.0,2705649209.0,0.0409528891804488,2737649369.565746,-32000160.56574583,-0.0116889185742664,-0.2060116826698612,155331776.09653753,0.0409528891804488,0.0532644111191938,-0.0123115219387449,0.040136533243448,0.0518943042886803,-0.0117577710452323,218.13250732421875,0.2970913324064442,0.0074760562759313,8.589443763709863,0.840132083053334,3.7430981204437,0.66
2012_us_droughts,USA_A01,2012-07,THA_C10T12,THA,2012-08,1,-0.0300778708265441,-1798104.2014949543,49546324.45584252,-3463872.4558425173,-0.0699117945455196,-0.16783648886901,-1798104.2014949522,20638375.35677917,-0.5998518836083166,-0.5697740127817725,-0.9159204964188064,-0.8434446451783195,-0.0724758512404868,2841312997.0,2511732594.0,-0.1159958101581865,2529025267.4816394,-17292673.481639385,-0.006837683159591,-0.1113273402017377,155331776.09653753,-0.1159958101581865,-0.1099096543915047,-0.0060861557666817,-0.1232934766694846,-0.1164323094448214,-0.0068611672246632,218.13250732421875,0.2970913324064442,0.0074760562759313,8.589443763709863,0.840132083053334,3.7430981204437,0.66
2014_indonesia_mineral_export_ban,IDN_B07,2014-01,JPN_C24A,JPN,2014-02,1,-0.3811760881583851,-26104559.50874877,104920641.47637126,-43839995.21637125,-0.4178395652131452,-2.435514825605567,-26104559.50874877,18000299.056061324,-0.4689214337578559,-0.0877453455994707,-0.6328453019832132,-0.0918361007315446,-0.5410092012516685,5251501762.841999,4715411851.2,-0.1020831632267945,4541013823.042623,174398028.15737724,0.0384050863867498,,0.0,-0.1020831632267945,-0.1352923357708016,0.033209172544007,-0.1076778243307607,-0.1453637895706343,0.0376859652398735,1067.8970947265625,0.3425539937153633,0.0050225426822489,10.61887673310568,2.00510017681211,-0.354375054368859,4.038
2014_indonesia_mineral_export_ban,IDN_B07,2014-01,JPN_C24A,JPN,2014-05,4,-0.9342896591793222,-69195622.55702159,116212261.11287878,-116207123.16087878,-0.9999557882107206,-6.455844027866182,-69195622.55702159,18000299.056061324,-0.9999586915561424,-0.06566903237682,-10.094249024033187,-0.0679245479002048,-10.026324476132984,4946612453.731001,4842026457.6640005,-0.021142953292837,4493471352.108122,348555105.55587864,0.0775692283856117,,0.0,-0.021142953292837,-0.0916063479525459,0.0704633946597089,-0.0213696668158505,-0.0960774568134859,0.0747077899976353,1067.8970947265625,0.3425539937153633,0.0050225426822489,10.61887673310568,2.00510017681211,-0.354375054368859,4.038
2014_indonesia_mineral_export_ban,IDN_B07,2014-01,JPN_C24A,JPN,2014-09,8,-0.0625145756148661,-4611198.381358831,79431736.80437127,-7744046.2043712735,-0.097493099306688,-0.4302176413987736,-4611198.381358828,18000299.056061324,-0.4212940578609737,-0.3587794822461075,-0.5469607964963075,-0.4443818552495209,-0.1025789412467865,4608794809.339001,4929048690.749999,0.0694875546991274,4146614624.8361216,782434065.9138775,0.1886922554190335,,0.0,0.0694875546991274,-0.100282222060818,0.1697697767599454,0.0671796128985633,-0.105674144877728,0.1728537577762914,1067.8970947265625,0.3425539937153633,0.0050225426822489,10.61887673310568,2.00510017681211,-0.354375054368859,4.038
2014_indonesia_mineral_export_ban,IDN_B07,2014-01,KOR_C24A,KOR,2014-02,1,-0.6703828212900437,-7106349.45746338,14373172.307935774,-14373059.307935774,-0.9999921381308468,,-7106349.457463379,0.0,-0.9999947294965406,-0.3296119082064969,-12.144574083825464,-0.3998984698774421,-11.744675613948022,3214628770.0,3130827267.0,-0.0260687964290197,3068504746.325502,62322520.67449808,0.0203103875752933,,0.0,-0.0260687964290197,-0.0454559559219331,0.0193871594929134,-0.0264146107098994,-0.0465214932536746,0.0201068825437751,167.35040283203125,0.1194737271342574,0.0023512007946556,10.255916061987897,3.2913959543442,1.07703832086861,2.747
2014_indonesia_mineral_export_ban,IDN_B07,2014-01,KOR_C24A,KOR,2014-04,3,-0.6703875529701668,-13533171.001748577,27371750.704994,-27371728.704994,-0.9999991962516304,,-13533171.00174858,0.0,-0.9999994611766644,-0.3296119082064974,-14.389426344720764,-0.3998984807678347,-13.98952786395293,3240046981.0,3543026601.0,0.0935108724585497,3092767548.246675,450259052.753325,0.1455845115190056,,0.0,0.0935108724585497,-0.045455955921932,0.1389668283804817,0.0893935038650362,-0.0465214932537847,0.1359149971188209,167.35040283203125,0.1194737271342574,0.0023512007946556,10.255916061987897,3.2913959543442,1.07703832086861,2.747
2014_indonesia_mineral_export_ban,IDN_B07,2014-01,ESP_C24B,ESP,2014-01,0,-0.4849907868088294,-14084592.812115123,58817325.151267536,-36356089.184267536,-0.6181187106140281,,-14084592.812115123,0.0,-0.7003667680227806,-0.2153759812139512,-1.2051960811569735,-0.2425506292349233,-0.9626454519220502,1671261773.2159998,1723550325.891,0.0312868716995672,1512059453.5084991,211490872.3825009,0.1398694157771172,,0.0,0.0312868716995672,-0.0952587573406579,0.1265456290402252,0.0308074123847674,-0.100106295815479,0.1309137082002465,88.76270294189453,0.0559133436720253,0.0074496380727317,10.282945608684807,-1.42732224757626,0.438175032697188,26.094
2014_indonesia_mineral_export_ban,IDN_B07,2014-01,AUS_C24B,AUS,2014-01,0,-3.037177428510262,-5181224.70914434,7223048.916409094,-6425038.023409094,-0.8895188303117948,-5.012048826695721,-5181224.70914434,1281918.4819563918,-0.6227725558830366,2.4144048726272263,-0.9749061929960324,1.2280028749419731,-2.2029090679380054,2117049788.034,1962612618.178,-0.0729492384774844,1795239893.6571674,167372724.52083254,0.0932313977158059,1.1831467357884402,141464046.22356212,-0.0729492384774844,-0.1520086566672963,0.0790594181898118,-0.0757469559543615,-0.1648848514917418,0.0891378955373802,32.769500732421875,0.1348369419737076,0.0013496908437394,11.1342631149376,2.65445302592404,-0.13127264372919,5.663
2014_russia_crimea_sanctions,RUS_C26,2014-03,BLR_C26,BLR,2014-03,0,-0.1324319226053311,-3053308.512652787,48786568.1818181,-5807868.181818098,-0.1190464588567348,-3.0727887472744224,-3053308.512652787,1890096.8011451173,-0.0199929313313039,0.1124389912740271,-0.0201954939511104,0.1065548919455707,-0.1267503858966812,60383300.0,56028000.0,-0.0721275584474515,59744803.22837398,-3716803.228373982,-0.0622113226177435,-0.8274824608143255,4491700.313159841,-0.0721275584474515,-0.0105740622262449,-0.0615534962212065,-0.0748610095799691,-0.010630364695416,-0.0642306448845531,81.58270263671875,0.0523267996359172,0.0980996172849653,8.987081839620107,0.998719299661161,21.2630002283286,5.937
2014_russia_crimea_sanctions,RUS_C26,2014-03,BLR_C26,BLR,2014-04,1,-0.2236339547181396,-5892166.556042123,51614218.18181806,-11207818.18181806,-0.2171459449862633,-5.92975882241999,-5892166.556042123,1890096.8011451173,-0.1937553874149985,0.029878567303141,-0.2153680881644284,0.0294408988902112,-0.2448089870546397,45263500.0,46860400.0,0.0352800821854253,42098420.47376518,4761979.5262348205,0.1131153965551363,1.0601730289714817,4491700.313159841,0.0352800821854253,-0.0699256470718088,0.1052057292572342,0.0346720001631304,-0.07249074498446,0.1071627451475905,81.58270263671875,0.0523267996359172,0.0980996172849653,8.987081839620107,0.998719299661161,21.2630002283286,5.937
2014_russia_crimea_sanctions,RUS_C26,2014-03,BLR_C26,BLR,2014-05,2,-0.1516630473552036,-2599165.877853954,45636018.181818075,-4944018.1818180755,-0.1083358798333512,-2.615748663678356,-2599165.8778539537,1890096.8011451173,0.2482706365591266,0.3999336839143302,0.221759096553356,0.3364248581031077,-0.1146657615497517,49771700.0,65402900.0,0.3140579887767546,47904213.515240245,17498686.484759755,0.3652849133864336,3.895782279483758,4491700.313159841,0.3140579887767546,-0.0375210508132082,0.3515790395899629,0.2731200457759151,-0.0382430832508831,0.3113631290267982,81.58270263671875,0.0523267996359172,0.0980996172849653,8.987081839620107,0.998719299661161,21.2630002283286,5.937
2014_russia_crimea_sanctions,RUS_C26,2014-03,BLR_C26,BLR,2014-06,3,-0.0220485196827053,-512244.1782196153,50634168.18181811,-974368.1818181128,-0.0192432939417377,-0.5155123172674493,-512244.17821961513,1890096.8011451173,0.1237282766111513,0.1457767962938566,0.1166519729672863,0.1360828288119613,-0.0194308558446749,55402400.0,55964100.0,0.0101385499545146,54762442.86906463,1201657.130935371,0.0219430885106513,0.267528340529474,4491700.313159841,0.0101385499545146,-0.0115510723530997,0.0216896223076143,0.0100874994367288,-0.0116183040133535,0.0217058034500823,81.58270263671875,0.0523267996359172,0.0980996172849653,8.987081839620107,0.998719299661161,21.2630002283286,5.937
2014_russia_crimea_sanctions,RUS_C26,2014-03,BLR_C26,BLR,2014-07,4,-0.1780850311455274,-5545480.950302631,58274968.18181811,-10548368.181818113,-0.1810102778418885,-5.580861348174005,-5545480.950302632,1890096.8011451173,-0.1942456974415942,-0.0161606662960667,-0.2159764144128146,-0.0162926737401569,-0.1996837406726577,54092100.0,50260200.0,-0.0708402890625433,53456601.28951976,-3196401.289519757,-0.0597943231034857,-0.7116238988952356,4491700.313159841,-0.0708402890625433,-0.0117484569924303,-0.0590918320701129,-0.0734746364870133,-0.0118180152333096,-0.0616566212537037,81.58270263671875,0.0523267996359172,0.0980996172849653,8.987081839620107,0.998719299661161,21.2630002283286,5.937
2014_russia_crimea_sanctions,RUS_C26,2014-03,BLR_C26,BLR,2014-08,5,-0.1812149897192633,-6020389.498251359,64983118.1818181,-11451718.181818098,-0.1762260491990706,-6.058799832304918,-6020389.498251359,1890096.8011451173,-0.152905097153057,0.0283098925662063,-0.1659425418862312,0.027916573082475,-0.1938591149687063,58360600.0,51138300.0,-0.1237530114495053,59480749.32923325,-8342449.3292332515,-0.1402546104968646,-1.857303192020945,4491700.313159841,-0.1237530114495053,0.019193588298154,-0.1429465997476594,-0.1321072749662164,0.0190117145770329,-0.1511189895432494,81.58270263671875,0.0523267996359172,0.0980996172849653,8.987081839620107,0.998719299661161,21.2630002283286,5.937
2014_russia_crimea_sanctions,RUS_C26,2014-03,BLR_C26,BLR,2014-09,6,-0.236360227463496,-7919892.260216238,67345068.1818181,-15064868.181818098,-0.2236966802252838,-7.970421500470786,-7919892.260216238,1890096.8011451173,-0.1797498780141488,0.0566103494493472,-0.1981459549848452,0.055065999909047,-0.2532119548938922,83023500.0,69051200.0,-0.1682933145434726,72193352.00863352,-3142152.008633524,-0.0435241185124325,-0.6995462273891263,4491700.313159841,-0.1682933145434726,-0.1304467770133333,-0.0378465375301393,-0.1842754393996699,-0.1397757342287171,-0.0444997051709528,81.58270263671875,0.0523267996359172,0.0980996172849653,8.987081839620107,0.998719299661161,21.2630002283286,5.937
2014_russia_crimea_sanctions,RUS_C26,2014-03,BLR_C26,BLR,2014-10,7,-0.3223302693078715,-11967116.161202518,74168918.18181813,-22763318.181818128,-0.3069118269463766,-12.043466857373096,-11967116.161202518,1890096.8011451173,-0.272092901413317,0.0502373678945545,-0.3175818454669539,0.0490162026048075,-0.3665980480717614,71477200.0,59335000.0,-0.1698751489985618,69666805.6128657,-10331805.6128657,-0.1483031340675921,-2.300199232481171,4491700.313159841,-0.1698751489985618,-0.0253282779282666,-0.1445468710702951,-0.1861791637475995,-0.0256545596263606,-0.1605246041212389,81.58270263671875,0.0523267996359172,0.0980996172849653,8.987081839620107,0.998719299661161,21.2630002283286,5.937
2014_russia_crimea_sanctions,RUS_C26,2014-03,BLR_C26,BLR,2014-11,8,-0.1555038069276983,-5640925.2928941995,71233718.18181811,-10729918.181818113,-0.1506297643263671,-5.6769146296196995,-5640925.2928941995,1890096.8011451173,-0.1231460413617194,0.0323577655659789,-0.1314148222288267,0.0318452785883067,-0.1632601008171335,64363500.0,55208000.0,-0.1422467702968297,73699542.3599623,-18491542.3599623,-0.2509044394013488,-4.116824603321272,4491700.313159841,-0.1422467702968297,0.1450518129057975,-0.2872985832026272,-0.1534388293541759,0.1354498854603498,-0.2888887148145258,81.58270263671875,0.0523267996359172,0.0980996172849653,8.987081839620107,0.998719299661161,21.2630002283286,5.937
2014_russia_crimea_sanctions,RUS_C26,2014-03,BLR_C26,BLR,2014-12,9,-0.3631586006851298,-14311535.183895793,82537168.18181808,-27222768.181818083,-0.3298243540637359,-14.40284337041634,-14311535.183895793,1890096.8011451173,-0.2620919383520252,0.1010666623331045,-0.30393603511666,0.0962794017613504,-0.4002154368780104,62136500.0,53504600.0,-0.138918349118473,66719157.67358865,-13214557.673588648,-0.1980624176677779,-2.941994512606388,4491700.313159841,-0.138918349118473,0.0737514612762007,-0.2126698103946738,-0.1495659438393382,0.071158554119151,-0.2207244979584892,81.58270263671875,0.0523267996359172,0.0980996172849653,8.987081839620107,0.998719299661161,21.2630002283286,5.937
2014_russia_crimea_sanctions,RUS_C26,2014-03,BLR_C26,BLR,2015-01,10,-0.8656810210631388,-19385935.77875447,52549468.1818181,-36875068.1818181,-0.7017210536600011,-19.50961885099075,-19385935.77875447,1890096.8011451173,-0.6320269692886287,0.2336540517745101,-0.9997455892869276,0.209980534709981,-1.2097261239969086,47023600.0,35149100.0,-0.2525221378201583,45638154.29366302,-10489054.293663016,-0.2298308171309954,-2.3352079529731875,4491700.313159841,-0.2525221378201583,-0.0294627741461092,-0.2230593636740491,-0.2910505827844609,-0.0299055190660197,-0.2611450637184411,81.58270263671875,0.0523267996359172,0.0980996172849653,8.987081839620107,0.998719299661161,21.2630002283286,5.937
2014_russia_crimea_sanctions,RUS_C26,2014-03,BLR_C26,BLR,2015-02,11,-0.62370088966973,-14679182.652713433,58905890.90909034,-27922090.90909034,-0.4740118599034958,-14.772836445294075,-14679182.652713433,1890096.8011451173,-0.3079091502041619,0.3157917394655681,-0.3680380362118143,0.274438562333156,-0.6424765985449703,45463000.0,32848200.0,-0.2774739898378902,45429220.70962173,-12581020.709621727,-0.2769367493675082,-2.800948378671144,4491700.313159841,-0.2774739898378902,-0.0007430061891708,-0.2767309836487193,-0.3250018509720114,-0.0007432823387176,-0.3242585686332937,81.58270263671875,0.0523267996359172,0.0980996172849653,8.987081839620107,0.998719299661161,21.2630002283286,5.937
2014_russia_crimea_sanctions,RUS_C26,2014-03,UKR_G,UKR,2014-04,1,-0.2405077567834607,-2127853.0756366607,36454712.07137738,-10379397.101377385,-0.2847203149226578,-2.5440287625215054,-2127853.0756366607,4079905.5632884745,-0.3957919280278171,-0.1552841712443564,-0.5038366351714174,-0.1687550012565459,-0.3350816339148714,6061110948.42,5079200184.58,-0.1620017802340283,5218826795.757502,-139626611.17750168,-0.0267544060460115,,0.0,-0.1620017802340283,-0.1389653084773285,-0.0230364717566998,-0.1767393028546955,-0.1496204832109455,-0.0271188196437499,45.067901611328125,0.0482416544494572,0.0027402756703275,8.326249847036435,0.045439094492707,4.30879343709354,7.17
2014_russia_crimea_sanctions,RUS_C26,2014-03,DEU_C26,DEU,2014-03,0,-0.2652761077588255,-2041905.560915685,15965718.62354721,-6130466.133547209,-0.3839768367523167,-1.7804376559989754,-2041905.5609156855,3443235.494874715,-0.5744112368396944,-0.3091351290808689,-0.8542816852488571,-0.3698110108089558,-0.4844706744399012,13272129058.54,14179994498.231998,0.0684039038264044,14359533093.857014,-179538595.62501526,-0.0125030942476689,-1.0768825688919192,166720681.3550295,0.0684039038264044,0.0819313940152894,-0.0135274901888849,0.0661658561418363,0.0787477717680822,-0.0125819156262458,29.664899826049805,0.0304136795071931,0.0006391904866852,10.762315161004778,0.396995583779145,1.99569888138804,5.316
2015_samarco_dam_collapse,BRA_C24A,2015-11,USA_C25,USA,2015-11,0,-0.0791378706843143,-8917755.789061215,284097546.7499998,-28257180.74999982,-0.0994629523318819,,-8917755.789061215,0.0,-0.2834861347469779,-0.2043482640626635,-0.3333576794280866,-0.2285937058239078,-0.1047639736041787,3203321668.0,2785018055.0,-0.130584329753299,3166428081.818189,-381410026.81818914,-0.1204543469685186,-3.087816967119356,123520931.09132987,-0.130584329753299,-0.0115172904895453,-0.1190670392637537,-0.1399339363346854,-0.0115841281642552,-0.1283498081704301,801.24267578125,0.0862475731226565,0.0038030721305095,10.914623278788484,2.52381981363968,1.63535305156384,6.168
2015_samarco_dam_collapse,BRA_C24A,2015-11,USA_C25,USA,2015-12,1,-0.366134117605328,-50466232.14625025,355140279.2499999,-159909452.24999988,-0.4502712353205988,,-50466232.14625024,0.0,-0.5529928621026623,-0.1868587444973343,-0.805180713213133,-0.2068504379945217,-0.5983302752186113,3175953708.0,2653474555.0,-0.1645109472735425,3129371012.5454283,-475896457.5454283,-0.1520741566396547,-3.852759636288333,123520931.09132987,-0.1645109472735425,-0.0146673093304959,-0.1498436379430466,-0.1797380336318639,-0.0147759378075491,-0.1649620958243147,801.24267578125,0.0862475731226565,0.0038030721305095,10.914623278788484,2.52381981363968,1.63535305156384,6.168
2015_samarco_dam_collapse,BRA_C24A,2015-11,USA_C25,USA,2016-01,2,-0.3354625961080791,-59699882.43062173,416250178.7499997,-189167589.7499997,-0.4544564769150861,,-59699882.43062173,0.0,-0.5973003888374381,-0.261837792729359,-0.909564374070829,-0.3035916848539273,-0.6059726892169017,2795464956.0,2728407399.0,-0.0239879798371545,2694213805.818191,34193593.18180895,0.012691492081277,0.2768242829753819,123520931.09132987,-0.0239879798371545,-0.0362197887562461,0.0122318089190916,-0.0242803768954686,-0.0368920069884417,0.012611630092973,801.24267578125,0.0862475731226565,0.0038030721305095,10.914623278788484,2.52381981363968,1.63535305156384,6.168
2015_samarco_dam_collapse,BRA_C24A,2015-11,USA_C25,USA,2016-02,3,-0.3529779795541714,-37291751.46917436,314849368.74999976,-118164231.74999976,-0.3753040135323436,,-37291751.46917436,0.0,-0.4124658431878178,-0.0594878636336464,-0.5318208933019797,-0.0613307259712527,-0.4704901673307269,2798755560.0,2956964577.0,0.056528343975849,2882821733.3181896,74142843.68181038,0.025718844431102,0.600245181336838,123520931.09132987,0.056528343975849,0.0300369830504917,0.0264913609253572,0.0549883858784703,0.029594707460788,0.0253936784176822,801.24267578125,0.0862475731226565,0.0038030721305095,10.914623278788484,2.52381981363968,1.63535305156384,6.168
2015_samarco_dam_collapse,BRA_C24A,2015-11,DEU_C24A,DEU,2015-11,0,-0.4840385978242976,-7641796.085645991,81254245.54041688,-29740717.73541689,-0.3660204773007643,-1.618954313452518,-7641796.085645991,18370325.517088257,-0.1616027565460621,0.3224358412782354,-0.1762632501487289,0.2794753663941129,-0.4557386165428418,5190941257.042,4281526104.888,-0.175192726544592,4090313444.357128,191212660.53087187,0.0467476791527219,,0.0,-0.175192726544592,-0.2120285624869606,0.0368358359423686,-0.1926055278299614,-0.2382934365402178,0.0456879087102564,128.0518035888672,0.067887398600968,0.0028993727828373,10.79877115404584,2.18018602168017,1.89470416699187,4.979
2015_samarco_dam_collapse,BRA_C24A,2015-11,DEU_C24A,DEU,2015-12,1,-1.0916381776721655,-16495928.497627355,86807970.18941689,-64199665.593416885,-0.7395595756165224,-3.4947483937449952,-16495928.497627355,18370325.517088257,-0.6155729441686466,0.476065233503519,-0.9560011925582614,0.3893799158581359,-1.3453811084163974,4467763768.156,3443786525.7590003,-0.2291923421948583,3370446324.390625,73340201.3683753,0.0217597891524456,,0.0,-0.2291923421948583,-0.2456077583122251,0.0164154161173667,-0.2603164075451936,-0.2818428317259105,0.0215264241807169,128.0518035888672,0.067887398600968,0.0028993727828373,10.79877115404584,2.18018602168017,1.89470416699187,4.979
2015_samarco_dam_collapse,BRA_C24A,2015-11,DEU_C24A,DEU,2016-01,2,-0.8248015900143257,-6070610.461008193,57963488.099916905,-23625900.26991691,-0.4075996984375891,-1.286090453211614,-6070610.461008193,18370325.517088257,0.1987563104845085,1.0235579004988342,0.1812846056340049,0.7048572813002529,-0.523572675666248,4927029408.551001,4001260519.872,-0.1878959535074628,4101133876.666125,-99873356.79412508,-0.0243526204697598,,0.0,-0.1878959535074628,-0.1676254520526121,-0.0202705014548506,-0.2081268109076717,-0.1834727615983098,-0.0246540493093618,128.0518035888672,0.067887398600968,0.0028993727828373,10.79877115404584,2.18018602168017,1.89470416699187,4.979
2015_samarco_dam_collapse,BRA_C24A,2015-11,DEU_C24A,DEU,2016-02,3,-1.3020485173431515,-9378795.128327057,64579570.76191689,-36500856.013916895,-0.5652074732500662,-1.9869466101710305,-9378795.12832706,18370325.517088257,0.0016162057294027,1.3036647230725544,0.0016149010169002,0.8345011925579442,-0.832886291541044,5071864473.1,4315896629.531,-0.1490512705097857,4233513340.915628,82383288.61537218,0.0194597918988851,,0.0,-0.1490512705097857,-0.1652944664887623,0.0162431959789765,-0.1614033995567219,-0.1806762707670088,0.0192728712102869,128.0518035888672,0.067887398600968,0.0028993727828373,10.79877115404584,2.18018602168017,1.89470416699187,4.979
2015_samarco_dam_collapse,BRA_C24A,2015-11,DEU_C24A,DEU,2016-03,4,-0.5223386564427158,-8300469.713543922,77093491.99591692,-32304176.14591691,-0.4190259814359923,-1.7584977531218622,-8300469.713543922,18370325.517088257,-0.2757843147461143,0.2465543416966015,-0.3226660169955373,0.2203832152575735,-0.5430492322531109,5061481948.624,4672077446.910001,-0.0769348790861264,4229745854.974128,442331591.93587255,0.1045763994107816,,0.0,-0.0769348790861264,-0.1643265948772147,0.0873917157910883,-0.0800554934154433,-0.1795174059162647,0.0994619125008213,128.0518035888672,0.067887398600968,0.0028993727828373,10.79877115404584,2.18018602168017,1.89470416699187,4.979
2015_samarco_dam_collapse,BRA_C24A,2015-11,DEU_C24A,DEU,2016-04,5,-1.1521508834584673,-10165513.992957143,64432122.09441692,-39562647.17241692,-0.6140205519607594,-2.1536171003401847,-10165513.992957143,18370325.517088257,-0.2757464540313258,0.8764044294271415,-0.3226137352007541,0.6293573944659627,-0.9519711296667168,4916908628.349999,4686561002.044001,-0.0468480591601512,4124210421.869628,562350580.1743727,0.1363535131942764,,0.0,-0.0468480591601512,-0.1612188198718638,0.1143707607117125,-0.0479809537766477,-0.175805416828723,0.1278244630520753,128.0518035888672,0.067887398600968,0.0028993727828373,10.79877115404584,2.18018602168017,1.89470416699187,4.979
2015_samarco_dam_collapse,BRA_C24A,2015-11,DEU_C24A,DEU,2016-05,6,-0.5611630604084112,-13616482.906930892,97655748.25691693,-52993297.66791693,-0.5426541561946757,-2.8847228438397594,-13616482.906930892,18370325.517088257,-0.5270549567434032,0.034108103665008,-0.7487760730578437,0.0335393192711457,-0.7823153923289894,4532936007.9,4460454713.835,-0.0159899221914183,3939512401.0466256,520942312.7883744,0.1322352260269503,,0.0,-0.0159899221914183,-0.1309137401938071,0.1149238180023888,-0.0161191403033562,-0.1403128953115242,0.1241937550081679,128.0518035888672,0.067887398600968,0.0028993727828373,10.79877115404584,2.18018602168017,1.89470416699187,4.979
2015_samarco_dam_collapse,BRA_C24A,2015-11,DEU_C24A,DEU,2016-06,7,-0.3350073387815628,-6508124.624107125,99555619.49541686,-25328639.401416853,-0.2544169734445063,-1.3787801080528437,-6508124.624107125,18370325.517088257,-0.0182424459131439,0.3167648928684188,-0.0184108907961615,0.2751778864590761,-0.2935887772552377,5158363759.316,4841618386.445,-0.0614042335224921,4201331659.1171274,640286727.3278723,0.1524009003046483,,0.0,-0.0614042335224921,-0.1855301690328592,0.124125935510367,-0.0633703860843546,-0.205217891523997,0.1418475054396424,128.0518035888672,0.067887398600968,0.0028993727828373,10.79877115404584,2.18018602168017,1.89470416699187,4.979
2015_samarco_dam_collapse,BRA_C24A,2015-11,DEU_C24A,DEU,2016-07,8,-1.471482209110702,-28666501.031477027,136938299.07133383,-111565698.17933384,-0.8147150865457814,-6.073147592052973,-28666501.03147703,18370325.517088257,-0.6653511659880399,0.8061310431226623,-1.0946735274198645,0.5911870063442173,-1.6858605337640815,4804295760.352,4355390284.882,-0.0934383513968153,4134113776.8966274,221276507.98537257,0.053524532687506,,0.0,-0.0934383513968153,-0.1394964042360019,0.0460580528391865,-0.0980962437939041,-0.1502374846140739,0.0521412408201698,128.0518035888672,0.067887398600968,0.0028993727828373,10.79877115404584,2.18018602168017,1.89470416699187,4.979
2015_samarco_dam_collapse,BRA_C24A,2015-11,DEU_C24A,DEU,2016-08,9,-2.1456111207121555,-20178756.248760883,134139969.90833384,-78532675.71133384,-0.5854532080557353,-4.274974639849575,-20178756.24876088,18370325.517088257,0.5192609667389267,2.6648720874510823,0.4182240011908611,1.2987934137584496,-0.8805694125675885,4065358944.012,4423172831.639999,0.0880153247365858,3286400478.2181263,1136772353.421873,0.345901955941239,,0.0,0.0880153247365858,-0.1916087795743661,0.2796241043109519,0.084355233550486,-0.2127091538867525,0.2970643874372385,128.0518035888672,0.067887398600968,0.0028993727828373,10.79877115404584,2.18018602168017,1.89470416699187,4.979
2015_samarco_dam_collapse,BRA_C24A,2015-11,DEU_C24A,DEU,2016-09,10,-0.6676203260759923,-6645924.70211944,98249664.5803338,-25864936.520333797,-0.2632572500966183,-1.4079737724992396,-6645924.702119441,18370325.517088257,0.8683794453679787,1.535999771443971,0.6250714363939629,0.9305879308167206,-0.3055164944227577,4768189859.5529995,4761138822.8220005,-0.001478765933968,4112933008.960128,648205813.8618727,0.1576018409368059,,0.0,-0.001478765933968,-0.1374225586424739,0.1359437927085058,-0.0014798603870964,-0.147830346992638,0.1463504866055416,128.0518035888672,0.067887398600968,0.0028993727828373,10.79877115404584,2.18018602168017,1.89470416699187,4.979
2015_samarco_dam_collapse,BRA_C24A,2015-11,DEU_C24A,DEU,2016-10,11,-0.1288487933995623,-942661.152649768,80057629.0243338,-3668695.022333816,-0.0458256766662263,-0.1997076763240346,-942661.1526497682,18370325.517088257,1.682867318029391,1.8117161114289533,0.9868860953500728,1.03379499011551,-0.046908894765437,4673486814.23,4335244663.704999,-0.0723746881012071,3918472947.511125,416771716.1938739,0.1063607486325999,,0.0,-0.0723746881012071,-0.1615525830563983,0.0891778949551911,-0.075127386441494,-0.1762034105043994,0.1010760240629053,128.0518035888672,0.067887398600968,0.0028993727828373,10.79877115404584,2.18018602168017,1.89470416699187,4.979
2015_samarco_dam_collapse,BRA_C24A,2015-11,JPN_C24A,JPN,2015-11,0,-0.1348622890905839,-4813801.412012905,69026859.49099624,-10636903.935996234,-0.1540980426233022,-1.990065788242884,-4813801.412012903,5345001.1546543,-0.2596903090008742,-0.1248280199102903,-0.3006866745335017,-0.1333348614553315,-0.1673518130781701,4123355361.86,3271333226.5160003,-0.2066332053804991,3373837342.878558,-102504116.36255787,-0.0303820563783022,-3.1850168600650814,32183225.667591397,-0.2066332053804991,-0.1817738111816156,-0.0248593941988835,-0.2314696237192244,-0.2006164661006835,-0.0308531576185409,119.8240966796875,0.1363900231317144,0.0018141608068988,10.557800221758049,0.296205514141889,1.68629478626745,3.589
2015_samarco_dam_collapse,BRA_C24A,2015-11,ARG_F,ARG,2015-12,1,-0.1896312683872978,-3190705.829182223,69916093.49402039,-13056409.334020391,-0.1867439766945366,-1.5743638315022377,-3190705.829182223,8293133.437626127,-0.1741700377555653,0.0154612306317324,-0.1913663804363672,0.0153429234731454,-0.2067093039095127,4506539121.38,3425171202.13,-0.2399552938794552,3486668518.0002055,-61497315.8702054,-0.017637844134801,-0.275826805379689,222956270.6407427,-0.2399552938794552,-0.2263090535575974,-0.0136462403218577,-0.2743780235189383,-0.2565827790686441,-0.0177952444502942,95.72689819335938,0.0901860094691751,0.0040689029401199,9.411986043878551,-2.51261532081394,40.2829716315506,7.268
2015_samarco_dam_collapse,BRA_C24A,2015-11,ARG_F,ARG,2016-01,2,-0.1778586741307637,-3515116.592413728,81937180.19402033,-14383902.354020327,-0.175547929767176,-1.7344351760650865,-3515116.5924137286,8293133.437626127,-0.1646956344603306,0.0131630396704331,-0.1799591084824179,0.0130771595100824,-0.1930362679925004,3803288172.55,3875355523.0,0.0189486957549368,2783417569.1702037,1091937953.8297963,0.392301164555531,4.897543140149104,222956270.6407427,0.0189486957549368,-0.2681549641020236,0.2871036598569605,0.0187714053283052,-0.3121864869289368,0.330957892257242,95.72689819335938,0.0901860094691751,0.0040689029401199,9.411986043878551,-2.51261532081394,40.2829716315506,7.268
2015_samarco_dam_collapse,BRA_C24A,2015-11,ARG_F,ARG,2016-02,3,-0.1778816055359836,-2577161.260657441,69280977.76010197,-10545777.060101986,-0.1522174975159655,-1.2716275626599187,-2577161.260657441,8293133.437626127,-0.0092800423856873,0.1686015631502963,-0.0093233700855996,0.1558077863301861,-0.1651311564157858,3871712088.2,4143480606.19,0.0701933697028459,2730398671.794386,1413081934.395614,0.51753685239927,6.337933130719445,222956270.6407427,0.0701933697028459,-0.2947826156505926,0.3649759853534385,0.0678393514775521,-0.3492491769960431,0.4170885284735952,95.72689819335938,0.0901860094691751,0.0040689029401199,9.411986043878551,-2.51261532081394,40.2829716315506,7.268
2015_samarco_dam_collapse,BRA_C24A,2015-11,KOR_C24A,KOR,2015-11,0,-0.367307908897368,-5108543.404792547,47975939.125000015,-17809895.125000015,-0.3712255653525992,-1.719598313197713,-5108543.404792547,10357008.95279507,-0.3778612134670845,-0.0105533045697164,-0.4745920691324521,-0.0106093853774886,-0.4639826837549634,3363426616.0,2514588805.0,-0.2523729243748126,2720397391.2500014,-205808586.25000143,-0.0756538684061279,,0.0,-0.2523729243748126,-0.1911827722629874,-0.0611901521118251,-0.2908509872290636,-0.2121823110652201,-0.0786686761638435,76.6458969116211,0.0965438303383067,0.0013945258089013,10.330978019982323,3.21468019683108,1.05128607800876,3.082
2015_samarco_dam_collapse,BRA_C24A,2015-11,KOR_C24A,KOR,2015-12,1,-0.5793763371828223,-7322341.860881008,43549211.125000015,-25527852.125000015,-0.5861840310201487,-2.4647900027266805,-7322341.860881009,10357008.95279507,-0.5909899149622763,-0.0116135777794539,-0.8940154326555323,-0.0116815418255242,-0.882333890830008,3627083790.0,2733972332.0,-0.2462340297906379,2876956603.7499995,-142984271.74999952,-0.049699836126699,,0.0,-0.2462340297906379,-0.2068127536281704,-0.0394212761624675,-0.2826733434010222,-0.2316959610980724,-0.0509773823029497,76.6458969116211,0.0965438303383067,0.0013945258089013,10.330978019982323,3.21468019683108,1.05128607800876,3.082
2015_samarco_dam_collapse,BRA_C24A,2015-11,KOR_C24A,KOR,2016-01,2,-0.4129953333842406,-5781912.765695608,48296256.125000015,-20157460.125000015,-0.4173710706028356,-1.9462626919483423,-5781912.765695608,10357008.95279507,-0.4234793787021752,-0.0104840453179346,-0.5507441550489922,-0.0105393898685335,-0.5402047651804587,3082108523.0,2369144927.0,-0.2313233264434277,2569968435.7500014,-200823508.75000143,-0.0781424028234784,,0.0,-0.2313233264434277,-0.1661654946372563,-0.0651578318061714,-0.2630848483045618,-0.1817203310663799,-0.0813645172381818,76.6458969116211,0.0965438303383067,0.0013945258089013,10.330978019982323,3.21468019683108,1.05128607800876,3.082
2015_samarco_dam_collapse,BRA_C24A,2015-11,TUR_F,TUR,2015-11,0,-1.3459909841524849,-15088398.619152002,67405084.62681726,-44530897.626817256,-0.6606459716408477,-3.6626771074559854,-15088398.619152002,12158018.935430383,-0.3086047865049849,1.0373861976474998,-0.3690436609444276,0.7116676952673302,-1.0807113562117578,13782563867.0,12311852097.0,-0.106708141111638,12790311368.749992,-478459271.7499924,-0.0374079455891113,,0.0,-0.106708141111638,-0.0719933176312563,-0.0347148234803817,-0.1128419218319294,-0.074716345387845,-0.0381255764440844,69.00029754638672,0.0854986950985265,0.0008409166059076,9.410042199099736,4.60079447270559,7.63768275587947,9.901
2015_samarco_dam_collapse,BRA_C24A,2015-11,TUR_F,TUR,2015-12,1,-0.0722098878893421,-1019590.8145624864,61462404.61656025,-3009152.6165602505,-0.0489592399668247,-0.2475035310062814,-1019590.8145624868,12158018.935430383,0.4026881689079513,0.4748980567972934,0.3383905093053805,0.3885888656409229,-0.0501983563355423,14217738811.0,12358416421.0,-0.1307748309851829,12415628621.249992,-57212200.24999237,-0.0046080792197723,,0.0,-0.1307748309851829,-0.1267508296295152,-0.0040240013556676,-0.1401530744797305,-0.13553434533355,-0.0046187291461805,69.00029754638672,0.0854986950985265,0.0008409166059076,9.410042199099736,4.60079447270559,7.63768275587947,9.901
2015_samarco_dam_collapse,BRA_C24A,2015-11,IDN_F,IDN,2016-01,2,-0.3832847926088818,-2952306.412221023,22943024.700000934,-8135270.700000934,-0.3545857970505782,-2.8512617367425377,-2952306.4122210233,2853217.786065191,-0.3023481172061442,0.0809366754027376,-0.3600350154636835,0.077827953767553,-0.4378629692312366,13244876941.0,10581882857.978,-0.2010584239388894,10912219819.463766,-330336961.48576546,-0.0302722055595465,-1.4190039663456568,232794952.88267457,-0.2010584239388894,-0.1761176892716465,-0.0249407346672429,-0.224467457195626,-0.1937275860432201,-0.0307398711524058,57.197898864746094,0.083959698285575,0.0008939926583442,8.14382775712207,5.006668425755,5.44317454935612,4.049
2015_samarco_dam_collapse,BRA_C24A,2015-11,IDN_F,IDN,2016-02,3,-0.6395389088039443,-1819134.9635521772,20629863.700000934,-5012743.700000934,-0.2429848191387084,-1.7568738441498002,-1819134.9635521772,2853217.786065191,0.9924728813600407,1.632011790163985,0.6893764576804777,0.967748413889442,-0.2783719562089644,12172798770.0,11316716838.513,-0.070327452844848,10211703676.747835,1105013161.7651634,0.1082104609323212,4.746723019901874,232794952.88267457,-0.070327452844848,-0.1611046999384647,0.0907772470936167,-0.0729228546634921,-0.1756693716312547,0.1027465169677626,57.197898864746094,0.083959698285575,0.0008939926583442,8.14382775712207,5.006668425755,5.44317454935612,4.049
2015_samarco_dam_collapse,BRA_C24A,2015-11,IDN_F,IDN,2016-03,4,-0.999439471080645,-11919066.300983386,40466006.799999066,-32843755.799999066,-0.8116381723140477,-11.511128228768388,-11919066.300983386,2853217.786065191,-0.7680539779228254,0.2313854931578196,-1.4612504970819111,0.2081399469359333,-1.6693904440178446,13634332964.0,11812127477.932,-0.133648304679029,11467122307.963753,345005169.96824646,0.0300864646510873,1.482013100782835,232794952.88267457,-0.133648304679029,-0.1589524520017617,0.0253041473227326,-0.1434643381612943,-0.1731070831401915,0.0296427449788971,57.197898864746094,0.083959698285575,0.0008939926583442,8.14382775712207,5.006668425755,5.44317454935612,4.049
2015_samarco_dam_collapse,BRA_C24A,2015-11,IDN_F,IDN,2016-04,5,-1.2687095084974347,-7631738.727298789,21628520.20000093,-21029748.20000093,-0.9723156279549826,-7.370537329014266,-7631738.727298791,2853217.786065191,-0.9638765180354374,0.3048329904619974,-3.3208105454205885,0.2660750418334423,-3.586885587254031,13103678987.0,11689745831.026,-0.1079035252143117,10751714295.463762,938031535.5622368,0.0872448346174898,4.029432442356222,232794952.88267457,-0.1079035252143117,-0.1794888820055492,0.0715853567912375,-0.1141809966519531,-0.1978278182596398,0.0836468216076866,57.197898864746094,0.083959698285575,0.0008939926583442,8.14382775712207,5.006668425755,5.44317454935612,4.049
2015_samarco_dam_collapse,BRA_C24A,2015-11,NLD_C25,NLD,2015-11,0,-1.0809136797185408,-17878106.339646216,55179118.50095958,-47965345.65695958,-0.8692662543372353,-2.6660715561922235,-17878106.339646213,17991019.612941433,-0.8374354308790362,0.2434782488395045,-1.8166798916092264,0.2179124878096274,-2.0345923794188536,980599629.272,978194496.281,-0.0024527166023767,724456137.3212001,253738358.9597999,0.3502466828399586,5.375186370623648,47205499.76583608,-0.0024527166023767,-0.2612110838150749,0.2587583672126982,-0.0024557294366651,-0.3027430328658163,0.3002873034291511,56.64540100097656,0.0744489562239427,0.0046482603089876,10.886655758434287,1.61261001294011,0.344078059275915,7.419
2015_samarco_dam_collapse,BRA_C24A,2015-11,NLD_C25,NLD,2015-12,1,-1.333258146191173,-19090918.991616227,54972435.59345957,-51219212.53545957,-0.9317253634938718,-2.846932171571654,-19090918.991616227,17991019.612941433,-0.9023019884757753,0.4309561577153977,-2.3258738326071704,0.3583428547500347,-2.684216687357205,855031727.4319999,717073774.7260001,-0.1613483433186069,598888235.4812,118185539.24480008,0.1973415609839778,2.5036391910066,47205499.76583608,-0.1613483433186069,-0.2995719149745479,0.138223571655941,-0.1759598472037851,-0.3560635803226795,0.1801037331188943,56.64540100097656,0.0744489562239427,0.0046482603089876,10.886655758434287,1.61261001294011,0.344078059275915,7.419
2015_samarco_dam_collapse,BRA_C24A,2015-11,NLD_C25,NLD,2016-01,2,-0.5990887331062377,-10386775.179624831,65195317.48345956,-27866780.311459564,-0.4274353034407652,-1.5489272376432863,-10386775.179624831,17991019.612941433,-0.1974994673537411,0.4015892657524965,-0.2200227549536855,0.3376067764438808,-0.5576295313975663,748916405.9949999,708550973.784,-0.0538984483286501,484234234.1418008,224316739.64219928,0.4632401507913863,4.7519196016338645,47205499.76583608,-0.0538984483286501,-0.3534201811236143,0.2995217327949642,-0.0554053671258287,-0.4360586245887887,0.3806532574629599,56.64540100097656,0.0744489562239427,0.0046482603089876,10.886655758434287,1.61261001294011,0.344078059275915,7.419
2015_samarco_dam_collapse,BRA_C24A,2015-11,NLD_C25,NLD,2016-02,3,-0.8566884071167824,-3197913.5617086873,38170195.54795957,-8579713.446959578,-0.2247752028458815,-0.4768886717675498,-3197913.5617086864,17991019.612941433,1.9546235003811976,2.81131190749798,1.083371165646259,1.3379733888943406,-0.2546022232480815,732226876.62,775329967.699,0.0588657593094182,485049801.9468,290280165.7522,0.5984543537326045,6.1492869939337815,47205499.76583608,0.0588657593094182,-0.3375689729038397,0.396434732213258,0.0571982967609194,-0.4118388358891707,0.4690371326500901,56.64540100097656,0.0744489562239427,0.0046482603089876,10.886655758434287,1.61261001294011,0.344078059275915,7.419
2015_samarco_dam_collapse,BRA_C24A,2015-11,NLD_C25,NLD,2016-03,4,-1.2424949148121982,-19058096.15745966,53889267.62395957,-51131151.83395957,-0.948818829581315,-2.8420374683589102,-19058096.157459658,17991019.612941433,-0.9329773587994518,0.3095175560127463,-2.7027244500435703,0.2696587857856691,-2.9723832358292395,785051314.674,835520802.8399999,0.0642881391606328,545040044.0528003,290480758.7871996,0.53295305905828,6.153536351233136,47205499.76583608,0.0642881391606328,-0.3057268564932812,0.370014995653914,0.0623061616625797,-0.3648898168061834,0.4271959784687631,56.64540100097656,0.0744489562239427,0.0046482603089876,10.886655758434287,1.61261001294011,0.344078059275915,7.419
2015_samarco_dam_collapse,BRA_C24A,2015-11,NLD_C25,NLD,2016-04,5,-0.9680070468838922,-15853964.245657863,55134554.397959575,-42534755.114959575,-0.7714718216083688,-2.36422148549953,-15853964.245657863,17991019.612941433,-0.7132534450403594,0.2547536018435328,-1.2491564805266897,0.2269392154948804,-1.47609569602157,771335890.2969999,869414130.7499999,0.1271537363770734,548735219.5798002,320678911.17019963,0.5843964442737298,6.793253175179468,47205499.76583608,0.1271537363770734,-0.2885910969752596,0.415744833352333,0.1196956376552051,-0.3405079042257632,0.4602035418809684,56.64540100097656,0.0744489562239427,0.0046482603089876,10.886655758434287,1.61261001294011,0.344078059275915,7.419
2015_samarco_dam_collapse,BRA_C24A,2015-11,NLD_C25,NLD,2016-05,6,-0.5877754088866641,-10676407.558418846,57474265.89795959,-28643837.841959585,-0.498376749914721,-1.5921186490928667,-10676407.558418844,17991019.612941433,-0.4083957348002618,0.1793796740864023,-0.5249173244054006,0.164988597201102,-0.6899059216065027,763799363.8650001,844345685.0080001,0.1054548156932432,531955010.28980047,312390674.7181997,0.5872501784465086,6.617675403667379,47205499.76583608,0.1054548156932432,-0.3035409094896518,0.408995725182895,0.1002568480740748,-0.361746222723788,0.4620030707978628,56.64540100097656,0.0744489562239427,0.0046482603089876,10.886655758434287,1.61261001294011,0.344078059275915,7.419
2015_samarco_dam_collapse,BRA_C24A,2015-11,NLD_C25,NLD,2016-06,7,-0.938897329390674,-12534607.745333305,70156046.55295958,-33629221.224959575,-0.4793488641007367,-1.8692226426549583,-12534607.745333305,17991019.612941433,0.0197958056229133,0.9586931350135872,0.0196024161476486,0.6722774693385176,-0.6526750531908689,935722105.055,966133050.531,0.0324999754860045,649826447.7038008,316306602.8271992,0.4867555082512982,6.700630316303081,47205499.76583608,0.0324999754860045,-0.3055347905181685,0.3380347660041731,0.0319830220770427,-0.3646132119109389,0.3965962339879816,56.64540100097656,0.0744489562239427,0.0046482603089876,10.886655758434287,1.61261001294011,0.344078059275915,7.419
2015_samarco_dam_collapse,BRA_C24A,2015-11,NLD_C25,NLD,2016-07,8,-0.5421844906335318,-6669461.238007468,53395802.69354051,-17893562.525540516,-0.3351117807562272,-0.9945830147763935,-6669461.238007468,17991019.612941433,0.07573681732531,0.6179213079588419,0.0730058361245724,0.481142170503368,-0.4081363343787956,838370244.7969999,938097184.379,0.1189533385767377,609965656.7133003,328131527.6656996,0.5379508240411147,6.951129196669949,47205499.76583608,0.1189533385767377,-0.2724388055291784,0.3913921441059161,0.1123937291170484,-0.3180571669163115,0.4304508960333599,56.64540100097656,0.0744489562239427,0.0046482603089876,10.886655758434287,1.61261001294011,0.344078059275915,7.419
2015_samarco_dam_collapse,BRA_C24A,2015-11,NLD_C25,NLD,2016-08,9,-1.0157774609627637,-6520921.330038547,68197319.64445956,-17495043.359459564,-0.2565356446656314,-0.97243200973862,-6520921.330038545,17991019.612941433,1.943818338235932,2.959595799198696,1.0797074548626109,1.3761419057498436,-0.2964344508872329,712163985.0219998,806860169.5510001,0.1329696341300872,406198191.4093003,400661978.1416998,0.9863706599766172,8.487612251309537,47205499.76583608,0.1329696341300872,-0.4296282879332177,0.5625979220633051,0.1248421802245438,-0.5614670032049531,0.686309183429497,56.64540100097656,0.0744489562239427,0.0046482603089876,10.886655758434287,1.61261001294011,0.344078059275915,7.419
2015_samarco_dam_collapse,BRA_C24A,2015-11,NLD_C25,NLD,2016-09,10,-2.831657772307298,-5406085.139356035,51501237.99237867,-14504038.483378664,-0.2816250453149305,-0.8061821283850701,-5406085.139356035,17991019.612941433,6.223050853272375,9.054708625579671,1.9772772513047752,2.3080408689267156,-0.3307636176219404,840809929.779,938614423.257,0.1163217631167926,574924241.8048004,363690181.4521996,0.6325880090053334,7.704402733924918,47205499.76583608,0.1163217631167926,-0.3162256754556711,0.4325474385724637,0.1100391404844955,-0.3801273501267523,0.4901664906112479,56.64540100097656,0.0744489562239427,0.0046482603089876,10.886655758434287,1.61261001294011,0.344078059275915,7.419
2015_samarco_dam_collapse,BRA_C24A,2015-11,NLD_C25,NLD,2016-10,11,-0.4175286706059017,-6697710.621036903,54787583.96945958,-17969353.070459574,-0.3279822136430818,-0.998795702358844,-6697710.621036903,17991019.612941433,-0.1445063747680348,0.2730222958378668,-0.1560766332642309,0.2413938288438437,-0.3974704621080747,884260703.364,850657734.724,-0.038001200903946,615293052.3178003,235364682.4061997,0.3825245247278256,4.985958915247829,47205499.76583608,-0.038001200903946,-0.3041723442226528,0.2661711433187068,-0.0387420766134383,-0.3626532698260654,0.323911193212627,56.64540100097656,0.0744489562239427,0.0046482603089876,10.886655758434287,1.61261001294011,0.344078059275915,7.419
2015_tianjin_explosion,CHN_C20,2015-08,USA_C20,USA,2015-08,0,-0.219156960168351,-82494372.43166763,1353017372.7919853,-256517992.79198527,-0.1895895780426336,-6.624614145569123,-82494372.43166763,38721952.276051804,-0.0632022793732472,0.1559546807951038,-0.0652878997921639,0.1449265659020042,-0.2102144656941682,13881932078.0,12645621632.0,-0.0890589608891184,13359591790.749998,-713970158.7499981,-0.0534425130597434,,0.0,-0.0890589608891184,-0.0376273478587179,-0.0514316130304004,-0.0932771048734295,-0.0383535310346516,-0.0549235738387778,2249.6416015625,0.1519282749149622,0.0071244077798807,10.914623278788484,2.52381981363968,1.63535305156384,6.168
2015_tianjin_explosion,CHN_C20,2015-08,USA_C20,USA,2015-09,1,-0.2096882406110666,-90019577.16530812,1379892033.7919853,-279917775.7919853,-0.2028548385939751,-7.228916915046786,-90019577.16530812,38721952.276051804,-0.1760020733771219,0.0336861672339446,-0.1935872651501959,0.0331312166789388,-0.2267184818291348,13224263619.0,12056349754.0,-0.0883159848176344,12634172940.250002,-577823186.2500019,-0.0457349435521157,,0.0,-0.0883159848176344,-0.0446218175734324,-0.0436941672442019,-0.0924618235174037,-0.0456480143452786,-0.046813809172125,2249.6416015625,0.1519282749149622,0.0071244077798807,10.914623278788484,2.52381981363968,1.63535305156384,6.168
2015_tianjin_explosion,CHN_C20,2015-08,USA_C20,USA,2015-10,2,-0.3182798408950011,-133100666.06149323,1387884034.291985,-413879331.29198503,-0.2982088712499106,-10.688493398819542,-133100666.06149323,38721952.276051804,-0.2509747685778524,0.0673050723171487,-0.2889826089626872,0.0651368473535392,-0.3541194563162264,13980063294.0,12053396859.0,-0.1378152869899302,13350519431.249992,-1297122572.2499924,-0.0971589591648228,,0.0,-0.1378152869899302,-0.0450315459601815,-0.0927837410297487,-0.1482857470281793,-0.0460769714626536,-0.1022087755655256,2249.6416015625,0.1519282749149622,0.0071244077798807,10.914623278788484,2.52381981363968,1.63535305156384,6.168
2015_tianjin_explosion,CHN_C20,2015-08,USA_C20,USA,2015-11,3,-0.2464028116223615,-83591268.66613302,1193503651.7919855,-259928814.7919855,-0.2177863590125723,-6.712699115450915,-83591268.66613302,38721952.276051804,-0.1150059108268566,0.1313969007955048,-0.1221743127737262,0.1234530645480092,-0.2456273773217354,12609080652.0,11198945477.0,-0.1118348921637145,12344491377.74999,-1145545900.7499905,-0.0927981449940294,,0.0,-0.1118348921637145,-0.0209840258423631,-0.0908508663213514,-0.1185976210151693,-0.0212073197723832,-0.0973903012427861,2249.6416015625,0.1519282749149622,0.0071244077798807,10.914623278788484,2.52381981363968,1.63535305156384,6.168
2015_tianjin_explosion,CHN_C20,2015-08,USA_C20,USA,2015-12,4,-0.2304001833604706,-87099947.04553838,1298048050.2919848,-270839124.2919848,-0.208651077462858,-6.994459431207178,-87099947.04553838,38721952.276051804,-0.126163453974378,0.1042367293860926,-0.1348619389711984,0.0991543535797845,-0.234016292550983,12974114416.0,11403689042.0,-0.121042972463948,12309619993.249996,-905930951.2499962,-0.0735953629557017,,0.0,-0.121042972463948,-0.0512169387014602,-0.0698260337624878,-0.1290192703812245,-0.0525751036567996,-0.0764441667244248,2249.6416015625,0.1519282749149622,0.0071244077798807,10.914623278788484,2.52381981363968,1.63535305156384,6.168
2015_tianjin_explosion,CHN_C20,2015-08,USA_C20,USA,2016-01,5,-0.2423747179434473,-90243403.59216776,1385010820.7919853,-280613768.7919853,-0.2026076364020917,-7.246891034611786,-90243403.59216776,38721952.276051804,-0.0460983966381909,0.1962763213052563,-0.0471947539416994,0.1792136665822354,-0.2264084205239349,12066199000.0,11048477327.0,-0.0843448440556964,11931024254.249992,-882546927.2499924,-0.0739707596299301,,0.0,-0.0843448440556964,-0.0112027611802198,-0.0731420828754765,-0.0881154524916922,-0.0112659847373954,-0.0768494677542968,2249.6416015625,0.1519282749149622,0.0071244077798807,10.914623278788484,2.52381981363968,1.63535305156384,6.168
2015_tianjin_explosion,CHN_C20,2015-08,USA_C20,USA,2016-02,6,-0.1587954007870765,-50199660.69118148,1167743937.7919853,-156096904.79198527,-0.1336739157791212,-4.031225070449917,-50199660.69118148,38721952.276051804,0.0291356915396059,0.1879310923266824,0.0287193155148024,0.1722132160052538,-0.1434939004904514,12027942589.0,11397226378.0,-0.0524375807693672,11446105198.749992,-48878820.74999237,-0.0042703452310861,,0.0,-0.0524375807693672,-0.0483738084002927,-0.0040637723690744,-0.0538624663748308,-0.0495829771787121,-0.0042794891961186,2249.6416015625,0.1519282749149622,0.0071244077798807,10.914623278788484,2.52381981363968,1.63535305156384,6.168
2015_tianjin_explosion,CHN_C20,2015-08,USA_C20,USA,2016-03,7,-0.3558370367970587,-168375306.2741891,1477147595.7919855,-523566569.7919855,-0.3544443163861839,-13.521182146484731,-168375306.2741891,38721952.276051804,-0.3519077301429852,0.0039293066540734,-0.4337222006429151,0.0039216070887277,-0.4376438077316429,13532814344.0,12121291158.0,-0.1043037427485157,13182800942.249992,-1061509784.2499924,-0.0805223251796152,,0.0,-0.1043037427485157,-0.0258640511022152,-0.0784396916463004,-0.1101539220748719,-0.0262044071539264,-0.0839495149209454,2249.6416015625,0.1519282749149622,0.0071244077798807,10.914623278788484,2.52381981363968,1.63535305156384,6.168
2015_tianjin_explosion,CHN_C20,2015-08,USA_C20,USA,2016-04,8,-0.2802767299208979,-113855348.88677645,1396715053.2080152,-354035611.2080152,-0.2534773362647278,-9.143020700094556,-113855348.88677645,38721952.276051804,-0.1745497483647191,0.1057269815561788,-0.191826281794718,0.1005030204322601,-0.2923293022269781,13063640092.0,11894127647.0,-0.0895242395506742,12881572898.749994,-987445251.7499944,-0.0766556428715172,,0.0,-0.0895242395506742,-0.0139369419218385,-0.0755872976288356,-0.0937880024025936,-0.0140349729972228,-0.0797530294053707,2249.6416015625,0.1519282749149622,0.0071244077798807,10.914623278788484,2.52381981363968,1.63535305156384,6.168
2015_tianjin_explosion,CHN_C20,2015-08,USA_C20,USA,2016-05,9,-0.2292054922903567,-94303975.474642,1436359134.7919853,-293240202.7919853,-0.204155211387612,-7.572970512991006,-94303975.474642,38721952.276051804,-0.1065033543802749,0.1227021379100817,-0.1126126984994151,0.1157384026530259,-0.228351101152441,13395353857.0,11964794616.0,-0.1067951810957523,12961749938.749994,-996955322.7499944,-0.0769151794673596,,0.0,-0.1067951810957523,-0.032369724822418,-0.0744254562733343,-0.1129393639207236,-0.0329052117940449,-0.0800341521266787,2249.6416015625,0.1519282749149622,0.0071244077798807,10.914623278788484,2.52381981363968,1.63535305156384,6.168
2015_tianjin_explosion,CHN_C20,2015-08,USA_C20,USA,2016-06,10,-0.2773679113975258,-101926838.0111884,1327272725.7919846,-316943654.79198456,-0.2387931648357077,-8.185115578173038,-101926838.0111884,38721952.276051804,-0.1158274980094045,0.1615404133881212,-0.1231030972683804,0.1497470666365927,-0.2728501639049732,13040181767.0,11845274913.0,-0.0916326839111919,12784269819.249996,-938994906.2499962,-0.0734492403184496,,0.0,-0.0916326839111919,-0.0196248758125154,-0.0720078080986764,-0.0961064490371228,-0.0198200007743274,-0.0762864482627954,2249.6416015625,0.1519282749149622,0.0071244077798807,10.914623278788484,2.52381981363968,1.63535305156384,6.168
2015_tianjin_explosion,CHN_C20,2015-08,USA_C20,USA,2016-07,11,-0.3017139075185209,-104555362.56097104,1339059383.3759558,-325117107.3759558,-0.2427951377005328,-8.396196169505368,-104555362.56097104,38721952.276051804,-0.0590452512348875,0.2426686562836333,-0.0608602289484636,0.2172612090593446,-0.2781214380078083,13134274592.0,11649561352.0,-0.1130411298774223,12852261668.749994,-1202700316.7499945,-0.0935788850046785,,0.0,-0.1130411298774223,-0.0214715263697759,-0.0915696035076464,-0.1199566673855585,-0.0217053933033,-0.0982512740822585,2249.6416015625,0.1519282749149622,0.0071244077798807,10.914623278788484,2.52381981363968,1.63535305156384,6.168
2015_tianjin_explosion,CHN_C20,2015-08,KOR_C20,KOR,2015-08,0,-0.0421067794870111,-10578119.40246154,616214063.8749993,-26107471.874999285,-0.0423675365518682,,-10578119.40246154,0.0,-0.0482614225481636,-0.0061546430611525,-0.0494648853364161,-0.0061736609391331,-0.0432912243972829,5712794726.0,4523437890.0,-0.2081917683103532,5033090812.624999,-509652922.62499905,-0.1012604265646441,,0.0,-0.2081917683103532,-0.1189792292521103,-0.0892125390582428,-0.2334360481452932,-0.1266740769689178,-0.1067619711763754,2150.50927734375,0.1140992080672865,0.0241697855393427,10.330978019982323,3.21468019683108,1.05128607800876,3.082
2015_tianjin_explosion,CHN_C20,2015-08,KOR_C20,KOR,2015-09,1,-0.1169172732473592,-32176758.367729433,661229956.375,-79414287.375,-0.1201008614466979,,-32176758.367729433,0.0,-0.1434248949329171,-0.0265076216855578,-0.1548132764713266,-0.0268652833186955,-0.127947993152631,5617217793.0,4623768303.0,-0.1768579262207004,4864429439.625001,-240661136.62500095,-0.0494736617340169,,0.0,-0.1768579262207004,-0.134014450056236,-0.0428434761644644,-0.19462646402906,-0.143887056508543,-0.0507394075205169,2150.50927734375,0.1140992080672865,0.0241697855393427,10.330978019982323,3.21468019683108,1.05128607800876,3.082
2015_tianjin_explosion,CHN_C20,2015-08,KOR_C20,KOR,2015-10,2,-0.0356140368325256,-10135385.073263124,686149789.375,-25014775.375,-0.036456726741526,,-10135385.073263127,0.0,-0.0587288357823852,-0.0231147989498595,-0.0605240148074344,-0.0233861352934994,-0.0371378795139349,5945783262.0,4563858538.0,-0.232420971822501,5203139274.125,-639280736.125,-0.1228644290388529,,0.0,-0.232420971822501,-0.1249026335388476,-0.1075183382836533,-0.2645138364612833,-0.1334201228356235,-0.1310937136256598,2150.50927734375,0.1140992080672865,0.0241697855393427,10.330978019982323,3.21468019683108,1.05128607800876,3.082
2015_tianjin_explosion,CHN_C20,2015-08,KOR_C20,KOR,2015-11,3,-0.1738687490091914,-47134614.5608288,686931495.3749998,-116331228.37499976,-0.1693490969015678,,-47134614.5608288,0.0,-0.1471803745784112,0.0266883744307801,-0.1592072126534098,0.0263384519810756,-0.1855456646344855,5188953648.0,4265900504.0,-0.1778881074329458,4706943527.124996,-441043023.1249962,-0.0937005129939142,,0.0,-0.1778881074329458,-0.0928915834622625,-0.0849965239706832,-0.1958787708037164,-0.0974933028730973,-0.098385467930619,2150.50927734375,0.1140992080672865,0.0241697855393427,10.330978019982323,3.21468019683108,1.05128607800876,3.082
2015_tianjin_explosion,CHN_C20,2015-08,KOR_C20,KOR,2015-12,4,-0.0867658106213454,-24223051.589994375,697117186.8749999,-59784032.87499988,-0.0857589426865181,,-24223051.589994375,0.0,-0.0750251349170314,0.0117406757043139,-0.0779887146044622,0.0116722887069329,-0.0896610033113951,5458414688.0,4751033617.0,-0.1295946005266209,4985552707.624999,-234519090.62499905,-0.0470397374931612,,0.0,-0.1295946005266209,-0.086629911321058,-0.0429646892055628,-0.1387961994333402,-0.0906141259813537,-0.0481820734519864,2150.50927734375,0.1140992080672865,0.0241697855393427,10.330978019982323,3.21468019683108,1.05128607800876,3.082
2015_tianjin_explosion,CHN_C20,2015-08,KOR_C20,KOR,2016-01,5,-0.17674818560713,-48437413.62488424,698269078.375,-119546619.375,-0.1712042292538671,,-48437413.62488423,0.0,-0.1443660629374723,0.0323821226696576,-0.1559126376750903,0.0318688723832387,-0.1877815100583291,4791093954.0,4007396486.0,-0.1635738049648775,4544742572.124997,-537346086.1249971,-0.1182346585306698,,0.0,-0.1635738049648775,-0.0514186079922996,-0.1121551969725779,-0.1786169930882586,-0.0527876819882422,-0.1258293111000163,2150.50927734375,0.1140992080672865,0.0241697855393427,10.330978019982323,3.21468019683108,1.05128607800876,3.082
2015_tianjin_explosion,CHN_C20,2015-08,KOR_C20,KOR,2016-02,6,-0.1657898740700784,-42161656.893965855,612009038.3749998,-104057652.37499976,-0.1700263327013806,,-42161656.893965855,0.0,-0.1907063594402756,-0.0249164853701972,-0.2115934600875704,-0.0252321555812784,-0.1863613045062919,4263844171.0,4076925647.0,-0.0438380289015491,4221331876.124999,-144406229.12499905,-0.0342086889547186,,0.0,-0.0438380289015491,-0.0099704147642502,-0.0338676141372988,-0.0448279544357177,-0.0100204522211448,-0.0348075022145728,2150.50927734375,0.1140992080672865,0.0241697855393427,10.330978019982323,3.21468019683108,1.05128607800876,3.082
2015_tianjin_explosion,CHN_C20,2015-08,DEU_C20,DEU,2015-08,0,-0.0073019734982363,-984096.11331862,365991363.1133749,-2573625.101374924,-0.0070319285118695,,-984096.11331862,0.0,0.0311007187235448,0.0384026922217812,0.0306268905013702,0.0376836595229015,-0.0070567690215312,10427099516.563,8607535011.425,-0.174503417968506,8908495864.200636,-300960852.7756367,-0.0337835766400327,-0.7621980881947262,394859102.1639341,-0.174503417968506,-0.1456400842775239,-0.0288633336909821,-0.1917701560929963,-0.1574027269792282,-0.0343674291137681,956.1583251953124,0.0432330134874578,0.0110373368347061,10.79877115404584,2.18018602168017,1.89470416699187,4.979
2015_tianjin_explosion,CHN_C20,2015-08,DEU_C20,DEU,2015-09,1,-0.004713521371301,-661279.5162323993,360751037.5868752,-1729389.5778752563,-0.0047938589156761,,-661279.5162323992,0.0,-0.0214719503923002,-0.0167584290209991,-0.0217058265719707,-0.0169004402727637,-0.004805386299207,11252227845.491,9402755555.973,-0.1643649875308134,8706365330.520613,696390225.4523869,0.0799863317257265,1.7636423261765553,394859102.1639341,-0.1643649875308134,-0.226254084962434,0.0618890974316206,-0.1795633491677435,-0.2565117344057661,0.0769483852380226,956.1583251953124,0.0432330134874578,0.0110373368347061,10.79877115404584,2.18018602168017,1.89470416699187,4.979
2015_tianjin_explosion,CHN_C20,2015-08,VNM_A01,VNM,2016-01,5,-0.7146326831280307,-69693470.11819652,549774487.761602,-233521205.958602,-0.4247581711355502,,-69693470.11819652,0.0,-0.0321866898760849,0.6824459932519459,-0.0327160716461811,0.5202486816729284,-0.5529647533191095,908913587.78,1066074456.0599998,0.1729106819316691,1767686897.4928029,-701612441.432803,-0.3969099066287895,,0.0,0.1729106819316691,0.9448349339900798,-0.7719242520584106,0.1594884216241787,0.6651771060913632,-0.5056886844671844,851.9566040039062,0.2854476321679171,0.015842959629737,7.8428224822655555,6.42224312118567,3.69813796808818,1.256
2015_tianjin_explosion,CHN_C20,2015-08,VNM_A01,VNM,2016-02,6,-0.7300361277357125,-41187291.70240454,318049158.34733796,-138005842.04233795,-0.4339135583928296,,-41187291.70240454,0.0,-0.0475901344837619,0.6824459932519505,-0.0487598055738764,0.5202486807685247,-0.5690084863424012,603959241.05,730886712.4950001,0.2101590021610286,1174601030.7001748,-443714318.2051747,-0.3777574739064194,,0.0,0.2101590021610286,0.9448349339900788,-0.7346759318290502,0.1907517574326505,0.6651771058214813,-0.4744253483888307,851.9566040039062,0.2854476321679171,0.015842959629737,7.8428224822655555,6.42224312118567,3.69813796808818,1.256
2015_tianjin_explosion,CHN_C20,2015-08,VNM_A01,VNM,2016-03,7,-0.5699210818818335,-52141531.54972113,515756166.5312418,-174710102.7882418,-0.3387455431958636,,-52141531.54972113,0.0,0.1125249113701087,0.6824459932519423,0.1066321267204095,0.520248681591049,-0.4136165548706394,1092134993.9120002,1193945137.3850002,0.0932212080379538,2124022288.7931051,-930077151.4081048,-0.4378848359150628,,0.0,0.0932212080379538,0.9448349339900836,-0.8516137259521297,0.0891285747670593,0.6651771061810372,-0.5760485314139778,851.9566040039062,0.2854476321679171,0.015842959629737,7.8428224822655555,6.42224312118567,3.69813796808818,1.256
2015_tianjin_explosion,CHN_C20,2015-08,VNM_A01,VNM,2016-04,8,-0.7213414316920357,-68457369.23112555,535001125.81611335,-229379415.20911336,-0.4287456682623018,,-68457369.23112555,0.0,-0.0388954384400945,0.6824459932519412,-0.039672070850333,0.5202486816386447,-0.5599207524889778,1051163423.411,1249656888.5949998,0.1888321651640935,2044339347.182319,-794682458.5873191,-0.3887233593007039,,0.0,0.1888321651640935,0.9448349339900804,-0.7560027688259869,0.172971451298082,0.6651771061636964,-0.4922056548656144,851.9566040039062,0.2854476321679171,0.015842959629737,7.8428224822655555,6.42224312118567,3.69813796808818,1.256
2015_tianjin_explosion,CHN_C20,2015-08,VNM_A01,VNM,2016-05,9,-0.754747013251248,-82260079.94635768,614416814.1346874,-275628018.5036874,-0.4486010346117683,,-82260079.94635767,0.0,-0.0723010199993004,0.6824459932519475,-0.0750479736027216,0.5202486818035226,-0.5952966554062442,1039972909.652,1117789043.665,0.0748251548581578,2022575645.0945165,-904786601.4295164,-0.4473437636925738,,0.0,0.0748251548581578,0.9448349339900772,-0.8700097791319195,0.0721580016407124,0.6651771061587262,-0.5930191045180138,851.9566040039062,0.2854476321679171,0.015842959629737,7.8428224822655555,6.42224312118567,3.69813796808818,1.256
2015_tianjin_explosion,CHN_C20,2015-08,VNM_A01,VNM,2016-06,10,-0.7211297689757451,-72422438.30827345,566154660.0284083,-242665132.0924083,-0.4286198617180541,,-72422438.30827343,0.0,-0.0386837757237949,0.6824459932519501,-0.0394518665003502,0.5202486817088428,-0.559700548209193,1087180571.4270003,1060449022.275,-0.0245879570096742,2114386754.8665297,-1053937732.5915294,-0.4984602415644905,,0.0,-0.0245879570096742,0.9448349339900818,-0.969422890999756,-0.0248952890395877,0.6651771061790122,-0.6900723952185999,851.9566040039062,0.2854476321679171,0.015842959629737,7.8428224822655555,6.42224312118567,3.69813796808818,1.256
2015_tianjin_explosion,CHN_C20,2015-08,VNM_A01,VNM,2016-07,11,-0.6400273915126253,-60081346.33578967,529195890.34811455,-201313959.94711453,-0.3804148210876819,,-60081346.33578967,0.0,0.0424186017393181,0.6824459932519436,0.0415435916466933,0.5202486816246541,-0.4787050899779608,1047364640.112,1061938772.05,0.013915050575358,2036951340.715762,-975012568.665762,-0.4786626706179213,,0.0,0.013915050575358,0.9448349339900772,-0.930919883414719,0.0138191250935371,0.6651771061620195,-0.6513579810684824,851.9566040039062,0.2854476321679171,0.015842959629737,7.8428224822655555,6.42224312118567,3.69813796808818,1.256
2015_tianjin_explosion,CHN_C20,2015-08,THA_C20,THA,2015-08,0,-0.1326624282155987,-13650606.121728064,346402436.42063636,-42554330.44063634,-0.122846510204572,-5.252158491859209,-13650606.12172806,8102255.578653064,-0.0527585058764085,0.0799039223391901,-0.0542012084976519,0.0768720761511652,-0.1310732846488171,2008940825.009,1616030996.48,-0.1955805883566727,1736784390.4462693,-120753393.96626924,-0.0695269917385896,-1.3673869753381072,88309597.90033919,-0.1955805883566727,-0.1354725988813091,-0.0601079894753636,-0.217634489424686,-0.1455722783678972,-0.0720622110567887,816.8690185546875,0.0870762885519144,0.0442261302485972,8.665992071583414,0.984468863619426,1.44146536528029,0.576
2015_tianjin_explosion,CHN_C20,2015-08,THA_C20,THA,2015-09,1,-0.2594941758198108,-27959951.91335536,367432013.4844547,-87162212.5944547,-0.2372199737520758,-10.757771308041695,-27959951.91335535,8102255.578653064,-0.1655973520598761,0.0938968237599346,-0.1810392012436459,0.089746388291136,-0.2707855895347819,2073533812.607,1690360360.13,-0.1847924784960444,1867799383.5413303,-177439023.41133046,-0.0949989731096857,-2.0092835618114497,88309597.90033919,-0.1847924784960444,-0.099219230385737,-0.0855732481103074,-0.2043125704318455,-0.1044933698906227,-0.0998192005412228,816.8690185546875,0.0870762885519144,0.0442261302485972,8.665992071583414,0.984468863619426,1.44146536528029,0.576
2015_tianjin_explosion,CHN_C20,2015-08,THA_C20,THA,2015-10,2,-0.2734892775982546,-30258160.246041168,348767101.4499544,-94326635.6199544,-0.2704573775101021,-11.64202174373219,-30258160.24604116,8102255.578653064,-0.2622790081056458,0.0112102694926087,-0.3041895845972178,0.0111479000749703,-0.3153374846721881,2098091988.295,1653398780.62,-0.2119512443476688,1698478976.9767444,-45080196.35674429,-0.02654150976716,-0.5104790127978959,88309597.90033919,-0.2119512443476688,-0.1904649622359973,-0.0214862821116715,-0.2381953182548564,-0.2112952234721952,-0.0269000947826612,816.8690185546875,0.0870762885519144,0.0442261302485972,8.665992071583414,0.984468863619426,1.44146536528029,0.576
2015_tianjin_explosion,CHN_C20,2015-08,THA_C20,THA,2015-11,3,-0.1469330969969168,-15676059.38559198,346284215.6149546,-48868468.194954574,-0.1411224248502655,-6.031464660743098,-15676059.385591984,8102255.578653064,-0.1057584066327414,0.0411746903641754,-0.1117793012950834,0.0403495855834847,-0.1521288868785681,1802603113.141,1601152506.51,-0.1117553859540252,1596870981.4870074,4281525.022992611,0.0026811965854659,0.0484831221610189,88309597.90033919,-0.1117553859540252,-0.1141305760287456,0.0023751900747204,-0.1185081075860452,-0.1211857161742564,0.0026776085882112,816.8690185546875,0.0870762885519144,0.0442261302485972,8.665992071583414,0.984468863619426,1.44146536528029,0.576
2015_tianjin_explosion,CHN_C20,2015-08,THA_C20,THA,2015-12,4,-0.191874667590133,-19585091.146803256,330421462.11445475,-61054464.02445471,-0.1847775372512153,-7.535489769702443,-19585091.146803256,8102255.578653064,-0.1534656139546325,0.0384090536355004,-0.1666044562284909,0.0376897856457745,-0.2042942418742654,1903613739.993,1644133899.97,-0.1363090812866029,1583676580.6422286,60457319.327771425,0.0381752941647051,0.6846064387701081,88309597.90033919,-0.1363090812866029,-0.1680683179729244,0.0317592366863215,-0.1465403070674824,-0.1840049543744797,0.0374646473069972,816.8690185546875,0.0870762885519144,0.0442261302485972,8.665992071583414,0.984468863619426,1.44146536528029,0.576
2015_tianjin_explosion,CHN_C20,2015-08,THA_C20,THA,2016-01,5,-0.3022176250532968,-30965909.574581254,369448207.4149545,-96532969.79495448,-0.2612895877081119,-11.914332849396777,-30965909.574581254,8102255.578653064,-0.1455790168937332,0.1566386081595636,-0.1573312516652905,0.1455180464971412,-0.3028492981624318,1688994087.45,1447101535.9499998,-0.1432169320765375,1526405208.0288112,-79303672.0788114,-0.0519545345244357,-0.8980187200977711,88309597.90033919,-0.1432169320765375,-0.09626373510085,-0.0469531969756874,-0.154570521938993,-0.1012177034601755,-0.0533528184788174,816.8690185546875,0.0870762885519144,0.0442261302485972,8.665992071583414,0.984468863619426,1.44146536528029,0.576
2015_tianjin_explosion,CHN_C20,2015-08,THA_C20,THA,2016-02,6,-0.1884867277076214,-19325680.285723075,318561905.6589546,-60245777.91895461,-0.1891179605870779,-7.435679772640547,-19325680.285723075,8102255.578653064,-0.1918245010079304,-0.0033377733003089,-0.2129760415804646,-0.0033433560813236,-0.209632685499141,1629589486.2500002,1521999130.4699998,-0.0660229810561594,1476185245.1166034,45813885.353396416,0.0310353226364741,0.5187871583913128,88309597.90033919,-0.0660229810561594,-0.094136739606985,0.0281137585508255,-0.068303445997806,-0.0988669109844977,0.0305634649866917,816.8690185546875,0.0870762885519144,0.0442261302485972,8.665992071583414,0.984468863619426,1.44146536528029,0.576
2015_tianjin_explosion,CHN_C20,2015-08,THA_C20,THA,2016-03,7,-0.1534962998775922,-14722096.15731378,357192853.20495474,-45894588.05495477,-0.1284868598102123,-5.664421173762132,-14722096.15731378,8102255.578653064,0.0411495970205134,0.1946458968981057,0.0403254842870204,0.1778498203395635,-0.1375243360525431,1726625956.1700003,1675604643.5600004,-0.0295497194558428,1589229192.5970414,86375450.96295905,0.0543505312923483,0.9780981118319336,88309597.90033919,-0.0295497194558428,-0.0795752913837414,0.0500255719278985,-0.0299951084311373,-0.0829200756115682,0.0529249671804308,816.8690185546875,0.0870762885519144,0.0442261302485972,8.665992071583414,0.984468863619426,1.44146536528029,0.576
2015_tianjin_explosion,CHN_C20,2015-08,THA_C20,THA,2016-04,8,-0.2098294113916965,-23505640.06904166,376090847.77345455,-73276363.39345455,-0.1948368694087285,-9.043946180433396,-23505640.06904166,8102255.578653064,-0.1328802075348192,0.0769492038568772,-0.1425781423739138,0.0741322323790782,-0.2167103747529921,1668367671.13,1509507900.7800002,-0.0952186817683914,1545617062.6122458,-36109161.83224559,-0.0233622950378262,-0.4088928348761839,88309597.90033919,-0.0952186817683914,-0.0735752739889848,-0.0216434077794066,-0.1000620017312705,-0.0764224820455901,-0.0236395196856804,816.8690185546875,0.0870762885519144,0.0442261302485972,8.665992071583414,0.984468863619426,1.44146536528029,0.576
2015_tianjin_explosion,CHN_C20,2015-08,THA_C20,THA,2016-05,9,-0.1306229318999247,-14701985.40643904,377457134.6719547,-45831894.90195471,-0.1214227807398233,-5.656683433031608,-14701985.40643904,8102255.578653064,-0.0548533678688153,0.0757695640311093,-0.0564151970836412,0.0730362787809788,-0.1294514758646201,1756778225.97,1701236075.88,-0.0316159144443701,1627339408.9109232,73896666.96907687,0.0454094988202438,0.8367908893942891,88309597.90033919,-0.0316159144443701,-0.0736796569684301,0.0420637425240599,-0.0321264877855824,-0.0765351613164213,0.0444086735308388,816.8690185546875,0.0870762885519144,0.0442261302485972,8.665992071583414,0.984468863619426,1.44146536528029,0.576
2015_tianjin_explosion,CHN_C20,2015-08,THA_C20,THA,2016-06,10,-0.0678692381507947,-7554793.639537234,371836235.79845464,-23551275.45845467,-0.0633377632168697,-2.9067554374000486,-7554793.639537234,8102255.578653064,0.0036753618441417,0.0715445999949364,0.0036686241950398,0.0691011587598531,-0.0654325345648132,1752977030.7599998,1636857251.39,-0.0662414722682683,1613520789.3501964,23336462.039803505,0.0144630687090196,0.2642573694666757,88309597.90033919,-0.0662414722682683,-0.0795539467789503,0.0133124745106819,-0.0685374097580506,-0.0828968859292409,0.0143594761711902,816.8690185546875,0.0870762885519144,0.0442261302485972,8.665992071583414,0.984468863619426,1.44146536528029,0.576
2015_tianjin_explosion,CHN_C20,2015-08,THA_C20,THA,2016-07,11,-0.008236851194836,-935803.7702532628,389342963.07745457,-2917269.9374545813,-0.0074928025265843,-0.3600565187230929,-935803.7702532643,8102255.578653064,0.0910649341667608,0.0993017853615968,0.0871542228705095,0.0946752374358226,-0.007521014565313,1798256763.36,1598094919.89,-0.1113088228268372,1577725515.752704,20369404.13729596,0.012910613369638,0.2306590067399426,88309597.90033919,-0.1113088228268372,-0.1226361285555454,0.0113273057287081,-0.1180054860071848,-0.1308334678556733,0.0128279818484884,816.8690185546875,0.0870762885519144,0.0442261302485972,8.665992071583414,0.984468863619426,1.44146536528029,0.576
2015_tianjin_explosion,CHN_C20,2015-08,BRA_C20,BRA,2015-08,0,-0.2121121130454595,-29459518.889070176,489323176.019043,-105855170.01904304,-0.2163297697857733,-2.7678620630385637,-29459518.889070176,38244380.5392654,-0.2316085362353443,-0.0194964231898847,-0.2634559566492385,-0.0196889853675017,-0.2437669712817367,3002914388.0,1989234697.0,-0.3375652982485227,1746752097.875,242482599.125,0.1388191257477181,,0.0,-0.3375652982485227,-0.418314386565522,0.0807490883169992,-0.4118332892037486,-0.5418251600649455,0.1299918708611969,683.8928833007812,0.1229478712316905,0.0127292236450315,9.415400940260636,0.503955740273241,7.84670975119843,6.755
2015_tianjin_explosion,CHN_C20,2015-08,BRA_C20,BRA,2015-09,1,-0.1742340212509128,-22526086.494679023,454827470.0190429,-80941672.01904291,-0.1779612652148165,-2.1164330779508984,-22526086.494679023,38244380.5392654,-0.1951781517582149,-0.0209441305073021,-0.2171343320653953,-0.021166570114893,-0.1959677619505022,3468934008.0,2370161472.0,-0.3167464510613428,2003482014.8750007,366679457.1249993,0.1830210874879637,,0.0,-0.3167464510613428,-0.4224502368005264,0.1057037857391836,-0.3808892598516067,-0.5489606700453784,0.1680714101937717,683.8928833007812,0.1229478712316905,0.0127292236450315,9.415400940260636,0.503955740273241,7.84670975119843,6.755
2015_tianjin_explosion,CHN_C20,2015-08,BRA_C20,BRA,2015-10,2,-0.2801579076514959,-39582515.23227474,497946596.0190432,-142229542.0190432,-0.2856321203039288,-3.718965767350226,-39582515.23227475,38244380.5392654,-0.299323163458889,-0.019165255807393,-0.3557085009085554,-0.0193512900491938,-0.3363572108593615,3125955235.0,2110941086.0,-0.3247052733306336,2089718274.3750029,21222811.62499714,0.0101558242971026,,0.0,-0.3247052733306336,-0.3314944977530995,0.0067892244224659,-0.3926060511490803,-0.4027106515795537,0.0101046004304734,683.8928833007812,0.1229478712316905,0.0127292236450315,9.415400940260636,0.503955740273241,7.84670975119843,6.755
2015_tianjin_explosion,CHN_C20,2015-08,BRA_C20,BRA,2015-11,3,-0.3815698972767417,-52899276.466368034,488422451.0190431,-190079883.0190431,-0.3891710600576632,-4.970138889395491,-52899276.46636803,38244380.5392654,-0.4011015725760182,-0.0195316752992765,-0.5126632641446847,-0.019724939079257,-0.4929383250654275,2630842870.0,1822460508.0,-0.3072712442153567,1663648911.3750005,158811596.62499952,0.0954598025696072,,0.0,-0.3072712442153567,-0.3676365356723108,0.060365291456954,-0.367116762037039,-0.458290948137634,0.091174186100595,683.8928833007812,0.1229478712316905,0.0127292236450315,9.415400940260636,0.503955740273241,7.84670975119843,6.755
2015_tianjin_explosion,CHN_C20,2015-08,BRA_C20,BRA,2015-12,4,-0.2062088194657318,-18430469.17220495,324154923.30712914,-66225129.307129145,-0.2043008590814534,-1.7316303303471208,-18430469.17220495,38244380.5392654,-0.1968698455972093,0.0093389738685225,-0.2192384922224448,0.0092956352396704,-0.2285341274621153,3154714352.0,2274147421.0,-0.2791273100341859,1944386647.8750012,329760773.1249988,0.1695962958218164,,0.0,-0.2791273100341859,-0.3836568288211847,0.1045295187869987,-0.3272927314154294,-0.4839513743022046,0.1566586428867751,683.8928833007812,0.1229478712316905,0.0127292236450315,9.415400940260636,0.503955740273241,7.84670975119843,6.755
2015_tianjin_explosion,CHN_C20,2015-08,BRA_C20,BRA,2016-01,5,-0.1946890250679714,-19245221.422059987,345466089.0190431,-69152731.01904309,-0.2001722693402512,-1.808180183440131,-19245221.422059987,38244380.5392654,-0.2220816518806262,-0.0273926268126547,-0.2511337105111302,-0.0277748000577773,-0.2233589104533528,2282531215.0,1575214011.0,-0.3098828175280836,1248982385.3750002,326231625.62499976,0.2611979395746646,,0.0,-0.3098828175280836,-0.4528081906757186,0.142925373147635,-0.3708938659440903,-0.6029558807634103,0.2320620148193199,683.8928833007812,0.1229478712316905,0.0127292236450315,9.415400940260636,0.503955740273241,7.84670975119843,6.755
2015_tianjin_explosion,CHN_C20,2015-08,BRA_C20,BRA,2016-02,6,-0.0528752937330046,-4211134.9070387175,271213710.3071294,-15131625.307129383,-0.0557922580314761,-0.3956561746788861,-4211134.9070387175,38244380.5392654,-0.1051578935307373,-0.0522825997977327,-0.1111079932127907,-0.0536989220277526,-0.0574090711850381,2077890150.0,1613543529.0,-0.2234702450463996,915813503.875,697730025.1249999,0.7618691165534871,,0.0,-0.2234702450463996,-0.5592579791212736,0.335787734074874,-0.2529203176669767,-0.8192955607656387,0.5663752430986619,683.8928833007812,0.1229478712316905,0.0127292236450315,9.415400940260636,0.503955740273241,7.84670975119843,6.755
2015_tianjin_explosion,CHN_C20,2015-08,BRA_C20,BRA,2016-03,7,-0.0951534753051661,-8026040.740425811,265610679.8071294,-28839503.807129413,-0.1085781032150926,-0.7540847413522614,-8026040.740425811,38244380.5392654,-0.2187937629175993,-0.1236402876124332,-0.246916095110965,-0.1319786412864978,-0.1149374538244671,2410623876.0,1818715370.0,-0.2455416259222349,1135548106.8750014,683167263.1249986,0.6016189529874317,,0.0,-0.2455416259222349,-0.5289401560399207,0.2833985301176858,-0.2817551723695537,-0.7527701353309233,0.4710149629613696,683.8928833007812,0.1229478712316905,0.0127292236450315,9.415400940260636,0.503955740273241,7.84670975119843,6.755
2015_tianjin_explosion,CHN_C20,2015-08,IDN_A01,IDN,2015-09,1,-0.0588450610513706,-6316933.729828382,353907373.1250002,-21421425.12500018,-0.0605283380672437,,-6316933.729828382,0.0,-0.0866547956256623,-0.0278097345742917,-0.0906413706018192,-0.0282037472761871,-0.062437623325632,768774504.0,738052897.1919999,-0.0399617919795114,635173398.7500002,102879498.44199967,0.1619707290079576,2.4148507815683353,42602838.74566533,-0.0399617919795114,-0.1737845162071084,0.133822724227597,-0.040782195236769,-0.1908996629472739,0.1501174677105048,614.8455810546875,0.2954270397457085,0.0083649095537615,8.14382775712207,5.006668425755,5.44317454935612,4.049
2015_tianjin_explosion,CHN_C20,2015-08,IDN_A01,IDN,2015-10,2,-0.2710999442136155,-26309520.000956345,360124064.62500006,-89218509.62500006,-0.2477438149486177,,-26309520.000956345,0.0,-0.1768246168160702,0.0942753273975453,-0.1945859980663193,0.0900923424559927,-0.2846783405223121,706767842.0,685923698.84,-0.0294922065228881,573166736.7500004,112756962.08999968,0.1967262837501004,2.646700675585198,42602838.74566533,-0.0294922065228881,-0.1890311037241556,0.1595388972012675,-0.0299358459892005,-0.2095255775833102,0.1795897315941097,614.8455810546875,0.2954270397457085,0.0083649095537615,8.14382775712207,5.006668425755,5.44317454935612,4.049
2015_tianjin_explosion,CHN_C20,2015-08,IDN_A01,IDN,2016-01,5,-0.0975396476005187,-10634108.797343628,377799149.1250001,-36061446.12500012,-0.0954513693546426,,-10634108.797343628,0.0,-0.0756617189757635,0.0218779286247551,-0.0786771691145489,0.0216420409739477,-0.1003192100884966,613594962.0,506359820.6840001,-0.1747653549280607,492335216.1250081,14024604.558991969,0.0284858854285796,0.3291941328773289,42602838.74566533,-0.1747653549280607,-0.1976218081708954,0.0228564532428347,-0.192087514472508,-0.2201752209799501,0.028087706507442,614.8455810546875,0.2954270397457085,0.0083649095537615,8.14382775712207,5.006668425755,5.44317454935612,4.049
2015_tianjin_explosion,CHN_C20,2015-08,IDN_A01,IDN,2016-02,6,-0.0407029172927161,-4166029.370691627,323461831.1250001,-14127469.12500012,-0.0436758460058943,,-4166029.3706916273,0.0,-0.1087709453917491,-0.0680680280990329,-0.115153808318972,-0.0704954582726884,-0.0446583500462836,584041357.0,495056447.266,-0.1523606310879796,482710436.1250078,12346011.140992165,0.0255764330270143,0.2897931570874094,42602838.74566533,-0.1523606310879796,-0.1734995641327369,0.0211389330447572,-0.1653000058458786,-0.1905548339966607,0.025254828150782,614.8455810546875,0.2954270397457085,0.0083649095537615,8.14382775712207,5.006668425755,5.44317454935612,4.049
2015_tianjin_explosion,CHN_C20,2015-08,IDN_A01,IDN,2016-03,7,-0.0007363764811959,-63877.180115362054,325639189.6250001,-216614.6250001192,-0.0006651982682108,,-63877.18011536209,0.0,0.1062666275654265,0.1070030040466225,0.1009909474681123,0.10165636707681,-0.0006654196086977,650462846.0,492178176.15700006,-0.2433416002410688,496446949.625008,-4268773.468007922,-0.0085986498078643,-0.1001992729520225,42602838.74566533,-0.2433416002410688,-0.2367789295301149,-0.0065626707109538,-0.278843382168791,-0.2702075506941845,-0.0086358314746064,614.8455810546875,0.2954270397457085,0.0083649095537615,8.14382775712207,5.006668425755,5.44317454935612,4.049
2015_tianjin_explosion,CHN_C20,2015-08,IDN_A01,IDN,2016-04,8,-0.0965232775084639,-9957447.278042505,392402723.6250001,-33766811.62500012,-0.0860514201151911,,-9957447.278042505,0.0,0.0251697448641458,0.1216930223726098,0.0248582035547464,0.1148391707570724,-0.0899809672023259,689973602.0,532142214.989,-0.2287498921023938,526919936.62500787,5222278.363992095,0.0099109523117335,0.1225805255647064,42602838.74566533,-0.2287498921023938,-0.2363187010377712,0.0075688089353773,-0.2597425634330328,-0.2696047243527353,0.0098621609197024,614.8455810546875,0.2954270397457085,0.0083649095537615,8.14382775712207,5.006668425755,5.44317454935612,4.049
2017_british_columbia_wildfires,CAN_C16,2017-07,USA_F,USA,2017-07,0,-0.1795259971064851,-66411402.04873242,938254745.0000004,-156036204.00000048,-0.1663047320906439,,-66411402.04873242,0.0,-0.1000257637118332,0.0795002333946519,-0.1053891422861745,0.0764981870942236,-0.1818873293803982,115775187293.0,122074198895.0,0.054407267647589,125415538538.00008,-3341339643.0000763,-0.0266421504221159,,0.0,0.054407267647589,0.0832678527273948,-0.0288605850798057,0.0529787774274055,0.0799822622098318,-0.0270034847824263,2481.631591796875,0.0780578310059114,0.0037041785128355,10.961956467700576,1.81945147788167,0.85147588450198,4.869
2017_british_columbia_wildfires,CAN_C16,2017-07,USA_F,USA,2017-08,1,-0.1636789649410742,-63570706.09203184,994381431.0000004,-149361877.00000048,-0.1502058187568874,,-63570706.09203184,0.0,-0.0739810671120066,0.0896978978290675,-0.0768605985740578,0.0859004997805001,-0.162761098354558,122619384394.0,129131227632.0,0.0531061485113656,128301252470.0,829975162.0,0.0064689560391787,,0.0,0.0531061485113656,0.0463374376252212,0.0067687108861444,0.0517440338746304,0.0452959117308537,0.0064481221437766,2481.631591796875,0.0780578310059114,0.0037041785128355,10.961956467700576,1.81945147788167,0.85147588450198,4.869
2017_british_columbia_wildfires,CAN_C16,2017-07,USA_F,USA,2017-09,2,-0.0392757087995316,-14499402.25565919,961257038.5,-34066916.50000012,-0.0354399657277517,,-14499402.25565919,0.0,0.0689564238511008,0.1082321326506324,0.0666828676681809,0.1027660722715566,-0.0360832046033756,124440266680.0,130225414170.0,0.046489353039371,130366496414.50006,-141082244.50006104,-0.0010821971010978,,0.0,0.046489353039371,0.0476230877079317,-0.0011337346685607,0.0454410889763856,0.0465238720755714,-0.0010827830991857,2481.631591796875,0.0780578310059114,0.0037041785128355,10.961956467700576,1.81945147788167,0.85147588450198,4.869
2017_british_columbia_wildfires,CAN_C16,2017-07,JPN_F,JPN,2017-08,1,-0.0770607967228011,-2862391.559432066,84320116.39607613,-6131270.615076125,-0.0727142095757525,-4.2432292672725,-2862391.5594320665,1444953.8850907383,-0.0172844865296679,0.0597763101931332,-0.0174356069391699,0.0580578570258012,-0.0754934639649711,52501787896.375,57121477018.677,0.087991081968867,57544221070.12904,-422744051.452034,-0.0073464206064556,-0.4315200352915701,979662627.174179,0.087991081968867,0.0960430754035748,-0.0080519934347078,0.0843329516788244,0.0917064901273612,-0.0073735384485367,170.91360473632812,0.077059405135475,0.0007507187533161,10.58092378906814,0.753826745789127,0.419944376171273,3.132
2017_british_columbia_wildfires,CAN_C16,2017-07,GBR_F,GBR,2017-07,0,-0.203727560479491,-2603965.6653129356,21499286.53734161,-4592221.03734161,-0.2135987642829676,-1.3104681699835443,-2603965.6653129356,3504259.884007159,-0.249941328787624,-0.0462137683081329,-0.2876038324450398,-0.0473157062877227,-0.2402881261573171,31381799198.532,38870610660.822,0.2386355038126786,37514719721.30896,1355890939.5130386,0.0361429046940972,0.6205567539770721,2184958798.406914,0.2386355038126786,0.1954292194650155,0.043206284347663,0.2140103735749754,0.1785053003573935,0.0355050732175818,72.40570068359375,0.2059459003825117,0.000329737328441,10.627622333404677,2.20652020635357,1.73539354292218,4.867
2017_british_columbia_wildfires,CAN_C16,2017-07,AUS_F,AUS,2017-07,0,-0.0229783111070991,-86409.22681022329,3562073.997210921,-95014.17321092077,-0.0266738347618034,-0.117681484141614,-86409.22681022332,807384.2193949885,-0.1615232067962719,-0.1385448956891728,-0.1761683280747892,-0.1491322988719474,-0.0270360292028417,15712288764.612,19571853838.141,0.2456399020759919,20251085742.751373,-679231904.6103745,-0.0335405179375874,,0.0,0.2456399020759919,0.2888692440761322,-0.0432293420001403,0.2196493754339705,0.2537652789806088,-0.0341159035466382,18.85449981689453,0.2176573955088704,8.072740165749568e-05,10.821485707146891,2.75564065529868,-0.673417495929741,5.711
2017_british_columbia_wildfires,CAN_C16,2017-07,AUS_F,AUS,2017-08,1,-0.1020700291921371,-516036.4434383973,4986299.559210923,-567425.2372109229,-0.1137968608730594,-0.7027945599879593,-516036.4434383973,807384.2193949885,-0.2051206018613036,-0.1030505726691664,-0.2295648298707657,-0.1087557776332559,-0.1208090522375098,16225192720.572,19917428309.167,0.2275618941594201,20370675837.939377,-453247528.772377,-0.0222499995767556,,0.0,0.2275618941594201,0.2554966950938769,-0.0279348009344568,0.2050300023443831,0.2275312672569036,-0.0225012649125204,18.85449981689453,0.2176573955088704,8.072740165749568e-05,10.821485707146891,2.75564065529868,-0.673417495929741,5.711
2017_british_columbia_wildfires,CAN_C16,2017-07,AUS_F,AUS,2017-09,2,-0.0055628317357624,-19181.833344427207,3539281.565367234,-21092.03036723379,-0.0059594101169075,-0.0261239071318969,-19181.833344427207,807384.2193949885,-0.0721094149319634,-0.066546583196201,-0.0748414366725089,-0.068864200099556,-0.0059772365729529,15981147423.056,20149145769.101,0.2608072021181552,19989375092.400875,159770676.70012665,0.0079927799624343,,0.0,0.2608072021181552,0.2508097549717992,0.009997447146356,0.2317521524321257,0.223791145544677,0.0079610068874487,18.85449981689453,0.2176573955088704,8.072740165749568e-05,10.821485707146891,2.75564065529868,-0.673417495929741,5.711
2017_british_columbia_wildfires,CAN_C16,2017-07,AUS_F,AUS,2017-10,3,-0.3838048675922682,-1917888.7188291005,4921788.513210922,-2108879.082210921,-0.4284781998556682,-2.6119894736005675,-1917888.7188291005,807384.2193949885,-0.488065323033054,-0.1042604554407858,-0.6695580726220687,-0.1101055739572594,-0.5594524986648093,16234747235.233,19131645036.244,0.1784381215818432,20140519869.84287,-1008874833.5988692,-0.0500917970399311,,0.0,0.1784381215818432,0.2405810560532459,-0.0621429344714026,0.1641899359237868,0.215579863440638,-0.0513899275168512,18.85449981689453,0.2176573955088704,8.072740165749568e-05,10.821485707146891,2.75564065529868,-0.673417495929741,5.711
2017_british_columbia_wildfires,CAN_C16,2017-07,PHL_F,PHL,2017-07,0,-0.0285925405423151,-85814.62013345708,10417671.586352786,-291355.58635278605,-0.0279674382070619,-0.241551992851496,-85814.62013345708,1206181.6709246065,-0.0062414646008858,0.0223510759414293,-0.0062610233532502,0.0221049491807221,-0.0283659725339724,4673189341.0,5314009284.0,0.1371268947692312,5111794602.181819,202214681.81818104,0.039558452080972,0.9068974000294,222974155.41341895,0.1371268947692312,0.0938556581334586,0.0432712366357725,0.1285048134134108,0.0897087557276989,0.0387960576857118,14.69200038909912,0.0470372668978998,0.0006084301950155,8.00175549512246,7.14945675000752,1.28031174373962,2.695
2017_british_columbia_wildfires,CAN_C16,2017-07,BEL_F,BEL,2017-08,1,-0.426689164334416,-2108629.149715055,7336842.078624998,-3775279.1066249977,-0.5145645859849998,-1.8635402601796545,-2108629.1497150552,2025863.9897916897,-0.5974654362427696,-0.1707762719083535,-0.9099741453679098,-0.1872652599098323,-0.7227088854580774,21288818956.966,23467208688.086,0.1023255322675943,22536143742.017124,931064946.0688744,0.0413142974560002,,0.0,0.1023255322675943,0.0585906051233989,0.0437349271441954,0.0974220684357334,0.0569384055871857,0.0404836628485476,10.357099533081056,0.1795307840116523,0.0001796401040352,10.641979679542205,1.19350273007754,1.89528913569444,7.83
2017_british_columbia_wildfires,CAN_C16,2017-07,NZL_F,NZL,2017-07,0,-0.5414289728170749,-1101079.4563550148,3682958.252702215,-1689547.5567022152,-0.4587474092226218,-2.387560852530243,-1101079.4563550148,707645.8616381229,-0.3611956637405994,0.1802333090764754,-0.4481568933365256,0.1657120895528852,-0.6138689828894108,2820620426.595,3407079645.081,0.2079185178396948,3117667627.091627,289412017.98937273,0.0928296574896137,,0.0,0.2079185178396948,0.1053127169100229,0.1026058009296718,0.1888986450571437,0.1001282966270302,0.0887703484301134,9.234600067138672,0.2245731257465444,0.0003117250332293,10.599498616719789,3.77911068354334,2.42047714591187,5.147
2017_hurricane_maria,USA_C21,2017-09,JPN_Q,JPN,2017-09,0,-0.3020107581690993,-84887439.07714249,495606378.15112466,-154611606.33512467,-0.3119645209408083,,-84887439.07714249,0.0,-0.3339174722457221,-0.0319067140766228,-0.4063416995924349,-0.0324268265288942,-0.3739148730635406,58546465779.75,61511015233.752,0.0506358396620308,62370023976.95555,-859008743.2035522,-0.0137727819941345,-1.8280863742495477,469895052.71936953,0.0506358396620308,0.065308095822379,-0.0146722561603482,0.0493955424730678,0.0632640491755225,-0.0138685067024546,1166.845947265625,0.0479646216907166,0.0131797996640066,10.58092378906814,0.753826745789127,0.419944376171273,3.132
2017_hurricane_maria,USA_C21,2017-09,JPN_Q,JPN,2017-10,1,-0.2917391384543658,-68326168.14379126,500359633.9841245,-124447370.85112453,-0.2487158483593283,,-68326168.14379127,0.0,-0.1187574391423046,0.1729816993120612,-0.1264223661552925,0.1595489675944215,-0.285971333749714,56543668768.16,59251947556.48,0.047897118233068,61949724737.63754,-2697777181.1575394,-0.0435478477520741,-5.741233421260778,469895052.71936953,0.047897118233068,0.0956085108598703,-0.0477113926268022,0.0467854114541523,0.0913099265932793,-0.0445245151391269,1166.845947265625,0.0479646216907166,0.0131797996640066,10.58092378906814,0.753826745789127,0.419944376171273,3.132
2017_hurricane_maria,USA_C21,2017-09,JPN_Q,JPN,2017-11,2,-0.2350432223916291,-61294403.362373754,488196019.2161245,-111639911.23112446,-0.2286784546305394,,-61294403.362373754,0.0,-0.2072103958519671,0.027832826539662,-0.2321974083324889,0.027452533654273,-0.2596499419867619,55347608025.163,61241896794.246,0.1064958176043171,59638734268.224045,1603162526.0219574,0.0268812298868008,3.4117459137825765,469895052.71936953,0.1064958176043171,0.0775304732430377,0.0289653443612794,0.1011981006576228,0.0746718240266055,0.0265262766310172,1166.845947265625,0.0479646216907166,0.0131797996640066,10.58092378906814,0.753826745789127,0.419944376171273,3.132
2017_hurricane_maria,USA_C21,2017-09,JPN_Q,JPN,2017-12,3,-0.0535723240092902,-9812863.934485797,356768540.88162476,-17872875.80062467,-0.0500965577190699,,-9812863.9344858,0.0,0.0158090157169174,0.0693813397262077,0.0156853547832405,0.0670802938929142,-0.0513949391096737,57629169879.804,64664951431.457,0.1220871577072407,61242781246.71455,3422170184.7424545,0.0558787519945633,7.282839359422328,469895052.71936953,0.1220871577072407,0.0627045535177303,0.0593826041895103,0.1151904847476181,0.060817124243492,0.0543733605041261,1166.845947265625,0.0479646216907166,0.0131797996640066,10.58092378906814,0.753826745789127,0.419944376171273,3.132
2017_hurricane_maria,USA_C21,2017-09,CHN_Q,CHN,2017-09,0,-0.4894232562539832,-94698173.06203245,418045477.3181819,-170081718.31818187,-0.4068497987570133,-10.947957788639412,-94698173.06203245,15535474.432927938,-0.286465167668849,0.2029580885851341,-0.3375240231371101,0.1847835968188036,-0.5223076199559138,183453113937.0,197943516418.0,0.078986952960505,199049711466.99988,-1106195048.999878,-0.0055573808213395,,0.0,0.078986952960505,0.0850168045408917,-0.0060298515803866,0.0760225944142689,0.0815954749281786,-0.0055728805139096,1104.1259765625,0.3694630125999104,0.0040655159231027,9.01867957107379,6.77555562837017,1.47744121334065,4.56
2017_hurricane_maria,USA_C21,2017-09,CHN_Q,CHN,2017-10,1,-0.5746310225946922,-95134254.91249911,392961797.818182,-170864938.818182,-0.4348131033776439,-10.99837276008953,-95134254.91249911,15535474.432927938,-0.2530723618024171,0.3215586607922751,-0.2917869672847928,0.2788118428102031,-0.5705988100949959,176870062421.0,187903059471.0,0.0623791098334007,195758185708.99985,-7855126237.999817,-0.0401266808309956,,0.0,0.0623791098334007,0.106790957324597,-0.0444118474911962,0.0605108363624538,0.1014647987888324,-0.0409539624263786,1104.1259765625,0.3694630125999104,0.0040655159231027,9.01867957107379,6.77555562837017,1.47744121334065,4.56
2017_hurricane_maria,USA_C21,2017-09,CHN_Q,CHN,2017-11,2,-0.2647152391325806,-43959659.55459551,393416949.3181819,-78953312.31818187,-0.2006860976757948,-5.082130749147756,-43959659.55459551,15535474.432927938,0.0543359666974505,0.3190512058300311,0.0529111531375221,0.2769126938765218,-0.2240015407389997,193563952435.0,215838590872.0,0.1150763773770323,204105130715.99985,11733460156.000183,0.0574873356433484,,0.0,0.1150763773770323,0.0544583748595421,0.0606180025174902,0.1089229024552551,0.053027246339905,0.05589565611535,1104.1259765625,0.3694630125999104,0.0040655159231027,9.01867957107379,6.77555562837017,1.47744121334065,4.56
2017_hurricane_maria,USA_C21,2017-09,BEL_Q,BEL,2017-09,0,-0.2736912762838788,-61003239.91363349,453720891.12262535,-121603772.93462528,-0.2680144893345012,,-61003239.91363349,0.0,-0.252510380566362,0.0211808957175168,-0.2910348600987156,0.0209596984838427,-0.3119945585825583,24133688344.509,25466316682.294,0.0552185939737721,25952092048.33788,-485775366.04388046,-0.0187181582563395,,0.0,0.0552185939737721,0.0753471113851775,-0.0201285174114053,0.0537479435427066,0.0726435037693669,-0.0188955602266602,642.7261962890625,0.0613623234940998,0.0296708212997712,10.641979679542205,1.19350273007754,1.89528913569444,7.83
2017_hurricane_maria,USA_C21,2017-09,CAN_O,CAN,2017-10,1,-0.0312304580265598,-5841597.916800597,365459022.9642275,-12000611.050227525,-0.032837090607015,-0.096508096242568,-5841597.916800596,124348231.0547772,-0.0801578310293307,-0.0489273730027709,-0.0835531788962562,-0.050164850136575,-0.0333883287596812,33601294490.665,36038407174.502,0.0725303212503931,32492792116.674015,3545615057.827984,0.1091200486894604,,0.0,0.0725303212503931,-0.0329898710985359,0.1055201923489291,0.070020642980527,-0.0335463090206751,0.1035669520012021,556.7119140625,0.0705730003287176,0.0075466546551398,10.652898367419745,1.03855092490855,0.716978150638226,7.038
2017_hurricane_maria,USA_C21,2017-09,IRL_C21,IRL,2017-09,0,-1.2091388324721415,-108955072.9313322,562915846.5669093,-265724526.5209093,-0.4720501796876041,-6.04202861592873,-108955072.9313322,43979355.844223246,0.3523236655875608,1.5614624980597025,0.301824345408157,0.9405783808991188,-0.6387540354909618,2864829575.234,3460418244.6570005,0.2078967190829676,3400676103.027124,59742141.62987661,0.0175677247170634,,0.0,0.2078967190829676,0.1870430731466305,0.020853645936337,0.1888805983495523,0.1714654023165422,0.01741519603301,395.8544006347656,0.1506436097911093,0.0093611328627806,11.06867623999287,1.22271661130947,0.11646501817107,8.374
2017_hurricane_maria,USA_C21,2017-09,IRL_C21,IRL,2017-10,1,-1.1903843031647536,-99210323.93546228,594943163.4094092,-241958594.90040916,-0.4066919493852655,-5.5016402640692785,-99210323.93546224,43979355.844223246,0.7366082398744606,1.9269925430392143,0.5519339213778984,1.0739754568212303,-0.5220415354433321,2966242251.4919996,3557740182.0929995,0.1994098527534224,3611744840.2541223,-54004658.16112328,-0.0149525120266589,,0.0,0.1994098527534224,0.2176162747454088,-0.0182064219919864,0.181829646397702,0.1968950742252175,-0.0150654278275155,395.8544006347656,0.1506436097911093,0.0093611328627806,11.06867623999287,1.22271661130947,0.11646501817107,8.374
2017_hurricane_maria,USA_C21,2017-09,IRL_C21,IRL,2017-11,2,-0.582293373671017,-176332870.65484974,834239030.0584092,-430048526.4634092,-0.5154979699682708,-9.778418037468748,-176332870.65484977,43979355.844223246,-0.4527188504059544,0.1295745232650625,-0.6027926228523235,0.1218410335804165,-0.72463365643274,3681350331.464,3614143282.003,-0.0182560863296793,3931332929.534124,-317189647.5311241,-0.0806824690802038,,0.0,-0.0182560863296793,0.0679051368552339,-0.0861612231849132,-0.0184247850081931,0.0656989134064609,-0.084123698414654,395.8544006347656,0.1506436097911093,0.0093611328627806,11.06867623999287,1.22271661130947,0.11646501817107,8.374
2017_hurricane_maria,USA_C21,2017-09,IRL_C21,IRL,2017-12,3,-1.55445250468452,-62132986.74549125,473256973.7464093,-151532719.3134092,-0.3201912020732456,-3.445542036817105,-62132986.74549124,43979355.844223246,2.3003108199146665,3.8547633245991864,1.194016644740021,1.5799603436146228,-0.3859436988746019,2333701384.242,3073146088.449,0.3168548937751844,3268724167.032123,-195578078.5831232,-0.0598331546466034,,0.0,0.3168548937751844,0.4006608510856344,-0.0838059573104499,0.275246237222003,0.3369441616141984,-0.0616979243921953,395.8544006347656,0.1506436097911093,0.0093611328627806,11.06867623999287,1.22271661130947,0.11646501817107,8.374
2017_hurricane_maria,USA_C21,2017-09,IRL_C21,IRL,2018-01,4,-0.1620792493419411,-10116871.07264519,477780974.6774093,-24673479.658409297,-0.0516418211819097,-0.5610241256330314,-10116871.072645187,43979355.844223246,1.9764477358124488,2.1385269851543898,1.0907305501542766,1.1437535723681194,-0.0530230222138428,3298922327.559,5373386342.444,0.6288308147042602,3642581295.077124,1730805047.366876,0.475158934601137,,0.0,0.6288308147042602,0.1041731006053757,0.5246577140988844,0.4878624657324657,0.0990967295620137,0.3887657361704519,395.8544006347656,0.1506436097911093,0.0093611328627806,11.06867623999287,1.22271661130947,0.11646501817107,8.374
2017_hurricane_maria,USA_C21,2017-09,IRL_C21,IRL,2018-02,5,-1.0731855111295738,-184297537.69328985,637717332.9914092,-449473114.2384091,-0.7048155836223196,-10.220093168950951,-184297537.69328985,43979355.844223246,-0.5505382597534636,0.5226472513761103,-0.7997045420164319,0.4204504319371835,-1.2201549739536155,3299577241.1469994,4560380447.425,0.382110529359731,3541563502.5191236,1018816944.9058766,0.2876743404943013,,0.0,0.382110529359731,0.0733385654242192,0.3087719639355117,0.3236116998926697,0.0707739454744569,0.2528377544182127,395.8544006347656,0.1506436097911093,0.0093611328627806,11.06867623999287,1.22271661130947,0.11646501817107,8.374
2017_hurricane_maria,USA_C21,2017-09,IRL_C21,IRL,2018-03,6,-1.3278709117937482,-173335276.07771793,596827466.7269092,-422737858.14590913,-0.7083083164122231,-9.612188492329553,-173335276.07771793,43979355.844223246,-0.4531634136243346,0.8747074981694135,-0.6036052637902252,0.6284526448110483,-1.2320579086012735,3381225664.933,3790223835.464999,0.1209615124993745,3670091947.846123,120131887.61887598,0.0327326642836232,,0.0,0.1209615124993745,0.0854324175724151,0.0355290949269593,0.1141868102834955,0.0819784491139543,0.0322083611695411,395.8544006347656,0.1506436097911093,0.0093611328627806,11.06867623999287,1.22271661130947,0.11646501817107,8.374
2017_hurricane_maria,USA_C21,2017-09,IRL_C21,IRL,2018-04,7,-0.8283391505216001,-255072056.11880025,814616702.3179092,-622081189.2219093,-0.7636489498089596,-14.144845400313445,-255072056.11880025,43979355.844223246,-0.7436271886589878,0.0847119618626122,-1.3611225957076307,0.0813144787065702,-1.442437074414201,3123080445.4430003,4674253159.888,0.4966803582368079,3592002472.0716243,1082250687.8163753,0.3012945275597781,,0.0,0.4966803582368079,0.1501472776062637,0.3465330806305442,0.4032495609803597,0.1398900016171254,0.2633595593632343,395.8544006347656,0.1506436097911093,0.0093611328627806,11.06867623999287,1.22271661130947,0.11646501817107,8.374
2017_hurricane_maria,USA_C21,2017-09,IRL_C21,IRL,2018-05,8,-1.0479946237112443,-166523376.3014662,631847964.0564092,-406124690.9564092,-0.6427569827860549,-9.23443927634866,-166523376.3014662,43979355.844223246,-0.4175267302802443,0.630467893431,-0.5404719816386034,0.4888670238142119,-1.029339005452815,3186634277.5309997,5272415747.499001,0.6545405868112553,3497307012.598122,1775108734.9008784,0.5075644570255112,,0.0,0.6545405868112553,0.0974924349674137,0.5570481518438415,0.5035233791187537,0.0930279729473682,0.4104954061713854,395.8544006347656,0.1506436097911093,0.0093611328627806,11.06867623999287,1.22271661130947,0.11646501817107,8.374
2017_hurricane_maria,USA_C21,2017-09,IRL_C21,IRL,2018-06,9,-0.7807252150211544,-252568951.95486432,823639843.9364094,-615976506.3384094,-0.7478711852919624,-14.006037480863167,-252568951.95486432,43979355.844223246,-0.7367951500911009,0.0439300649300535,-1.3348226494471724,0.0429924995484505,-1.377815148995623,3786059228.331,4464667741.705,0.1792387473222783,4154026692.7321234,310641048.97287655,0.0747807060355133,,0.0,0.1792387473222783,0.0971900971985939,0.0820486501236843,0.1648691008640206,0.0927524544963986,0.0721166463676219,395.8544006347656,0.1506436097911093,0.0093611328627806,11.06867623999287,1.22271661130947,0.11646501817107,8.374
2017_hurricane_maria,USA_C21,2017-09,IRL_C21,IRL,2018-07,10,-1.5994034412714515,-232330770.42806983,799311241.7075456,-566618720.0585456,-0.7088837119919573,-12.883743046749782,-232330770.42806983,43979355.844223246,-0.3431752134043714,1.2562282278670802,-0.4203379816591024,0.8136944917820585,-1.234032473441161,3077142022.5920005,4274770169.794,0.3892014532995747,3390024249.166124,884745920.6278758,0.260985130370529,,0.0,0.3892014532995747,0.1016794883944193,0.2875219649051553,0.3287290879375462,0.0968358230198944,0.2318932649176517,395.8544006347656,0.1506436097911093,0.0093611328627806,11.06867623999287,1.22271661130947,0.11646501817107,8.374
2017_hurricane_maria,USA_C21,2017-09,IRL_C21,IRL,2018-08,11,-0.9604222567440086,-260872887.3715384,816098536.0394092,-636228517.0754092,-0.7795976698635885,-14.466526506867398,-260872887.3715384,43979355.844223246,-0.7284762237189737,0.2319460330250349,-1.3037055656133916,0.2085950595048764,-1.512300625118268,3181311453.571,4490313112.646,0.4114660504571643,3780771349.558124,709541763.0878758,0.187671164819529,,0.0,0.4114660504571643,0.1884316907463538,0.2230343597108104,0.3446289162279043,0.1726345309346442,0.1719943852932601,395.8544006347656,0.1506436097911093,0.0093611328627806,11.06867623999287,1.22271661130947,0.11646501817107,8.374
2017_hurricane_maria,USA_C21,2017-09,ITA_Q,ITA,2017-10,1,-0.1324307944847458,-24135686.14383503,341734326.4401249,-40565709.89212489,-0.1187053999365568,,-24135686.14383503,0.0,-0.0168050979660983,0.1156256965186474,-0.0169479057633203,0.1094154099777604,-0.1263633157410808,39358482899.745,46879042617.101,0.1910784960007876,46669561291.60895,209481325.49205017,0.0044886071283835,1.3219809207009277,158460173.0719238,0.1910784960007876,0.1857561027056587,0.0053223932951289,0.1748591958385716,0.1703806324635017,0.0044785633750699,385.4819030761719,0.0654027993991572,0.005595846654258,10.354326497069756,1.23622108511661,1.24817184167345,11.688
2017_hurricane_maria,USA_C21,2017-09,ITA_Q,ITA,2017-11,2,-0.153356593797408,-28997638.311849892,335393700.25262487,-48737366.58262491,-0.1453138998911279,,-28997638.31184989,0.0,-0.0980095560239684,0.0553470377734396,-0.1031513528953347,0.0538696584290292,-0.1570210113243639,39737751639.273,46231952697.339,0.163426484644082,45108921340.77643,1123031356.562561,0.024895992260125,7.087152151808052,158460173.0719238,0.163426484644082,0.1351654152520064,0.0282610693920756,0.1513695170969953,0.1267783806214204,0.0245911364755748,385.4819030761719,0.0654027993991572,0.005595846654258,10.354326497069756,1.23622108511661,1.24817184167345,11.688
2017_hurricane_maria,USA_C21,2017-09,ITA_Q,ITA,2017-12,3,-0.4294864147353978,-97053544.97725108,381621461.909125,-163121360.05112496,-0.4274428362469007,,-97053544.97725108,0.0,-0.4247054748875331,0.0047809398478647,-0.5528731497928057,0.0047695474389009,-0.5576426972317066,38067351938.831,41897529302.409,0.1006158077328983,44047985775.68145,-2150456473.2724533,-0.0488207675198556,-13.570958756282428,158460173.0719238,0.1006158077328983,0.1571066421026738,-0.0564908343697754,0.0958698483699755,0.1459226151814476,-0.050052766811472,385.4819030761719,0.0654027993991572,0.005595846654258,10.354326497069756,1.23622108511661,1.24817184167345,11.688
2017_hurricane_maria,USA_C21,2017-09,ITA_Q,ITA,2018-01,4,-0.267081555981605,-55755176.096334286,363935021.5256248,-93709716.18662477,-0.2574902404110252,,-55755176.096334286,0.0,-0.2298323167278398,0.0372492392537652,-0.2611470165091099,0.0365722467021072,-0.2977192632112171,38634994749.425,42730641926.968,0.1060087416629959,40891860417.60296,1838781509.3650436,0.0449669320639051,11.604060968243646,158460173.0719238,0.1060087416629959,0.0584150634111719,0.047593678251824,0.1007578069208534,0.0567725659637972,0.0439852409570562,385.4819030761719,0.0654027993991572,0.005595846654258,10.354326497069756,1.23622108511661,1.24817184167345,11.688
2017_hurricane_maria,USA_C21,2017-09,ITA_Q,ITA,2018-02,5,-0.2826093980400834,-76458713.32350391,460221201.6181249,-128506890.7891249,-0.2792285325780261,,-76458713.32350391,0.0,-0.270501518408862,0.0121078796312213,-0.3153979916437812,0.0120351655836508,-0.327433157227432,43046121061.396,44946120294.877,0.0441386862888541,46837223266.97195,-1891102972.094948,-0.040376069292487,-11.93424780141185,158460173.0719238,0.0441386862888541,0.0880707044467201,-0.043932018157866,0.043192321909693,0.0844061320250979,-0.0412138101154049,385.4819030761719,0.0654027993991572,0.005595846654258,10.354326497069756,1.23622108511661,1.24817184167345,11.688
2017_hurricane_maria,USA_C21,2017-09,ITA_Q,ITA,2018-03,6,-0.3887777203298109,-158761175.41585484,568426159.2461249,-266835578.88812497,-0.4694287455771135,,-158761175.4158548,0.0,-0.5605844663102911,-0.1718067459804802,-0.8223097657501519,-0.1885087529535383,-0.6338010127966136,52159371761.578,51613221025.416,-0.0104708074065476,53005991023.06445,-1392769997.6484528,-0.0262757090428215,-8.789400962071937,158460173.0719238,-0.0104708074065476,0.0162313929959964,-0.026702200402544,-0.0105260120061814,0.0161010722369212,-0.0266270842431026,385.4819030761719,0.0654027993991572,0.005595846654258,10.354326497069756,1.23622108511661,1.24817184167345,11.688
2017_hurricane_maria,USA_C21,2017-09,ITA_Q,ITA,2018-04,7,-0.112428880936997,-21323369.897528324,386979977.864625,-35838949.513625026,-0.0926118961280274,,-21323369.897528324,0.0,0.10154994508309,0.2139788260200871,0.096718228733021,0.1939032504331521,-0.0971850217001311,41745713598.927,44824574054.566,0.073752732680994,47096311336.04996,-2271737281.4839554,-0.0482359916740453,-14.336329674793628,158460173.0719238,0.073752732680994,0.1281711887483577,-0.0544184560673636,0.071159739299567,0.1205979046330831,-0.049438165333516,385.4819030761719,0.0654027993991572,0.005595846654258,10.354326497069756,1.23622108511661,1.24817184167345,11.688
2017_hurricane_maria,USA_C21,2017-09,ITA_Q,ITA,2018-05,8,-0.2307715099876811,-60762782.58864533,475798476.5441249,-102126179.3031249,-0.2146416693994056,,-60762782.58864533,0.0,-0.1556237503126428,0.0751477596750383,-0.1691570898376611,0.0724581028366841,-0.2416151926743452,48349528868.537,48171633702.494,-0.0036793567632623,51010372365.15144,-2838738662.65744,-0.0556502242786365,-17.91452456238931,158460173.0719238,-0.0036793567632623,0.0550334937874846,-0.0587128505507469,-0.0036861422455345,0.0535725140888665,-0.057258656334401,385.4819030761719,0.0654027993991572,0.005595846654258,10.354326497069756,1.23622108511661,1.24817184167345,11.688
2017_hurricane_maria,USA_C21,2017-09,DEU_Q,DEU,2017-10,1,-0.1648517115899561,-52762048.81060841,712208840.734875,-104752536.81387508,-0.1470812082391293,,-52762048.81060841,0.0,-0.0440306797016748,0.1208210318882813,-0.0450294581113546,0.1140614807630164,-0.1590909388743711,111789934068.954,127409810178.185,0.1397252466362167,116642741394.24942,10767068783.935575,0.0923080909727864,3.99993443388171,2691811318.8887315,0.1397252466362167,0.0434100562426499,0.0963151903935667,0.1307872216346979,0.0424942495147249,0.088292972119973,372.34271240234375,0.0589094834985096,0.0031140774666695,10.667790488372235,2.22222216259371,1.25424485239203,4.104
2018_sweden_wildfires,SWE_C16,2018-07,GBR_F,GBR,2018-07,0,-0.097432138223798,-3977720.032497475,78794453.01009087,-6991849.666090876,-0.0887353030446884,-2.2121691219296573,-3977720.032497475,3160630.7116301944,0.0005766010344625,0.0980087392582605,0.000576434855926,0.0934983010634127,-0.0929218662074866,38870610660.822,42176536182.995,0.0850494876712876,42681409443.24237,-504873260.24736786,-0.0118288797589673,,0.0,0.0850494876712876,0.0980380477084016,-0.0129885600371139,0.0816255967072159,0.0935249943138281,-0.0118993976066121,284.26568603515625,0.2244462315306407,0.0011369190137225,10.619320736402576,3.02322219840339,1.54252781517637,4.452
2018_sweden_wildfires,SWE_C16,2018-07,GBR_F,GBR,2018-08,1,-0.0954698044982657,-3089036.335049034,67968002.2995909,-5429763.153590895,-0.0798870493450353,-1.7179365920893443,-3089036.335049033,3160630.7116301944,0.0995900366272693,0.195059841125535,0.0949374147689887,0.178196257515502,-0.0832588427465133,33667530022.75,40506368323.504,0.2031286018348486,39781118867.02885,725249456.4751511,0.0182309969435336,,0.0,0.2031286018348486,0.1815870911869014,0.0215415106479472,0.1849253322173751,0.1668585273120406,0.0180668049053345,284.26568603515625,0.2244462315306407,0.0011369190137225,10.619320736402576,3.02322219840339,1.54252781517637,4.452
2018_sweden_wildfires,SWE_C16,2018-07,GBR_F,GBR,2018-09,2,-0.2235252375149599,-9479562.50478456,85693709.03459084,-16662730.255590856,-0.194445198408495,-5.271963660378574,-9479562.50478456,3160630.7116301944,-0.0739713305813831,0.1495539069335767,-0.076850083248388,0.1393739583602773,-0.2162240416086653,37715355134.614,42214642978.926,0.1192959161660576,43096803797.43638,-882160818.510376,-0.0204692863688153,,0.0,0.1192959161660576,0.1426858806874511,-0.0233899645213934,0.1126998413429483,0.133381526993439,-0.0206816856504907,284.26568603515625,0.2244462315306407,0.0011369190137225,10.619320736402576,3.02322219840339,1.54252781517637,4.452
2018_sweden_wildfires,SWE_C16,2018-07,GBR_F,GBR,2018-10,3,-0.0117024958447981,-461176.70429115446,78985089.92459089,-810634.7755908966,-0.0102631367054823,-0.2564788010848589,-461176.70429115527,3160630.7116301944,0.1285430431770971,0.1402455390218953,0.1209274568418159,0.1312436225456927,-0.0103161657038768,38998789070.931,43284411146.046,0.1098911575772342,43584461760.54987,-300050614.50387573,-0.0068843482833936,,0.0,0.1098911575772342,0.1175850019670726,-0.0076938443898384,0.104261954277149,0.111170109010203,-0.006908154733054,284.26568603515625,0.2244462315306407,0.0011369190137225,10.619320736402576,3.02322219840339,1.54252781517637,4.452
2018_sweden_wildfires,SWE_C16,2018-07,JPN_F,JPN,2018-07,0,-0.1848676105935216,-1740834.799266024,25798390.59637501,-3720064.75737501,-0.1441975515285718,,-1740834.799266024,0.0,0.0971764229828129,0.2820440335763345,0.0927399870993888,0.2484556945394374,-0.1557157074400486,57784697803.306,60563814715.671,0.0480943401629418,63826583729.12149,-3262769013.450493,-0.0511192801309499,,0.0,0.0480943401629418,0.1045585796153427,-0.0564642394524008,0.046973601086016,0.099445779695273,-0.052472178609257,87.6897964477539,0.0812707058127536,0.0003094881313598,10.567078543904774,1.67533175173359,-0.0743495037964408,2.822
2018_sweden_wildfires,SWE_C16,2018-07,JPN_F,JPN,2018-08,1,-0.277681516059137,-2852632.1646670103,28121794.917875007,-6095912.366875008,-0.2167682534019289,,-2852632.16466701,0.0,0.0033248661081973,0.2810063821673344,0.0033193508112958,0.247645995085616,-0.2443266442743201,57121477018.677,60218825260.702,0.0542238822188064,62194329107.31349,-1975503846.6114883,-0.0317634079339106,,0.0,0.0542238822188064,0.0888081393094548,-0.0345842570906483,0.0528048395343425,0.0850836478120236,-0.032278808277681,87.6897964477539,0.0812707058127536,0.0003094881313598,10.567078543904774,1.67533175173359,-0.0743495037964408,2.822
2018_sweden_wildfires,SWE_C16,2018-07,JPN_F,JPN,2018-09,2,-0.3398910340294928,-3604254.9949568366,25141126.149874996,-7702087.520874996,-0.306354117749546,,-3604254.994956837,0.0,-0.2304199535481647,0.109471080481328,-0.2619102939214492,0.1038833933349607,-0.36579368725641,61511015233.752,60000355244.821,-0.0245591782738464,67411437156.53849,-7411081911.717491,-0.1099380494515783,,0.0,-0.0245591782738464,0.0959246388693783,-0.1204838171432248,-0.0248657853141871,0.0915984260046371,-0.1164642113188243,87.6897964477539,0.0812707058127536,0.0003094881313598,10.567078543904774,1.67533175173359,-0.0743495037964408,2.822
2018_sweden_wildfires,SWE_C16,2018-07,JPN_F,JPN,2018-10,3,-0.2960120783716989,-3097699.066936055,24241900.500875,-6619606.370874997,-0.2730646621800986,,-3097699.066936055,0.0,-0.2119755135214826,0.0840365648502163,-0.2382261033669088,0.0806916303936198,-0.3189177337605287,59251947556.48,64229305570.842,0.0840032812359035,65280504812.107506,-1051199241.2655028,-0.0161028050302475,,0.0,0.0840032812359035,0.1017444574270065,-0.0177411761911029,0.0806609299819562,0.0968947940264115,-0.0162338640444552,87.6897964477539,0.0812707058127536,0.0003094881313598,10.567078543904774,1.67533175173359,-0.0743495037964408,2.822
2018_sweden_wildfires,SWE_C16,2018-07,JPN_F,JPN,2018-11,4,-0.2395626138499292,-3300541.476300569,30085048.049875017,-7053069.039875016,-0.2344376857295502,,-3300541.476300569,0.0,-0.2177021006631065,0.0218605131868227,-0.245519656082358,0.0216249975784563,-0.2671446536608144,61241896794.246,61094359565.358,-0.0024090897998094,65677449059.492,-4583089494.134003,-0.0697817829371318,,0.0,-0.0024090897998094,0.0724267617011945,-0.0748358515010039,-0.0024119963255948,0.0699240820291429,-0.0723360783547377,87.6897964477539,0.0812707058127536,0.0003094881313598,10.567078543904774,1.67533175173359,-0.0743495037964408,2.822
2018_sweden_wildfires,SWE_C16,2018-07,JPN_F,JPN,2018-12,5,-0.2832671126324166,-3161482.7562092454,28637951.553874996,-6755908.479874998,-0.2359075322536767,,-3161482.7562092454,0.0,-0.0825122663318201,0.2007548463005965,-0.0861160646709926,0.1829503906058462,-0.2690664552768389,64664951431.457,62375577047.856,-0.0354036357087141,68529757305.418015,-6154180257.562012,-0.089803035929845,,0.0,-0.0354036357087141,0.059766624553296,-0.0951702602620102,-0.0360455404899333,0.0580487183673597,-0.094094258857293,87.6897964477539,0.0812707058127536,0.0003094881313598,10.567078543904774,1.67533175173359,-0.0743495037964408,2.822
2018_sweden_wildfires,SWE_C16,2018-07,JPN_F,JPN,2019-01,6,-0.2473474596616407,-3520632.25813568,31854119.884875,-7523390.497875001,-0.2361826515711477,,-3520632.25813568,0.0,-0.2000755367823698,0.0472719228792709,-0.2232379685269485,0.0461886129010373,-0.2694265814279859,54940108410.731,51178496968.936,-0.0684674921584297,58473422438.28949,-7294925469.353493,-0.1247562595990044,,0.0,-0.0684674921584297,0.0643121051226093,-0.1327795972810391,-0.070924191167446,0.062328679787118,-0.1332528709545641,87.6897964477539,0.0812707058127536,0.0003094881313598,10.567078543904774,1.67533175173359,-0.0743495037964408,2.822
2018_sweden_wildfires,SWE_C16,2018-07,JPN_F,JPN,2019-02,7,-0.3300915828627419,-3735655.685134985,29639159.625375,-7982883.307374999,-0.2693356832067737,,-3735655.685134985,0.0,-0.1045147156144286,0.2255768672483132,-0.1103894856372527,0.2034116375810839,-0.3138011232183366,59895838643.143,57866265951.74,-0.0338850367134036,65397591927.257,-7531325975.517006,-0.1151621298823088,,0.0,-0.0338850367134036,0.0918553510352068,-0.1257403877486104,-0.0344724422366624,0.0878784061254158,-0.1223508483620783,87.6897964477539,0.0812707058127536,0.0003094881313598,10.567078543904774,1.67533175173359,-0.0743495037964408,2.822
2018_sweden_wildfires,SWE_C16,2018-07,JPN_F,JPN,2019-03,8,-0.3698722284824583,-4802564.070337647,29253821.216374997,-10262805.724374998,-0.3508193219773399,,-4802564.070337646,0.0,-0.3155624875088724,0.0543097409735858,-0.3791579110795382,0.0528862769822318,-0.43204418806177,69642113605.707,64764011662.057,-0.0700452885630147,74184031829.22751,-9420020167.17051,-0.1269817767367444,,0.0,-0.0700452885630147,0.065217983607383,-0.1352632721703978,-0.072619391399094,0.0631794576600839,-0.1357988490591779,87.6897964477539,0.0812707058127536,0.0003094881313598,10.567078543904774,1.67533175173359,-0.0743495037964408,2.822
2018_sweden_wildfires,SWE_C16,2018-07,JPN_F,JPN,2019-04,9,-0.0577368014445397,-614755.2743293274,25586665.086875007,-1313696.9868750088,-0.0513430328811739,,-614755.2743293274,0.0,0.0667936013106544,0.1245304027551941,0.0646575125344561,0.1173655238723334,-0.0527080113378772,63450391786.956,59681755893.451,-0.0593949980034599,67865945268.0515,-8184189374.600502,-0.1205934632204007,,0.0,-0.0593949980034599,0.0695906417082713,-0.1289856397117313,-0.0612319916058083,0.067275997428478,-0.1285079890342864,87.6897964477539,0.0812707058127536,0.0003094881313598,10.567078543904774,1.67533175173359,-0.0743495037964408,2.822
2018_sweden_wildfires,SWE_C16,2018-07,JPN_F,JPN,2019-05,10,-0.358572905361182,-3988610.802912937,30058322.749375004,-8523433.978375003,-0.2835631931110404,,-3988610.802912937,0.0,-0.094047346076876,0.2645255592843059,-0.0987682283004645,0.2346969910803373,-0.3334652193808018,57673497559.978,53142104023.638,-0.0785697716984744,62282544144.92047,-9140440121.28247,-0.1467576549219679,,0.0,-0.0785697716984744,0.0799161968658006,-0.1584859685642751,-0.0818282200910758,0.0768834426295299,-0.1587116627206057,87.6897964477539,0.0812707058127536,0.0003094881313598,10.567078543904774,1.67533175173359,-0.0743495037964408,2.822
2018_sweden_wildfires,SWE_C16,2018-07,JPN_F,JPN,2019-06,11,-0.3209081911062719,-3617507.24284362,30524253.286375005,-7730406.819375005,-0.2532545758564255,,-3617507.242843619,0.0,-0.053771397936539,0.2671367931697327,-0.0552710855343079,0.2367598529549752,-0.2920309384892832,64111035152.311,60940829710.807,-0.0494486703259808,69226947417.30698,-8286117706.499977,-0.1196949745097155,,0.0,-0.0494486703259808,0.0797976861992933,-0.1292463565252742,-0.0507131156976647,0.0767736959937224,-0.1274868116913872,87.6897964477539,0.0812707058127536,0.0003094881313598,10.567078543904774,1.67533175173359,-0.0743495037964408,2.822
2018_sweden_wildfires,SWE_C16,2018-07,DNK_F,DNK,2018-07,0,-0.1701475949071644,-3052081.3803071114,29110731.773625,-4410263.7846249975,-0.1514995850643919,,-3052081.3803071114,0.0,-0.0470580839039066,0.1230895110032578,-0.0482013237628073,0.1160833753891772,-0.1642846991519846,7980532005.518,8841593511.609,0.1078952512809463,8965060739.740555,-123467228.13155556,-0.0137720459142286,-1.1623884993330733,106218556.19046088,0.1078952512809463,0.1233663035925198,-0.0154710523115735,0.1024620452887354,0.1163298056307837,-0.0138677603420482,87.3196029663086,0.1084897755225635,0.0030804739887009,10.959932349881608,3.05647723922718,1.10061874801856,5.833
2018_sweden_wildfires,SWE_C16,2018-07,DNK_F,DNK,2018-08,1,-0.1239412079886388,-2639385.8647422083,32395966.300624978,-3813917.927624982,-0.1177281730766402,,-2639385.8647422083,0.0,-0.0711667976701,0.0527744103185387,-0.0738260991915957,0.0514289733560886,-0.1252550725476844,8833205973.543,8654454924.329,-0.0202362596037485,9744361098.836826,-1089906174.507826,-0.1118499369484497,-10.260977117345778,106218556.19046088,-0.0202362596037485,0.1031511240678521,-0.1233873836716007,-0.0204438176082462,0.0981707427230667,-0.1186145603313129,87.3196029663086,0.1084897755225635,0.0030804739887009,10.959932349881608,3.05647723922718,1.10061874801856,5.833
2018_sweden_wildfires,SWE_C16,2018-07,DNK_F,DNK,2018-09,2,-0.055563507937787,-1365111.1480787222,39199975.29762499,-1972588.3776249888,-0.0503211637927869,,-1365111.1480787222,0.0,0.0486142127243794,0.1041777206621664,0.0474694937585518,0.0991009111022585,-0.0516314173437066,9517240446.96,8921516826.308,-0.0625941546787635,10443013133.022827,-1521496306.7148266,-0.1456951444314056,-14.324204369588925,106218556.19046088,-0.0625941546787635,0.097273226543156,-0.1598673812219195,-0.064638957831498,0.0928282173119861,-0.1574671751434841,87.3196029663086,0.1084897755225635,0.0030804739887009,10.959932349881608,3.05647723922718,1.10061874801856,5.833
2018_sweden_wildfires,SWE_C16,2018-07,DNK_F,DNK,2018-10,3,-0.0968253753108367,-2274450.998405149,38621995.782625,-3286586.305624999,-0.0850962317981388,,-2274450.998405149,0.0,0.0410085012880847,0.1378338765989215,0.0401899549020328,0.1291263430953897,-0.0889363881933569,9358721401.755,9698338944.819,0.0362888826886452,10145634544.418827,-447295599.5998287,-0.0440874937532506,-4.2110871738623645,106218556.19046088,0.0362888826886452,0.0840834029439388,-0.0477945202552935,0.0356459492577627,0.0807348400346192,-0.0450888907768565,87.3196029663086,0.1084897755225635,0.0030804739887009,10.959932349881608,3.05647723922718,1.10061874801856,5.833
2018_sweden_wildfires,SWE_C16,2018-07,DNK_F,DNK,2018-11,4,-0.1471080328442106,-3324304.2279825513,37414898.82262499,-4803626.351624988,-0.1283880620497685,,-3324304.2279825513,0.0,-0.0013003113507162,0.1458077214934944,-0.0013011574492232,0.1361098180265862,-0.1374109754758095,8964373106.953,9445096992.131,0.0536260460650772,10043942671.72183,-598845679.5908298,-0.0596225704550113,-5.637863110444068,106218556.19046088,0.0536260460650772,0.120428896910983,-0.0668028508459057,0.0522375921541815,0.1137115556613181,-0.0614739635071366,87.3196029663086,0.1084897755225635,0.0030804739887009,10.959932349881608,3.05647723922718,1.10061874801856,5.833
2018_sweden_wildfires,SWE_C16,2018-07,DNK_F,DNK,2018-12,5,-0.235673886228667,-4198072.425467918,28702063.170124993,-6066223.169124991,-0.2113514674247918,,-4198072.425467918,0.0,-0.1205934512535458,0.1150804349751212,-0.1285079701008875,0.1089265372918468,-0.2374345073927344,8093040942.72,7596618742.643,-0.0613393906679233,9218831597.63483,-1622212854.9918308,-0.1759672945330754,-15.272405436231264,106218556.19046088,-0.0613393906679233,0.139106012546189,-0.2004454032141124,-0.0633013035113982,0.1302437552251376,-0.1935450587365359,87.3196029663086,0.1084897755225635,0.0030804739887009,10.959932349881608,3.05647723922718,1.10061874801856,5.833
2018_sweden_wildfires,SWE_C16,2018-07,DNK_F,DNK,2019-01,6,-0.0857673350124678,-1977847.445503224,33704194.98212499,-2857993.5701249912,-0.0847963753960219,,-1977847.445503224,0.0,-0.0743168501077625,0.0114504849047053,-0.077223271223179,0.0113854239421122,-0.0886086951652913,9095469109.559,9428392536.897,0.0366032167585627,9867489606.516329,-439097069.61932755,-0.0444993698629644,-4.133901696347491,106218556.19046088,0.0366032167585627,0.0848796788442678,-0.0482764620857051,0.0359492299468691,0.0814690857600979,-0.0455198558132288,87.3196029663086,0.1084897755225635,0.0030804739887009,10.959932349881608,3.05647723922718,1.10061874801856,5.833
2018_sweden_wildfires,SWE_C16,2018-07,DNK_F,DNK,2019-02,7,-0.0949102529885309,-2182869.1778111863,34539272.497124985,-3154250.389124982,-0.0913235908309168,,-2182869.1778111863,0.0,-0.0556360399951473,0.0392742129933835,-0.0572436345169755,0.0385225962683435,-0.0957662307853191,8875350476.458,8507407851.637,-0.0414566867862822,9605260402.35333,-1097852550.7163303,-0.1142970106721262,-10.335788680348536,106218556.19046088,-0.0414566867862822,0.0822401242442681,-0.1236968110305503,-0.0423405289744884,0.0790330820823328,-0.1213736110568213,87.3196029663086,0.1084897755225635,0.0030804739887009,10.959932349881608,3.05647723922718,1.10061874801856,5.833
2018_sweden_wildfires,SWE_C16,2018-07,DNK_F,DNK,2019-03,8,-0.1114469551328179,-2653876.121220809,37205508.28162498,-3834856.377624985,-0.1030722749061041,,-2653876.121220809,0.0,-0.0301963934823368,0.081250561650481,-0.0306616945867084,0.0781182965255169,-0.1087799911122253,9392350900.897,9172791067.156,-0.0233764513333962,10769471922.758331,-1596680855.6023312,-0.1482599023475035,-15.032033129308562,106218556.19046088,-0.0233764513333962,0.1466215472986441,-0.1699979986320403,-0.023654014734074,0.1368198336433543,-0.1604738483774284,87.3196029663086,0.1084897755225635,0.0030804739887009,10.959932349881608,3.05647723922718,1.10061874801856,5.833
2018_sweden_wildfires,SWE_C16,2018-07,DNK_F,DNK,2019-04,9,-0.0294775945985668,-606075.1736423157,31875812.996124983,-875779.8551249802,-0.0274747456710028,,-606075.1736423157,0.0,0.0434202204184375,0.0728978150170044,0.0425039893721788,0.070363223850915,-0.0278592344787362,8719398281.744,8864850381.741,0.0166814377892951,9458838668.722326,-593988286.981327,-0.0627971686360902,-5.592132940653462,106218556.19046088,0.0166814377892951,0.0848040613681462,-0.068122623578851,0.0165438308168646,0.0813993820745864,-0.0648555512577218,87.3196029663086,0.1084897755225635,0.0030804739887009,10.959932349881608,3.05647723922718,1.10061874801856,5.833
2018_sweden_wildfires,SWE_C16,2018-07,DNK_F,DNK,2019-05,10,-0.1569715598247019,-4283654.393929415,40660469.34512499,-6189889.287124991,-0.1522335916633272,,-4283654.393929416,0.0,-0.1258485461086952,0.0311230137160067,-0.1345016264832175,0.0306485121044026,-0.1651501385876201,9171050198.816,9662035476.555,0.0535364289906937,10376898811.04683,-714863334.4918289,-0.068889881987749,-6.73011722367987,106218556.19046088,0.0535364289906937,0.1314842451071205,-0.0779478161164267,0.0521525326721992,0.1235302620818181,-0.0713777294096189,87.3196029663086,0.1084897755225635,0.0030804739887009,10.959932349881608,3.05647723922718,1.10061874801856,5.833
2018_sweden_wildfires,SWE_C16,2018-07,DNK_F,DNK,2019-06,11,-0.1927671638791289,-5083591.76908954,40407690.72862498,-7345800.416624978,-0.1817921362039425,,-5083591.76908954,0.0,-0.1323958634237884,0.0603713004553405,-0.1420197281983419,0.0586191287434303,-0.2006388569417723,9341264750.802,8939517323.263,-0.0430078194180833,10517539209.622824,-1578021886.3598232,-0.1500371764638673,-14.856367314297383,106218556.19046088,-0.0430078194180833,0.1259223981120794,-0.1689302175301627,-0.0439600583185502,0.1186026091352445,-0.1625626674537947,87.3196029663086,0.1084897755225635,0.0030804739887009,10.959932349881608,3.05647723922718,1.10061874801856,5.833
2018_sweden_wildfires,SWE_C16,2018-07,NLD_F,NLD,2018-07,0,-0.196511673703882,-1687903.4611674976,25907844.60700001,-4054467.275000006,-0.1564957385109734,,-1687903.461167497,0.0,0.0591881656249868,0.2556998393288689,0.0575027304926329,0.2276930481897423,-0.1701903176971093,42376955224.094,47340356677.504,0.1171250135164969,49796225408.481,-2455868730.977005,-0.0493183712386107,,0.0,0.1171250135164969,0.1750779437822534,-0.0579529302657564,0.1107584328163042,0.1613344805263601,-0.0505760477100558,69.29090118408203,0.0405738663374412,0.0014178670260289,10.810024505279255,2.78154619309936,1.43932706656167,4.837
2018_sweden_wildfires,SWE_C16,2018-07,NLD_F,NLD,2018-08,1,-0.1752343292098161,-1138103.41069624,20298879.3995,-2733807.4365000017,-0.1346777515495432,,-1138103.41069624,0.0,0.125903588476266,0.3011379176860821,0.1185858958609458,0.2632391880589999,-0.1446532921980541,43407416547.885,47004815255.897,0.0828752087570915,50517401207.41548,-3512585951.5184784,-0.0695321981646764,,0.0,0.0828752087570915,0.1637965404296079,-0.0809213316725163,0.0796197340068012,0.1516875405824969,-0.0720678065756956,69.29090118408203,0.0405738663374412,0.0014178670260289,10.810024505279255,2.78154619309936,1.43932706656167,4.837
2018_sweden_wildfires,SWE_C16,2018-07,NLD_F,NLD,2018-09,2,-0.3306706310222438,-3378031.530859953,30704472.63900001,-8114278.222000003,-0.2642702357210806,,-3378031.530859953,0.0,-0.0794111763962437,0.2512594546260001,-0.0827417844965694,0.2241505995802484,-0.3068923840768178,46883834285.503,49132112863.129,0.0479542386387367,54038235458.36049,-4906122595.231491,-0.090789837114721,,0.0,0.0479542386387367,0.1525984655881635,-0.1046442269494267,0.0468399195234603,0.1420189287553661,-0.0951790092319058,69.29090118408203,0.0405738663374412,0.0014178670260289,10.810024505279255,2.78154619309936,1.43932706656167,4.837
2018_sweden_wildfires,SWE_C16,2018-07,NLD_F,NLD,2018-10,3,-0.0801602791824093,-924061.3990419884,31066277.047500003,-2219662.906500004,-0.0714492728918294,,-924061.3990419884,0.0,0.0417584743333605,0.1219187535157699,0.0409101245489829,0.1150403883578583,-0.0741302638088754,46242596073.472,51496386477.941,0.1136136560352619,52805921018.19849,-1309534540.2574844,-0.0247990095619424,,0.0,0.1136136560352619,0.1419324497763582,-0.0283187937410963,0.1076102734833206,0.1327219586728603,-0.0251116851895396,69.29090118408203,0.0405738663374412,0.0014178670260289,10.810024505279255,2.78154619309936,1.43932706656167,4.837
2018_sweden_wildfires,SWE_C16,2018-07,NLD_F,NLD,2018-11,4,-0.0843038059427982,-897224.5365131524,29409453.096500013,-2155198.8045000136,-0.0732825189719866,,-897224.5365131526,0.0,0.0660906827486274,0.1503944886914257,0.0639983879450802,0.1401049120834727,-0.0761065241383924,49571382984.263,50996976665.011,0.0287584004101836,55671206673.7115,-4674230008.7005005,-0.0839613561117172,,0.0,0.0287584004101836,0.1230513115073864,-0.0942929110972027,0.0283526386230512,0.116049366168319,-0.0876967275452678,69.29090118408203,0.0405738663374412,0.0014178670260289,10.810024505279255,2.78154619309936,1.43932706656167,4.837
2018_sweden_wildfires,SWE_C16,2018-07,NLD_F,NLD,2018-12,5,-0.2088860061622395,-1591923.25087997,23786146.255500007,-3823915.8065000065,-0.1607623095151789,,-1591923.25087997,0.0,0.090460879262524,0.2993468854247636,0.0866004273556342,0.2618617298123915,-0.1752613024567573,45124853003.189,44395665300.765,-0.0161593369040442,52392429458.97647,-7996764158.211472,-0.152632054684026,,0.0,-0.0161593369040442,0.1610548505337815,-0.1772141874378258,-0.0162913227892467,0.1493289458118489,-0.1656202686010957,69.29090118408203,0.0405738663374412,0.0014178670260289,10.810024505279255,2.78154619309936,1.43932706656167,4.837
2018_sweden_wildfires,SWE_C16,2018-07,NLD_F,NLD,2019-01,6,-0.1900210382936562,-1780332.963538522,26237923.65000001,-4276489.6840000115,-0.1629888759890499,,-1780332.963538522,0.0,-0.0241682330603565,0.1658528052332997,-0.0244650762648532,0.1534528345588661,-0.1779179108237194,49605569015.673,47203576213.414,-0.0484218375057864,54858546134.64049,-7654969921.226486,-0.1395401530043966,,0.0,-0.0484218375057864,0.1058949070276323,-0.1543167445334188,-0.0496334490142196,0.1006548778127793,-0.150288326826999,69.29090118408203,0.0405738663374412,0.0014178670260289,10.810024505279255,2.78154619309936,1.43932706656167,4.837
2018_sweden_wildfires,SWE_C16,2018-07,NLD_F,NLD,2019-02,7,-0.2142161417661335,-2292464.0623407234,30392729.699000016,-5506665.9520000145,-0.1811836582806576,,-2292464.0623407234,0.0,-0.0319012255152001,0.1823149162509334,-0.0324211558723455,0.1674743041082393,-0.1998954599805849,48027849430.185,46676781627.791,-0.0281309244203815,53928638564.2405,-7251856936.449501,-0.1344713519480191,,0.0,-0.0281309244203815,0.1228618229644677,-0.1509927473848492,-0.0285341794991467,0.1158806254093498,-0.1444148049084965,69.29090118408203,0.0405738663374412,0.0014178670260289,10.810024505279255,2.78154619309936,1.43932706656167,4.837
2018_sweden_wildfires,SWE_C16,2018-07,NLD_F,NLD,2019-03,8,-0.3193201460337652,-4147954.326876806,32790386.37700001,-9963688.95700001,-0.3038600656437762,,-4147954.326876806,0.0,-0.2684411983272468,0.0508789477065183,-0.3125776649308349,0.0496269055046276,-0.3622045704354626,53641144788.437,51137566390.092,-0.0466727249804085,60088461489.58,-8950895099.487999,-0.1489619617077428,,0.0,-0.0466727249804085,0.1201934956192956,-0.1668662205997041,-0.0477970187301828,0.1135014343288318,-0.1612984530590147,69.29090118408203,0.0405738663374412,0.0014178670260289,10.810024505279255,2.78154619309936,1.43932706656167,4.837
2018_sweden_wildfires,SWE_C16,2018-07,NLD_F,NLD,2019-04,9,-0.3055218895120854,-3399570.9419063656,29148910.672,-8166017.458999995,-0.2801482892753226,,-3399570.941906365,0.0,-0.2149498560279679,0.0905720334841174,-0.2420076753243876,0.0867023568353353,-0.3287100321597229,47391103113.344,48043295195.79,0.0137619097172346,52755100047.851974,-4711804852.061974,-0.0893146794866864,,0.0,0.0137619097172346,0.1131857370291433,-0.0994238273119087,0.0136680745579553,0.1072259379992637,-0.0935578634413083,69.29090118408203,0.0405738663374412,0.0014178670260289,10.810024505279255,2.78154619309936,1.43932706656167,4.837
2018_sweden_wildfires,SWE_C16,2018-07,NLD_F,NLD,2019-05,10,-0.3435096315315267,-3799480.328378536,32837170.1555,-9126628.985499997,-0.2779359165933289,,-3799480.328378536,0.0,-0.1075785732432085,0.2359310582883182,-0.1138168019139769,0.211824572211082,-0.325641374125059,49703485730.983,50053491715.279,0.0070418800441961,56885242428.28747,-6831750713.008469,-0.1200970659766622,,0.0,0.0070418800441961,0.1444920128172755,-0.1374501327730793,0.0070172017932321,0.1349608816306649,-0.1279436798374327,69.29090118408203,0.0405738663374412,0.0014178670260289,10.810024505279255,2.78154619309936,1.43932706656167,4.837
2018_sweden_wildfires,SWE_C16,2018-07,NLD_F,NLD,2019-06,11,-0.3759869528194067,-4150441.743613125,32055480.783500016,-9969663.913500018,-0.3110127712896985,,-4150441.743613125,0.0,-0.1670753339804918,0.2089116188389148,-0.1828120702915079,0.1897204597459953,-0.3725325300375033,49157606140.029,47016159725.668,-0.0435628701743721,57402072307.017006,-10385912581.349009,-0.1809327113801674,,0.0,-0.0435628701743721,0.1677149644655813,-0.2112778346399534,-0.0445402216645938,0.155048817348554,-0.1995890390131478,69.29090118408203,0.0405738663374412,0.0014178670260289,10.810024505279255,2.78154619309936,1.43932706656167,4.837
2018_sweden_wildfires,SWE_C16,2018-07,CHN_F,CHN,2018-07,0,-0.4616159911438537,-2946600.14841639,25151648.510281667,-8536123.510281667,-0.339386243680696,-4.144971573243432,-2946600.14841639,2059392.5336868272,-0.1014666045996101,0.3601493865442436,-0.1069913993954863,0.3075945224437788,-0.4145859218392651,192120235041.0,214362761223.0,0.1157739900601998,213601392049.76767,761369173.2323303,0.0035644391917396,0.1322309601128553,5757873742.900478,0.1157739900601998,0.1118110073318587,0.0039629827283411,0.1095483255818621,0.1059902239480869,0.0035581016337751,50.17359924316406,0.1360185363513897,2.265807610168254e-05,9.10283049555193,6.8912663621211,4.14602237470578,4.47
2018_sweden_wildfires,SWE_C16,2018-07,CHN_F,CHN,2018-08,1,-0.3960596204746759,-2683691.690231933,25055675.51030818,-7774493.51030818,-0.3102887210967299,-3.775139213693221,-2683691.690231933,2059392.5336868272,-0.1196367486577925,0.2764228718168833,-0.1274206641433366,0.2440615232331993,-0.3714821873765359,198044338612.0,216905658340.0,0.0952378637036037,225633876190.4824,-8728217850.482422,-0.0386831002411799,-1.515875172018909,5757873742.900478,0.0952378637036037,0.1393099028825795,-0.0440720391789758,0.0909715668042068,0.1304227307598857,-0.0394511639556789,50.17359924316406,0.1360185363513897,2.265807610168254e-05,9.10283049555193,6.8912663621211,4.14602237470578,4.47
2018_sweden_wildfires,SWE_C16,2018-07,CHN_F,CHN,2018-09,2,-0.7042940773262784,-5414030.875692699,23038863.010320544,-15684122.010320544,-0.680768057143039,-7.615897287071371,-5414030.875692699,2059392.5336868272,-0.6697360219998132,0.0345580553264651,-1.107862919902059,0.0339743343424423,-1.1418372542445017,197943516418.0,225348905583.0,0.1384505522632409,222917410879.48245,2431494703.5175476,0.0109076033761764,0.4222903821945744,5757873742.900478,0.1384505522632409,0.1261667717812223,0.0122837804820185,0.1296681732223099,0.1188196286797769,0.010848544542533,50.17359924316406,0.1360185363513897,2.265807610168254e-05,9.10283049555193,6.8912663621211,4.14602237470578,4.47
2018_sweden_wildfires,SWE_C16,2018-07,CHN_F,CHN,2018-10,3,-0.5949413973256545,-2774735.6918385904,17351707.510321766,-8038242.510321766,-0.4632536887531195,-3.9032104753392023,-2774735.69183859,2059392.5336868272,-0.3106744572674288,0.2842669400582256,-0.3720416003734392,0.2501880645190937,-0.622229664892533,187903059471.0,214728559126.0,0.1427624421365002,214605656647.9824,122902478.01757812,0.0005726898346355,0.021345115142394,5757873742.900478,0.1427624421365002,0.1421083682839319,0.0006540738525683,0.1334485260599578,0.1328760001495652,0.0005725259103925,50.17359924316406,0.1360185363513897,2.265807610168254e-05,9.10283049555193,6.8912663621211,4.14602237470578,4.47
2018_sweden_wildfires,SWE_C16,2018-07,CHN_F,CHN,2018-11,4,-0.494704204259323,-3308410.2696638573,20373219.683184978,-9584265.683184974,-0.4704345131611839,-4.65392853786196,-3308410.2696638573,2059392.5336868272,-0.4431142583281588,0.0515899459311642,-0.585395150674529,0.0503032505607272,-0.6356984012352562,215838590872.0,224275394791.0,0.0390884868406286,236920367355.48245,-12644972564.482452,-0.053372247838488,-2.196118416120854,5757873742.900478,0.0390884868406286,0.0976738052185704,-0.0585853183779418,0.0383438738809509,0.0931932180922636,-0.0548493442113127,50.17359924316406,0.1360185363513897,2.265807610168254e-05,9.10283049555193,6.8912663621211,4.14602237470578,4.47
2018_sweden_wildfires,SWE_C16,2018-07,CHN_F,CHN,2018-12,5,-0.5970794387485543,-4252375.257129676,23600713.510283593,-12318875.510283591,-0.5219704694485555,-5.981800608080154,-4252375.257129676,2059392.5336868272,-0.4531843839586752,0.143895054789879,-0.6036435754071192,0.1344391473290684,-0.7380827227361877,231545275483.0,220817963030.0,-0.04632922192268,252568755503.4824,-31750792473.48242,-0.125711481652546,-5.5143259284960005,5757873742.900478,-0.04632922192268,0.0907964110976903,-0.1371256330203703,-0.0474367634481005,0.0869080818273921,-0.1343448452754927,50.17359924316406,0.1360185363513897,2.265807610168254e-05,9.10283049555193,6.8912663621211,4.14602237470578,4.47
2018_sweden_wildfires,SWE_C16,2018-07,CHN_F,CHN,2019-01,6,-0.5017884466363973,-4931440.839474844,27202481.683810085,-14286087.683810083,-0.5251758957092741,-6.937039661027816,-4931440.839474843,2059392.5336868272,-0.5463210485017039,-0.0445326018653066,-0.7903654440864116,-0.0455546344617054,-0.7448108096247061,199469339162.0,218008454233.0,0.0929421792285749,222090422953.4824,-4081968720.4823914,-0.018379760217474,-0.7089368233396058,5757873742.900478,0.0929421792285749,0.1134063204225616,-0.0204641411939867,0.0888733068144063,0.1074240734369773,-0.018550766622571,50.17359924316406,0.1360185363513897,2.265807610168254e-05,9.10283049555193,6.8912663621211,4.14602237470578,4.47
2018_sweden_wildfires,SWE_C16,2018-07,CHN_F,CHN,2019-02,7,-1.608517273123179,-4054984.614636594,18872586.684102222,-11747046.684102222,-0.6224396729886333,-5.70413191848961,-4054984.614636594,2059392.5336868272,-0.02430334376371,1.5842139293594688,-0.0246035405041684,0.949421288550658,-0.9740248290548266,170555425957.0,135352185462.0,-0.2064035213038332,176920677559.48248,-41568492097.48248,-0.2349555330156744,-7.219417089292187,5757873742.900478,-0.2064035213038332,0.0373207217933205,-0.2437242430971538,-0.2311801601466001,0.0366411599196645,-0.2678213200662647,50.17359924316406,0.1360185363513897,2.265807610168254e-05,9.10283049555193,6.8912663621211,4.14602237470578,4.47
2018_sweden_wildfires,SWE_C16,2018-07,CHN_F,CHN,2019-03,8,-0.5973363825816014,-4954204.972936866,30615157.010101013,-14352034.010101013,-0.4687885156155095,-6.969061883703776,-4954204.972936866,2059392.5336868272,-0.3231234642098464,0.274212918371755,-0.3902663724189246,0.2423286601097274,-0.632595032528652,173920270439.0,198244457793.0,0.1398582654718867,195401427447.7676,2843030345.232422,0.0145496907692365,0.4937639260912779,5757873742.900478,0.1398582654718867,0.1235115202761933,0.0163467451956934,0.1309039261428317,0.1164590665074385,0.0144448596353932,50.17359924316406,0.1360185363513897,2.265807610168254e-05,9.10283049555193,6.8912663621211,4.14602237470578,4.47
2018_sweden_wildfires,SWE_C16,2018-07,CHN_F,CHN,2019-04,9,-0.6410465447617412,-5067017.349764843,26417196.684637085,-14678844.684637085,-0.5556548963112942,-7.12775463857698,-5067017.349764843,2059392.5336868272,-0.4873690571389055,0.1536774876228356,-0.6681990608187718,0.1429546497448477,-0.8111537105636195,198935025195.0,193607937320.0,-0.0267780290060952,220568328531.4824,-26960391211.48242,-0.1222314708144251,-4.682351926303504,5757873742.900478,-0.0267780290060952,0.1087455731602669,-0.1355236021663622,-0.0271430922959154,0.1032292619930679,-0.1303723542889834,50.17359924316406,0.1360185363513897,2.265807610168254e-05,9.10283049555193,6.8912663621211,4.14602237470578,4.47
2018_sweden_wildfires,SWE_C16,2018-07,CHN_F,CHN,2019-05,10,-0.5879784382681839,-4601023.9046260975,27829726.684864283,-13328889.684864284,-0.4789443258209736,-6.4722433760611136,-4601023.904626098,2059392.5336868272,-0.360323350674628,0.2276550875935559,-0.4467924408834989,0.2051059087972255,-0.6518983496807245,211564546704.0,213909622840.0,0.0110844476191041,232545551331.4824,-18635928491.48242,-0.0801388303701317,-3.2365990161664673,5757873742.900478,0.0110844476191041,0.0991707020592488,-0.0880862544401447,0.0110234653522276,0.094555988254072,-0.0835325229018444,50.17359924316406,0.1360185363513897,2.265807610168254e-05,9.10283049555193,6.8912663621211,4.14602237470578,4.47
2018_sweden_wildfires,SWE_C16,2018-07,CHN_F,CHN,2019-06,11,-0.488134713925718,-2976398.893994049,23144827.68502214,-8622448.685022142,-0.372543222285558,-4.186889358866327,-2976398.893994049,2059392.5336868272,-0.1778579870240594,0.3102767269016586,-0.195842121423432,0.2702383434084154,-0.4660804648318475,215555870253.0,212430944591.0,-0.0144970566486184,237374392772.48248,-24943448181.482483,-0.105080619228335,-4.332058897998246,5757873742.900478,-0.0144970566486184,0.1012198020581572,-0.1157168587067757,-0.0146031657358349,0.0964184763782576,-0.1110216421140926,50.17359924316406,0.1360185363513897,2.265807610168254e-05,9.10283049555193,6.8912663621211,4.14602237470578,4.47
2018_sweden_wildfires,SWE_C16,2018-07,USA_F,USA,2018-08,1,-1.1946207820167594,-8111420.9446791485,24217584.25000001,-19179149.25000001,-0.7919513792958107,-2.833260724469267,-8111420.94467915,6769284.974150303,-0.6861686052189928,0.5084521767977667,-1.1588992603974742,0.4110840556318855,-1.5699833160293597,129131227632.0,140067275895.0,0.0846894160579476,140544566124.8889,-477290229.8888855,-0.0033960062850438,-0.3023506131062011,1578598518.4069612,0.0846894160579476,0.0883855803292971,-0.0036961642713494,0.0812936935326007,0.0846954793355259,-0.0034017858029251,44.04899978637695,0.0764725883011495,6.41585624386281e-05,10.996016348224313,2.45762229852507,1.68508382434676,4.355
2018_sweden_wildfires,SWE_C16,2018-07,USA_F,USA,2018-09,2,-2.8320127664368235,-5629350.153930847,16009059.369921144,-13310386.369921144,-0.8314283845389167,-1.9662913322085245,-5629350.153930847,6769284.974150303,-0.4258110789549048,2.4062016874819188,-0.5547966482883187,1.225597645534803,-1.7803942938231216,130225414170.0,139113130990.0,0.0682487122551802,144452848164.33334,-5339717174.3333435,-0.0369651221293936,-3.382568216092022,1578598518.4069612,0.0682487122551802,0.109252361261531,-0.0410036490063508,0.0660205900693817,0.1036862399748095,-0.0376656499054277,44.04899978637695,0.0764725883011495,6.41585624386281e-05,10.996016348224313,2.45762229852507,1.68508382434676,4.355
2018_sweden_wildfires,SWE_C16,2018-07,DEU_F,DEU,2018-07,0,-0.0928941549159062,-560117.1813323414,19773323.628487896,-1745423.0954878964,-0.0882716091781972,-7.475222122709456,-560117.1813323414,233494.47907178084,-0.0405268560669945,0.0523672988489117,-0.0413709513258169,0.0510421941232692,-0.0924131454490861,117560562552.016,130139907460.967,0.107003102365941,137862783982.30676,-7722876521.339767,-0.0560185736734499,-13.245190187464718,583070262.6413562,0.107003102365941,0.172695851309046,-0.0656927489431049,0.1016564562203434,0.1593052447516498,-0.0576487885313063,40.1963005065918,0.0587583242987624,0.0002723751940152,10.72667422063125,2.797906720551,1.47661425586129,3.781
2018_sweden_wildfires,SWE_C16,2018-07,DEU_F,DEU,2018-08,1,-0.3222280405208062,-1787155.7664026015,18216983.1273865,-5569089.922386497,-0.3057086831251551,-23.85105611287044,-1787155.7664026015,233494.47907178084,-0.2681917690391481,0.054036271481658,-0.3122367577006848,0.052626859731248,-0.3648636174319328,120506620440.584,122183988191.786,0.0139192995793042,140153361927.25766,-17969373735.471664,-0.1282122204446164,-30.818539182686017,583070262.6413562,0.0139192995793042,0.1630345404662685,-0.1491152408869643,0.0138233157880236,0.1510325725494361,-0.1372092567614125,40.1963005065918,0.0587583242987624,0.0002723751940152,10.72667422063125,2.797906720551,1.47661425586129,3.781
2018_sweden_wildfires,SWE_C16,2018-07,DEU_F,DEU,2018-09,2,-0.1152137847157788,-735582.3472088921,21889821.55432503,-2292203.239325028,-0.1047154831132979,-9.816948342578838,-735582.3472088921,233494.47907178084,-0.0149582991814943,0.1002554855342844,-0.0150713020865644,0.0955424078328626,-0.1106137099194271,132025239444.827,127790479291.791,-0.0320753832437144,151294067685.19016,-23503588393.399155,-0.1553503633883714,-40.310044773893914,583070262.6413562,-0.0320753832437144,0.1459480650926261,-0.1780234483363406,-0.0326010699895178,0.1362322988463695,-0.1688333688358874,40.1963005065918,0.0587583242987624,0.0002723751940152,10.72667422063125,2.797906720551,1.47661425586129,3.781
2018_sweden_wildfires,SWE_C16,2018-07,DEU_F,DEU,2018-10,3,-0.0515058427125373,-349111.16768317646,22569855.187280197,-1087891.454280194,-0.048201082605674,-4.659174206623337,-349111.1676831765,233494.47907178084,0.017056105032475,0.0685619477450124,0.0169122819410389,0.0663137674228089,-0.0494014854817699,127409810178.185,134990030806.183,0.0594947957099765,145465699041.1167,-10475668234.9337,-0.0720146969628399,-17.966390855671598,583070262.6413562,0.0594947957099765,0.1417150597562323,-0.0822202640462558,0.0577921866891486,0.1325315702544038,-0.0747393835652552,40.1963005065918,0.0587583242987624,0.0002723751940152,10.72667422063125,2.797906720551,1.47661425586129,3.781
2018_sweden_wildfires,SWE_C16,2018-07,DEU_F,DEU,2018-11,4,-0.0728147993395715,-510431.31236125313,22712831.222251173,-1590593.238251172,-0.070030601763681,-6.812123543881276,-510431.3123612532,233494.47907178084,-0.0330579286891403,0.0397568706504312,-0.0336166893312253,0.0389869058517398,-0.0726035951829651,136998396297.594,132749914886.377,-0.0310111762329557,152676693037.41367,-19926778151.036667,-0.1305161760751104,-34.17560357265816,583070262.6413562,-0.0310111762329557,0.1144414618238492,-0.1454526380568049,-0.0315022009377941,0.1083533483037442,-0.1398555492415383,40.1963005065918,0.0587583242987624,0.0002723751940152,10.72667422063125,2.797906720551,1.47661425586129,3.781
2018_sweden_wildfires,SWE_C16,2018-07,DEU_F,DEU,2018-12,5,-0.1609232651218418,-732655.7457147195,13938143.146238135,-2283083.4372381363,-0.1638011185051097,-9.777890450832762,-732655.7457147194,233494.47907178084,-0.1784924576251162,-0.0175691925032744,-0.1966141450091392,-0.0177253613978791,-0.17888878361126,119389719633.573,109746085588.271,-0.0807744090102558,136914054393.4397,-27167968805.1687,-0.1984308252759657,-46.59467399708496,583070262.6413562,-0.0807744090102558,0.1467826108784894,-0.2275570198887453,-0.0842237123320615,0.1369602917426533,-0.2211840040747148,40.1963005065918,0.0587583242987624,0.0002723751940152,10.72667422063125,2.797906720551,1.47661425586129,3.781
2018_sweden_wildfires,SWE_C16,2018-07,DEU_F,DEU,2019-01,6,-0.1902588252183538,-1022515.4639099444,17731329.692474153,-3186337.012474155,-0.1797009625187081,-13.646305579219336,-1022515.4639099444,233494.47907178084,-0.1315064259453312,0.0587523992730225,-0.1409950831877822,0.0570912298055255,-0.1980863129933077,131098626181.375,124866602367.08,-0.0475369116810804,144025783148.64767,-19159180781.567673,-0.1330260482721601,-32.859128666200554,583070262.6413562,-0.0475369116810804,0.0986063496148918,-0.1461432612959722,-0.0487039251528784,0.0940424216421931,-0.1427463467950716,40.1963005065918,0.0587583242987624,0.0002723751940152,10.72667422063125,2.797906720551,1.47661425586129,3.781
2018_sweden_wildfires,SWE_C16,2018-07,DEU_F,DEU,2019-02,7,-0.0877640805188084,-485254.9080255567,18957618.299259458,-1512139.1592594534,-0.0797641948154701,-6.476123826442131,-485254.9080255567,233494.47907178084,0.0125301144122073,0.1002941949310158,0.0124522614673523,0.0955775886928123,-0.0831253272254599,129740362503.89,124044401297.728,-0.0439027693173835,145433429679.46463,-21389028381.736633,-0.1470709205502343,-36.68344923790587,583070262.6413562,-0.0439027693173835,0.120957479019716,-0.1648602483370996,-0.0448956653671075,0.1141832120760391,-0.1590788774431466,40.1963005065918,0.0587583242987624,0.0002723751940152,10.72667422063125,2.797906720551,1.47661425586129,3.781
2018_sweden_wildfires,SWE_C16,2018-07,DEU_F,DEU,2019-03,8,-0.247017965336204,-2209069.8941861102,25969367.59779215,-6883848.132792149,-0.2650756937715108,-29.48184539590727,-2209069.8941861102,233494.47907178084,-0.3151408783742898,-0.0681229130380857,-0.3785421072194488,-0.0705543513125519,-0.3079877559068968,143725576968.252,134197948218.861,-0.0662904192167244,160362892435.31372,-26164944216.45273,-0.1631608398869894,-44.874427479671795,583070262.6413562,-0.0662904192167244,0.1157575138538965,-0.182047933070621,-0.068589830450616,0.1095335588564268,-0.1781233893070428,40.1963005065918,0.0587583242987624,0.0002723751940152,10.72667422063125,2.797906720551,1.47661425586129,3.781
2018_sweden_wildfires,SWE_C16,2018-07,DEU_F,DEU,2019-04,9,-0.3248775367052581,-2196651.2457368663,22518165.668336578,-6845149.452336578,-0.3039834395552802,-29.31610837030645,-2196651.2457368663,233494.47907178084,-0.2561432096624908,0.0687343270427672,-0.2959067324394304,0.0664750733536045,-0.362381805793035,135759662904.388,124074925121.287,-0.0860692898989463,147183328022.55518,-23108402901.268173,-0.1570042151630578,-39.63227827223636,583070262.6413562,-0.0860692898989463,0.0841462395661115,-0.1702155294650578,-0.0900005199184263,0.0807928012665151,-0.1707933211849415,40.1963005065918,0.0587583242987624,0.0002723751940152,10.72667422063125,2.797906720551,1.47661425586129,3.781
2018_sweden_wildfires,SWE_C16,2018-07,DEU_F,DEU,2019-05,10,-0.2242534691208047,-1585238.4221047142,23634179.69238766,-4939880.164387658,-0.2090142424523727,-21.156303926436912,-1585238.4221047142,233494.47907178084,-0.1513434774875575,0.0729099916332471,-0.1641007335575999,0.0703745722671378,-0.2344753058247377,129262475149.155,128349160670.547,-0.0070655809240395,151787689629.79117,-23438528959.24417,-0.1544165341498413,-40.19846399482921,583070262.6413562,-0.0070655809240395,0.174259501488305,-0.1813250824123445,-0.0070906603444846,0.1606377374289174,-0.1677283977734021,40.1963005065918,0.0587583242987624,0.0002723751940152,10.72667422063125,2.797906720551,1.47661425586129,3.781
2018_sweden_wildfires,SWE_C16,2018-07,DEU_F,DEU,2019-06,11,-0.2011200114252873,-1526444.7378740048,25610630.92394326,-4756668.761943258,-0.1857302452278234,-20.3716541001424,-1526444.7378740048,233494.47907178084,-0.1182591603098089,0.0828608511154784,-0.1258570930325682,0.0796064718706688,-0.205463564903237,135214019933.072,120396058445.816,-0.1095889427338273,155314353800.1151,-34918295354.29912,-0.2248233630694424,-59.886942606395955,583070262.6413562,-0.1095889427338273,0.1486556932261339,-0.2582446359599611,-0.1160720607836864,0.138592296192666,-0.2546643569763525,40.1963005065918,0.0587583242987624,0.0002723751940152,10.72667422063125,2.797906720551,1.47661425586129,3.781
2018_us_china_tariffs,CHN_C26,2018-07,KOR_C26,KOR,2018-08,1,-0.1080044567676649,-217856390.02053413,3271410395.500002,-320732815.5000019,-0.0980411433371939,,-217856390.02053413,0.0,-0.0063806579079948,0.1016237988596701,-0.0064011013114857,0.0967852720709956,-0.1031863733824813,15124280771.0,17710190272.0,0.1709773535782503,17987961005.250004,-277770733.2500038,-0.0154420355463819,,0.0,0.1709773535782503,0.1893432340756962,-0.0183658804974458,0.1578387450322829,0.173401250619694,-0.0155625055874111,13967.865234375,0.1471370877543618,0.0655875592505845,10.41325214993025,3.433191763972,2.01882021582307,3.653
2018_us_china_tariffs,CHN_C26,2018-07,KOR_C26,KOR,2018-09,2,-0.1874542336391205,-384004824.8381826,3270428013.5,-565340078.5,-0.1728642477884646,,-384004824.8381826,0.0,-0.1030528259604789,0.0844014076786416,-0.108758310437139,0.0810281367332486,-0.1897864471703876,16609949939.0,18087263086.0,0.0889414569234361,18872214549.25,-784951463.25,-0.041592970512366,,0.0,0.0889414569234361,0.1361993635476423,-0.0472579066242061,0.0852060839365265,0.1276888009747772,-0.0424827170382506,13967.865234375,0.1471370877543618,0.0655875592505845,10.41325214993025,3.433191763972,2.01882021582307,3.653
2018_us_china_tariffs,CHN_C26,2018-07,MEX_C26,MEX,2018-08,1,-0.0504200399733784,-106475499.98908208,3632045092.0500016,-175520700.05000162,-0.0483255839621016,-4.318327051817596,-106475499.98908208,40645531.925638765,-0.0070795184616403,0.043340521511738,-0.007104697156155,0.0424276054761527,-0.0495323026323077,7918942109.0,8479530875.0,0.0707908655327688,7930939201.124997,548591673.8750029,0.0691710855376606,,0.0,0.0707908655327688,0.0015149867191682,0.0692758788136006,0.0683975021120133,0.001513840284339,0.0668836618276742,12637.3388671875,0.0951281108716083,0.1757325507426526,9.174742019588464,1.87172853327193,6.56759492961866,3.419
2018_us_china_tariffs,CHN_C26,2018-07,MEX_C26,MEX,2018-09,2,-0.1078520267278205,-216722002.00588325,3629472831.55,-357257749.5499997,-0.0984324077161998,-8.789594639912815,-216722002.00588325,40645531.925638765,-0.0121557085113715,0.0956963182164489,-0.0122301933585582,0.0913900681858699,-0.1036202615444281,7372041904.0,7917620553.0,0.0740064497875377,7701840243.624998,215780309.3750019,0.0280167210107491,,0.0,0.0740064497875377,0.0447363625871487,0.029270087200389,0.0713960014480648,0.043764568976254,0.0276314324718107,12637.3388671875,0.0951281108716083,0.1757325507426526,9.174742019588464,1.87172853327193,6.56759492961866,3.419
2018_us_china_tariffs,CHN_C26,2018-07,VNM_C26,VNM,2018-07,0,-0.006892918026757,-7759359.390554342,1753299976.963248,-10219111.954247711,-0.0058285017330276,,-7759359.390554326,0.0,0.1757297082474522,0.1826226262742092,0.1618889830327425,0.1677345367693696,-0.005845553736627,5854289890.233999,7361551799.240997,0.2574628071495707,7755172417.256873,-393620618.0158758,-0.050755882247052,,0.0,0.2574628071495707,0.3246990775420748,-0.067236270392504,0.2290960456999542,0.2811853223136431,-0.0520892766136888,10332.45703125,0.15017499470541,0.1922836196813422,7.991967692403886,6.94019037359206,4.36292014766431,1.874
2018_us_china_tariffs,CHN_C26,2018-07,USA_C26,USA,2018-07,0,-0.0767455670044394,-233398342.80814004,18621806449.374992,-1279460102.3749924,-0.0687076254311479,,-233398342.80814004,0.0,0.0402420529700903,0.1169876199745297,0.0394534293109245,0.1106354367378301,-0.0711820074269056,20019291225.0,20683629376.0,0.0331848986826455,21427078233.625004,-743448857.6250038,-0.0346966977727428,,0.0,0.0331848986826455,0.070321521017036,-0.0371366223343905,0.0326461660670993,0.0679590902651838,-0.0353129241980845,5149.7197265625,0.1532414517794182,0.0443807678978698,10.996016348224313,2.45762229852507,1.68508382434676,4.355
2018_us_china_tariffs,CHN_C26,2018-07,USA_C26,USA,2018-08,1,-0.1208617027994556,-386779400.27622736,19563525378.874992,-2120275598.8749924,-0.108379014406294,,-386779400.2762273,0.0,-0.0056854533978311,0.1151762494016245,-0.0057016771096698,0.1090124636264775,-0.1147141407361473,20577734994.0,21182186857.0,0.029374071693325,21843804737.625004,-661617880.6250038,-0.0302885824411987,,0.0,0.029374071693325,0.0615261953754463,-0.0321521236821213,0.0289509201321394,0.0597076795509465,-0.0307567594188071,5149.7197265625,0.1532414517794182,0.0443807678978698,10.996016348224313,2.45762229852507,1.68508382434676,4.355
2018_us_china_tariffs,CHN_C26,2018-07,USA_C26,USA,2018-09,2,-0.0215339600498742,-72215063.81085683,20562725856.374992,-395873817.3749924,-0.0192520106594846,,-72215063.81085683,0.0,0.0969964849384954,0.1185304449883696,0.0925759770338281,0.1120157210518293,-0.0194397440180011,20883488539.0,20943400681.0,0.0028688761405027,22267704816.124992,-1324304135.1249924,-0.0594719638175734,,0.0,0.0028688761405027,0.0662828087625284,-0.0634139326220257,0.0028647687690295,0.0641785895818749,-0.0613138208128454,5149.7197265625,0.1532414517794182,0.0443807678978698,10.996016348224313,2.45762229852507,1.68508382434676,4.355
2018_us_china_tariffs,CHN_C26,2018-07,USA_C26,USA,2018-10,3,-0.078326537237784,-287764513.69847,22112053783.374996,-1577488553.3749962,-0.0713406619226403,,-287764513.69847,0.0,0.0195962339683337,0.0979227712061178,0.0194066998756561,0.0934200047313744,-0.0740133048557183,21982528953.0,22813496139.0,0.037801255159343,23256236416.625004,-442740277.6250038,-0.0190374861045231,,0.0,0.037801255159343,0.0579418076213282,-0.0201405524619851,0.0371042973915365,0.0563253296726671,-0.0192210322811305,5149.7197265625,0.1532414517794182,0.0443807678978698,10.996016348224313,2.45762229852507,1.68508382434676,4.355
2018_us_china_tariffs,CHN_C26,2018-07,USA_C26,USA,2018-11,4,-0.2110158597305735,-882854346.6532022,24051456213.374996,-4839695514.374996,-0.2012225568148196,,-882854346.6532022,0.0,-0.1623468483097196,0.0486690114208538,-0.1771511643028347,0.0475217519019679,-0.2246729162048026,22105225722.0,22275563946.0,0.0077057898499752,22600007407.125,-324443461.125,-0.0143559006543827,,0.0,0.0077057898499752,0.022383018900032,-0.0146772290500567,0.0076762518961572,0.0221361954451246,-0.0144599435489674,5149.7197265625,0.1532414517794182,0.0443807678978698,10.996016348224313,2.45762229852507,1.68508382434676,4.355
2018_us_china_tariffs,CHN_C26,2018-07,USA_C26,USA,2018-12,5,-0.239455587360739,-860705604.2840544,20844237366.874992,-4718278918.874992,-0.2263589132972134,,-860705604.2840544,0.0,-0.1815975871046173,0.0578580002561216,-0.2004011160296634,0.0562461091667962,-0.2566472251964597,22406862775.0,21513981508.0,-0.0398485622894167,23507055738.125,-1993074230.125,-0.0847862128004625,,0.0,-0.0398485622894167,0.0491007141058817,-0.0889492763952985,-0.0406642593440587,0.0479333344372676,-0.0885975937813263,5149.7197265625,0.1532414517794182,0.0443807678978698,10.996016348224313,2.45762229852507,1.68508382434676,4.355
2018_us_china_tariffs,CHN_C26,2018-07,USA_C26,USA,2019-01,6,-0.3344266829450403,-1052345751.7195728,19058760116.374992,-5768825892.374992,-0.3026863162739798,,-1052345751.7195728,0.0,-0.2295644378928707,0.1048622450521696,-0.2607992589711188,0.0997206620817152,-0.360519921052834,20284620845.0,20429355863.0,0.007135209433095,21086726827.624996,-657370964.6249962,-0.0311746327440348,,0.0,0.007135209433095,0.039542567186939,-0.0324073577538439,0.0071098742689983,0.0387807771504249,-0.0316709028814266,5149.7197265625,0.1532414517794182,0.0443807678978698,10.996016348224313,2.45762229852507,1.68508382434676,4.355
2018_us_china_tariffs,CHN_C26,2018-07,USA_C26,USA,2019-02,7,-0.4007525674225183,-975745968.7468504,15220615234.874998,-5348915600.874998,-0.3514257156057021,,-975745968.7468504,0.0,-0.2603904663400789,0.1403621010824394,-0.3016328892339253,0.1313458444911077,-0.432978733725033,19166810223.0,19673945484.0,0.0264590328333006,20435902726.124992,-761957242.1249924,-0.0372852255335369,,0.0,0.0264590328333006,0.0662130259735181,-0.0397539931402174,0.0261150471158266,0.0641131425238512,-0.0379980954080245,5149.7197265625,0.1532414517794182,0.0443807678978698,10.996016348224313,2.45762229852507,1.68508382434676,4.355
2018_us_china_tariffs,CHN_C26,2018-07,USA_C26,USA,2019-03,8,-0.394817602740226,-1137943620.4549394,18091287676.374992,-6238062548.374992,-0.3448103120111864,,-1137943620.4549394,0.0,-0.2497891944035945,0.1450284083366315,-0.2874010377961014,0.1354294474647552,-0.4228304852608566,22918242578.0,22918802300.0,2.4422553260575755e-05,23985445692.124992,-1066643392.1249924,-0.0444704428600714,,0.0,2.4422553260575755e-05,0.0465656609791466,-0.046541238425886,2.4422255034295404e-05,0.0455140043442447,-0.0454895820892105,5149.7197265625,0.1532414517794182,0.0443807678978698,10.996016348224313,2.45762229852507,1.68508382434676,4.355
2018_us_china_tariffs,CHN_C26,2018-07,USA_C26,USA,2019-04,9,-0.3731286600341396,-1047425479.5069244,17988264302.375004,-5741853584.375004,-0.3191999788226873,,-1047425479.5069244,0.0,-0.2041791462830464,0.1689495137510931,-0.228381176594997,0.1561054939954012,-0.3844866705903982,21024281374.0,20260571228.0,-0.0363251486419152,21897601665.124992,-1637030437.1249924,-0.0747584352916691,,0.0,-0.0363251486419152,0.0415386512190137,-0.0778637998609289,-0.0370013323875646,0.0406990921364212,-0.0777004245239858,5149.7197265625,0.1532414517794182,0.0443807678978698,10.996016348224313,2.45762229852507,1.68508382434676,4.355
2018_us_china_tariffs,CHN_C26,2018-07,USA_C26,USA,2019-05,10,-0.3184146468164802,-966716643.023672,19284780080.874977,-5299417982.874977,-0.2747979474306007,,-966716643.0236716,0.0,-0.1596918477792174,0.1587227990372627,-0.1739866065237088,0.1473183632126691,-0.3213049697363779,21122398622.0,21235285647.0,0.005344422620754,22262357884.625004,-1027072237.6250038,-0.0461349261811269,,0.0,0.005344422620754,0.0539692145302892,-0.0486247919095352,0.0053301918748225,0.0525632414646466,-0.0472330495898241,5149.7197265625,0.1532414517794182,0.0443807678978698,10.996016348224313,2.45762229852507,1.68508382434676,4.355
2018_us_china_tariffs,CHN_C26,2018-07,USA_C26,USA,2019-06,11,-0.2856146132039057,-864126842.1674294,19457275116.874996,-4737033710.874996,-0.2434582274455604,,-864126842.1674294,0.0,-0.1124580672096987,0.1731565459942069,-0.1192995105266625,0.1596980185533141,-0.2789975290799766,22240520812.0,21043174052.0,-0.0538362734452677,23639856526.125008,-2596682474.1250076,-0.1098434109046029,,0.0,-0.0538362734452677,0.0629182979100915,-0.1167545713553593,-0.0553396524350091,0.0610182364880245,-0.1163578889230336,5149.7197265625,0.1532414517794182,0.0443807678978698,10.996016348224313,2.45762229852507,1.68508382434676,4.355
2018_us_china_tariffs,CHN_C26,2018-07,DEU_C26,DEU,2018-07,0,-0.0416001080281101,-55000462.80430988,4206484991.6606264,-159429143.07062674,-0.0379007992151869,,-55000462.80430988,0.0,0.0560049264177292,0.0976050344458393,0.0544928504276533,0.0931305647322204,-0.038637714304567,13751167358.165998,15079083319.502,0.096567507815795,15859087710.912624,-780004391.4106255,-0.0491834338537585,,0.0,0.096567507815795,0.1532902842241141,-0.056722776408319,0.0921848536097265,0.1426189738779903,-0.0504341202682638,2964.339111328125,0.0306531350871002,0.0615401247697723,10.72667422063125,2.797906720551,1.47661425586129,3.781
2018_us_china_tariffs,CHN_C26,2018-07,DEU_C26,DEU,2018-08,1,-0.1205774175616658,-157907497.79842067,4296330600.345125,-457724458.57412577,-0.1065384629705536,,-157907497.79842067,0.0,0.0111961616666398,0.1317735792283057,0.0111339485801593,0.1237859413944271,-0.1126519928142677,14462442329.662,14535154856.956,0.0050276796710101,16566214198.255625,-2031059341.2996256,-0.1226025039271489,,0.0,0.0050276796710101,0.1454644949061512,-0.140436815235141,0.0050150830926263,0.1358102271417394,-0.130795144049113,2964.339111328125,0.0306531350871002,0.0615401247697723,10.72667422063125,2.797906720551,1.47661425586129,3.781
2018_us_china_tariffs,CHN_C26,2018-07,DEU_C26,DEU,2018-09,2,-0.097416597035329,-131310917.32182896,4474499880.637125,-380629288.5011258,-0.0850663311330623,,-131310917.32182896,0.0,0.0477673522165566,0.1451839492518856,0.0466615690835006,0.1355652784386833,-0.0889037093551827,15782533028.072,16024447937.722002,0.015328015421841,18043967026.52763,-2019519088.805628,-0.1119221225485836,,0.0,0.015328015421841,0.143287138663564,-0.1279591232417229,0.0152117281885857,0.1339075681842985,-0.1186958399957127,2964.339111328125,0.0306531350871002,0.0615401247697723,10.72667422063125,2.797906720551,1.47661425586129,3.781
2018_us_china_tariffs,CHN_C26,2018-07,DEU_C26,DEU,2018-10,3,-0.0498812215372291,-77831522.25751376,5304030514.612125,-225609245.1721239,-0.0425354349961959,,-77831522.25751375,0.0,0.1228168252016872,0.1726980467389164,0.1158405504080413,0.1593071168407327,-0.0434665664326914,15075215802.369003,16648752275.356005,0.1043790346762217,17420593448.136127,-771841172.7801247,-0.0443062502479044,,0.0,0.1043790346762217,0.155578379541244,-0.0511993448650223,0.0992832174359605,0.1446009801331946,-0.045317762697234,2964.339111328125,0.0306531350871002,0.0615401247697723,10.72667422063125,2.797906720551,1.47661425586129,3.781
2018_us_china_tariffs,CHN_C26,2018-07,DEU_C26,DEU,2018-11,4,-0.108797033284702,-198428229.25481728,5568540697.033125,-575181388.2671261,-0.1032912246782318,,-198428229.25481728,0.0,-0.0554932930722915,0.0533037402124104,-0.0570924910195138,0.0519316437914199,-0.1090241348109337,17022599972.155,16572397789.297,-0.0264473220068863,18702260401.885628,-2129862612.5886269,-0.1138826305922832,,0.0,-0.0264473220068863,0.0986723786306534,-0.1251197006375398,-0.0268033436722312,0.0941025223566711,-0.1209058660289024,2964.339111328125,0.0306531350871002,0.0615401247697723,10.72667422063125,2.797906720551,1.47661425586129,3.781
2018_us_china_tariffs,CHN_C26,2018-07,DEU_C26,DEU,2018-12,5,-0.1343929404692038,-213716237.98873973,4940306257.519125,-619496545.0391254,-0.1253963849095902,,-213716237.98873973,0.0,-0.0626480048707808,0.0717449355984229,-0.0646964054483127,0.069288101113063,-0.1339845065613758,15268529752.038,14335316503.308,-0.06112004651957,17230419431.31213,-2895102928.0041313,-0.1680227773644894,,0.0,-0.06112004651957,0.1284923768781511,-0.1896124233977211,-0.0630676530112523,0.1208825621527118,-0.1839502151639642,2964.339111328125,0.0306531350871002,0.0615401247697723,10.72667422063125,2.797906720551,1.47661425586129,3.781
2018_us_china_tariffs,CHN_C26,2018-07,DEU_C26,DEU,2019-01,6,-0.1124821903582133,-196193477.13748947,5156248259.361125,-568703540.684125,-0.1102940572443633,,-196193477.13748947,0.0,-0.0926431059277441,0.0198390844304692,-0.0972194177400673,0.0196448544845715,-0.1168642722246389,15402008441.596,15256187909.964,-0.0094676309381953,17040828975.42063,-1784641065.4566288,-0.1047273620333119,,0.0,-0.0094676309381953,0.1064030408786615,-0.1158706718168568,-0.0095127338596547,0.1011142498025883,-0.1106269836622431,2964.339111328125,0.0306531350871002,0.0615401247697723,10.72667422063125,2.797906720551,1.47661425586129,3.781
2018_us_china_tariffs,CHN_C26,2018-07,DEU_C26,DEU,2019-02,7,-0.2820648154437785,-326389741.06614244,4051050658.641625,-946101797.5496244,-0.2335447954795178,,-326389741.06614244,0.0,-0.0743101537967973,0.2077546616469812,-0.0772160397221171,0.1887629841717313,-0.2659790238938484,14712414703.124002,14412504112.283,-0.0203848652238793,16903533199.438124,-2491029087.1551247,-0.1473673614719748,,0.0,-0.0203848652238793,0.1489299031143313,-0.1693147683382106,-0.0205955040668506,0.1388309901337443,-0.1594264942005949,2964.339111328125,0.0306531350871002,0.0615401247697723,10.72667422063125,2.797906720551,1.47661425586129,3.781
2018_us_china_tariffs,CHN_C26,2018-07,DEU_C26,DEU,2019-03,8,-0.2204603205958561,-286518722.7819672,4459090389.261125,-830528183.1781244,-0.1862550678896966,,-286518722.7819672,0.0,-0.0368129541445098,0.1836473664513463,-0.0375076535781708,0.1686006596706875,-0.2061083132488583,16467196104.092,16039708175.992,-0.0259599706833982,18709679258.19963,-2669971082.20763,-0.1427053369200596,,0.0,-0.0259599706833982,0.1361788090657636,-0.1621387797491619,-0.0263028783214913,0.1276707102518557,-0.1539735885733471,2964.339111328125,0.0306531350871002,0.0615401247697723,10.72667422063125,2.797906720551,1.47661425586129,3.781
2018_us_china_tariffs,CHN_C26,2018-07,DEU_C26,DEU,2019-04,9,-0.1845505585412787,-253153795.75282335,4520891535.522625,-733813692.9056249,-0.162316146525465,,-253153795.75282335,0.0,-0.047568425267646,0.1369821332736326,-0.0487370121004957,0.1283775006952261,-0.1771145127957218,15021834740.108006,14168917121.676996,-0.0567785249396823,16846074769.009129,-2677157647.3321304,-0.1589187798369007,,0.0,-0.0567785249396823,0.1214392289931426,-0.178217753932825,-0.0584541617144189,0.1146128862474,-0.173067047961819,2964.339111328125,0.0306531350871002,0.0615401247697723,10.72667422063125,2.797906720551,1.47661425586129,3.781
2018_us_china_tariffs,CHN_C26,2018-07,DEU_C26,DEU,2019-05,10,-0.2479025752077541,-302435672.11220014,4278132957.5826254,-876666442.0696254,-0.2049179982861002,,-302435672.11220014,0.0,-0.0381378045132828,0.2097647706944712,-0.0388840865009889,0.1904259362759042,-0.2293100227768931,14867165989.847,14879306178.846,0.0008165772150044,17475211075.718124,-2595904896.8721256,-0.1485478421762324,,0.0,0.0008165772150044,0.1754231497551177,-0.1746065725401133,0.0008162439971606,0.1616282102069206,-0.16081196620976,2964.339111328125,0.0306531350871002,0.0615401247697723,10.72667422063125,2.797906720551,1.47661425586129,3.781
2018_us_china_tariffs,CHN_C26,2018-07,DEU_C26,DEU,2019-06,11,-0.3058590108058177,-385041797.8000023,4313467569.483625,-1116115769.5716257,-0.2587513993307334,,-385041797.8000023,0.0,-0.1238015935438078,0.1820574172620098,-0.1321627222639811,0.1672564941257057,-0.2994192163896869,15869516282.689997,14321936888.971998,-0.0975190022273112,18440007745.416622,-4118070856.444628,-0.2233226207547661,,0.0,-0.0975190022273112,0.1619766738278246,-0.2594956760551359,-0.1026076440894669,0.1501225840609485,-0.2527302281504155,2964.339111328125,0.0306531350871002,0.0615401247697723,10.72667422063125,2.797906720551,1.47661425586129,3.781
2019_amazon_forest_fires,BRA_C16,2019-08,USA_F,USA,2019-08,0,-0.1820254335096032,-9618551.9614836,133918416.31336808,-24836733.31336808,-0.1854616713451144,-9.03871758469626,-9618551.9614836,2747816.0569393095,-0.2005534550171679,-0.0185280215075646,-0.2238356076641423,-0.0187018152114006,-0.2051337924527416,140067275895.0,138599626805.0,-0.0104781725825824,137599367897.50003,1000258907.4999696,0.0072693568494084,,0.0,-0.0104781725825824,-0.0176194473814855,0.007141274798903,-0.0105334551454276,-0.0177765175724147,0.007243062426987,253.13429260253903,0.0822434242528932,0.0003574208345976,11.042935826650728,2.96650506901305,2.3830537225445,3.896
2019_amazon_forest_fires,BRA_C16,2019-08,USA_F,USA,2019-09,1,-0.1039197701337474,-5096434.259602384,130706155.05989584,-13159858.059895843,-0.1006827723902165,-4.78920633230236,-5096434.259602384,2747816.0569393095,-0.071769307182794,0.0321504629509534,-0.0744749850812453,0.03164445361908,-0.1061194387003254,139113130990.0,134555474833.0,-0.0327622282998405,137669388714.00003,-3113913881.0000305,-0.0226187819244915,,0.0,-0.0327622282998405,-0.0103781883545109,-0.0223840399453296,-0.033310927817542,-0.0104324172761351,-0.0228785105414068,253.13429260253903,0.0822434242528932,0.0003574208345976,11.042935826650728,2.96650506901305,2.3830537225445,3.896
2019_amazon_forest_fires,BRA_C16,2019-08,CHN_F,CHN,2019-09,1,-0.0123463361491553,-115996.94077482627,24236179.875000004,-316584.8750000037,-0.0130624907321539,,-115996.94077482626,0.0,-0.0671716062820348,-0.0548252701328794,-0.0695340218064224,-0.0563854669877557,-0.0131485548186667,225348905583.0,218139119124.0,-0.0319938827319687,221609954279.125,-3470835155.125,-0.015661909982407,,0.0,-0.0319938827319687,-0.0165918325372025,-0.0154020501947662,-0.0325168722336144,-0.0167310187074143,-0.0157858535262001,35.58290100097656,0.1056631446035776,1.3597851972813628e-05,9.218969415946033,6.75671800166833,3.46789777292169,4.31
2019_amazon_forest_fires,BRA_C16,2019-08,CHN_F,CHN,2019-10,2,-0.0469059301492483,-283269.14977738884,20157839.87500001,-773112.8750000112,-0.0383529624103639,,-283269.1497773888,0.0,0.1761007739319249,0.2230067040811733,0.162204528839549,0.2013123272959731,-0.039107798456424,214728559126.0,212941338945.0,-0.0083231601249244,211279552577.12497,1661786367.875061,0.0078653440316636,,0.0,-0.0083231601249244,-0.0160621696662679,0.0077390095413435,-0.0083579910255409,-0.0161925644809315,0.0078345734553906,35.58290100097656,0.1056631446035776,1.3597851972813628e-05,9.218969415946033,6.75671800166833,3.46789777292169,4.31
2019_amazon_forest_fires,BRA_C16,2019-08,CHN_F,CHN,2019-11,3,-0.5452004254074345,-3863028.0854316866,21691898.87500001,-10543176.875000011,-0.4860421365485462,,-3863028.0854316866,0.0,-0.4234861039311533,0.1217143214762811,-0.5507557973826138,0.1148581536294059,-0.6656139510120198,224275394791.0,221412310236.0,-0.0127659325164406,230020736110.1251,-8608425874.125092,-0.0374245644966708,,0.0,-0.0127659325164406,0.0256173501532752,-0.0383832826697159,-0.0128481172250474,0.0252947241171916,-0.0381428413422391,35.58290100097656,0.1056631446035776,1.3597851972813628e-05,9.218969415946033,6.75671800166833,3.46789777292169,4.31
2019_amazon_forest_fires,BRA_C16,2019-08,CHN_F,CHN,2019-12,4,-0.3734810063552671,-1795968.8195613076,19257681.375,-4901651.375,-0.2545296746556022,,-1795968.819561307,0.0,0.093856768152224,0.4673377745074912,0.0897097639840218,0.3834496968614971,-0.2937399328774752,220817963030.0,238604925383.0,0.0805503415978141,236145362535.12512,2459562847.874878,0.0104154611442307,,0.0,0.0805503415978141,0.0694119232638821,0.011138418333932,0.0774704868997915,0.0671088929593679,0.0103615939404235,35.58290100097656,0.1056631446035776,1.3597851972813628e-05,9.218969415946033,6.75671800166833,3.46789777292169,4.31
2019_amazon_forest_fires,BRA_C16,2019-08,MEX_F,MEX,2019-08,0,-0.3685239147308483,-2134858.928859387,28871676.13636364,-8624610.13636364,-0.2987221834862928,-47.697405219038686,-2134858.928859387,180819.27301406072,-0.1348561956819265,0.2336677190489217,-0.1448595314407974,0.2099916096945797,-0.3548511411353772,39540465268.0,40046504409.0,0.0127980067399342,41060004208.62501,-1013499799.6250076,-0.0246833827506552,-1.089987137948104,929827301.9376328,0.0127980067399342,0.0384299711782796,-0.0256319644383454,0.0127168043367333,0.0377099293952589,-0.0249931250585255,32.02730178833008,0.0672575543507838,0.0004515490255679,9.2188831539051,1.97208209405635,5.20449997881845,3.275
2019_amazon_forest_fires,BRA_C16,2019-08,MEX_F,MEX,2019-09,1,-0.4801965210479854,-3038305.4706672467,29030852.090909097,-12274441.090909094,-0.4228067799206207,-67.88237164273201,-3038305.4706672463,180819.27301406072,-0.3444613723870789,0.1357351486609063,-0.4222980284863347,0.1272801446567584,-0.5495781731430931,37700329544.0,37179581745.0,-0.0138128182246321,36810408757.617584,369172987.3824158,0.0100290379770917,0.3970339294330354,929827301.9376328,-0.0138128182246321,-0.0236051195611908,0.0097923013365587,-0.0139091028676041,-0.023888183779583,0.0099790809119788,32.02730178833008,0.0672575543507838,0.0004515490255679,9.2188831539051,1.97208209405635,5.20449997881845,3.275
2019_amazon_forest_fires,BRA_C16,2019-08,MEX_F,MEX,2019-10,2,-0.4588478896175479,-3529040.2730577476,32044397.13636365,-14256959.136363652,-0.4449126964596566,-78.84645756348668,-3529040.273057747,180819.27301406072,-0.4275267039809521,0.0313211856365957,-0.5577891651145279,0.0308406838030599,-0.5886298489175879,41354568355.0,40761934344.0,-0.0143305572896482,42874107295.62501,-2112172951.6250076,-0.0492645348172774,-2.2715755358264147,929827301.9376328,-0.0143305572896482,0.0367441615538295,-0.0510747188434777,-0.0144342313891243,0.0360851886386868,-0.0505194200278111,32.02730178833008,0.0672575543507838,0.0004515490255679,9.2188831539051,1.97208209405635,5.20449997881845,3.275
2019_amazon_forest_fires,BRA_C16,2019-08,MEX_F,MEX,2019-11,3,-0.2422049438687287,-1673874.6488441462,29054992.136363655,-6762281.136363655,-0.2327407663587129,-37.398010862690576,-1673874.6488441462,180819.27301406072,-0.201540913849041,0.0406640300196877,-0.2250715419824089,0.0398589984089987,-0.2649305403914077,38595371788.0,37479822711.0,-0.0289037007630755,40114910728.625015,-2635088017.6250153,-0.0656884926268745,-2.8339542322900746,929827301.9376328,-0.0289037007630755,0.039371014456647,-0.0682747152197225,-0.0293296402863489,0.0386157363990733,-0.0679453766854223,32.02730178833008,0.0672575543507838,0.0004515490255679,9.2188831539051,1.97208209405635,5.20449997881845,3.275
2019_amazon_forest_fires,BRA_C16,2019-08,MEX_F,MEX,2019-12,4,-0.2766882568991912,-1531144.4002612496,25201408.63636364,-6185665.63636364,-0.2454492018925566,-34.20910577315857,-1531144.4002612496,180819.27301406072,-0.1494152620564166,0.1272729948427745,-0.1618312311611838,0.1198014321228839,-0.2816326632840678,37597346097.0,38652532096.0,0.0280654383497615,39071096551.12128,-418564455.12127686,-0.0107128924465588,-0.4501528985533613,929827301.9376328,0.0280654383497615,0.0391982575131512,-0.0111328191633897,0.0276788209885516,0.0384495096139083,-0.0107706886253566,32.02730178833008,0.0672575543507838,0.0004515490255679,9.2188831539051,1.97208209405635,5.20449997881845,3.275
2019_amazon_forest_fires,BRA_C16,2019-08,MEX_F,MEX,2020-01,5,-0.3278226862205211,-2066006.1829909151,28652683.13636363,-8346452.136363629,-0.2912974012465519,-46.15908468847013,-2066006.1829909151,180819.27301406072,-0.202434389525576,0.125388296694945,-0.2261911675507022,0.1181281243465051,-0.3443192918972073,32636429188.0,33576688601.0,0.0288101191335515,33956785931.621292,-380097330.6212921,-0.0111935602912093,-0.4087827167789345,929827301.9376328,0.0288101191335515,0.0404565320554973,-0.0116464129219457,0.0284029103127529,0.039659589961861,-0.011256679649108,32.02730178833008,0.0672575543507838,0.0004515490255679,9.2188831539051,1.97208209405635,5.20449997881845,3.275
2019_amazon_forest_fires,BRA_C16,2019-08,MEX_F,MEX,2020-02,6,-0.3974535379603374,-1957018.2552452227,24703402.13636364,-7906152.13636364,-0.3200430488368122,-43.72405664825811,-1957018.255245223,180819.27301406072,-0.1555782983484429,0.2418752396118945,-0.1691032533992178,0.2166225174764058,-0.3857257708756236,36432902292.0,36431348594.0,-4.264546336571061e-05,38042100689.12128,-1610752095.1212769,-0.0423413025554053,-1.7323131852169646,929827301.9376328,-4.264546336571061e-05,0.04416882257208,-0.0442114680354457,-4.2646372708787794e-05,0.0432211838305676,-0.0432638302032764,32.02730178833008,0.0672575543507838,0.0004515490255679,9.2188831539051,1.97208209405635,5.20449997881845,3.275
2019_amazon_forest_fires,BRA_C16,2019-08,MEX_F,MEX,2020-03,7,-0.0264030992540579,-125934.30947940287,22205919.636363633,-508761.636363633,-0.0229110815807197,-2.8136471731311024,-125934.30947940296,180819.27301406072,0.1260129995248329,0.1524160987788908,0.1186830687141231,0.1418606870507375,-0.0231776183366143,39017755247.0,38310257155.0,-0.0181327215653801,41528427838.6213,-3218170683.6212997,-0.0774931980600626,-3.461041288973848,929827301.9376328,-0.0181327215653801,0.064346925540119,-0.0824796471054992,-0.0182991341049323,0.062361395611056,-0.0806605297159883,32.02730178833008,0.0672575543507838,0.0004515490255679,9.2188831539051,1.97208209405635,5.20449997881845,3.275
2019_amazon_forest_fires,BRA_C16,2019-08,MEX_F,MEX,2020-04,8,-0.4440378996589409,-2357105.9328705384,25076957.136363633,-9522465.136363631,-0.3797296890760036,-52.66288807401164,-2357105.9328705384,180819.27301406072,-0.274685298498314,0.1693526011606269,-0.3211496296126874,0.1564502565701708,-0.4775998861828583,39586470745.0,23221150326.0,-0.4134069067287852,40662770215.12128,-17441619889.121277,-0.4289333903432692,-18.757913273545885,929827301.9376328,-0.4134069067287852,0.0271885684645737,-0.4405954751933589,-0.5334238966614286,0.0268255250597491,-0.5602494217211778,32.02730178833008,0.0672575543507838,0.0004515490255679,9.2188831539051,1.97208209405635,5.20449997881845,3.275
2019_amazon_forest_fires,BRA_C16,2019-08,MEX_F,MEX,2020-05,9,-0.5104549736176458,-2901159.410387725,28099129.13636363,-11720385.13636363,-0.4171084833086891,-64.81822950063646,-2901159.410387725,180819.27301406072,-0.2866606993595655,0.2237942742580802,-0.3377980767835566,0.2019560854126929,-0.5397541621962496,41747177576.0,18114623573.0,-0.5660874668707209,42759754470.62129,-24645130897.621292,-0.5763627785691353,-26.50506265654301,929827301.9376328,-0.5660874668707209,0.0242549785019098,-0.5903424453726307,-0.8349123017301849,0.023965498064058,-0.858877799794243,32.02730178833008,0.0672575543507838,0.0004515490255679,9.2188831539051,1.97208209405635,5.20449997881845,3.275
2019_amazon_forest_fires,BRA_C16,2019-08,MEX_F,MEX,2020-06,10,-0.6275860993607212,-3265084.408426137,25249065.636363637,-13190604.636363637,-0.522419515491558,-72.94910778309523,-3265084.4084261367,180819.27301406072,-0.4262793320011419,0.2013067673595792,-0.5556126068767036,0.1834099291199926,-0.7390225359966962,37924986617.0,33047743653.0,-0.1286023648011983,39983448548.1213,-6935704895.1213,-0.1734643995695861,-7.459132336368529,929827301.9376328,-0.1286023648011983,0.0542771959792488,-0.1828795607804472,-0.137656879093857,0.052855409828588,-0.1905122889224451,32.02730178833008,0.0672575543507838,0.0004515490255679,9.2188831539051,1.97208209405635,5.20449997881845,3.275
2019_amazon_forest_fires,BRA_C16,2019-08,MEX_F,MEX,2020-07,11,-0.7385120980361087,-4216316.957272984,26865385.136363633,-17033486.136363633,-0.6340309677268674,-94.20171783922108,-4216316.957272984,180819.27301406072,-0.5737234116351465,0.1647886864009622,-0.8526668165809888,0.1525396793679867,-1.0052064959489757,39109590718.0,35492965183.0,-0.0924741340577482,40204633062.12129,-4711667879.121292,-0.1171921622028278,-5.067250519857636,929827301.9376328,-0.0924741340577482,0.0279993301903132,-0.1204734642480615,-0.0970332108310074,0.0276145154662224,-0.1246477262972298,32.02730178833008,0.0672575543507838,0.0004515490255679,9.2188831539051,1.97208209405635,5.20449997881845,3.275
2019_amazon_forest_fires,BRA_C16,2019-08,SAU_F,SAU,2019-08,0,-0.7299845800533218,-3295879.304952911,7327126.372187504,-3914365.657187504,-0.5342293087841032,,-3295879.304952911,0.0,-0.3635590244903853,0.3664255555629364,-0.4518634916546276,0.3121981967095593,-0.7640616883641869,24682098537.795,20438092406.381,-0.17194672993122,24269057752.83656,-3830965346.455559,-0.1578538971504897,,0.0,-0.17194672993122,-0.0167344273553547,-0.1552123025758652,-0.1886777908260661,-0.0168760298649779,-0.1718017609610882,28.57379913330078,0.0715291979380669,0.0004278903031683,10.287424786458311,3.2269508901591,15.8625882829175,6.029
2019_amazon_forest_fires,BRA_C16,2019-08,SAU_F,SAU,2019-09,1,-0.8451887082631896,-3338228.000188351,7881826.7746875,-3964661.2726875,-0.5030129925488868,,-3338228.000188351,0.0,-0.1649364667049412,0.6802522415582484,-0.1802474271412304,0.5189438396229864,-0.6991912667642168,25938590610.857,20621289002.601,-0.2049957797641618,24393885381.889053,-3772596379.288051,-0.1546533617022309,,0.0,-0.2049957797641618,-0.0595523963557752,-0.1454433834083866,-0.2294078558592005,-0.06139934296095,-0.1680085128982504,28.57379913330078,0.0715291979380669,0.0004278903031683,10.287424786458311,3.2269508901591,15.8625882829175,6.029
2019_amazon_forest_fires,BRA_C16,2019-08,SAU_F,SAU,2019-10,2,-1.1609692506607117,-5167665.854154223,8276814.257312501,-6137401.244312501,-0.74151733426785,,-5167665.854154223,0.0,-0.5953022095698723,0.5656670410908393,-0.904614408632744,0.4483118891799584,-1.3529262978127026,28240005932.934,20469817415.988,-0.2751482607829153,26137589457.683437,-5667772041.695438,-0.2168437166277907,,0.0,-0.2751482607829153,-0.0744481598284186,-0.2007001009544967,-0.3217881426581179,-0.0773651353830544,-0.2444230072750635,28.57379913330078,0.0715291979380669,0.0004278903031683,10.287424786458311,3.2269508901591,15.8625882829175,6.029
2019_amazon_forest_fires,BRA_C16,2019-08,SAU_F,SAU,2019-11,3,-1.1192254985719678,-5347037.562580918,8567761.860437501,-6350432.848437501,-0.7412009054268024,,-5347037.562580919,0.0,-0.609209131380013,0.510016367191955,-0.9395824502024156,0.4121204304406944,-1.35170288064311,25028463052.291,21555677246.708,-0.1387534583457019,25124814432.117817,-3569137185.4098167,-0.1420562605567856,,0.0,-0.1387534583457019,0.0038496722561634,-0.1426031306018654,-0.1493744721516314,0.0038422812303799,-0.1532167533820114,28.57379913330078,0.0715291979380669,0.0004278903031683,10.287424786458311,3.2269508901591,15.8625882829175,6.029
2019_amazon_forest_fires,BRA_C16,2019-08,SAU_F,SAU,2019-12,4,-0.7360530146874141,-5091028.901558527,9935280.7980625,-6046383.028062502,-0.6085769643512863,,-5091028.901558527,0.0,-0.5265872317161326,0.2094657829712815,-0.7477874754093552,0.1901787393584388,-0.937966214767794,24102161159.703,22890330714.942,-0.0502789121992548,25254659900.579685,-2364329185.637684,-0.0936195218999331,,0.0,-0.0502789121992548,0.0478172365224898,-0.0980961487217446,-0.0515869292805497,0.0467091780575792,-0.0982961073381289,28.57379913330078,0.0715291979380669,0.0004278903031683,10.287424786458311,3.2269508901591,15.8625882829175,6.029
2019_amazon_forest_fires,BRA_C16,2019-08,SAU_F,SAU,2020-01,5,-0.9156247732629076,-5152678.510465886,9266936.313187502,-6119601.459187502,-0.6603694308850357,,-5152678.510465886,0.0,-0.5290906145939102,0.3865341586689975,-0.7530894230399792,0.3268071806757788,-1.079896603715758,22081126395.972,21939922870.969,-0.0063947609587867,24837138933.470062,-2897216062.5010605,-0.1166485427432556,,0.0,-0.0063947609587867,0.1248130411499663,-0.1312078021087531,-0.006415295029484,0.1176168361965181,-0.1240321312260022,28.57379913330078,0.0715291979380669,0.0004278903031683,10.287424786458311,3.2269508901591,15.8625882829175,6.029
2019_amazon_forest_fires,BRA_C16,2019-08,SAU_F,SAU,2020-02,6,-0.5421827235987984,-3027227.016503199,7840755.204687505,-3595299.5766875055,-0.4585399598418909,,-3027227.016503199,0.0,-0.3597716556828236,0.1824110679159748,-0.4459302935237836,0.1675556084549168,-0.6134859019787005,20869233301.469,17025630505.559,-0.1841755631549458,23339349571.13806,-6313719065.5790615,-0.2705182098727696,,0.0,-0.1841755631549458,0.1183616203809071,-0.3025371835358529,-0.2035560980806714,0.1118647753628323,-0.3154208734435038,28.57379913330078,0.0715291979380669,0.0004278903031683,10.287424786458311,3.2269508901591,15.8625882829175,6.029
2019_amazon_forest_fires,BRA_C16,2019-08,SAU_F,SAU,2020-03,7,-0.5848092747731947,-4215990.546001175,8184220.036687504,-5007139.8486875035,-0.611804158031179,,-4215990.546001175,0.0,-0.6289326807743167,-0.044123406001122,-0.991371581437596,-0.0451264546469776,-0.9462451267906182,23472912394.511,12147291722.184,-0.4824974626913118,25294133413.01056,-13146841690.82656,-0.5197585335761774,,0.0,-0.4824974626913118,0.0775881998743981,-0.5600856625657099,-0.6587408508029533,0.0747253956746014,-0.7334662464775548,28.57379913330078,0.0715291979380669,0.0004278903031683,10.287424786458311,3.2269508901591,15.8625882829175,6.029
2019_amazon_forest_fires,BRA_C16,2019-08,SAU_F,SAU,2020-04,8,-0.4636961292258554,-2905972.2547092857,7630250.717687502,-3451290.821687502,-0.4523168306497645,,-2905972.2547092857,0.0,-0.4385383243311221,0.0251578048947332,-0.5772116556771909,0.0248465534381114,-0.6020582091153024,23663008168.691,10170271309.743,-0.5702037865498653,26349652630.826065,-16179381321.083063,-0.6140263610972635,,0.0,-0.5702037865498653,0.1135377397067299,-0.6837415262565952,-0.8444441047840741,0.1075421000030232,-0.9519862047870972,28.57379913330078,0.0715291979380669,0.0004278903031683,10.287424786458311,3.2269508901591,15.8625882829175,6.029
2019_amazon_forest_fires,BRA_C16,2019-08,JPN_F,JPN,2019-09,1,-1.0963264936861044,-9797257.569408664,22543343.35959982,-21020515.46459982,-0.9324488887602592,-3.1767973895456847,-9797257.569408664,6616888.92523485,-0.9205768017713774,0.1757496919147269,-2.5329641797581637,0.1619059720139333,-2.694870151772097,60000355244.821,59256246017.401,-0.0124017470293932,57987946737.738235,1268299279.6627655,0.0218717742395483,1.2571296025110972,1008885064.1408468,-0.0124017470293932,-0.033539943203194,0.0211381961738008,-0.012479290477021,-0.0341153088676762,0.0216360183906552,27.69820022583008,0.0772424109817655,9.193103430261748e-05,10.590418781492266,0.643391023533141,-0.0002375064599675,2.467
2019_amazon_forest_fires,BRA_C16,2019-08,JPN_F,JPN,2019-10,2,-0.0073472892178482,-41986.152942217355,16619443.934099812,-90083.43109981155,-0.0054203637291966,-0.0136141670379655,-41986.152942217326,6616888.92523485,0.3481501616768789,0.3554974508947272,0.2987333811262544,0.3041684879997959,-0.0054351068735414,64229305570.842,60820974170.72,-0.0530650513784983,58972888062.11273,1848086108.6072693,0.0313378938922032,1.831810356099458,1008885064.1408468,-0.0530650513784983,-0.0818383051476663,0.0287732537691679,-0.054524880212142,-0.0853817656873978,0.0308568854752557,27.69820022583008,0.0772424109817655,9.193103430261748e-05,10.590418781492266,0.643391023533141,-0.0002375064599675,2.467
2019_amazon_forest_fires,BRA_C16,2019-08,JPN_F,JPN,2019-11,3,-2.025283090998704,-6221535.283423487,25828131.76457968,-13348621.05157968,-0.5168248781309759,-2.017356072076713,-6221535.283423487,6616888.92523485,0.8934196973091154,2.9187027883078196,0.6383844862096559,1.3657605646809865,-0.7273760784713303,61094359565.358,58634119553.126,-0.0402695114530183,58400389678.25369,233729874.8723068,0.0040021971798475,0.2316714590986121,1008885064.1408468,-0.0402695114530183,-0.0440952308244156,0.0038257193713973,-0.0411027750316215,-0.0450969847248394,0.0039942096932179,27.69820022583008,0.0772424109817655,9.193103430261748e-05,10.590418781492266,0.643391023533141,-0.0002375064599675,2.467
2019_amazon_forest_fires,BRA_C16,2019-08,JPN_F,JPN,2019-12,4,-0.4113571644900706,-4087570.1266153976,18369547.539099816,-8770090.043099815,-0.4774254795569987,-1.325409893107514,-4087570.1266153976,6616888.92523485,-0.5497417247951314,-0.1383845603050607,-0.7979338586934475,-0.1489462259726508,-0.6489876327207966,62375577047.856,60245601632.814,-0.0341475865370805,60752525738.10823,-506924105.2942276,-0.0083440828037253,-0.5024597184674524,1008885064.1408468,-0.0341475865370805,-0.0260206219575737,-0.0081269645795068,-0.0347442375355591,-0.0263651480043556,-0.0083790895312034,27.69820022583008,0.0772424109817655,9.193103430261748e-05,10.590418781492266,0.643391023533141,-0.0002375064599675,2.467
2019_amazon_forest_fires,BRA_C16,2019-08,JPN_F,JPN,2020-01,5,-0.1278526593570492,-680165.4615481932,16155558.345619958,-1459329.6646199562,-0.0903298811096556,-0.2205461934013288,-680165.4615481932,6616888.92523485,0.287544524680456,0.4153971840375052,0.252736915668013,0.3474101614281366,-0.0946732457601235,51178496968.936,49707982046.296,-0.0287330619250612,50291564188.28519,-583582141.9891891,-0.0116039767584943,-0.5784426420131018,1008885064.1408468,-0.0287330619250612,-0.0173301842214935,-0.0114028777035677,-0.0291539379923726,-0.0174821096865436,-0.011671828305829,27.69820022583008,0.0772424109817655,9.193103430261748e-05,10.590418781492266,0.643391023533141,-0.0002375064599675,2.467
2019_amazon_forest_fires,BRA_C16,2019-08,JPN_F,JPN,2020-02,6,-0.8978202802287653,-6778246.490332748,20939607.47961995,-14543073.32061995,-0.6945246387628993,-2.1978717619328605,-6778246.490332748,6616888.92523485,-0.6051083588374953,0.29271192139127,-0.9291437832867953,0.2567422623729207,-1.185886045659716,57866265951.74,57465652749.078,-0.0069230871574831,56113313795.89319,1352338953.1848145,0.0241001441851004,1.34042915417372,1008885064.1408468,-0.0069230871574831,-0.0302931617759604,0.0233700746184772,-0.0069471629086166,-0.0307614817994554,0.0238143188908388,27.69820022583008,0.0772424109817655,9.193103430261748e-05,10.590418781492266,0.643391023533141,-0.0002375064599675,2.467
2019_amazon_forest_fires,BRA_C16,2019-08,JPN_F,JPN,2020-03,7,-1.5539455882572957,-10159398.343263326,22913713.00559982,-21797506.95259982,-0.9512865482461436,-3.2942228891693497,-10159398.343263326,6616888.92523485,-0.92042560300968,0.6335199852476155,-2.531062059119698,0.4907371589535287,-3.0217992180732267,64764011662.057,59249675511.214,-0.0851450675973746,64435324132.33372,-5185648621.11972,-0.0804783508261667,-5.139979572931581,1008885064.1408468,-0.0851450675973746,-0.0050751570399683,-0.0800699105574062,-0.0889897700968447,-0.0050880793898926,-0.083901690706952,27.69820022583008,0.0772424109817655,9.193103430261748e-05,10.590418781492266,0.643391023533141,-0.0002375064599675,2.467
2019_amazon_forest_fires,BRA_C16,2019-08,CAN_F,CAN,2019-08,0,-0.1616487429248014,-498147.84759533656,4480402.783524957,-741625.4695249563,-0.1655265174488358,-3.1063833168591657,-498147.84759533656,238742.41968142125,-0.1850756510951677,-0.0234269081703662,-0.2046599439776493,-0.02370567541384,-0.1809542685638092,38631346234.634,37032986554.613,-0.0413746823709713,37764737042.18963,-731750487.5766296,-0.0193765545556199,-1.1862493492974295,616860601.8709453,-0.0413746823709713,-0.0224327981525903,-0.018941884218381,-0.0422549815579067,-0.0226882407920996,-0.0195667407658071,14.041899681091309,0.0545957447405731,0.0001134667078806,10.748071221916598,2.74296344906655,1.65111818043586,5.837
2019_amazon_forest_fires,BRA_C16,2019-08,CAN_F,CAN,2019-09,1,-0.4561273812076483,-983353.31441668,4238157.502425121,-1463982.7654251205,-0.3454290607622329,-6.132059679124742,-983353.31441668,238742.41968142125,-0.135661233393838,0.3204661478138102,-0.1457904471448508,0.2779847409269322,-0.423775188071783,37275687326.339,37083018734.197,-0.005168746868575,37265054554.6096,-182035820.4125977,-0.0048848934367138,-0.2951004163022908,616860601.8709453,-0.005168746868575,-0.0002852468322398,-0.0048835000363352,-0.0051821510490235,-0.0002852875228462,-0.0048968635261772,14.041899681091309,0.0545957447405731,0.0001134667078806,10.748071221916598,2.74296344906655,1.65111818043586,5.837
2019_amazon_forest_fires,BRA_C16,2019-08,CAN_F,CAN,2019-10,2,-0.027919372173482,-82319.8881011873,4282125.696524959,-122555.03252495918,-0.0286201389707955,-0.5133358063828668,-82319.88810118729,238742.41968142125,-0.0524044663244431,-0.024485094150961,-0.0538275074115279,-0.0247898331034477,-0.0290376743080802,39726846521.129,38497777400.525,-0.0309379985635232,39065056906.08708,-567279505.5620804,-0.0145214048177589,-0.919623499768854,616860601.8709453,-0.0309379985635232,-0.0166584985468186,-0.0142795000167045,-0.0314266841669557,-0.0167988117878969,-0.0146278723790587,14.041899681091309,0.0545957447405731,0.0001134667078806,10.748071221916598,2.74296344906655,1.65111818043586,5.837
2019_amazon_forest_fires,BRA_C16,2019-08,CAN_F,CAN,2019-11,3,-0.0705745980653803,-211470.5599638223,4316715.043425118,-314830.13342511794,-0.0729328042870567,-1.3187021135382158,-211470.55996382228,238742.41968142125,-0.1029085559424805,-0.0323339578771002,-0.1085974520815309,-0.0328682415475096,-0.0757292105340212,37155791628.717,36237501930.782,-0.0247145776656061,37944078334.23139,-1706576403.4493942,-0.0449760931973883,-2.7665511434403953,616860601.8709453,-0.0247145776656061,0.0212157155307421,-0.0459302931963482,-0.025025109968066,0.020993795544264,-0.0460189055123301,14.041899681091309,0.0545957447405731,0.0001134667078806,10.748071221916598,2.74296344906655,1.65111818043586,5.837
2019_amazon_forest_fires,BRA_C16,2019-08,BEL_F,BEL,2019-08,0,-0.2651905179153294,-811276.5743644203,5384603.669068181,-1455323.1620681807,-0.2702748895760471,-1.0826294617788326,-811276.5743644204,1344248.621940315,-0.2840023715384795,-0.01881185362315,-0.3340783519531065,-0.0189910439182217,-0.3150873080348848,24296852598.545,22440094316.292,-0.0764197039399329,23223936831.96851,-783842515.6765099,-0.0337514918916557,,0.0,-0.0764197039399329,-0.0441586317497246,-0.0322610721902082,-0.0794975355717078,-0.0451633124898016,-0.0343342230819061,14.038100242614746,0.0423510753143208,0.0003717317778207,10.768236749513736,1.87796847383565,1.71728236623039,5.941
2019_amazon_forest_fires,BRA_C16,2019-08,PER_F,PER,2019-08,0,-0.3260618223267501,-1269737.7667089745,6803548.1680000005,-2079303.848,-0.3056205081019131,-6.372501241380791,-1269737.7667089745,326293.20407153934,-0.2591771935700287,0.0668846287567214,-0.2999937550454099,0.0647428298916885,-0.3647365849370985,3979085538.82,3710050741.4,-0.0676122176302303,3717821440.152499,-7770698.752499104,-0.0020901215611313,-0.0771761571165155,100687816.5852105,-0.0676122176302303,-0.065659332054716,-0.0019528855755142,-0.070006475309686,-0.0679141663966298,-0.0020923089130562,12.755000114440918,0.0832581201664002,0.0009639661330501,8.85073130133554,3.969351341365,2.27741531762133,3.492
2019_amazon_forest_fires,BRA_C16,2019-08,PER_F,PER,2019-09,1,-0.3241900023895325,-697241.5308335649,4664798.311999999,-1141792.451999999,-0.2447678068015899,-3.499283582227665,-697241.5308335649,326293.20407153934,0.0002897428259917,0.3244797452155242,0.0002897007764008,0.2810196676533412,-0.2807299668769403,3796803034.41,3775829617.0,-0.0055239677222969,3535538935.7424984,240290681.2575016,0.0679643713800702,2.3864921239418018,100687816.5852105,-0.0055239677222969,-0.0688116018396778,0.0632876341173808,-0.005539281250865,-0.0712936610833878,0.0657543798325228,12.755000114440918,0.0832581201664002,0.0009639661330501,8.85073130133554,3.969351341365,2.27741531762133,3.492
2019_amazon_forest_fires,BRA_C16,2019-08,PER_F,PER,2019-10,2,-0.1847245971008644,-489400.2215737959,5096435.078,-801434.5879999995,-0.1572539580577778,-2.456179221631248,-489400.2215737959,326293.20407153934,-0.0100349461542508,0.1746896509466135,-0.010085633285815,0.1610039515777099,-0.171089584863525,3877738334.95,4020496637.64,0.0368148364739625,3616474236.2825,404022401.3575001,0.1117172071361992,4.012624516647278,100687816.5852105,0.0368148364739625,-0.0673753812403303,0.1041902177142928,0.0361533563750491,-0.0697524969539316,0.1059058533289807,12.755000114440918,0.0832581201664002,0.0009639661330501,8.85073130133554,3.969351341365,2.27741531762133,3.492
2019_amazon_forest_fires,BRA_C16,2019-08,PER_F,PER,2019-11,3,-0.945035621940107,-2368156.173605465,5833343.328,-3878057.6379999993,-0.6648087417356964,-11.885192794728695,-2368156.173605465,326293.20407153934,-0.5235205866943482,0.4215150352457588,-0.7413304930505067,0.3517231568217216,-1.0930536498722283,4030161030.58,3843589315.38,-0.0462938611594756,3768896931.912501,74692383.46749973,0.0198181019053756,0.741821463615598,100687816.5852105,-0.0462938611594756,-0.0648272107950733,0.0185333496355976,-0.0473996855384548,-0.0670239654612139,0.019624279922759,12.755000114440918,0.0832581201664002,0.0009639661330501,8.85073130133554,3.969351341365,2.27741531762133,3.492
2019_amazon_forest_fires,BRA_C16,2019-08,PER_F,PER,2019-12,4,-0.4682780647585338,-1217003.9773748869,5398719.6620000005,-1992947.7720000008,-0.36915192800763,-6.107843335784124,-1217003.9773748869,326293.20407153934,-0.199754106923875,0.2685239578346588,-0.2228361735447865,0.2378539368843224,-0.460690110429109,4247527024.61,4581118979.41,0.0785379240360759,3959010308.232223,622108671.1777763,0.1571374214116558,6.178589349499854,100687816.5852105,0.0785379240360759,-0.067925810643728,0.146463734679804,0.0756063498983756,-0.0703428651338882,0.1459492150322638,12.755000114440918,0.0832581201664002,0.0009639661330501,8.85073130133554,3.969351341365,2.27741531762133,3.492
2019_amazon_forest_fires,BRA_C16,2019-08,PER_F,PER,2020-01,5,-0.2236961273350724,-610482.1799383165,5353196.578,-999716.6180000008,-0.1867513369691167,-3.06385976025665,-610482.1799383165,326293.20407153934,-0.0258673408559411,0.1978287864791313,-0.0262077783190246,0.1805105363969161,-0.2067183147159408,3822323437.86,3700567888.4,-0.0318538060526262,3506925133.8622255,193642754.53777456,0.0552172479155587,1.9231994605215992,100687816.5852105,-0.0318538060526262,-0.0825148130777641,0.0506610070251378,-0.0323721762952118,-0.0861188442041012,0.0537466679088893,12.755000114440918,0.0832581201664002,0.0009639661330501,8.85073130133554,3.969351341365,2.27741531762133,3.492
2019_amazon_forest_fires,BRA_C16,2019-08,PER_F,PER,2020-02,6,-0.6481009219771516,-1359141.2278753975,4784403.557999999,-2225709.6379999993,-0.4652010665526722,-6.821195201822271,-1359141.2278753975,326293.20407153934,-0.2549379037153035,0.3931630182618481,-0.2942876137224246,0.3315766325239728,-0.6258642462463975,3449785105.47,3394038098.88,-0.0161595591857611,3124225234.4372215,269812864.4427786,0.0863615278017498,2.679697242361396,100687816.5852105,-0.0161595591857611,-0.0943710582194144,0.0782114990336533,-0.0162915487175148,-0.0991256133337081,0.0828340646161933,12.755000114440918,0.0832581201664002,0.0009639661330501,8.85073130133554,3.969351341365,2.27741531762133,3.492
2019_amazon_forest_fires,BRA_C16,2019-08,PER_F,PER,2020-03,7,-0.7437490976049097,-1886206.243820809,5189784.7080000015,-3088823.538000001,-0.5951737329755915,-9.46640475332358,-1886206.243820809,326293.20407153934,-0.4941154924951705,0.2496336051097391,-0.6814466465992854,0.2228503443341907,-0.9042969909334762,3669158697.52,2595081707.41,-0.2927311350244876,3508226997.8872237,-913145290.477224,-0.2602868317891492,-9.069074307559776,100687816.5852105,-0.2927311350244876,-0.04386065387184,-0.2488704811526475,-0.3463443953417169,-0.044851616991842,-0.3014927783498748,12.755000114440918,0.0832581201664002,0.0009639661330501,8.85073130133554,3.969351341365,2.27741531762133,3.492
2019_amazon_forest_fires,BRA_C16,2019-08,PER_F,PER,2020-04,8,-0.5156579964407482,-1274125.660387117,5113653.898000001,-2086489.398000001,-0.4080231942987082,-6.394522999450951,-1274125.6603871172,326293.20407153934,-0.2518622033436478,0.2637957930971004,-0.2901680146446157,0.2341196749924634,-0.5242876896370792,3687709709.33,1612007682.27,-0.5628702340122979,3325641554.927224,-1713633872.6572242,-0.5152791857914838,-17.019277314520004,100687816.5852105,-0.5628702340122979,-0.0981823904107023,-0.4646878436015955,-0.8275251802772274,-0.1033429860002641,-0.7241821942769633,12.755000114440918,0.0832581201664002,0.0009639661330501,8.85073130133554,3.969351341365,2.27741531762133,3.492
2019_brumadinho_dam_collapse,BRA_B07,2019-01,CHN_C24A,CHN,2019-01,0,-0.0455063214972026,-41617332.25404438,1746613101.5000005,-72883954.50000048,-0.04172873456486,,-41617332.254044384,0.0,0.0450209128350767,0.0905272343322793,0.0440368974720044,0.0866612804657727,-0.0426243829937682,6805293583.0,7823902875.0,0.1496789638208324,8195494218.992872,-371591343.99287224,-0.0453409317441427,-1.5096264653440703,246147873.34705344,0.1496789638208324,0.2042822427919451,-0.0546032789711126,0.1394827414881625,0.1858837403129527,-0.0464009988247902,8932.0380859375,0.1202166424862321,0.0107557578927732,9.218969415946033,6.75671800166833,3.46789777292169,4.31
2019_brumadinho_dam_collapse,BRA_B07,2019-01,JPN_C24A,JPN,2019-01,0,-0.0639599534845138,-9817597.517816477,211412472.50526735,-15626381.794267386,-0.0739141906297796,-1.232062490476387,-9817597.517816477,12683108.13376464,-0.1986328364647849,-0.134672882980271,-0.2214360544816997,-0.1446476729364754,-0.0767883815452243,4320512151.995,3626462589.475,-0.1606405764185901,4139694769.018043,-513232179.5430436,-0.123978266075106,-122.38617496668304,4193547.021816475,-0.1606405764185901,-0.0418509141082877,-0.1187896623103023,-0.1751162689954029,-0.0427518910926139,-0.132364377902789,1409.5830078125,0.3559906618524042,0.0074250526894662,10.590418781492266,0.643391023533141,-0.0002375064599675,2.467
2019_brumadinho_dam_collapse,BRA_B07,2019-01,KOR_C24B,KOR,2019-01,0,-0.6211219796332439,-55522523.36606271,184604413.6617843,-108376781.66178428,-0.587075788233008,-5.788058997724639,-55522523.36606271,18724201.27444945,-0.5631291410889927,0.0579928385442511,-0.8281176375390551,0.0563735642372869,-0.884491201776342,3380060590.0,3386102438.0,0.001787496951349,3523654454.227274,-137552016.22727394,-0.0390367494923501,-1.7955618009732872,76606673.27223916,0.001787496951349,0.0424826302380792,-0.0406951332867302,0.0017859012793692,0.0416050128978255,-0.0398191116184563,365.1944885253906,0.0807159629410078,0.0128818129397052,10.473476518909775,3.17611568177327,0.566582073981039,3.824
2019_brumadinho_dam_collapse,BRA_B07,2019-01,CAN_C24B,CAN,2019-01,0,-0.5777660004486259,-2803952.216262098,8187090.932875002,-2944928.383875001,-0.3597038811490093,,-2803952.2162620984,0.0,0.0284607619734433,0.6062267624220693,0.028063273223184,0.473887728535507,-0.4458244553123229,3873296714.296999,3386906841.526,-0.1255751646848152,3475973716.885875,-89066875.3598752,-0.0256235756119785,,0.0,-0.1255751646848152,-0.1025800569175444,-0.0229951077672707,-0.1341889397925939,-0.108231362476868,-0.0259575773157259,171.1416015625,0.1459925040699677,0.0055830842995517,10.748071221916598,2.74296344906655,1.65111818043586,5.837
2019_brumadinho_dam_collapse,BRA_B07,2019-01,MYS_C24A,MYS,2019-02,1,-0.1258358361189837,-6447178.966081033,87905219.041125,-12349673.528124988,-0.1404885132286332,,-6447178.966081033,0.0,-0.2301338799441287,-0.1042980438251449,-0.2615386462629772,-0.1101475583547859,-0.1513910879081912,968802189.7150002,869908700.864,-0.1020781021150379,1256927559.2481244,-387018858.3841244,-0.3079086424166189,,0.0,-0.1020781021150379,0.2974037141863647,-0.3994818163014027,-0.1076721877470454,0.2603651243481266,-0.3680373120951721,158.3990020751953,0.0771629976682538,0.0304656813379017,9.296775098984025,4.84308697634881,0.624674674586643,3.3
2019_brumadinho_dam_collapse,BRA_B07,2019-01,MYS_C24A,MYS,2019-03,2,-0.5397725076011126,-17592429.863502968,79396138.400625,-33698578.32762501,-0.4244359865159353,,-17592429.863502968,0.0,-0.2680318335080899,0.2717406740930227,-0.3120182485001592,0.2403865681421244,-0.5524048166422837,1163873742.566,1098391171.682,-0.0562626069212887,1413865759.5581243,-315474587.8761246,-0.2231290953497027,,0.0,-0.0562626069212887,0.214793072349038,-0.2710556792703268,-0.0579073367840976,0.1945737513122196,-0.2524810880963173,158.3990020751953,0.0771629976682538,0.0304656813379017,9.296775098984025,4.84308697634881,0.624674674586643,3.3
2019_brumadinho_dam_collapse,BRA_B07,2019-01,VNM_B07,VNM,2019-02,1,-243.46560594330185,-2641794.3627623064,25519521.551108394,-6337714.785108395,-0.2483477118650419,-2.6653714238422523,-2641794.362762307,2377797.9790795143,735.8760453444173,979.3416512877192,6.602381327417872,6.887862759234272,-0.2854814318164003,3949678.461,4490226.335,0.1368587036482815,2915687.797909091,1574538.5370909087,0.5400230224306072,35.58950999704074,44241.64696906002,0.1368587036482815,-0.261791098516186,0.3986498021644675,0.1282689053692163,-0.3035283403085493,0.4317972456777657,155.38209533691406,0.5184704968287344,0.0055430589894111,8.078164070566023,7.46500685572751,3.62664730027259,1.161
2019_brumadinho_dam_collapse,BRA_B07,2019-01,ARG_C24A,ARG,2019-01,0,-0.1410690220471015,-2783767.1398360548,60162922.39720226,-7744153.657202259,-0.1287197055700602,-4.830847158996637,-2783767.1398360548,1603063.2728216376,-0.0451294266110341,0.0959395954360674,-0.0461794720720014,0.0916120717591226,-0.1377915438311241,423559656.06999993,173672257.32999998,-0.5899697838518929,217298989.50662088,-43626732.1766209,-0.200768223891311,-0.5382471574584875,81053344.30862392,-0.5899697838518929,-0.4869695770299974,-0.1030002068218954,-0.8915244206800992,-0.6674201292936779,-0.2241042913864213,114.74310302734376,0.1135910937158451,0.024829709202936,9.371931862380569,-2.61739646282038,42.0336689575031,9.22
2019_brumadinho_dam_collapse,BRA_B07,2019-01,ARG_C24A,ARG,2019-02,1,-0.5451440975060023,-7533672.722249581,57328083.18220227,-20957902.09220227,-0.3655782808155834,-13.07365869303034,-7533672.72224958,1603063.2728216376,-0.0539611522560323,0.4911829452499699,-0.055471644021285,0.3995697193858483,-0.4550413634071333,256314710.86,137435586.58,-0.4638014099195898,50054044.29662108,87381542.28337893,1.7457438956491609,1.0780744832768323,81053344.30862392,-0.4638014099195898,-0.8047164591970658,0.340915049277476,-0.6232506792749035,-1.6333027050566855,1.010052025781782,114.74310302734376,0.1135910937158451,0.024829709202936,9.371931862380569,-2.61739646282038,42.0336689575031,9.22
2019_saudi_aramco_attack,SAU_C19,2019-09,SGP_H50,SGP,2019-09,0,-0.6879747352635138,-87600824.49101603,347153700.8096,-227136858.0406,-0.6542832685087103,-2.83917015221065,-87600824.49101603,80001143.24382618,-0.6364810346350452,0.0514937006284685,-1.0119238037473366,0.0502117251512288,-1.0621355288985654,33430787284.358,31513056734.752,-0.0573642054341715,31039547703.56272,473509031.1892777,0.0152550235496804,,0.0,-0.0573642054341715,-0.0715280666427536,0.014163861208582,-0.0590752909216121,-0.0742151265844448,0.0151398356628327,242.42230224609375,0.1134120710704627,0.0036658342608146,11.110694222829286,3.4519759658687,3.60726256505623,3.613
2019_saudi_aramco_attack,SAU_C19,2019-09,SGP_H50,SGP,2019-10,1,-0.244854543654907,-45128603.989880726,212720534.9312001,-117012247.0602001,-0.5500749943960286,-1.462632186437287,-45128603.98988073,80001143.24382618,-0.7997251592084236,-0.5548706155535166,-1.6080646434744743,-0.8093902849023635,-0.7986743585721108,37456589551.984,34148966856.065,-0.0883054953876281,33873656769.675724,275310086.3892746,0.0081275573009801,,0.0,-0.0883054953876281,-0.0956556062675091,0.007350110879881,-0.0924503180339613,-0.1005450246182135,0.0080947065842522,242.42230224609375,0.1134120710704627,0.0036658342608146,11.110694222829286,3.4519759658687,3.60726256505623,3.613
2019_saudi_aramco_attack,SAU_C19,2019-09,SGP_H50,SGP,2019-11,2,-0.6434362158607738,-104073164.34392968,327596145.3049,-269847363.79789996,-0.8237195939736954,-3.3730438448293616,-104073164.34392966,80001143.24382618,-0.8623012027226488,-0.2188649868618749,-1.982686592723006,-0.2470072712791378,-1.7356793214438682,35405294252.167,33606598445.602,-0.050803018151866,33690439956.999237,-83841511.39723587,-0.0024885846401604,,0.0,-0.050803018151866,-0.0484349680291897,-0.0023680501226763,-0.0521389341036631,-0.049647247789899,-0.002491686313764,242.42230224609375,0.1134120710704627,0.0036658342608146,11.110694222829286,3.4519759658687,3.60726256505623,3.613
2019_saudi_aramco_attack,SAU_C19,2019-09,SGP_H50,SGP,2019-12,3,-0.8728940277698769,-65474616.74044528,228685148.29039988,-169766652.47439986,-0.7423597629471709,-2.1220528306325304,-65474616.740445286,80001143.24382618,-0.6970570935259133,0.1758369342439636,-1.1942109068748472,0.1619801777359839,-1.3561910846108312,31739324644.242,33200999220.582,0.0460524788326008,31495504778.12925,1705494442.452755,0.0541504082715024,,0.0,0.0460524788326008,-0.0076819487763419,0.0537344276089427,0.0450235353508929,-0.0077116069305134,0.0527351422814064,242.42230224609375,0.1134120710704627,0.0036658342608146,11.110694222829286,3.4519759658687,3.60726256505623,3.613
2019_saudi_aramco_attack,SAU_C19,2019-09,KOR_C20,KOR,2019-10,1,-0.6176619610720349,-22880725.626369603,136394969.8127248,-90169955.8127248,-0.6610944372547711,-2.352494403956027,-22880725.626369603,38329509.1631641,-0.6833598004958423,-0.0656978394238075,-1.1499891522785577,-0.0679553801962598,-1.0820337720822977,6896581549.0,5759780557.0,-0.1648354309918709,5446020719.443733,313759837.5562668,0.0576126779018782,7.141043115306055,43937535.80394389,-0.1648354309918709,-0.2103304106897129,0.045494979697842,-0.180126484889584,-0.2361406623491504,0.0560141774595663,198.57969665527344,0.0995415854939185,0.0019327799790517,10.473476518909775,3.17611568177327,0.566582073981039,3.824
2019_saudi_aramco_attack,SAU_C19,2019-09,KOR_C20,KOR,2019-11,2,-0.4648163150869021,-26576850.15353722,149107008.5618255,-104735900.56182551,-0.7024210435983496,-2.7325134823923105,-26576850.15353722,38329509.1631641,-0.8030817054491417,-0.3382653903622395,-1.6249663666496836,-0.4128906929409766,-1.212075673708707,6278829063.0,5525655131.0,-0.1199545208896221,5650803176.943732,-125148045.94373226,-0.0221469483230911,-2.848317359038119,43937535.80394389,-0.1199545208896221,-0.1000227717230128,-0.0199317491666092,-0.1277816920163346,-0.10538581787468,-0.0223958741416545,198.57969665527344,0.0995415854939185,0.0019327799790517,10.473476518909775,3.17611568177327,0.566582073981039,3.824
2019_saudi_aramco_attack,SAU_C19,2019-09,KOR_C20,KOR,2019-12,3,-0.3334417241307482,-12543254.905237311,138654829.81272483,-49431331.81272483,-0.356506382644511,-1.2896416597014484,-12543254.905237311,38329509.1631641,-0.3981380651686634,-0.0646963410379152,-0.5077271996484392,-0.0668840330094617,-0.4408431666389774,6005656551.0,5972069056.0,-0.0055926433213047,5646017087.443734,326051968.55626583,0.0577490226307281,7.420806893021046,43937535.80394389,-0.0055926433213047,-0.0598834549565413,0.0542908116352366,-0.005608340703965,-0.0617514273040882,0.0561430866001231,198.57969665527344,0.0995415854939185,0.0019327799790517,10.473476518909775,3.17611568177327,0.566582073981039,3.824
2019_saudi_aramco_attack,SAU_C19,2019-09,EGY_D,EGY,2019-10,1,-0.5121953785494873,-31697264.705992375,143333301.39476335,-105042986.12076336,-0.7328582060037659,-21.78886967600295,-31697264.705992367,4820947.0102275135,-0.8132943164429995,-0.3010989378935123,-1.678221765466919,-0.3582460867164592,-1.3199756787504595,1874413.0,953502.5,-0.4913060782228889,5706949.68815537,-4753447.18815537,-0.8329225677284363,-2.761095191449199,1721580.3362652117,-0.4913060782228889,2.044659681807248,-2.535965760030137,-0.6759082605017781,1.1133887736873582,-1.7892970341891363,177.79849243164062,0.2238119496570322,0.0197555842481525,7.818310858788752,5.3311086189448,21.1748208164536,9.855
2019_saudi_aramco_attack,SAU_C19,2019-09,EGY_D,EGY,2019-11,2,-0.4227616030801506,-28249094.74174161,189379745.35676345,-93615941.13576342,-0.4943292164608461,-19.41857915823585,-28249094.74174161,4820947.0102275135,-0.5675388304774798,-0.1447772273973291,-0.8382627321651768,-0.1563932904672071,-0.6818694416979696,1682388.0,845423.0,-0.4974863111244255,5957111.09515537,-5111688.09515537,-0.858081713351369,-2.969183596883224,1721580.3362652117,-0.4974863111244255,2.5408663727721374,-3.038352683896563,-0.6881318094304163,1.2643710087469897,-1.9525028181774056,177.79849243164062,0.2238119496570322,0.0197555842481525,7.818310858788752,5.3311086189448,21.1748208164536,9.855
2019_saudi_aramco_attack,SAU_C19,2019-09,EGY_D,EGY,2019-12,3,-0.84144871725758,-60533577.4255653,240591603.6512634,-200604935.2312634,-0.8337985706352392,-41.61110562005458,-60533577.4255653,4820947.0102275135,-0.8322736636034193,0.0091750536541606,-1.785421556967094,0.0091332185094437,-1.794554775476538,1667554.0,1376341.0,-0.174634824419479,4789860.839468458,-3413519.8394684577,-0.7126553262969669,-1.9827827767095272,1721580.3362652117,-0.174634824419479,1.87238724471199,-2.047022069131469,-0.191929226631732,1.055143085700129,-1.247072312331861,177.79849243164062,0.2238119496570322,0.0197555842481525,7.818310858788752,5.3311086189448,21.1748208164536,9.855
2019_saudi_aramco_attack,SAU_C19,2019-09,EGY_D,EGY,2020-01,4,-0.9196440054748954,-80449291.52518559,268259296.6067099,-266604512.7707099,-0.993831401718666,-55.30127425277966,-80449291.52518559,4820947.0102275135,-0.9942918744348376,-0.0746478689599421,-5.165863980649286,-0.0775809314270645,-5.0882830492222215,8670180.0,4057000.0,-0.5320743052624052,9246035.897655372,-5189035.897655372,-0.5612173644027509,-3.0141119693039955,1721580.3362652117,-0.5320743052624052,0.0664179864380406,-0.5984922917004458,-0.7594456364486337,0.0643053490590119,-0.8237509855076457,177.79849243164062,0.2238119496570322,0.0197555842481525,7.818310858788752,5.3311086189448,21.1748208164536,9.855
2019_saudi_aramco_attack,SAU_C19,2019-09,EGY_D,EGY,2020-02,5,-0.7954701256489761,-78637106.40471424,314464967.0342633,-260599031.28126332,-0.8287060836664489,-54.055568486525424,-78637106.40471424,4820947.0102275135,-0.8355759709812883,-0.0401058453323122,-1.8053066296142255,-0.0409322560258011,-1.7643743735884243,7056725.0,6219066.0,-0.1187036479386684,7710661.955842284,-1491595.9558422836,-0.1934459018414259,-0.8664108926093713,1721580.3362652117,-0.1187036479386684,0.0926686183523211,-0.2113722662909896,-0.1263613090680575,0.088622965801159,-0.2149842748692165,177.79849243164062,0.2238119496570322,0.0197555842481525,7.818310858788752,5.3311086189448,21.1748208164536,9.855
2019_saudi_aramco_attack,SAU_C19,2019-09,EGY_D,EGY,2020-03,6,-0.650165780549723,-69648324.01757531,321871918.1332634,-230810702.46826345,-0.7170886600076175,-47.87663128812753,-69648324.01757531,4820947.0102275135,-0.7434915897421087,-0.0933258091923857,-1.3605938182143085,-0.0979721094198211,-1.262621708794487,3022113.0,3071884.98,0.016469265047336,6916205.397655372,-3844320.417655371,-0.5558424304400525,-2.233018312694732,1721580.3362652117,0.016469265047336,1.2885330223110028,-1.2720637572636666,0.0163351122101467,0.8279108243760405,-0.8115757121658937,177.79849243164062,0.2238119496570322,0.0197555842481525,7.818310858788752,5.3311086189448,21.1748208164536,9.855
2019_saudi_aramco_attack,SAU_C19,2019-09,EGY_D,EGY,2020-04,7,-0.6869045809717724,-48302897.56587908,194809299.06226343,-160073137.08826342,-0.8216914585638034,-33.203670720435724,-48302897.56587908,4820947.0102275135,-0.8509404562230727,-0.1640358752513002,-1.903409405703357,-0.1791695789562126,-1.7242398267471444,1792668.0,2193066.0,0.2233531250627556,7385882.955842283,-5192816.955842283,-0.7030732800517411,-3.016308241012764,1721580.3362652117,0.2233531250627556,3.1200506484425907,-2.896697523379835,0.2015954499478187,1.4158650341629802,-1.2142695842151614,177.79849243164062,0.2238119496570322,0.0197555842481525,7.818310858788752,5.3311086189448,21.1748208164536,9.855
2019_saudi_aramco_attack,SAU_C19,2019-09,EGY_D,EGY,2020-05,8,-0.597495613402645,-74894951.0206776,307016684.9267633,-248197734.8377633,-0.8084177408695855,-51.48319081525233,-74894951.0206776,4820947.0102275135,-0.8584029596962324,-0.2609073462935873,-1.9547699851565277,-0.3023319879032407,-1.652437997253287,1560716.0,3578911.0,1.2931212341002465,8458268.955842284,-4879357.9558422845,-0.576874296775822,-2.834231928105976,1721580.3362652117,1.2931212341002465,4.419479877083521,-3.1263586429832753,0.8299135125526309,1.6899993247051608,-0.8600858121525299,177.79849243164062,0.2238119496570322,0.0197555842481525,7.818310858788752,5.3311086189448,21.1748208164536,9.855
2019_saudi_aramco_attack,SAU_C19,2019-09,EGY_D,EGY,2020-06,9,-0.9226150298065968,-47814742.055365354,176644530.3077634,-158455416.6637634,-0.8970298507838904,-32.86811000569066,-47814742.055365354,4820947.0102275135,-0.8940929254414542,0.0285221043651424,-2.245193175309556,0.0281229215659521,-2.273316096875508,7345395.2,4410251.0,-0.3995896912394857,9264792.497655371,-4854541.497655371,-0.523977358249945,-2.8198169991804107,1721580.3362652117,-0.3995896912394857,0.2613061986992028,-0.6608958899386885,-0.5101419189445195,0.2321478214267145,-0.7422897403712341,177.79849243164062,0.2238119496570322,0.0197555842481525,7.818310858788752,5.3311086189448,21.1748208164536,9.855
2019_saudi_aramco_attack,SAU_C19,2019-09,EGY_D,EGY,2020-07,10,-0.8800184580198456,-46001837.08598754,190371417.48776343,-152447549.63476342,-0.8007901167440871,-31.62190941143927,-46001837.08598754,4820947.0102275135,-0.7810807468529157,0.0989377111669298,-1.519052303649726,0.0943439955584359,-1.613396299208162,8101124.0,6414241.22,-0.2082282384518494,8312001.9558422845,-1897760.7358422847,-0.2283157229659215,-1.1023364381352532,1721580.3362652117,-0.2082282384518494,0.0260307033742829,-0.2342589418261323,-0.2334820760995342,0.0256976684851881,-0.2591797445847223,177.79849243164062,0.2238119496570322,0.0197555842481525,7.818310858788752,5.3311086189448,21.1748208164536,9.855
2019_saudi_aramco_attack,SAU_C19,2019-09,EGY_D,EGY,2020-08,11,-0.8802084326531495,-14584763.789546847,135523269.52576345,-48333102.38376346,-0.3566406164262084,-10.025644812362808,-14584763.789546844,4820947.0102275135,0.5878459394861245,1.468054372139274,0.4623783359395794,0.9034301258185736,-0.441051789878994,6217333.0,7776885.0,0.2508393872420859,8257428.9558422845,-480543.9558422845,-0.0581953485052136,-0.2791295565589314,1721580.3362652117,0.2508393872420859,0.3281303986520079,-0.077291011409922,0.2238148034915834,0.2837721982521834,-0.0599573947606,177.79849243164062,0.2238119496570322,0.0197555842481525,7.818310858788752,5.3311086189448,21.1748208164536,9.855
2019_saudi_aramco_attack,SAU_C19,2019-09,GBR_H51,GBR,2019-09,0,-0.0139006516132767,-707915.4155296416,239521561.5126568,-4216570.457656801,-0.0176041373103439,-0.1473818695130708,-707915.4155296406,28609831.532112885,-0.2242765213181281,-0.2103758697048514,-0.2539591632554554,-0.2361982303006051,-0.0177609329548502,42214642978.926,38246271327.486,-0.0940046242584843,39166795094.52659,-920523767.040596,-0.0235026574122026,-0.4381660853528393,2100855812.0132267,-0.0940046242584843,-0.0721988312425365,-0.0218057930159478,-0.0987210769877897,-0.0749378269550327,-0.023783250032757,145.87570190429688,0.0586854683681233,0.006781483922175,10.685194855854348,1.55133095078786,1.96276612181809,4.12
2019_saudi_aramco_attack,SAU_C19,2019-09,GBR_H51,GBR,2019-10,1,-0.6607172332500448,-15790326.05585768,175793911.31865677,-94052228.42065676,-0.5350141407922308,-3.287409375867473,-15790326.05585768,28609831.532112885,-0.4257643920565819,0.2349528411934629,-0.554715494871985,0.2110327827458888,-0.7657482776178739,43284411146.046,43482299473.578,0.0045718151706929,40236563261.64662,3245736211.931381,0.0806663379977386,1.5449590559101856,2100855812.0132267,0.0045718151706929,-0.0704144472271004,0.0749862623977934,0.0045613961673787,-0.0730164343407508,0.0775778305081296,145.87570190429688,0.0586854683681233,0.006781483922175,10.685194855854348,1.55133095078786,1.96276612181809,4.12
2019_saudi_aramco_attack,SAU_C19,2019-09,CHN_C20,CHN,2019-10,1,-0.716185802737956,-20177003.91915808,172972730.87499997,-126071647.87499996,-0.7288527344006992,,-20177003.91915808,0.0,-0.733565077130277,-0.017379274392321,-1.3226252414136894,-0.0175320667503058,-1.3050931746633836,12004956403.0,10574922698.0,-0.119120274742742,11455270613.499989,-880347915.4999886,-0.0768509051599795,,0.0,-0.119120274742742,-0.0457882370453795,-0.0733320376973624,-0.1268341830613515,-0.0468696584153995,-0.0799645246459519,103.65239715576172,0.1796361323010894,0.0001114949391196,9.218969415946033,6.75671800166833,3.46789777292169,4.31
2019_saudi_aramco_attack,SAU_C19,2019-09,CHN_C20,CHN,2019-11,2,-0.0528227880274191,-820530.0034635066,86954142.375,-5126904.375,-0.058961013644291,,-820530.0034635065,0.0,-0.1569293024422407,-0.1041065144148216,-0.1707044583348,-0.1099337495715779,-0.0607707087632221,13051592343.0,11021878830.0,-0.1555146268484705,12773410762.999989,-1751531932.9999886,-0.1371232762727361,,0.0,-0.1555146268484705,-0.0213139954642553,-0.1342006313842151,-0.169027862998611,-0.0215444187063802,-0.1474834442922308,103.65239715576172,0.1796361323010894,0.0001114949391196,9.218969415946033,6.75671800166833,3.46789777292169,4.31
2019_saudi_aramco_attack,SAU_C19,2019-09,CHN_C20,CHN,2019-12,3,-0.3133188579373713,-9361252.979484404,141281995.87500003,-58491765.87500003,-0.4140072166502441,,-9361252.979484404,0.0,-0.556523214440014,-0.2432043565026426,-0.8131098156008321,-0.2786620160177477,-0.5344477995830843,12381603250.0,12001284435.0,-0.0307164433652806,13089627466.499996,-1088343031.4999962,-0.0831454550013259,,0.0,-0.0307164433652806,0.0571835651816735,-0.0879000085469542,-0.031198081790059,0.0556083580133304,-0.0868064398033894,103.65239715576172,0.1796361323010894,0.0001114949391196,9.218969415946033,6.75671800166833,3.46789777292169,4.31
2019_saudi_aramco_attack,SAU_C19,2019-09,CHN_C20,CHN,2020-01,4,-0.8174433231739598,-22873360.372386612,157952721.37500006,-142919248.37500006,-0.9048229567105172,,-22873360.372386612,0.0,-0.914014296410786,-0.0965709732368262,-2.453574173083698,-0.1015577250895134,-2.3520164479941847,12187329939.0,11434488195.0,-0.0617724922331734,12378176942.999992,-943688747.9999924,-0.0762381045565566,,0.0,-0.0617724922331734,0.0156594598616119,-0.0774319520947854,-0.0637628137863046,0.0155381156689955,-0.0793009294553002,103.65239715576172,0.1796361323010894,0.0001114949391196,9.218969415946033,6.75671800166833,3.46789777292169,4.31
2019_saudi_aramco_attack,SAU_C19,2019-09,CHN_C20,CHN,2020-02,5,-0.5157947270866082,-6668538.40625366,110985757.87500004,-41666920.87500003,-0.3754258354655581,,-6668538.406253662,0.0,-0.1419022605572829,0.3738924665293253,-0.1530372685005474,0.3176479242895169,-0.4706851927900644,8951090236.0,5843690250.0,-0.3471532410099591,10012413842.999992,-4168723592.999992,-0.4163555021164535,,0.0,-0.3471532410099591,0.1185691998424394,-0.4657224408523985,-0.426412849483178,0.1120503684555487,-0.5384632179387268,103.65239715576172,0.1796361323010894,0.0001114949391196,9.218969415946033,6.75671800166833,3.46789777292169,4.31
2019_saudi_aramco_attack,SAU_C19,2019-09,CHN_C20,CHN,2020-03,6,-0.0813759381499016,-1433246.885008583,139208485.37500003,-8955333.37500003,-0.0643303700264832,,-1433246.8850085838,0.0,0.1835932842624858,0.2649692224123874,0.1685549661258143,0.2350477898713165,-0.0664928237455022,13380855171.0,15107671986.0,0.129051304489304,13553162791.999994,1554509194.0000055,0.1146971535616456,,0.0,0.129051304489304,0.0128771755465549,0.1161741289427491,0.1213777265439617,0.0127949696879383,0.1085827568560233,103.65239715576172,0.1796361323010894,0.0001114949391196,9.218969415946033,6.75671800166833,3.46789777292169,4.31
2019_saudi_aramco_attack,SAU_C19,2019-09,CHN_C20,CHN,2020-04,7,-0.1721649130239942,-2871311.9129965785,99227053.87500006,-17940771.87500006,-0.1808052458919188,,-2871311.9129965785,0.0,-0.2199529781617148,-0.0477880651377206,-0.2484010740015669,-0.0489676478318159,-0.199433426169751,11093017589.0,12313967666.0,0.1100647382197168,12437937039.999992,-123969373.99999236,-0.0099670366236226,,0.0,0.1100647382197168,0.1212401801592412,-0.0111754419395243,0.1044183363350654,0.1144353764022945,-0.010017040067229,103.65239715576172,0.1796361323010894,0.0001114949391196,9.218969415946033,6.75671800166833,3.46789777292169,4.31
2019_saudi_aramco_attack,SAU_C19,2019-09,CHN_C20,CHN,2020-05,8,-0.741222309978482,-10864796.786821976,135599367.37500003,-67886334.37500003,-0.5006390198507371,,-10864796.786821976,0.0,-0.2606698947882445,0.4805524151902376,-0.3020107621598633,0.3924152680972668,-0.6944260302571301,13051087382.0,11332394266.0,-0.1316896489690517,13850899501.999992,-2518505235.9999924,-0.1818297241732448,,0.0,-0.1316896489690517,0.0612831786800454,-0.1929728276490971,-0.1412060809442827,0.0594787219241865,-0.2006848028684693,103.65239715576172,0.1796361323010894,0.0001114949391196,9.218969415946033,6.75671800166833,3.46789777292169,4.31
2019_saudi_aramco_attack,SAU_C19,2019-09,CHN_C20,CHN,2020-06,9,-0.78739063019721,-14503155.01757941,165005971.37499994,-90619829.37499994,-0.5491912118080459,,-14503155.017579408,0.0,-0.3536629716555435,0.4337276585416664,-0.4364341907879421,0.3602778041773291,-0.7967119949652712,12140541506.0,11059901729.0,-0.0890108383111194,13151992433.499989,-2092090704.4999864,-0.1590702484873041,,0.0,-0.0890108383111194,0.0833118462632095,-0.1723226845743289,-0.0932242789431008,0.0800228732519272,-0.173247152195028,103.65239715576172,0.1796361323010894,0.0001114949391196,9.218969415946033,6.75671800166833,3.46789777292169,4.31
2019_saudi_aramco_attack,SAU_C19,2019-09,CHN_C20,CHN,2020-07,10,-1.075006187566384,-12237885.333382783,125476869.37500006,-76465781.37500006,-0.6094014120361458,,-12237885.333382783,0.0,-0.3109699278298846,0.7640362597364995,-0.372470356465584,0.5676045066904578,-0.9400748631560418,12369868046.0,11262682549.0,-0.0895066538206142,12972535619.499989,-1709853070.4999886,-0.1318056177028167,,0.0,-0.0895066538206142,0.0487206145820505,-0.1382272684026647,-0.0937686877086996,0.0475709589341271,-0.1413396466428267,103.65239715576172,0.1796361323010894,0.0001114949391196,9.218969415946033,6.75671800166833,3.46789777292169,4.31
2019_saudi_aramco_attack,SAU_C19,2019-09,CHN_C20,CHN,2020-08,11,-1.4443160279470764,-17727357.848368492,164434686.875,-110765563.875,-0.6736143448809058,,-17727357.84836849,0.0,-0.3001870631720912,1.144128964774985,-0.3569422071615555,0.762733385922445,-1.1196755930840006,11615326748.0,11409512615.0,-0.017719185819326,12700071141.499989,-1290558526.4999866,-0.1016182123801521,,0.0,-0.017719185819326,0.0933890554294363,-0.1111082412487623,-0.0178780500178632,0.0892820977537027,-0.107160147771566,103.65239715576172,0.1796361323010894,0.0001114949391196,9.218969415946033,6.75671800166833,3.46789777292169,4.31
2019_saudi_aramco_attack,SAU_C19,2019-09,IDN_H51,IDN,2019-11,2,-0.7064876948908447,-25598369.336092778,151756961.21036458,-112596698.21036458,-0.7419540910171739,-7.788936517371108,-25598369.336092778,14455978.420063922,-0.7542890299811424,-0.0478013350902977,-1.4035993331687069,-0.0489815840189287,-1.354617749149778,14905771636.993,13944486911.684,-0.0644907723477591,13600304137.076492,344182774.6075077,0.0253069910156798,0.7880542092613317,436750125.2612065,-0.0644907723477591,-0.0875813431004545,0.0230905707526954,-0.0666642694400323,-0.0916563406163213,0.0249920711762889,72.57959747314453,0.1739876976755187,0.0018845944151843,8.258928430525406,5.17429153955024,3.81832356943335,4.387
2019_saudi_aramco_attack,SAU_C19,2019-09,IDN_H51,IDN,2019-12,3,-0.0744514766755498,-1323663.0953780748,48203818.53963536,-5822249.53963536,-0.1207839900660161,-0.4027572102317523,-1323663.0953780746,14455978.420063922,-0.4580496121994935,-0.3835981355239437,-0.6125808063477791,-0.4838561428002137,-0.1287246635475654,14333166251.78,14428818305.106,0.0066734768609916,13078907141.494995,1349911163.6110058,0.1032128410276872,3.090808875678436,436750125.2612065,0.0066734768609916,-0.0875074696164388,0.0941809464774305,0.0066513077890206,-0.0915753794333333,0.098226687222354,72.57959747314453,0.1739876976755187,0.0018845944151843,8.258928430525406,5.17429153955024,3.81832356943335,4.387
2019_saudi_aramco_attack,SAU_C19,2019-09,IDN_H51,IDN,2020-02,5,-0.5939296434442589,-13415218.60906958,86299828.03963538,-59008029.039635375,-0.6837560442476716,-4.0819118101156135,-13415218.60906958,14455978.420063922,-0.7253016460160937,-0.1313720025718347,-1.2920816513729037,-0.1408403250577876,-1.151241326315116,12788557131.662,14042089243.234,0.0980198233988801,11940645909.760986,2101443333.473013,0.1759907587373619,4.811546034969551,436750125.2612065,0.0980198233988801,-0.0663023367821339,0.164322160181014,0.0935083970147268,-0.0686025942017707,0.1621109912164975,72.57959747314453,0.1739876976755187,0.0018845944151843,8.258928430525406,5.17429153955024,3.81832356943335,4.387
2020_china_covid,CHN_C26,2020-02,VNM_C26,VNM,2020-02,0,-0.1772388002991065,-172082556.8783273,1605480934.467909,-221303132.08790943,-0.1378422672837619,-9.303411823359657,-172082556.87832728,23787309.031321835,0.1085699998002334,0.28580880009934,0.1030708962205508,0.2513879365894453,-0.1483170403688944,5901755611.797998,8609871880.696999,0.4588662166026152,6573177090.5979595,2036694790.099039,0.3098493714724734,13.080144193309549,155708894.33625677,0.4588662166026152,0.113766398164259,0.3450998184383562,0.3776595700141421,0.1077474230569919,0.2699121469571501,19440.38671875,0.181036837928372,0.1837970921197662,8.14377899719828,7.35926270105006,2.42322694229267,1.681
2020_china_covid,CHN_C26,2020-02,KOR_C26,KOR,2020-02,0,-0.036017425105886,-58375610.59602346,2736945297.375002,-93846364.3750019,-0.0342887249025436,,-58375610.59602346,0.0,0.0143985704802958,0.0504159955861819,0.0142958954675442,0.0491862719625082,-0.0348903764949639,11369171460.0,12493412262.0,0.0988850248195658,8396127963.625,4097284298.375,0.4879968857223099,,0.0,0.0988850248195658,-0.2615004538224283,0.3603854786419942,0.0942960519421483,-0.3031347914989446,0.3974308434410929,13731.7529296875,0.1450307326551506,0.0789828316112138,10.429042495227344,2.31380210595475,-0.624210765169693,3.746
2020_china_covid,CHN_C26,2020-02,KOR_C26,KOR,2020-03,1,-0.0017106043113285,-3351109.979467537,3261796711.874999,-5387343.874999046,-0.0016516491832203,,-3351109.979467545,0.0,0.0339840993262412,0.0356947036375698,0.0334193981299435,0.0350724127888995,-0.0016530146589559,14368629419.0,14584178201.0,0.015001346037568,11390136029.125,3194042171.875,0.2804217757986134,,0.0,0.015001346037568,-0.2072914056741183,0.2222927517116864,0.014889938637232,-0.2322995973404644,0.2471895359776965,13731.7529296875,0.1450307326551506,0.0789828316112138,10.429042495227344,2.31380210595475,-0.624210765169693,3.746
2020_china_covid,CHN_C26,2020-02,MEX_C26,MEX,2020-02,0,-0.0586516032482795,-93540327.65596072,2456137737.874999,-163092326.87499905,-0.0664019465846826,,-93540327.65596072,0.0,-0.1753702197201488,-0.1167186164718692,-0.1928207444658589,-0.1241114614521308,-0.0687092830137281,6776861697.0,7119303898.0,0.0505310889185761,6593047830.999999,526256067.00000095,0.0798198466763104,,0.0,0.0505310889185761,-0.0271237446208135,0.0776548335393896,0.0492958352592225,-0.0274983833185409,0.0767942185777634,12354.5185546875,0.1065790549419522,0.1779058844038372,9.246725854131643,-0.392690505066824,4.31901022798927,3.477
2020_china_covid,CHN_C26,2020-02,MEX_C26,MEX,2020-03,1,-0.039186870579114,-66782640.0884964,2663197934.374997,-116438935.37499714,-0.0437214725469976,,-66782640.08849638,0.0,-0.1429025439935707,-0.1037156734144567,-0.1542036491665008,-0.1094975875278834,-0.0447060616386174,6716735968.0,6944743587.0,0.0339461935211207,6871067059.500002,73676527.4999981,0.0107227199009988,,0.0,0.0339461935211207,0.0229770966486205,0.0109690968725001,0.0333827375137509,0.0227170982977504,0.0106656392160005,12354.5185546875,0.1065790549419522,0.1779058844038372,9.246725854131643,-0.392690505066824,4.31901022798927,3.477
2020_china_covid,CHN_C26,2020-02,MEX_C26,MEX,2020-04,2,-0.1783300933138772,-317826452.8502113,2967276525.874998,-554146612.8749981,-0.1867526022744341,,-317826452.8502113,0.0,-0.2234299144568242,-0.045099821142947,-0.2528683821083177,-0.0461484687063133,-0.2067199134020043,7775598428.0,6287719824.0,-0.1913522949747682,7402294659.999995,-1114574835.9999952,-0.1505715304772798,,0.0,-0.1913522949747682,-0.0480096511486157,-0.1433426438261525,-0.2123919264221783,-0.0492003819968225,-0.1631915444253557,12354.5185546875,0.1065790549419522,0.1779058844038372,9.246725854131643,-0.392690505066824,4.31901022798927,3.477
2020_china_covid,CHN_C26,2020-02,MEX_C26,MEX,2020-05,3,-0.2664812309604809,-496431892.525492,3172106365.374999,-865554296.374999,-0.2728642096692981,,-496431892.525492,0.0,-0.2898737407973451,-0.0233925098368641,-0.3423124947680662,-0.0236704577440782,-0.3186420370239879,8494435743.0,4654264952.0,-0.4520807393433478,8307486196.999998,-3653221244.999998,-0.439750504348626,,0.0,-0.4520807393433478,-0.0220084713871737,-0.430072267956174,-0.6016273373599468,-0.0222542709322617,-0.579373066427685,12354.5185546875,0.1065790549419522,0.1779058844038372,9.246725854131643,-0.392690505066824,4.31901022798927,3.477
2020_china_covid,CHN_C26,2020-02,MEX_C26,MEX,2020-06,4,-0.028517758509061,-44003834.24605854,2776901787.874996,-76722926.87499619,-0.0276289666454886,,-44003834.24605854,0.0,0.0036510835246122,0.0321688420336733,0.0036444344969943,0.0316622602874616,-0.0280178257904673,7532584886.0,8051381910.0,0.0688737042929621,7416345748.499999,635036161.500001,0.085626558285587,,0.0,0.0688737042929621,-0.0154315071465098,0.0843052114394719,0.0666054812690113,-0.0155518121136388,0.0821572933826502,12354.5185546875,0.1065790549419522,0.1779058844038372,9.246725854131643,-0.392690505066824,4.31901022798927,3.477
2020_china_covid,CHN_C26,2020-02,MEX_C26,MEX,2020-07,5,-0.092311072710202,-176068179.64717272,3067306891.3749976,-306983841.3749976,-0.1000825324124591,,-176068179.64717272,0.0,-0.1699615828934323,-0.0776505101832302,-0.1862832935305043,-0.0808310710234785,-0.1054522225070258,7986411391.0,7677233244.0,-0.0387130253956635,7715738841.999998,-38505597.99999809,-0.0049905263499065,,0.0,-0.0387130253956635,-0.0338916361490001,-0.0048213892466634,-0.0394822937689554,-0.0344792731571104,-0.0050030206118449,12354.5185546875,0.1065790549419522,0.1779058844038372,9.246725854131643,-0.392690505066824,4.31901022798927,3.477
2020_china_covid,CHN_C26,2020-02,MEX_C26,MEX,2020-08,6,-0.1159426182979268,-211554251.10583293,3094783071.8749976,-368855614.8749976,-0.1191862583930716,,-211554251.10583293,0.0,-0.1431575014470179,-0.027214883149091,-0.1545011595404517,-0.0275920671682463,-0.1269090923722053,7974120525.0,7526408817.0,-0.056145590801689,8124539053.999999,-598130236.999999,-0.0736202057771533,,0.0,-0.056145590801689,0.0188633377848272,-0.0750089285865163,-0.0577833522676272,0.0186876311959167,-0.0764709834635439,12354.5185546875,0.1065790549419522,0.1779058844038372,9.246725854131643,-0.392690505066824,4.31901022798927,3.477
2020_china_covid,CHN_C26,2020-02,JPN_C26,JPN,2020-02,0,-0.3824351892179511,-632752056.885307,4064744780.053234,-1563934561.3932345,-0.3847559062177458,-6.476921973420932,-632752056.885307,241462621.8767318,-0.3884668497130634,-0.0060316604951122,-0.4917861137430606,-0.0060499244360912,-0.4857361893069694,8564060427.605999,9488155917.220997,0.1079038964550277,8073429366.18974,1414726551.031257,0.1752324182033362,8.247656302065298,171530735.4256499,0.1079038964550277,-0.0572895375463166,0.1651934340013444,0.1024698485005117,-0.0589960822430057,0.1614659307435175,8975.640625,0.0732325947911381,0.0886980315340163,10.607004697795462,-0.402169200894946,0.634803165679926,2.351
2020_china_covid,CHN_C26,2020-02,USA_C26,USA,2020-02,0,-0.0782398895602741,-110126150.30672248,6583008628.136358,-772360689.1363583,-0.1173263978168311,-1.6033898827657458,-110126150.30672248,481704853.8463303,-0.4113832314156895,-0.3331433418554154,-0.5299799545875779,-0.4051801614418231,-0.1247997931457547,19673945484.0,19615451278.0,-0.0029731812588161,18822916884.74999,792534393.2500114,0.0421047597512428,,0.0,-0.0029731812588161,-0.0432566309560081,0.0402834496971919,-0.0029776099424303,-0.0442200854072254,0.041242475464795,4187.91259765625,0.1913718557136782,0.0339842084784634,11.0782496070166,2.58382533412825,1.50677251688072,3.669
2020_china_covid,CHN_C26,2020-02,USA_C26,USA,2020-03,1,-0.0242885404628217,-41049535.5391438,8800112307.136364,-287897538.136364,-0.0327152118164328,-0.5976637682546724,-41049535.53914387,481704853.8463303,-0.2818650892834033,-0.2575765488205815,-0.3310978296174269,-0.2978355096454308,-0.0332623199719961,22918802300.0,20884437575.0,-0.0887640068783175,22321061470.249985,-1436623895.2499847,-0.0643618090100575,,0.0,-0.0887640068783175,-0.0260808057037961,-0.0626832011745214,-0.0929533668330364,-0.0264269415149378,-0.0665264253180986,4187.91259765625,0.1913718557136782,0.0339842084784634,11.0782496070166,2.58382533412825,1.50677251688072,3.669
2020_china_covid,CHN_C26,2020-02,CZE_C26,CZE,2020-02,0,-0.0098814099708436,-4704525.608128223,1028753509.6,-10572828.599999905,-0.0102773195924365,-0.1259947398300969,-4704525.608128221,83914841.32002093,-0.0484040634732439,-0.0385226535024002,-0.0496147706633394,-0.0392842747783319,-0.0103304958850074,2924490186.0,2777501684.0,-0.0502612396183298,2929967815.5000043,-152466131.5000043,-0.0520367939516037,,0.0,-0.0502612396183298,0.0018730203049497,-0.0521342599232795,-0.0515683212578075,0.0018712683890207,-0.0534395896468282,3623.504638671875,0.1504544659467618,0.3615842669844162,10.088460549542686,3.56577658128261,3.8413178989087,2.015
2020_china_covid,CHN_C26,2020-02,DEU_C26,DEU,2020-02,0,-0.1285262023284674,-138782123.14206597,2932298817.167255,-399067285.54025507,-0.136093662488932,,-138782123.14206597,0.0,-0.1841309970122759,-0.0556047946838084,-0.2035014723868151,-0.0572105507276532,-0.1462909216591619,14412504112.283,13560820346.485,-0.0590933927347263,13774918433.74076,-214098087.2557583,-0.0155426029043728,-1.4585954889282815,146783730.568829,-0.0590933927347263,-0.044238369236534,-0.0148550234981923,-0.0609113927075668,-0.0452467372235432,-0.0156646554840236,3455.6845703125,0.0329368980912035,0.0727571643036006,10.771788993990526,0.977734697038784,2.00929122727773,3.163
